tipo_linha,produto,regiao_uf,fonte,referencia,grao,safra,safra_ordem,area_mil_ha,produtividade_kg_ha,producao_mil_t,area_mil_ha_lag_1,area_mil_ha_lag_2,area_mil_ha_lag_3,area_mil_ha_media_movel_3,area_mil_ha_media_movel_5,area_mil_ha_crescimento_pct,area_mil_ha_volatilidade,produtividade_kg_ha_lag_1,produtividade_kg_ha_lag_2,produtividade_kg_ha_lag_3,produtividade_kg_ha_media_movel_3,produtividade_kg_ha_media_movel_5,produtividade_kg_ha_crescimento_pct,produtividade_kg_ha_volatilidade,producao_mil_t_lag_1,producao_mil_t_lag_2,producao_mil_t_lag_3,producao_mil_t_media_movel_3,producao_mil_t_media_movel_5,producao_mil_t_crescimento_pct,producao_mil_t_volatilidade,tendencia_historica
AGREGADO_PRODUTO,BRASIL (2),BRASIL,Conab,Estimativa em fevereiro/2026,produto,2024/25,2024,81734.8,4310.0,352258.92000000004,,,,,,,,,,,,,,,,,,,,,,0
AGREGADO_PRODUTO,BRASIL (2),BRASIL,Conab,Estimativa em fevereiro/2026,produto,2025/26,2025,83257.9,4244.0,353375.92,81734.8,,,,,1.8634657453128867,,4310.0,,,,,-1.5313225058004587,,352258.92000000004,,,,,0.3170962995060478,,1
AGREGADO_PRODUTO,SUBTOTAL,BRASIL,Conab,Estimativa em fevereiro/2026,produto,2024/25,2024,3356.3,3027.0,10158.7,,,,,,,,,,,,,,,,,,,,,,0
AGREGADO_PRODUTO,SUBTOTAL,BRASIL,Conab,Estimativa em fevereiro/2026,produto,2025/26,2025,3266.4,2792.0,9120.6,3356.3,,,,,-2.678544826147844,,3027.0,,,,,-7.763462173769408,,10158.7,,,,,-10.218827212143289,,1
PRODUTO,ALGODÃO - CAROÇO (1),BRASIL,Conab,Estimativa em fevereiro/2026,produto,2024/25,2024,2085.6,2772.6614827387803,5782.799999999999,,,,,,,,,,,,,,,,,,,,,,0
PRODUTO,ALGODÃO - CAROÇO (1),BRASIL,Conab,Estimativa em fevereiro/2026,produto,2025/26,2025,2018.1,2673.0141672860614,5394.4,2085.6,,,,,-3.2364787111622606,,2772.6614827387803,,,,,-3.593922881429046,,5782.799999999999,,,,,-6.7164695303313255,,1
PRODUTO,ALGODÃO - PLUMA,BRASIL,Conab,Estimativa em fevereiro/2026,produto,2024/25,2024,2085.6,1954.4456806674336,4076.1,,,,,,,,,,,,,,,,,,,,,,0
PRODUTO,ALGODÃO - PLUMA,BRASIL,Conab,Estimativa em fevereiro/2026,produto,2025/26,2025,2018.1,1884.4851637679003,3803.0,2085.6,,,,,-3.2364787111622606,,1954.4456806674336,,,,,-3.5795580092889634,,4076.1,,,,,-6.700031893231273,,1
PRODUTO,AMENDOIM 1ª SAFRA,BRASIL,Conab,Estimativa em fevereiro/2026,produto,2024/25,2024,273.1,4202.068473086781,1147.6,,,,,,,,,,,,,,,,,,,,,,0
PRODUTO,AMENDOIM 1ª SAFRA,BRASIL,Conab,Estimativa em fevereiro/2026,produto,2025/26,2025,274.0,4347.806569343065,1191.3,273.1,,,,,0.3295496155254485,,4202.068473086781,,,,,3.468246583550494,,1147.6,,,,,3.8079470198675525,,1
PRODUTO,AMENDOIM 2ª SAFRA,BRASIL,Conab,Estimativa em fevereiro/2026,produto,2024/25,2024,7.3,1662.2876712328766,12.1,,,,,,,,,,,,,,,,,,,,,,0
PRODUTO,AMENDOIM 2ª SAFRA,BRASIL,Conab,Estimativa em fevereiro/2026,produto,2025/26,2025,7.3,1667.7397260273974,12.0,7.3,,,,,0.0,,1662.2876712328766,,,,,0.32798503465270024,,12.1,,,,,-0.8264462809917328,,1
PRODUTO,AMENDOIM TOTAL,BRASIL,Conab,Estimativa em fevereiro/2026,produto,2024/25,2024,280.40000000000003,4135.947218259628,1159.6999999999998,,,,,,,,,,,,,,,,,,,,,,0
PRODUTO,AMENDOIM TOTAL,BRASIL,Conab,Estimativa em fevereiro/2026,produto,2025/26,2025,281.3,4278.256309989335,1203.3,280.40000000000003,,,,,0.3209700427959872,,4135.947218259628,,,,,3.4407859728342816,,1159.6999999999998,,,,,3.7595929981891985,,1
PRODUTO,ARROZ,BRASIL,Conab,Estimativa em fevereiro/2026,produto,2024/25,2024,1763.9,7232.554226430069,12757.7,,,,,,,,,,,,,,,,,,,,,,0
PRODUTO,ARROZ,BRASIL,Conab,Estimativa em fevereiro/2026,produto,2025/26,2025,1559.9,6996.99743573306,10914.6,1763.9,,,,,-11.565281478541866,,7232.554226430069,,,,,-3.2568962958647307,,12757.7,,,,,-14.446961442893313,,1
PRODUTO,ARROZ IRRIGADO,BRASIL,Conab,Estimativa em fevereiro/2026,produto,2024/25,2024,1369.3000000000002,8471.10771927262,11599.500000000002,,,,,,,,,,,,,,,,,,,,,,0
PRODUTO,ARROZ IRRIGADO,BRASIL,Conab,Estimativa em fevereiro/2026,produto,2025/26,2025,1263.9,7987.767782261255,10095.8,1369.3000000000002,,,,,-7.697363616446362,,8471.10771927262,,,,,-5.7057465567545425,,11599.500000000002,,,,,-12.963489805595085,,1
PRODUTO,ARROZ SEQUEIRO,BRASIL,Conab,Estimativa em fevereiro/2026,produto,2024/25,2024,394.6,2934.65433350228,1158.2,,,,,,,,,,,,,,,,,,,,,,0
PRODUTO,ARROZ SEQUEIRO,BRASIL,Conab,Estimativa em fevereiro/2026,produto,2025/26,2025,296.0,2766.475,818.8,394.6,,,,,-24.98732894069945,,2934.65433350228,,,,,-5.730805552883345,,1158.2,,,,,-29.304092557416684,,1
PRODUTO,AVEIA,BRASIL,Conab,Estimativa em fevereiro/2026,produto,2024/25,2024,545.8,2368.0,1292.3000000000002,,,,,,,,,,,,,,,,,,,,,,0
PRODUTO,AVEIA,BRASIL,Conab,Estimativa em fevereiro/2026,produto,2025/26,2025,509.0,2253.0,1146.7,545.8,,,,,-6.742396482227919,,2368.0,,,,,-4.856418918918914,,1292.3000000000002,,,,,-11.266733730557931,,1
PRODUTO,CANOLA,BRASIL,Conab,Estimativa em fevereiro/2026,produto,2024/25,2024,211.9,1627.0,344.8,,,,,,,,,,,,,,,,,,,,,,0
PRODUTO,CANOLA,BRASIL,Conab,Estimativa em fevereiro/2026,produto,2025/26,2025,275.7,1620.0,446.5,211.9,,,,,30.108541764983478,,1627.0,,,,,-0.4302397049784856,,344.8,,,,,29.495359628770302,,1
PRODUTO,CAUPI,BRASIL,Conab,Estimativa em fevereiro/2026,produto,2024/25,2024,43.8,721.2260273972603,31.6,,,,,,,,,,,,,,,,,,,,,,0
PRODUTO,CAUPI,BRASIL,Conab,Estimativa em fevereiro/2026,produto,2025/26,2025,51.8,694.6872586872588,36.0,43.8,,,,,18.2648401826484,,721.2260273972603,,,,,-3.6796742909811275,,31.6,,,,,13.924050632911378,,1
PRODUTO,CENTEIO,BRASIL,Conab,Estimativa em fevereiro/2026,produto,2024/25,2024,2.1,2381.0,5.0,,,,,,,,,,,,,,,,,,,,,,0
PRODUTO,CENTEIO,BRASIL,Conab,Estimativa em fevereiro/2026,produto,2025/26,2025,2.1,2238.0,4.7,2.1,,,,,0.0,,2381.0,,,,,-6.005879882402354,,5.0,,,,,-5.999999999999995,,1
PRODUTO,CEVADA,BRASIL,Conab,Estimativa em fevereiro/2026,produto,2024/25,2024,139.2,4358.0,606.6,,,,,,,,,,,,,,,,,,,,,,0
PRODUTO,CEVADA,BRASIL,Conab,Estimativa em fevereiro/2026,produto,2025/26,2025,149.9,3898.0,584.3000000000001,139.2,,,,,7.6867816091954255,,4358.0,,,,,-10.555300596603946,,606.6,,,,,-3.67622815694032,,1
PRODUTO,CORES,BRASIL,Conab,Estimativa em fevereiro/2026,produto,2024/25,2024,326.5,1881.1016845329248,614.2,,,,,,,,,,,,,,,,,,,,,,0
PRODUTO,CORES,BRASIL,Conab,Estimativa em fevereiro/2026,produto,2025/26,2025,361.0,1801.9163434903048,650.5999999999999,326.5,,,,,10.566615620214392,,1881.1016845329248,,,,,-4.209519437131415,,614.2,,,,,5.926408336046873,,1
PRODUTO,FEIJÃO 1ª SAFRA,BRASIL,Conab,Estimativa em fevereiro/2026,produto,2024/25,2024,908.5,1169.591084204733,1062.7,,,,,,,,,,,,,,,,,,,,,,0
PRODUTO,FEIJÃO 1ª SAFRA,BRASIL,Conab,Estimativa em fevereiro/2026,produto,2025/26,2025,804.7,1202.040785385858,967.2,908.5,,,,,-11.4254265272427,,1169.591084204733,,,,,2.77444840503287,,1062.7,,,,,-8.986543709419404,,1
PRODUTO,FEIJÃO 2ª SAFRA,BRASIL,Conab,Estimativa em fevereiro/2026,produto,2024/25,2024,1400.1,952.5808156560246,1333.6,,,,,,,,,,,,,,,,,,,,,,0
PRODUTO,FEIJÃO 2ª SAFRA,BRASIL,Conab,Estimativa em fevereiro/2026,produto,2025/26,2025,1369.0,946.8739956172388,1296.4,1400.1,,,,,-2.2212699092921895,,952.5808156560246,,,,,-0.5990903810985881,,1333.6,,,,,-2.789442111577667,,1
PRODUTO,FEIJÃO 3ª SAFRA,BRASIL,Conab,Estimativa em fevereiro/2026,produto,2024/25,2024,384.4,1726.4562955254944,663.7,,,,,,,,,,,,,,,,,,,,,,0
PRODUTO,FEIJÃO 3ª SAFRA,BRASIL,Conab,Estimativa em fevereiro/2026,produto,2025/26,2025,426.9,1645.8824080580932,702.6,384.4,,,,,11.056191467221655,,1726.4562955254944,,,,,-4.667009971594805,,663.7,,,,,5.861081814072611,,1
PRODUTO,FEIJÃO TOTAL,BRASIL,Conab,Estimativa em fevereiro/2026,produto,2024/25,2024,2693.0,1136.2538804307464,3059.9,,,,,,,,,,,,,,,,,,,,,,0
PRODUTO,FEIJÃO TOTAL,BRASIL,Conab,Estimativa em fevereiro/2026,produto,2025/26,2025,2600.6,1140.5752211028223,2966.1,2693.0,,,,,-3.431117712588194,,1136.2538804307464,,,,,0.3803147119231465,,3059.9,,,,,-3.0654596555443003,,1
PRODUTO,GERGELIM,BRASIL,Conab,Estimativa em fevereiro/2026,produto,2024/25,2024,608.0,656.7940789473683,399.4,,,,,,,,,,,,,,,,,,,,,,0
PRODUTO,GERGELIM,BRASIL,Conab,Estimativa em fevereiro/2026,produto,2025/26,2025,608.0,656.7940789473683,399.4,608.0,,,,,0.0,,656.7940789473683,,,,,0.0,,399.4,,,,,0.0,,1
PRODUTO,GIRASSOL,BRASIL,Conab,Estimativa em fevereiro/2026,produto,2024/25,2024,61.900000000000006,1622.1825525040383,100.4,,,,,,,,,,,,,,,,,,,,,,0
PRODUTO,GIRASSOL,BRASIL,Conab,Estimativa em fevereiro/2026,produto,2025/26,2025,63.8,1606.7570532915358,102.5,61.900000000000006,,,,,3.0694668820678395,,1622.1825525040383,,,,,-0.9509101912538287,,100.4,,,,,2.0916334661354563,,1
PRODUTO,MAMONA,BRASIL,Conab,Estimativa em fevereiro/2026,produto,2024/25,2024,69.6,1437.1724137931035,100.02,,,,,,,,,,,,,,,,,,,,,,0
PRODUTO,MAMONA,BRASIL,Conab,Estimativa em fevereiro/2026,produto,2025/26,2025,76.1,1935.672798948752,147.32000000000002,69.6,,,,,9.339080459770122,,1437.1724137931035,,,,,34.68619216256492,,100.02,,,,,47.29054189162169,,1
PRODUTO,MILHO 1ª SAFRA,BRASIL,Conab,Estimativa em fevereiro/2026,produto,2024/25,2024,3772.6,6609.654959444413,24935.8,,,,,,,,,,,,,,,,,,,,,,0
PRODUTO,MILHO 1ª SAFRA,BRASIL,Conab,Estimativa em fevereiro/2026,produto,2025/26,2025,4043.7,6602.901352721517,26700.300000000003,3772.6,,,,,7.186025552669251,,6609.654959444413,,,,,-0.10217790133275617,,24935.8,,,,,7.07617160869114,,1
PRODUTO,MILHO 2ª SAFRA,BRASIL,Conab,Estimativa em fevereiro/2026,produto,2024/25,2024,17430.3,6496.067090067297,113228.4,,,,,,,,,,,,,,,,,,,,,,0
PRODUTO,MILHO 2ª SAFRA,BRASIL,Conab,Estimativa em fevereiro/2026,produto,2025/26,2025,17894.100000000002,6106.075102966898,109262.7,17430.3,,,,,2.660883633672406,,6496.067090067297,,,,,-6.003509226324177,,113228.4,,,,,-3.5023898597878245,,1
PRODUTO,MILHO 3ª SAFRA,BRASIL,Conab,Estimativa em fevereiro/2026,produto,2024/25,2024,635.1,4713.612816879231,2993.6,,,,,,,,,,,,,,,,,,,,,,0
PRODUTO,MILHO 3ª SAFRA,BRASIL,Conab,Estimativa em fevereiro/2026,produto,2025/26,2025,587.8,4228.086423953727,2485.3,635.1,,,,,-7.447646039993716,,4713.612816879231,,,,,-10.300514950800721,,2993.6,,,,,-16.979556386958837,,1
PRODUTO,MILHO TOTAL,BRASIL,Conab,Estimativa em fevereiro/2026,produto,2024/25,2024,21838.0,6463.851909515524,141157.6,,,,,,,,,,,,,,,,,,,,,,0
PRODUTO,MILHO TOTAL,BRASIL,Conab,Estimativa em fevereiro/2026,produto,2025/26,2025,22525.6,6146.257586923323,138448.2,21838.0,,,,,3.1486399853466462,,6463.851909515524,,,,,-4.913391071423934,,141157.6,,,,,-1.9194148951243162,,1
PRODUTO,PRETO,BRASIL,Conab,Estimativa em fevereiro/2026,produto,2024/25,2024,14.1,1268.1134751773052,17.900000000000002,,,,,,,,,,,,,,,,,,,,,,0
PRODUTO,PRETO,BRASIL,Conab,Estimativa em fevereiro/2026,produto,2025/26,2025,14.1,1145.4326241134752,16.2,14.1,,,,,0.0,,1268.1134751773052,,,,,-9.674280217444819,,17.900000000000002,,,,,-9.497206703910631,,1
PRODUTO,SOJA,BRASIL,Conab,Estimativa em fevereiro/2026,produto,2024/25,2024,47346.1,3621.845888045688,171480.5,,,,,,,,,,,,,,,,,,,,,,0
PRODUTO,SOJA,BRASIL,Conab,Estimativa em fevereiro/2026,produto,2025/26,2025,48434.4,3674.764064383992,177985.0,47346.1,,,,,2.2986053761555825,,3621.845888045688,,,,,1.461083049197831,,171480.5,,,,,3.793142660535742,,1
PRODUTO,SORGO,BRASIL,Conab,Estimativa em fevereiro/2026,produto,2024/25,2024,1632.0,3739.1359068627457,6102.200000000001,,,,,,,,,,,,,,,,,,,,,,0
PRODUTO,SORGO,BRASIL,Conab,Estimativa em fevereiro/2026,produto,2025/26,2025,1823.7,3670.833799418764,6694.5,1632.0,,,,,11.746323529411761,,3739.1359068627457,,,,,-1.8266815955692128,,6102.200000000001,,,,,9.706335420012447,,1
PRODUTO,TRIGO,BRASIL,Conab,Estimativa em fevereiro/2026,produto,2024/25,2024,2445.9,3219.0,7873.4,,,,,,,,,,,,,,,,,,,,,,0
PRODUTO,TRIGO,BRASIL,Conab,Estimativa em fevereiro/2026,produto,2025/26,2025,2318.3,2978.0,6904.799999999999,2445.9,,,,,-5.2168935770064095,,3219.0,,,,,-7.486797141969559,,7873.4,,,,,-12.3021820306348,,1
PRODUTO,TRITICALE,BRASIL,Conab,Estimativa em fevereiro/2026,produto,2024/25,2024,11.4,3211.0,36.6,,,,,,,,,,,,,,,,,,,,,,0
PRODUTO,TRITICALE,BRASIL,Conab,Estimativa em fevereiro/2026,produto,2025/26,2025,11.4,2947.0,33.6,11.4,,,,,0.0,,3211.0,,,,,-8.221737776393645,,36.6,,,,,-8.196721311475407,,1
AGREGADO_REGIONAL,ALGODÃO - CAROÇO (1),CENTRO-SUL,Conab,Estimativa em fevereiro/2026,produto_uf,2024/25,2024,1578.1999999999998,2775.858592066912,4380.9,,,,,,,,,,,,,,,,,,,,,,0
AGREGADO_REGIONAL,ALGODÃO - CAROÇO (1),CENTRO-SUL,Conab,Estimativa em fevereiro/2026,produto_uf,2025/26,2025,1523.6999999999998,2659.6717172671783,4052.4,1578.1999999999998,,,,,-3.4533012292485066,,2775.858592066912,,,,,-4.185619365906557,,4380.9,,,,,-7.498459220708065,,1
AGREGADO_REGIONAL,ALGODÃO - CAROÇO (1),NORTE/NORDESTE,Conab,Estimativa em fevereiro/2026,produto_uf,2024/25,2024,507.4,2762.717300748916,1401.9,,,,,,,,,,,,,,,,,,,,,,0
AGREGADO_REGIONAL,ALGODÃO - CAROÇO (1),NORTE/NORDESTE,Conab,Estimativa em fevereiro/2026,produto_uf,2025/26,2025,494.4,2714.1344971682847,1342.0,507.4,,,,,-2.5620811982656644,,2762.717300748916,,,,,-1.758515196884658,,1401.9,,,,,-4.272772665668024,,1
AGREGADO_REGIONAL,ALGODÃO - PLUMA,CENTRO-SUL,Conab,Estimativa em fevereiro/2026,produto_uf,2024/25,2024,1578.1999999999998,1946.620434672412,3072.1,,,,,,,,,,,,,,,,,,,,,,0
AGREGADO_REGIONAL,ALGODÃO - PLUMA,CENTRO-SUL,Conab,Estimativa em fevereiro/2026,produto_uf,2025/26,2025,1523.6999999999998,1865.2606841241716,2842.1,1578.1999999999998,,,,,-3.4533012292485066,,1946.620434672412,,,,,-4.179538501656188,,3072.1,,,,,-7.486735457830152,,1
AGREGADO_REGIONAL,ALGODÃO - PLUMA,NORTE/NORDESTE,Conab,Estimativa em fevereiro/2026,produto_uf,2024/25,2024,507.4,1978.7850642491128,1004.0,,,,,,,,,,,,,,,,,,,,,,0
AGREGADO_REGIONAL,ALGODÃO - PLUMA,NORTE/NORDESTE,Conab,Estimativa em fevereiro/2026,produto_uf,2025/26,2025,494.4,1943.7334235436888,960.9,507.4,,,,,-2.5620811982656644,,1978.7850642491128,,,,,-1.7713718047859373,,1004.0,,,,,-4.292828685258964,,1
AGREGADO_REGIONAL,AMENDOIM TOTAL,CENTRO-SUL,Conab,Estimativa em fevereiro/2026,produto_uf,2024/25,2024,275.6,4180.842162554426,1152.3,,,,,,,,,,,,,,,,,,,,,,0
AGREGADO_REGIONAL,AMENDOIM TOTAL,CENTRO-SUL,Conab,Estimativa em fevereiro/2026,produto_uf,2025/26,2025,276.4,4325.781476121563,1195.6,275.6,,,,,0.2902757619738683,,4180.842162554426,,,,,3.4667492321351245,,1152.3,,,,,3.7577019873296758,,1
AGREGADO_REGIONAL,AMENDOIM TOTAL,NORTE/NORDESTE,Conab,Estimativa em fevereiro/2026,produto_uf,2024/25,2024,4.8,1558.2291666666667,7.4,,,,,,,,,,,,,,,,,,,,,,0
AGREGADO_REGIONAL,AMENDOIM TOTAL,NORTE/NORDESTE,Conab,Estimativa em fevereiro/2026,produto_uf,2025/26,2025,4.9,1597.4489795918366,7.7,4.8,,,,,2.083333333333348,,1558.2291666666667,,,,,2.516947684214399,,7.4,,,,,4.054054054054057,,1
AGREGADO_REGIONAL,ARROZ,CENTRO-SUL,Conab,Estimativa em fevereiro/2026,produto_uf,2024/25,2024,1358.1,8156.57882335616,11077.5,,,,,,,,,,,,,,,,,,,,,,0
AGREGADO_REGIONAL,ARROZ,CENTRO-SUL,Conab,Estimativa em fevereiro/2026,produto_uf,2025/26,2025,1222.0,7820.634697217675,9556.9,1358.1,,,,,-10.02135336131359,,8156.57882335616,,,,,-4.118689139330289,,11077.5,,,,,-13.726923944933421,,1
AGREGADO_REGIONAL,ARROZ,NORTE/NORDESTE,Conab,Estimativa em fevereiro/2026,produto_uf,2024/25,2024,405.8,4140.100295712175,1680.2,,,,,,,,,,,,,,,,,,,,,,0
AGREGADO_REGIONAL,ARROZ,NORTE/NORDESTE,Conab,Estimativa em fevereiro/2026,produto_uf,2025/26,2025,337.9,4018.3506954720337,1357.6999999999998,405.8,,,,,-16.732380482996557,,4140.100295712175,,,,,-2.9407403575762325,,1680.2,,,,,-19.194143554338783,,1
AGREGADO_REGIONAL,AVEIA,CENTRO-SUL,Conab,Estimativa em fevereiro/2026,produto_uf,2024/25,2024,545.8,2368.0,1292.3000000000002,,,,,,,,,,,,,,,,,,,,,,0
AGREGADO_REGIONAL,AVEIA,CENTRO-SUL,Conab,Estimativa em fevereiro/2026,produto_uf,2025/26,2025,509.0,2253.0,1146.7,545.8,,,,,-6.742396482227919,,2368.0,,,,,-4.856418918918914,,1292.3000000000002,,,,,-11.266733730557931,,1
AGREGADO_REGIONAL,AVEIA,NORTE/NORDESTE,Conab,Estimativa em fevereiro/2026,produto_uf,2024/25,2024,0.0,,0.0,,,,,,,,,,,,,,,,,,,,,,0
AGREGADO_REGIONAL,AVEIA,NORTE/NORDESTE,Conab,Estimativa em fevereiro/2026,produto_uf,2025/26,2025,0.0,0.0,0.0,0.0,,,,,,,,,,,,,,0.0,,,,,,,1
AGREGADO_REGIONAL,CANOLA,CENTRO-SUL,Conab,Estimativa em fevereiro/2026,produto_uf,2024/25,2024,211.9,1627.0,344.8,,,,,,,,,,,,,,,,,,,,,,0
AGREGADO_REGIONAL,CANOLA,CENTRO-SUL,Conab,Estimativa em fevereiro/2026,produto_uf,2025/26,2025,275.7,1620.0,446.5,211.9,,,,,30.108541764983478,,1627.0,,,,,-0.4302397049784856,,344.8,,,,,29.495359628770302,,1
AGREGADO_REGIONAL,CANOLA,NORTE/NORDESTE,Conab,Estimativa em fevereiro/2026,produto_uf,2024/25,2024,0.0,,0.0,,,,,,,,,,,,,,,,,,,,,,0
AGREGADO_REGIONAL,CANOLA,NORTE/NORDESTE,Conab,Estimativa em fevereiro/2026,produto_uf,2025/26,2025,0.0,0.0,0.0,0.0,,,,,,,,,,,,,,0.0,,,,,,,1
AGREGADO_REGIONAL,CENTEIO,CENTRO-SUL,Conab,Estimativa em fevereiro/2026,produto_uf,2024/25,2024,2.1,2381.0,5.0,,,,,,,,,,,,,,,,,,,,,,0
AGREGADO_REGIONAL,CENTEIO,CENTRO-SUL,Conab,Estimativa em fevereiro/2026,produto_uf,2025/26,2025,2.1,2238.0,4.7,2.1,,,,,0.0,,2381.0,,,,,-6.005879882402354,,5.0,,,,,-5.999999999999995,,1
AGREGADO_REGIONAL,CENTEIO,NORTE/NORDESTE,Conab,Estimativa em fevereiro/2026,produto_uf,2024/25,2024,0.0,,0.0,,,,,,,,,,,,,,,,,,,,,,0
AGREGADO_REGIONAL,CENTEIO,NORTE/NORDESTE,Conab,Estimativa em fevereiro/2026,produto_uf,2025/26,2025,0.0,0.0,0.0,0.0,,,,,,,,,,,,,,0.0,,,,,,,1
AGREGADO_REGIONAL,CEVADA,CENTRO-SUL,Conab,Estimativa em fevereiro/2026,produto_uf,2024/25,2024,139.2,4358.0,606.6,,,,,,,,,,,,,,,,,,,,,,0
AGREGADO_REGIONAL,CEVADA,CENTRO-SUL,Conab,Estimativa em fevereiro/2026,produto_uf,2025/26,2025,149.9,3898.0,584.3000000000001,139.2,,,,,7.6867816091954255,,4358.0,,,,,-10.555300596603946,,606.6,,,,,-3.67622815694032,,1
AGREGADO_REGIONAL,CEVADA,NORTE/NORDESTE,Conab,Estimativa em fevereiro/2026,produto_uf,2024/25,2024,0.0,,0.0,,,,,,,,,,,,,,,,,,,,,,0
AGREGADO_REGIONAL,CEVADA,NORTE/NORDESTE,Conab,Estimativa em fevereiro/2026,produto_uf,2025/26,2025,0.0,0.0,0.0,0.0,,,,,,,,,,,,,,0.0,,,,,,,1
AGREGADO_REGIONAL,FEIJÃO TOTAL,CENTRO-SUL,Conab,Estimativa em fevereiro/2026,produto_uf,2024/25,2024,1273.1,1837.2594454481189,2339.0,,,,,,,,,,,,,,,,,,,,,,0
AGREGADO_REGIONAL,FEIJÃO TOTAL,CENTRO-SUL,Conab,Estimativa em fevereiro/2026,produto_uf,2025/26,2025,1171.3,1838.5428156748917,2153.5,1273.1,,,,,-7.996229675595002,,1837.2594454481189,,,,,0.06985242231043465,,2339.0,,,,,-7.9307396323215045,,1
AGREGADO_REGIONAL,FEIJÃO TOTAL,NORTE/NORDESTE,Conab,Estimativa em fevereiro/2026,produto_uf,2024/25,2024,1419.9,507.7235720825411,720.9,,,,,,,,,,,,,,,,,,,,,,0
AGREGADO_REGIONAL,FEIJÃO TOTAL,NORTE/NORDESTE,Conab,Estimativa em fevereiro/2026,produto_uf,2025/26,2025,1429.3,568.5963198768628,812.6,1419.9,,,,,0.6620184520036432,,507.7235720825411,,,,,11.989348366206155,,720.9,,,,,12.720210847551684,,1
AGREGADO_REGIONAL,GERGELIM,CENTRO-SUL,Conab,Estimativa em fevereiro/2026,produto_uf,2024/25,2024,405.2,717.8282329713721,290.9,,,,,,,,,,,,,,,,,,,,,,0
AGREGADO_REGIONAL,GERGELIM,CENTRO-SUL,Conab,Estimativa em fevereiro/2026,produto_uf,2025/26,2025,405.2,717.8282329713721,290.9,405.2,,,,,0.0,,717.8282329713721,,,,,0.0,,290.9,,,,,0.0,,1
AGREGADO_REGIONAL,GERGELIM,NORTE/NORDESTE,Conab,Estimativa em fevereiro/2026,produto_uf,2024/25,2024,202.8,534.8461538461538,108.5,,,,,,,,,,,,,,,,,,,,,,0
AGREGADO_REGIONAL,GERGELIM,NORTE/NORDESTE,Conab,Estimativa em fevereiro/2026,produto_uf,2025/26,2025,202.8,534.8461538461538,108.5,202.8,,,,,0.0,,534.8461538461538,,,,,0.0,,108.5,,,,,0.0,,1
AGREGADO_REGIONAL,GIRASSOL,CENTRO-SUL,Conab,Estimativa em fevereiro/2026,produto_uf,2024/25,2024,61.900000000000006,1622.1825525040383,100.4,,,,,,,,,,,,,,,,,,,,,,0
AGREGADO_REGIONAL,GIRASSOL,CENTRO-SUL,Conab,Estimativa em fevereiro/2026,produto_uf,2025/26,2025,63.8,1606.7570532915358,102.5,61.900000000000006,,,,,3.0694668820678395,,1622.1825525040383,,,,,-0.9509101912538287,,100.4,,,,,2.0916334661354563,,1
AGREGADO_REGIONAL,GIRASSOL,NORTE/NORDESTE,Conab,Estimativa em fevereiro/2026,produto_uf,2024/25,2024,0.0,0.0,0.0,,,,,,,,,,,,,,,,,,,,,,0
AGREGADO_REGIONAL,GIRASSOL,NORTE/NORDESTE,Conab,Estimativa em fevereiro/2026,produto_uf,2025/26,2025,0.0,0.0,0.0,0.0,,,,,,,0.0,,,,,,,0.0,,,,,,,1
AGREGADO_REGIONAL,MAMONA,CENTRO-SUL,Conab,Estimativa em fevereiro/2026,produto_uf,2024/25,2024,0.0,0.0,0.0,,,,,,,,,,,,,,,,,,,,,,0
AGREGADO_REGIONAL,MAMONA,CENTRO-SUL,Conab,Estimativa em fevereiro/2026,produto_uf,2025/26,2025,0.0,0.0,0.0,0.0,,,,,,,0.0,,,,,,,0.0,,,,,,,1
AGREGADO_REGIONAL,MAMONA,NORTE/NORDESTE,Conab,Estimativa em fevereiro/2026,produto_uf,2024/25,2024,69.6,1437.1724137931035,100.02,,,,,,,,,,,,,,,,,,,,,,0
AGREGADO_REGIONAL,MAMONA,NORTE/NORDESTE,Conab,Estimativa em fevereiro/2026,produto_uf,2025/26,2025,76.1,1935.672798948752,147.32000000000002,69.6,,,,,9.339080459770122,,1437.1724137931035,,,,,34.68619216256492,,100.02,,,,,47.29054189162169,,1
AGREGADO_REGIONAL,MILHO TOTAL,CENTRO-SUL,Conab,Estimativa em fevereiro/2026,produto_uf,2024/25,2024,17304.2,7126.539851596723,123319.1,,,,,,,,,,,,,,,,,,,,,,0
AGREGADO_REGIONAL,MILHO TOTAL,CENTRO-SUL,Conab,Estimativa em fevereiro/2026,produto_uf,2025/26,2025,17952.5,6740.179390057095,121003.1,17304.2,,,,,3.74648929161705,,7126.539851596723,,,,,-5.42143129183601,,123319.1,,,,,-1.8780545754874978,,1
AGREGADO_REGIONAL,MILHO TOTAL,NORTE/NORDESTE,Conab,Estimativa em fevereiro/2026,produto_uf,2024/25,2024,4533.8,3934.564184569236,17838.5,,,,,,,,,,,,,,,,,,,,,,0
AGREGADO_REGIONAL,MILHO TOTAL,NORTE/NORDESTE,Conab,Estimativa em fevereiro/2026,produto_uf,2025/26,2025,4573.1,3814.7141763792606,17445.1,4533.8,,,,,0.8668225329745427,,3934.564184569236,,,,,-3.046080901666548,,17838.5,,,,,-2.2053423774420544,,1
AGREGADO_REGIONAL,SOJA,CENTRO-SUL,Conab,Estimativa em fevereiro/2026,produto_uf,2024/25,2024,38969.5,3614.88276472626,140870.3,,,,,,,,,,,,,,,,,,,,,,0
AGREGADO_REGIONAL,SOJA,CENTRO-SUL,Conab,Estimativa em fevereiro/2026,produto_uf,2025/26,2025,39420.9,3679.3119081502455,145041.8,38969.5,,,,,1.1583417801100948,,3614.88276472626,,,,,1.7823300952573007,,140870.3,,,,,2.961234554054326,,1
AGREGADO_REGIONAL,SOJA,NORTE/NORDESTE,Conab,Estimativa em fevereiro/2026,produto_uf,2024/25,2024,8376.6,3654.23963183153,30610.2,,,,,,,,,,,,,,,,,,,,,,0
AGREGADO_REGIONAL,SOJA,NORTE/NORDESTE,Conab,Estimativa em fevereiro/2026,produto_uf,2025/26,2025,9013.5,3654.87388916625,32943.2,8376.6,,,,,7.603323544158713,,3654.23963183153,,,,,0.017356752666009,,30610.2,,,,,7.6216424590495935,,1
AGREGADO_REGIONAL,SORGO,CENTRO-SUL,Conab,Estimativa em fevereiro/2026,produto_uf,2024/25,2024,1157.7,3907.778526388529,4524.000000000001,,,,,,,,,,,,,,,,,,,,,,0
AGREGADO_REGIONAL,SORGO,CENTRO-SUL,Conab,Estimativa em fevereiro/2026,produto_uf,2025/26,2025,1291.9,3836.445313104729,4956.3,1157.7,,,,,11.591949555152459,,3907.778526388529,,,,,-1.8254159697664418,,4524.000000000001,,,,,9.555702917771857,,1
AGREGADO_REGIONAL,SORGO,NORTE/NORDESTE,Conab,Estimativa em fevereiro/2026,produto_uf,2024/25,2024,474.3,3327.5028462998102,1578.2,,,,,,,,,,,,,,,,,,,,,,0
AGREGADO_REGIONAL,SORGO,NORTE/NORDESTE,Conab,Estimativa em fevereiro/2026,produto_uf,2025/26,2025,531.8,3268.514291086875,1738.1999999999998,474.3,,,,,12.123128821421037,,3327.5028462998102,,,,,-1.7727574682176672,,1578.2,,,,,10.138132049169934,,1
AGREGADO_REGIONAL,TRIGO,CENTRO-SUL,Conab,Estimativa em fevereiro/2026,produto_uf,2024/25,2024,2440.9,3213.0,7843.4,,,,,,,,,,,,,,,,,,,,,,0
AGREGADO_REGIONAL,TRIGO,CENTRO-SUL,Conab,Estimativa em fevereiro/2026,produto_uf,2025/26,2025,2313.3,2972.0,6874.799999999999,2440.9,,,,,-5.22757999098693,,3213.0,,,,,-7.500778089013382,,7843.4,,,,,-12.349236300583932,,1
AGREGADO_REGIONAL,TRIGO,NORTE/NORDESTE,Conab,Estimativa em fevereiro/2026,produto_uf,2024/25,2024,5.0,6000.0,30.0,,,,,,,,,,,,,,,,,,,,,,0
AGREGADO_REGIONAL,TRIGO,NORTE/NORDESTE,Conab,Estimativa em fevereiro/2026,produto_uf,2025/26,2025,5.0,6000.0,30.0,5.0,,,,,0.0,,6000.0,,,,,0.0,,30.0,,,,,0.0,,1
AGREGADO_REGIONAL,TRITICALE,CENTRO-SUL,Conab,Estimativa em fevereiro/2026,produto_uf,2024/25,2024,11.4,3211.0,36.6,,,,,,,,,,,,,,,,,,,,,,0
AGREGADO_REGIONAL,TRITICALE,CENTRO-SUL,Conab,Estimativa em fevereiro/2026,produto_uf,2025/26,2025,11.4,2947.0,33.6,11.4,,,,,0.0,,3211.0,,,,,-8.221737776393645,,36.6,,,,,-8.196721311475407,,1
AGREGADO_REGIONAL,TRITICALE,NORTE/NORDESTE,Conab,Estimativa em fevereiro/2026,produto_uf,2024/25,2024,0.0,,0.0,,,,,,,,,,,,,,,,,,,,,,0
AGREGADO_REGIONAL,TRITICALE,NORTE/NORDESTE,Conab,Estimativa em fevereiro/2026,produto_uf,2025/26,2025,0.0,0.0,0.0,0.0,,,,,,,,,,,,,,0.0,,,,,,,1
REGIAO,ALGODÃO - CAROÇO (1),CENTRO-OESTE,Conab,Estimativa em fevereiro/2026,produto_uf,2024/25,2024,1524.0,2789.4679265091863,4251.2,,,,,,,,,,,,,,,,,,,,,,0
REGIAO,ALGODÃO - CAROÇO (1),CENTRO-OESTE,Conab,Estimativa em fevereiro/2026,produto_uf,2025/26,2025,1472.4,2661.8885867970657,3919.3,1524.0,,,,,-3.385826771653533,,2789.4679265091863,,,,,-4.573608411112895,,4251.2,,,,,-7.807207376740677,,1
REGIAO,ALGODÃO - CAROÇO (1),NORDESTE,Conab,Estimativa em fevereiro/2026,produto_uf,2024/25,2024,483.9,2766.8171688365364,1338.9,,,,,,,,,,,,,,,,,,,,,,0
REGIAO,ALGODÃO - CAROÇO (1),NORDESTE,Conab,Estimativa em fevereiro/2026,produto_uf,2025/26,2025,470.2,2717.5752126754574,1277.8,483.9,,,,,-2.831163463525521,,2766.8171688365364,,,,,-1.7797329261833972,,1338.9,,,,,-4.563447606243942,,1
REGIAO,ALGODÃO - CAROÇO (1),NORTE,Conab,Estimativa em fevereiro/2026,produto_uf,2024/25,2024,23.5,2678.294910638298,63.00000000000001,,,,,,,,,,,,,,,,,,,,,,0
REGIAO,ALGODÃO - CAROÇO (1),NORTE,Conab,Estimativa em fevereiro/2026,produto_uf,2025/26,2025,24.2,2647.2822479338847,64.2,23.5,,,,,2.9787234042553123,,2678.294910638298,,,,,-1.1579256108515068,,63.00000000000001,,,,,1.904761904761898,,1
REGIAO,ALGODÃO - CAROÇO (1),SUDESTE,Conab,Estimativa em fevereiro/2026,produto_uf,2024/25,2024,52.6,2412.146577946768,126.9,,,,,,,,,,,,,,,,,,,,,,0
REGIAO,ALGODÃO - CAROÇO (1),SUDESTE,Conab,Estimativa em fevereiro/2026,produto_uf,2025/26,2025,49.7,2622.6366277665998,130.3,52.6,,,,,-5.513307984790872,,2412.146577946768,,,,,8.726254521356736,,126.9,,,,,2.6792750197005555,,1
REGIAO,ALGODÃO - CAROÇO (1),SUL,Conab,Estimativa em fevereiro/2026,produto_uf,2024/25,2024,1.6,1770.0,2.8,,,,,,,,,,,,,,,,,,,,,,0
REGIAO,ALGODÃO - CAROÇO (1),SUL,Conab,Estimativa em fevereiro/2026,produto_uf,2025/26,2025,1.6,1770.0,2.8,1.6,,,,,0.0,,1770.0,,,,,0.0,,2.8,,,,,0.0,,1
REGIAO,ALGODÃO - PLUMA,CENTRO-OESTE,Conab,Estimativa em fevereiro/2026,produto_uf,2024/25,2024,1524.0,1954.1812860892387,2978.1,,,,,,,,,,,,,,,,,,,,,,0
REGIAO,ALGODÃO - PLUMA,CENTRO-OESTE,Conab,Estimativa em fevereiro/2026,produto_uf,2025/26,2025,1472.4,1864.733390926379,2745.6,1524.0,,,,,-3.385826771653533,,1954.1812860892387,,,,,-4.577256767301529,,2978.1,,,,,-7.806991034552235,,1
REGIAO,ALGODÃO - PLUMA,NORDESTE,Conab,Estimativa em fevereiro/2026,produto_uf,2024/25,2024,483.9,1990.9294730316185,963.4,,,,,,,,,,,,,,,,,,,,,,0
REGIAO,ALGODÃO - PLUMA,NORDESTE,Conab,Estimativa em fevereiro/2026,produto_uf,2025/26,2025,470.2,1955.589185452999,919.5,483.9,,,,,-2.831163463525521,,1990.9294730316185,,,,,-1.775064765343315,,963.4,,,,,-4.556778077641688,,1
REGIAO,ALGODÃO - PLUMA,NORTE,Conab,Estimativa em fevereiro/2026,produto_uf,2024/25,2024,23.5,1728.7136,40.6,,,,,,,,,,,,,,,,,,,,,,0
REGIAO,ALGODÃO - PLUMA,NORTE,Conab,Estimativa em fevereiro/2026,produto_uf,2025/26,2025,24.2,1713.378909090909,41.400000000000006,23.5,,,,,2.9787234042553123,,1728.7136,,,,,-0.8870579203571372,,40.6,,,,,1.9704433497537144,,1
REGIAO,ALGODÃO - PLUMA,SUDESTE,Conab,Estimativa em fevereiro/2026,produto_uf,2024/25,2024,52.6,1749.3553231939163,92.0,,,,,,,,,,,,,,,,,,,,,,0
REGIAO,ALGODÃO - PLUMA,SUDESTE,Conab,Estimativa em fevereiro/2026,produto_uf,2025/26,2025,49.7,1901.3331911468813,94.5,52.6,,,,,-5.513307984790872,,1749.3553231939163,,,,,8.687650012433657,,92.0,,,,,2.717391304347827,,1
REGIAO,ALGODÃO - PLUMA,SUL,Conab,Estimativa em fevereiro/2026,produto_uf,2024/25,2024,1.6,1230.0,2.0,,,,,,,,,,,,,,,,,,,,,,0
REGIAO,ALGODÃO - PLUMA,SUL,Conab,Estimativa em fevereiro/2026,produto_uf,2025/26,2025,1.6,1230.0,2.0,1.6,,,,,0.0,,1230.0,,,,,0.0,,2.0,,,,,0.0,,1
REGIAO,AMENDOIM TOTAL,CENTRO-OESTE,Conab,Estimativa em fevereiro/2026,produto_uf,2024/25,2024,43.5,3992.0,173.7,,,,,,,,,,,,,,,,,,,,,,0
REGIAO,AMENDOIM TOTAL,CENTRO-OESTE,Conab,Estimativa em fevereiro/2026,produto_uf,2025/26,2025,45.5,3969.0,180.6,43.5,,,,,4.597701149425282,,3992.0,,,,,-0.5761523046092232,,173.7,,,,,3.9723661485319584,,1
REGIAO,AMENDOIM TOTAL,NORDESTE,Conab,Estimativa em fevereiro/2026,produto_uf,2024/25,2024,3.9,994.7435897435896,3.8,,,,,,,,,,,,,,,,,,,,,,0
REGIAO,AMENDOIM TOTAL,NORDESTE,Conab,Estimativa em fevereiro/2026,produto_uf,2025/26,2025,3.9,981.4102564102564,3.7,3.9,,,,,0.0,,994.7435897435896,,,,,-1.3403789148086043,,3.8,,,,,-2.631578947368407,,1
REGIAO,AMENDOIM TOTAL,NORTE,Conab,Estimativa em fevereiro/2026,produto_uf,2024/25,2024,0.9,4000.0,3.6,,,,,,,,,,,,,,,,,,,,,,0
REGIAO,AMENDOIM TOTAL,NORTE,Conab,Estimativa em fevereiro/2026,produto_uf,2025/26,2025,1.0,4000.0,4.0,0.9,,,,,11.111111111111116,,4000.0,,,,,0.0,,3.6,,,,,11.111111111111116,,1
REGIAO,AMENDOIM TOTAL,SUDESTE,Conab,Estimativa em fevereiro/2026,produto_uf,2024/25,2024,230.0,4227.44,972.3,,,,,,,,,,,,,,,,,,,,,,0
REGIAO,AMENDOIM TOTAL,SUDESTE,Conab,Estimativa em fevereiro/2026,produto_uf,2025/26,2025,229.4,4405.941586748038,1010.7,230.0,,,,,-0.260869565217392,,4227.44,,,,,4.2224510992004305,,972.3,,,,,3.949398333847598,,1
REGIAO,AMENDOIM TOTAL,SUL,Conab,Estimativa em fevereiro/2026,produto_uf,2024/25,2024,2.1,2989.0,6.3,,,,,,,,,,,,,,,,,,,,,,0
REGIAO,AMENDOIM TOTAL,SUL,Conab,Estimativa em fevereiro/2026,produto_uf,2025/26,2025,1.5,2889.0,4.3,2.1,,,,,-28.57142857142857,,2989.0,,,,,-3.3456005352960894,,6.3,,,,,-31.746031746031743,,1
REGIAO,ARROZ,CENTRO-OESTE,Conab,Estimativa em fevereiro/2026,produto_uf,2024/25,2024,189.8,4157.660695468915,789.2,,,,,,,,,,,,,,,,,,,,,,0
REGIAO,ARROZ,CENTRO-OESTE,Conab,Estimativa em fevereiro/2026,produto_uf,2025/26,2025,124.5,4230.666666666667,526.7,189.8,,,,,-34.40463645943098,,4157.660695468915,,,,,1.7559386526494247,,789.2,,,,,-33.2615306639635,,1
REGIAO,ARROZ,NORDESTE,Conab,Estimativa em fevereiro/2026,produto_uf,2024/25,2024,166.2,2788.1046931407946,463.4,,,,,,,,,,,,,,,,,,,,,,0
REGIAO,ARROZ,NORDESTE,Conab,Estimativa em fevereiro/2026,produto_uf,2025/26,2025,141.4,2820.965346534653,398.8,166.2,,,,,-14.921780986762922,,2788.1046931407946,,,,,1.178601846433569,,463.4,,,,,-13.94044022442813,,1
REGIAO,ARROZ,NORTE,Conab,Estimativa em fevereiro/2026,produto_uf,2024/25,2024,239.6,5077.920283806345,1216.8,,,,,,,,,,,,,,,,,,,,,,0
REGIAO,ARROZ,NORTE,Conab,Estimativa em fevereiro/2026,produto_uf,2025/26,2025,196.5,4879.980661577609,958.9,239.6,,,,,-17.988313856427375,,5077.920283806345,,,,,-3.898045088655133,,1216.8,,,,,-21.194937541091385,,1
REGIAO,ARROZ,SUDESTE,Conab,Estimativa em fevereiro/2026,produto_uf,2024/25,2024,30.5,4709.596721311475,143.60000000000002,,,,,,,,,,,,,,,,,,,,,,0
REGIAO,ARROZ,SUDESTE,Conab,Estimativa em fevereiro/2026,produto_uf,2025/26,2025,24.700000000000003,4872.61943319838,120.5,30.5,,,,,-19.016393442622935,,4709.596721311475,,,,,3.461500453939248,,143.60000000000002,,,,,-16.086350974930376,,1
REGIAO,ARROZ,SUL,Conab,Estimativa em fevereiro/2026,produto_uf,2024/25,2024,1137.8,8916.0511513447,10144.7,,,,,,,,,,,,,,,,,,,,,,0
REGIAO,ARROZ,SUL,Conab,Estimativa em fevereiro/2026,produto_uf,2025/26,2025,1072.8,8305.130406413125,8909.699999999999,1137.8,,,,,-5.712779047284233,,8916.0511513447,,,,,-6.8519205931141025,,10144.7,,,,,-12.173844470511707,,1
REGIAO,AVEIA,CENTRO-OESTE,Conab,Estimativa em fevereiro/2026,produto_uf,2024/25,2024,40.4,1589.0,64.2,,,,,,,,,,,,,,,,,,,,,,0
REGIAO,AVEIA,CENTRO-OESTE,Conab,Estimativa em fevereiro/2026,produto_uf,2025/26,2025,38.2,1427.0,54.5,40.4,,,,,-5.44554455445544,,1589.0,,,,,-10.195091252359978,,64.2,,,,,-15.10903426791278,,1
REGIAO,AVEIA,NORDESTE,Conab,Estimativa em fevereiro/2026,produto_uf,2024/25,2024,0.0,0.0,0.0,,,,,,,,,,,,,,,,,,,,,,0
REGIAO,AVEIA,NORDESTE,Conab,Estimativa em fevereiro/2026,produto_uf,2025/26,2025,0.0,0.0,0.0,0.0,,,,,,,0.0,,,,,,,0.0,,,,,,,1
REGIAO,AVEIA,NORTE,Conab,Estimativa em fevereiro/2026,produto_uf,2024/25,2024,0.0,0.0,0.0,,,,,,,,,,,,,,,,,,,,,,0
REGIAO,AVEIA,NORTE,Conab,Estimativa em fevereiro/2026,produto_uf,2025/26,2025,0.0,0.0,0.0,0.0,,,,,,,0.0,,,,,,,0.0,,,,,,,1
REGIAO,AVEIA,SUDESTE,Conab,Estimativa em fevereiro/2026,produto_uf,2024/25,2024,0.0,0.0,0.0,,,,,,,,,,,,,,,,,,,,,,0
REGIAO,AVEIA,SUDESTE,Conab,Estimativa em fevereiro/2026,produto_uf,2025/26,2025,0.0,0.0,0.0,0.0,,,,,,,0.0,,,,,,,0.0,,,,,,,1
REGIAO,AVEIA,SUL,Conab,Estimativa em fevereiro/2026,produto_uf,2024/25,2024,505.4,2430.0,1228.1,,,,,,,,,,,,,,,,,,,,,,0
REGIAO,AVEIA,SUL,Conab,Estimativa em fevereiro/2026,produto_uf,2025/26,2025,470.8,2320.0,1092.2,505.4,,,,,-6.846062524732877,,2430.0,,,,,-4.526748971193417,,1228.1,,,,,-11.065874114485785,,1
REGIAO,CANOLA,CENTRO-OESTE,Conab,Estimativa em fevereiro/2026,produto_uf,2024/25,2024,0.0,0.0,0.0,,,,,,,,,,,,,,,,,,,,,,0
REGIAO,CANOLA,CENTRO-OESTE,Conab,Estimativa em fevereiro/2026,produto_uf,2025/26,2025,0.0,0.0,0.0,0.0,,,,,,,0.0,,,,,,,0.0,,,,,,,1
REGIAO,CANOLA,NORDESTE,Conab,Estimativa em fevereiro/2026,produto_uf,2024/25,2024,0.0,0.0,0.0,,,,,,,,,,,,,,,,,,,,,,0
REGIAO,CANOLA,NORDESTE,Conab,Estimativa em fevereiro/2026,produto_uf,2025/26,2025,0.0,0.0,0.0,0.0,,,,,,,0.0,,,,,,,0.0,,,,,,,1
REGIAO,CANOLA,NORTE,Conab,Estimativa em fevereiro/2026,produto_uf,2024/25,2024,0.0,0.0,0.0,,,,,,,,,,,,,,,,,,,,,,0
REGIAO,CANOLA,NORTE,Conab,Estimativa em fevereiro/2026,produto_uf,2025/26,2025,0.0,0.0,0.0,0.0,,,,,,,0.0,,,,,,,0.0,,,,,,,1
REGIAO,CANOLA,SUDESTE,Conab,Estimativa em fevereiro/2026,produto_uf,2024/25,2024,0.0,0.0,0.0,,,,,,,,,,,,,,,,,,,,,,0
REGIAO,CANOLA,SUDESTE,Conab,Estimativa em fevereiro/2026,produto_uf,2025/26,2025,0.0,0.0,0.0,0.0,,,,,,,0.0,,,,,,,0.0,,,,,,,1
REGIAO,CANOLA,SUL,Conab,Estimativa em fevereiro/2026,produto_uf,2024/25,2024,211.9,1627.0,344.8,,,,,,,,,,,,,,,,,,,,,,0
REGIAO,CANOLA,SUL,Conab,Estimativa em fevereiro/2026,produto_uf,2025/26,2025,275.7,1620.0,446.5,211.9,,,,,30.108541764983478,,1627.0,,,,,-0.4302397049784856,,344.8,,,,,29.495359628770302,,1
REGIAO,CENTEIO,CENTRO-OESTE,Conab,Estimativa em fevereiro/2026,produto_uf,2024/25,2024,0.0,0.0,0.0,,,,,,,,,,,,,,,,,,,,,,0
REGIAO,CENTEIO,CENTRO-OESTE,Conab,Estimativa em fevereiro/2026,produto_uf,2025/26,2025,0.0,0.0,0.0,0.0,,,,,,,0.0,,,,,,,0.0,,,,,,,1
REGIAO,CENTEIO,NORDESTE,Conab,Estimativa em fevereiro/2026,produto_uf,2024/25,2024,0.0,0.0,0.0,,,,,,,,,,,,,,,,,,,,,,0
REGIAO,CENTEIO,NORDESTE,Conab,Estimativa em fevereiro/2026,produto_uf,2025/26,2025,0.0,0.0,0.0,0.0,,,,,,,0.0,,,,,,,0.0,,,,,,,1
REGIAO,CENTEIO,NORTE,Conab,Estimativa em fevereiro/2026,produto_uf,2024/25,2024,0.0,0.0,0.0,,,,,,,,,,,,,,,,,,,,,,0
REGIAO,CENTEIO,NORTE,Conab,Estimativa em fevereiro/2026,produto_uf,2025/26,2025,0.0,0.0,0.0,0.0,,,,,,,0.0,,,,,,,0.0,,,,,,,1
REGIAO,CENTEIO,SUDESTE,Conab,Estimativa em fevereiro/2026,produto_uf,2024/25,2024,0.0,0.0,0.0,,,,,,,,,,,,,,,,,,,,,,0
REGIAO,CENTEIO,SUDESTE,Conab,Estimativa em fevereiro/2026,produto_uf,2025/26,2025,0.0,0.0,0.0,0.0,,,,,,,0.0,,,,,,,0.0,,,,,,,1
REGIAO,CENTEIO,SUL,Conab,Estimativa em fevereiro/2026,produto_uf,2024/25,2024,2.1,2381.0,5.0,,,,,,,,,,,,,,,,,,,,,,0
REGIAO,CENTEIO,SUL,Conab,Estimativa em fevereiro/2026,produto_uf,2025/26,2025,2.1,2238.0,4.7,2.1,,,,,0.0,,2381.0,,,,,-6.005879882402354,,5.0,,,,,-5.999999999999995,,1
REGIAO,CEVADA,CENTRO-OESTE,Conab,Estimativa em fevereiro/2026,produto_uf,2024/25,2024,0.0,0.0,0.0,,,,,,,,,,,,,,,,,,,,,,0
REGIAO,CEVADA,CENTRO-OESTE,Conab,Estimativa em fevereiro/2026,produto_uf,2025/26,2025,0.0,0.0,0.0,0.0,,,,,,,0.0,,,,,,,0.0,,,,,,,1
REGIAO,CEVADA,NORDESTE,Conab,Estimativa em fevereiro/2026,produto_uf,2024/25,2024,0.0,0.0,0.0,,,,,,,,,,,,,,,,,,,,,,0
REGIAO,CEVADA,NORDESTE,Conab,Estimativa em fevereiro/2026,produto_uf,2025/26,2025,0.0,0.0,0.0,0.0,,,,,,,0.0,,,,,,,0.0,,,,,,,1
REGIAO,CEVADA,NORTE,Conab,Estimativa em fevereiro/2026,produto_uf,2024/25,2024,0.0,0.0,0.0,,,,,,,,,,,,,,,,,,,,,,0
REGIAO,CEVADA,NORTE,Conab,Estimativa em fevereiro/2026,produto_uf,2025/26,2025,0.0,0.0,0.0,0.0,,,,,,,0.0,,,,,,,0.0,,,,,,,1
REGIAO,CEVADA,SUDESTE,Conab,Estimativa em fevereiro/2026,produto_uf,2024/25,2024,4.1,3195.0,13.1,,,,,,,,,,,,,,,,,,,,,,0
REGIAO,CEVADA,SUDESTE,Conab,Estimativa em fevereiro/2026,produto_uf,2025/26,2025,4.1,3195.0,13.1,4.1,,,,,0.0,,3195.0,,,,,0.0,,13.1,,,,,0.0,,1
REGIAO,CEVADA,SUL,Conab,Estimativa em fevereiro/2026,produto_uf,2024/25,2024,135.1,4393.0,593.5,,,,,,,,,,,,,,,,,,,,,,0
REGIAO,CEVADA,SUL,Conab,Estimativa em fevereiro/2026,produto_uf,2025/26,2025,145.8,3918.0,571.2,135.1,,,,,7.920059215396025,,4393.0,,,,,-10.812656498975649,,593.5,,,,,-3.7573715248525597,,1
REGIAO,FEIJÃO TOTAL,CENTRO-OESTE,Conab,Estimativa em fevereiro/2026,produto_uf,2024/25,2024,303.99999999999994,2111.106907894737,641.7,,,,,,,,,,,,,,,,,,,,,,0
REGIAO,FEIJÃO TOTAL,CENTRO-OESTE,Conab,Estimativa em fevereiro/2026,produto_uf,2025/26,2025,299.3,2089.5115268960903,625.4000000000001,303.99999999999994,,,,,-1.5460526315789203,,2111.106907894737,,,,,-1.022941136608868,,641.7,,,,,-2.540127785569568,,1
REGIAO,FEIJÃO TOTAL,NORDESTE,Conab,Estimativa em fevereiro/2026,produto_uf,2024/25,2024,1312.4,460.2230265163061,604.0,,,,,,,,,,,,,,,,,,,,,,0
REGIAO,FEIJÃO TOTAL,NORDESTE,Conab,Estimativa em fevereiro/2026,produto_uf,2025/26,2025,1311.5,527.8137399923751,692.1,1312.4,,,,,-0.06857665345931796,,460.2230265163061,,,,,14.686512751806902,,604.0,,,,,14.586092715231791,,1
REGIAO,FEIJÃO TOTAL,NORTE,Conab,Estimativa em fevereiro/2026,produto_uf,2024/25,2024,107.5,1087.6279069767445,116.9,,,,,,,,,,,,,,,,,,,,,,0
REGIAO,FEIJÃO TOTAL,NORTE,Conab,Estimativa em fevereiro/2026,produto_uf,2025/26,2025,117.8,1022.6400679117148,120.5,107.5,,,,,9.581395348837196,,1087.6279069767445,,,,,-5.97519047168208,,116.9,,,,,3.0795551753635575,,1
REGIAO,FEIJÃO TOTAL,SUDESTE,Conab,Estimativa em fevereiro/2026,produto_uf,2024/25,2024,374.00000000000006,1737.6943850267376,650.0,,,,,,,,,,,,,,,,,,,,,,0
REGIAO,FEIJÃO TOTAL,SUDESTE,Conab,Estimativa em fevereiro/2026,produto_uf,2025/26,2025,375.1,1847.0583844308185,692.8,374.00000000000006,,,,,0.2941176470588225,,1737.6943850267376,,,,,6.293626793436302,,650.0,,,,,6.5846153846153666,,1
REGIAO,FEIJÃO TOTAL,SUL,Conab,Estimativa em fevereiro/2026,produto_uf,2024/25,2024,595.1,1759.9408502772644,1047.3000000000002,,,,,,,,,,,,,,,,,,,,,,0
REGIAO,FEIJÃO TOTAL,SUL,Conab,Estimativa em fevereiro/2026,produto_uf,2025/26,2025,496.9,1680.947474340914,835.3,595.1,,,,,-16.501428331372882,,1759.9408502772644,,,,,-4.488410841984026,,1047.3000000000002,,,,,-20.242528406378323,,1
REGIAO,GERGELIM,CENTRO-OESTE,Conab,Estimativa em fevereiro/2026,produto_uf,2024/25,2024,405.2,717.8282329713721,290.9,,,,,,,,,,,,,,,,,,,,,,0
REGIAO,GERGELIM,CENTRO-OESTE,Conab,Estimativa em fevereiro/2026,produto_uf,2025/26,2025,405.2,717.8282329713721,290.9,405.2,,,,,0.0,,717.8282329713721,,,,,0.0,,290.9,,,,,0.0,,1
REGIAO,GERGELIM,NORDESTE,Conab,Estimativa em fevereiro/2026,produto_uf,2024/25,2024,0.0,0.0,0.0,,,,,,,,,,,,,,,,,,,,,,0
REGIAO,GERGELIM,NORDESTE,Conab,Estimativa em fevereiro/2026,produto_uf,2025/26,2025,0.0,0.0,0.0,0.0,,,,,,,0.0,,,,,,,0.0,,,,,,,1
REGIAO,GERGELIM,NORTE,Conab,Estimativa em fevereiro/2026,produto_uf,2024/25,2024,202.8,534.8461538461538,108.5,,,,,,,,,,,,,,,,,,,,,,0
REGIAO,GERGELIM,NORTE,Conab,Estimativa em fevereiro/2026,produto_uf,2025/26,2025,202.8,534.8461538461538,108.5,202.8,,,,,0.0,,534.8461538461538,,,,,0.0,,108.5,,,,,0.0,,1
REGIAO,GERGELIM,SUDESTE,Conab,Estimativa em fevereiro/2026,produto_uf,2024/25,2024,0.0,0.0,0.0,,,,,,,,,,,,,,,,,,,,,,0
REGIAO,GERGELIM,SUDESTE,Conab,Estimativa em fevereiro/2026,produto_uf,2025/26,2025,0.0,0.0,0.0,0.0,,,,,,,0.0,,,,,,,0.0,,,,,,,1
REGIAO,GERGELIM,SUL,Conab,Estimativa em fevereiro/2026,produto_uf,2024/25,2024,0.0,0.0,0.0,,,,,,,,,,,,,,,,,,,,,,0
REGIAO,GERGELIM,SUL,Conab,Estimativa em fevereiro/2026,produto_uf,2025/26,2025,0.0,0.0,0.0,0.0,,,,,,,0.0,,,,,,,0.0,,,,,,,1
REGIAO,GIRASSOL,CENTRO-OESTE,Conab,Estimativa em fevereiro/2026,produto_uf,2024/25,2024,52.3,1589.5430210325044,83.1,,,,,,,,,,,,,,,,,,,,,,0
REGIAO,GIRASSOL,CENTRO-OESTE,Conab,Estimativa em fevereiro/2026,produto_uf,2025/26,2025,52.3,1553.5965583173993,81.19999999999999,52.3,,,,,0.0,,1589.5430210325044,,,,,-2.261433773069932,,83.1,,,,,-2.2864019253911017,,1
REGIAO,GIRASSOL,NORDESTE,Conab,Estimativa em fevereiro/2026,produto_uf,2024/25,2024,0.0,0.0,0.0,,,,,,,,,,,,,,,,,,,,,,0
REGIAO,GIRASSOL,NORDESTE,Conab,Estimativa em fevereiro/2026,produto_uf,2025/26,2025,0.0,0.0,0.0,0.0,,,,,,,0.0,,,,,,,0.0,,,,,,,1
REGIAO,GIRASSOL,NORTE,Conab,Estimativa em fevereiro/2026,produto_uf,2024/25,2024,0.0,0.0,0.0,,,,,,,,,,,,,,,,,,,,,,0
REGIAO,GIRASSOL,NORTE,Conab,Estimativa em fevereiro/2026,produto_uf,2025/26,2025,0.0,0.0,0.0,0.0,,,,,,,0.0,,,,,,,0.0,,,,,,,1
REGIAO,GIRASSOL,SUDESTE,Conab,Estimativa em fevereiro/2026,produto_uf,2024/25,2024,5.5,1800.0,9.9,,,,,,,,,,,,,,,,,,,,,,0
REGIAO,GIRASSOL,SUDESTE,Conab,Estimativa em fevereiro/2026,produto_uf,2025/26,2025,5.5,1800.0,9.9,5.5,,,,,0.0,,1800.0,,,,,0.0,,9.9,,,,,0.0,,1
REGIAO,GIRASSOL,SUL,Conab,Estimativa em fevereiro/2026,produto_uf,2024/25,2024,4.1,1800.0,7.4,,,,,,,,,,,,,,,,,,,,,,0
REGIAO,GIRASSOL,SUL,Conab,Estimativa em fevereiro/2026,produto_uf,2025/26,2025,6.0,1893.0,11.4,4.1,,,,,46.34146341463416,,1800.0,,,,,5.166666666666675,,7.4,,,,,54.054054054054056,,1
REGIAO,MAMONA,CENTRO-OESTE,Conab,Estimativa em fevereiro/2026,produto_uf,2024/25,2024,0.0,0.0,0.0,,,,,,,,,,,,,,,,,,,,,,0
REGIAO,MAMONA,CENTRO-OESTE,Conab,Estimativa em fevereiro/2026,produto_uf,2025/26,2025,0.0,0.0,0.0,0.0,,,,,,,0.0,,,,,,,0.0,,,,,,,1
REGIAO,MAMONA,NORDESTE,Conab,Estimativa em fevereiro/2026,produto_uf,2024/25,2024,69.6,1437.1724137931035,100.02,,,,,,,,,,,,,,,,,,,,,,0
REGIAO,MAMONA,NORDESTE,Conab,Estimativa em fevereiro/2026,produto_uf,2025/26,2025,76.1,1935.672798948752,147.32000000000002,69.6,,,,,9.339080459770122,,1437.1724137931035,,,,,34.68619216256492,,100.02,,,,,47.29054189162169,,1
REGIAO,MAMONA,NORTE,Conab,Estimativa em fevereiro/2026,produto_uf,2024/25,2024,0.0,0.0,0.0,,,,,,,,,,,,,,,,,,,,,,0
REGIAO,MAMONA,NORTE,Conab,Estimativa em fevereiro/2026,produto_uf,2025/26,2025,0.0,0.0,0.0,0.0,,,,,,,0.0,,,,,,,0.0,,,,,,,1
REGIAO,MAMONA,SUDESTE,Conab,Estimativa em fevereiro/2026,produto_uf,2024/25,2024,0.0,0.0,0.0,,,,,,,,,,,,,,,,,,,,,,0
REGIAO,MAMONA,SUDESTE,Conab,Estimativa em fevereiro/2026,produto_uf,2025/26,2025,0.0,0.0,0.0,0.0,,,,,,,0.0,,,,,,,0.0,,,,,,,1
REGIAO,MAMONA,SUL,Conab,Estimativa em fevereiro/2026,produto_uf,2024/25,2024,0.0,0.0,0.0,,,,,,,,,,,,,,,,,,,,,,0
REGIAO,MAMONA,SUL,Conab,Estimativa em fevereiro/2026,produto_uf,2025/26,2025,0.0,0.0,0.0,0.0,,,,,,,0.0,,,,,,,0.0,,,,,,,1
REGIAO,MILHO TOTAL,CENTRO-OESTE,Conab,Estimativa em fevereiro/2026,produto_uf,2024/25,2024,11394.3,7329.969642716095,83519.9,,,,,,,,,,,,,,,,,,,,,,0
REGIAO,MILHO TOTAL,CENTRO-OESTE,Conab,Estimativa em fevereiro/2026,produto_uf,2025/26,2025,11712.9,6869.889293001733,80466.3,11394.3,,,,,2.796134909560055,,7329.969642716095,,,,,-6.276701980226496,,83519.9,,,,,-3.6561346457550714,,1
REGIAO,MILHO TOTAL,NORDESTE,Conab,Estimativa em fevereiro/2026,produto_uf,2024/25,2024,2984.0,3395.807339142092,10133.1,,,,,,,,,,,,,,,,,,,,,,0
REGIAO,MILHO TOTAL,NORDESTE,Conab,Estimativa em fevereiro/2026,produto_uf,2025/26,2025,2891.1000000000004,3311.220815606516,9573.1,2984.0,,,,,-3.113270777479882,,3395.807339142092,,,,,-2.490910557868853,,10133.1,,,,,-5.526443043096386,,1
REGIAO,MILHO TOTAL,NORTE,Conab,Estimativa em fevereiro/2026,produto_uf,2024/25,2024,1549.8,4971.8918570138085,7705.4,,,,,,,,,,,,,,,,,,,,,,0
REGIAO,MILHO TOTAL,NORTE,Conab,Estimativa em fevereiro/2026,produto_uf,2025/26,2025,1682.0,4680.142033293698,7872.0,1549.8,,,,,8.530132920376833,,4971.8918570138085,,,,,-5.8679841016361145,,7705.4,,,,,2.162120071638074,,1
REGIAO,MILHO TOTAL,SUDESTE,Conab,Estimativa em fevereiro/2026,produto_uf,2024/25,2024,1846.6,5989.276237409293,11059.8,,,,,,,,,,,,,,,,,,,,,,0
REGIAO,MILHO TOTAL,SUDESTE,Conab,Estimativa em fevereiro/2026,produto_uf,2025/26,2025,1931.9,6016.680832341218,11623.6,1846.6,,,,,4.619300335752197,,5989.276237409293,,,,,0.45756104486807114,,11059.8,,,,,5.097741369645026,,1
REGIAO,MILHO TOTAL,SUL,Conab,Estimativa em fevereiro/2026,produto_uf,2024/25,2024,4063.3,7072.921098614426,28739.4,,,,,,,,,,,,,,,,,,,,,,0
REGIAO,MILHO TOTAL,SUL,Conab,Estimativa em fevereiro/2026,produto_uf,2025/26,2025,4307.700000000001,6711.961951853657,28913.2,4063.3,,,,,6.01481554401595,,7072.921098614426,,,,,-5.103395637079567,,28739.4,,,,,0.6047447058741717,,1
REGIAO,SOJA,CENTRO-OESTE,Conab,Estimativa em fevereiro/2026,produto_uf,2024/25,2024,22035.2,3929.090142136218,86578.3,,,,,,,,,,,,,,,,,,,,,,0
REGIAO,SOJA,CENTRO-OESTE,Conab,Estimativa em fevereiro/2026,produto_uf,2025/26,2025,22612.8,3794.234451284228,85798.3,22035.2,,,,,2.62126052860876,,3929.090142136218,,,,,-3.4322371331157675,,86578.3,,,,,-0.9009185904551131,,1
REGIAO,SOJA,NORDESTE,Conab,Estimativa em fevereiro/2026,produto_uf,2024/25,2024,4679.1,3743.4852001453264,17516.100000000002,,,,,,,,,,,,,,,,,,,,,,0
REGIAO,SOJA,NORDESTE,Conab,Estimativa em fevereiro/2026,produto_uf,2025/26,2025,5018.9,3704.423658570603,18592.1,4679.1,,,,,7.262080314590391,,3743.4852001453264,,,,,-1.0434538801758042,,17516.100000000002,,,,,6.142919942224556,,1
REGIAO,SOJA,NORTE,Conab,Estimativa em fevereiro/2026,produto_uf,2024/25,2024,3697.5,3541.301446923597,13094.1,,,,,,,,,,,,,,,,,,,,,,0
REGIAO,SOJA,NORTE,Conab,Estimativa em fevereiro/2026,produto_uf,2025/26,2025,3994.6,3592.618509988484,14351.1,3697.5,,,,,8.035158891142657,,3541.301446923597,,,,,1.4491018015274415,,13094.1,,,,,9.599743395880589,,1
REGIAO,SOJA,SUDESTE,Conab,Estimativa em fevereiro/2026,produto_uf,2024/25,2024,3672.5,3938.42322668482,14463.9,,,,,,,,,,,,,,,,,,,,,,0
REGIAO,SOJA,SUDESTE,Conab,Estimativa em fevereiro/2026,produto_uf,2025/26,2025,3738.7,3813.832508625993,14258.8,3672.5,,,,,1.8025867937372375,,3938.42322668482,,,,,-3.16346697365234,,14463.9,,,,,-1.4180131223252346,,1
REGIAO,SOJA,SUL,Conab,Estimativa em fevereiro/2026,produto_uf,2024/25,2024,13261.8,3003.2143072584417,39828.1,,,,,,,,,,,,,,,,,,,,,,0
REGIAO,SOJA,SUL,Conab,Estimativa em fevereiro/2026,produto_uf,2025/26,2025,13069.4,3441.990175524508,44984.7,13261.8,,,,,-1.4507834532265562,,3003.2143072584417,,,,,14.610208375925504,,39828.1,,,,,12.947140335592211,,1
REGIAO,SORGO,CENTRO-OESTE,Conab,Estimativa em fevereiro/2026,produto_uf,2024/25,2024,647.0,4007.262442040185,2592.7000000000003,,,,,,,,,,,,,,,,,,,,,,0
REGIAO,SORGO,CENTRO-OESTE,Conab,Estimativa em fevereiro/2026,produto_uf,2025/26,2025,733.3000000000001,3853.7674894313377,2826.0,647.0,,,,,13.338485316847004,,4007.262442040185,,,,,-3.8304192657444114,,2592.7000000000003,,,,,8.998341497280826,,1
REGIAO,SORGO,NORDESTE,Conab,Estimativa em fevereiro/2026,produto_uf,2024/25,2024,337.5,3621.3777777777777,1222.2,,,,,,,,,,,,,,,,,,,,,,0
REGIAO,SORGO,NORDESTE,Conab,Estimativa em fevereiro/2026,produto_uf,2025/26,2025,377.3,3537.7651736019084,1334.8,337.5,,,,,11.792592592592598,,3621.3777777777777,,,,,-2.3088616904027415,,1222.2,,,,,9.212894779905078,,1
REGIAO,SORGO,NORTE,Conab,Estimativa em fevereiro/2026,produto_uf,2024/25,2024,136.8,2602.482456140351,356.0,,,,,,,,,,,,,,,,,,,,,,0
REGIAO,SORGO,NORTE,Conab,Estimativa em fevereiro/2026,produto_uf,2025/26,2025,154.5,2610.984466019417,403.4,136.8,,,,,12.938596491228061,,2602.482456140351,,,,,0.3266884608196463,,356.0,,,,,13.314606741573032,,1
REGIAO,SORGO,SUDESTE,Conab,Estimativa em fevereiro/2026,produto_uf,2024/25,2024,510.3,3782.473838918284,1930.2,,,,,,,,,,,,,,,,,,,,,,0
REGIAO,SORGO,SUDESTE,Conab,Estimativa em fevereiro/2026,produto_uf,2025/26,2025,552.0,3829.0695652173913,2113.7,510.3,,,,,8.171663727219268,,3782.473838918284,,,,,1.2318849589831649,,1930.2,,,,,9.50678686146511,,1
REGIAO,SORGO,SUL,Conab,Estimativa em fevereiro/2026,produto_uf,2024/25,2024,0.4,2850.0,1.1,,,,,,,,,,,,,,,,,,,,,,0
REGIAO,SORGO,SUL,Conab,Estimativa em fevereiro/2026,produto_uf,2025/26,2025,6.6000000000000005,2528.7272727272725,16.6,0.4,,,,,1550.0,,2850.0,,,,,-11.272727272727279,,1.1,,,,,1409.0909090909092,,1
REGIAO,TRIGO,CENTRO-OESTE,Conab,Estimativa em fevereiro/2026,produto_uf,2024/25,2024,88.80000000000001,3421.0,303.8,,,,,,,,,,,,,,,,,,,,,,0
REGIAO,TRIGO,CENTRO-OESTE,Conab,Estimativa em fevereiro/2026,produto_uf,2025/26,2025,87.4,3416.0,298.6,88.80000000000001,,,,,-1.5765765765765827,,3421.0,,,,,-0.14615609470914892,,303.8,,,,,-1.7116524028966351,,1
REGIAO,TRIGO,NORDESTE,Conab,Estimativa em fevereiro/2026,produto_uf,2024/25,2024,5.0,6000.0,30.0,,,,,,,,,,,,,,,,,,,,,,0
REGIAO,TRIGO,NORDESTE,Conab,Estimativa em fevereiro/2026,produto_uf,2025/26,2025,5.0,6000.0,30.0,5.0,,,,,0.0,,6000.0,,,,,0.0,,30.0,,,,,0.0,,1
REGIAO,TRIGO,NORTE,Conab,Estimativa em fevereiro/2026,produto_uf,2024/25,2024,0.0,0.0,0.0,,,,,,,,,,,,,,,,,,,,,,0
REGIAO,TRIGO,NORTE,Conab,Estimativa em fevereiro/2026,produto_uf,2025/26,2025,0.0,0.0,0.0,0.0,,,,,,,0.0,,,,,,,0.0,,,,,,,1
REGIAO,TRIGO,SUDESTE,Conab,Estimativa em fevereiro/2026,produto_uf,2024/25,2024,266.1,2926.0,778.5999999999999,,,,,,,,,,,,,,,,,,,,,,0
REGIAO,TRIGO,SUDESTE,Conab,Estimativa em fevereiro/2026,produto_uf,2025/26,2025,259.1,2844.0,737.0,266.1,,,,,-2.630590003757982,,2926.0,,,,,-2.8024606971975397,,778.5999999999999,,,,,-5.342923195479054,,1
REGIAO,TRIGO,SUL,Conab,Estimativa em fevereiro/2026,produto_uf,2024/25,2024,2086.0,3241.0,6761.0,,,,,,,,,,,,,,,,,,,,,,0
REGIAO,TRIGO,SUL,Conab,Estimativa em fevereiro/2026,produto_uf,2025/26,2025,1966.8,2969.0,5839.2,2086.0,,,,,-5.714285714285716,,3241.0,,,,,-8.392471459426098,,6761.0,,,,,-13.63407779914214,,1
REGIAO,TRITICALE,CENTRO-OESTE,Conab,Estimativa em fevereiro/2026,produto_uf,2024/25,2024,0.0,0.0,0.0,,,,,,,,,,,,,,,,,,,,,,0
REGIAO,TRITICALE,CENTRO-OESTE,Conab,Estimativa em fevereiro/2026,produto_uf,2025/26,2025,0.0,0.0,0.0,0.0,,,,,,,0.0,,,,,,,0.0,,,,,,,1
REGIAO,TRITICALE,NORDESTE,Conab,Estimativa em fevereiro/2026,produto_uf,2024/25,2024,0.0,0.0,0.0,,,,,,,,,,,,,,,,,,,,,,0
REGIAO,TRITICALE,NORDESTE,Conab,Estimativa em fevereiro/2026,produto_uf,2025/26,2025,0.0,0.0,0.0,0.0,,,,,,,0.0,,,,,,,0.0,,,,,,,1
REGIAO,TRITICALE,NORTE,Conab,Estimativa em fevereiro/2026,produto_uf,2024/25,2024,0.0,0.0,0.0,,,,,,,,,,,,,,,,,,,,,,0
REGIAO,TRITICALE,NORTE,Conab,Estimativa em fevereiro/2026,produto_uf,2025/26,2025,0.0,0.0,0.0,0.0,,,,,,,0.0,,,,,,,0.0,,,,,,,1
REGIAO,TRITICALE,SUDESTE,Conab,Estimativa em fevereiro/2026,produto_uf,2024/25,2024,1.8,2778.0,5.0,,,,,,,,,,,,,,,,,,,,,,0
REGIAO,TRITICALE,SUDESTE,Conab,Estimativa em fevereiro/2026,produto_uf,2025/26,2025,1.8,2722.0,4.9,1.8,,,,,0.0,,2778.0,,,,,-2.015838732901365,,5.0,,,,,-1.9999999999999907,,1
REGIAO,TRITICALE,SUL,Conab,Estimativa em fevereiro/2026,produto_uf,2024/25,2024,9.6,3292.0,31.6,,,,,,,,,,,,,,,,,,,,,,0
REGIAO,TRITICALE,SUL,Conab,Estimativa em fevereiro/2026,produto_uf,2025/26,2025,9.6,2990.0,28.7,9.6,,,,,0.0,,3292.0,,,,,-9.173754556500613,,31.6,,,,,-9.177215189873422,,1
TOTAL_BRASIL,ALGODÃO - CAROÇO (1),BRASIL,Conab,Estimativa em fevereiro/2026,produto_uf,2024/25,2024,2085.6,2772.6614827387803,5782.799999999999,,,,,,,,,,,,,,,,,,,,,,0
TOTAL_BRASIL,ALGODÃO - CAROÇO (1),BRASIL,Conab,Estimativa em fevereiro/2026,produto_uf,2025/26,2025,2018.1,2673.0141672860614,5394.4,2085.6,,,,,-3.2364787111622606,,2772.6614827387803,,,,,-3.593922881429046,,5782.799999999999,,,,,-6.7164695303313255,,1
TOTAL_BRASIL,ALGODÃO - PLUMA,BRASIL,Conab,Estimativa em fevereiro/2026,produto_uf,2024/25,2024,2085.6,1954.4456806674336,4076.1,,,,,,,,,,,,,,,,,,,,,,0
TOTAL_BRASIL,ALGODÃO - PLUMA,BRASIL,Conab,Estimativa em fevereiro/2026,produto_uf,2025/26,2025,2018.1,1884.4851637679003,3803.0,2085.6,,,,,-3.2364787111622606,,1954.4456806674336,,,,,-3.5795580092889634,,4076.1,,,,,-6.700031893231273,,1
TOTAL_BRASIL,AMENDOIM TOTAL,BRASIL,Conab,Estimativa em fevereiro/2026,produto_uf,2024/25,2024,280.40000000000003,4135.947218259628,1159.6999999999998,,,,,,,,,,,,,,,,,,,,,,0
TOTAL_BRASIL,AMENDOIM TOTAL,BRASIL,Conab,Estimativa em fevereiro/2026,produto_uf,2025/26,2025,281.3,4278.256309989335,1203.3,280.40000000000003,,,,,0.3209700427959872,,4135.947218259628,,,,,3.4407859728342816,,1159.6999999999998,,,,,3.7595929981891985,,1
TOTAL_BRASIL,ARROZ,BRASIL,Conab,Estimativa em fevereiro/2026,produto_uf,2024/25,2024,1763.9,7232.554226430069,12757.7,,,,,,,,,,,,,,,,,,,,,,0
TOTAL_BRASIL,ARROZ,BRASIL,Conab,Estimativa em fevereiro/2026,produto_uf,2025/26,2025,1559.9,6996.99743573306,10914.6,1763.9,,,,,-11.565281478541866,,7232.554226430069,,,,,-3.2568962958647307,,12757.7,,,,,-14.446961442893313,,1
TOTAL_BRASIL,AVEIA,BRASIL,Conab,Estimativa em fevereiro/2026,produto_uf,2024/25,2024,545.8,2368.0,1292.3000000000002,,,,,,,,,,,,,,,,,,,,,,0
TOTAL_BRASIL,AVEIA,BRASIL,Conab,Estimativa em fevereiro/2026,produto_uf,2025/26,2025,509.0,2253.0,1146.7,545.8,,,,,-6.742396482227919,,2368.0,,,,,-4.856418918918914,,1292.3000000000002,,,,,-11.266733730557931,,1
TOTAL_BRASIL,CANOLA,BRASIL,Conab,Estimativa em fevereiro/2026,produto_uf,2024/25,2024,211.9,1627.0,344.8,,,,,,,,,,,,,,,,,,,,,,0
TOTAL_BRASIL,CANOLA,BRASIL,Conab,Estimativa em fevereiro/2026,produto_uf,2025/26,2025,275.7,1620.0,446.5,211.9,,,,,30.108541764983478,,1627.0,,,,,-0.4302397049784856,,344.8,,,,,29.495359628770302,,1
TOTAL_BRASIL,CENTEIO,BRASIL,Conab,Estimativa em fevereiro/2026,produto_uf,2024/25,2024,2.1,2381.0,5.0,,,,,,,,,,,,,,,,,,,,,,0
TOTAL_BRASIL,CENTEIO,BRASIL,Conab,Estimativa em fevereiro/2026,produto_uf,2025/26,2025,2.1,2238.0,4.7,2.1,,,,,0.0,,2381.0,,,,,-6.005879882402354,,5.0,,,,,-5.999999999999995,,1
TOTAL_BRASIL,CEVADA,BRASIL,Conab,Estimativa em fevereiro/2026,produto_uf,2024/25,2024,139.2,4358.0,606.6,,,,,,,,,,,,,,,,,,,,,,0
TOTAL_BRASIL,CEVADA,BRASIL,Conab,Estimativa em fevereiro/2026,produto_uf,2025/26,2025,149.9,3898.0,584.3000000000001,139.2,,,,,7.6867816091954255,,4358.0,,,,,-10.555300596603946,,606.6,,,,,-3.67622815694032,,1
TOTAL_BRASIL,FEIJÃO TOTAL,BRASIL,Conab,Estimativa em fevereiro/2026,produto_uf,2024/25,2024,2693.0,1136.2538804307464,3059.9,,,,,,,,,,,,,,,,,,,,,,0
TOTAL_BRASIL,FEIJÃO TOTAL,BRASIL,Conab,Estimativa em fevereiro/2026,produto_uf,2025/26,2025,2600.6,1140.5752211028223,2966.1,2693.0,,,,,-3.431117712588194,,1136.2538804307464,,,,,0.3803147119231465,,3059.9,,,,,-3.0654596555443003,,1
TOTAL_BRASIL,GERGELIM,BRASIL,Conab,Estimativa em fevereiro/2026,produto_uf,2024/25,2024,608.0,656.7940789473683,399.4,,,,,,,,,,,,,,,,,,,,,,0
TOTAL_BRASIL,GERGELIM,BRASIL,Conab,Estimativa em fevereiro/2026,produto_uf,2025/26,2025,608.0,656.7940789473683,399.4,608.0,,,,,0.0,,656.7940789473683,,,,,0.0,,399.4,,,,,0.0,,1
TOTAL_BRASIL,GIRASSOL,BRASIL,Conab,Estimativa em fevereiro/2026,produto_uf,2024/25,2024,61.900000000000006,1622.1825525040383,100.4,,,,,,,,,,,,,,,,,,,,,,0
TOTAL_BRASIL,GIRASSOL,BRASIL,Conab,Estimativa em fevereiro/2026,produto_uf,2025/26,2025,63.8,1606.7570532915358,102.5,61.900000000000006,,,,,3.0694668820678395,,1622.1825525040383,,,,,-0.9509101912538287,,100.4,,,,,2.0916334661354563,,1
TOTAL_BRASIL,MAMONA,BRASIL,Conab,Estimativa em fevereiro/2026,produto_uf,2024/25,2024,69.6,1437.1724137931035,100.02,,,,,,,,,,,,,,,,,,,,,,0
TOTAL_BRASIL,MAMONA,BRASIL,Conab,Estimativa em fevereiro/2026,produto_uf,2025/26,2025,76.1,1935.672798948752,147.32000000000002,69.6,,,,,9.339080459770122,,1437.1724137931035,,,,,34.68619216256492,,100.02,,,,,47.29054189162169,,1
TOTAL_BRASIL,MILHO TOTAL,BRASIL,Conab,Estimativa em fevereiro/2026,produto_uf,2024/25,2024,21838.0,6463.851909515524,141157.6,,,,,,,,,,,,,,,,,,,,,,0
TOTAL_BRASIL,MILHO TOTAL,BRASIL,Conab,Estimativa em fevereiro/2026,produto_uf,2025/26,2025,22525.6,6146.257586923323,138448.2,21838.0,,,,,3.1486399853466462,,6463.851909515524,,,,,-4.913391071423934,,141157.6,,,,,-1.9194148951243162,,1
TOTAL_BRASIL,SOJA,BRASIL,Conab,Estimativa em fevereiro/2026,produto_uf,2024/25,2024,47346.1,3621.845888045688,171480.5,,,,,,,,,,,,,,,,,,,,,,0
TOTAL_BRASIL,SOJA,BRASIL,Conab,Estimativa em fevereiro/2026,produto_uf,2025/26,2025,48434.4,3674.764064383992,177985.0,47346.1,,,,,2.2986053761555825,,3621.845888045688,,,,,1.461083049197831,,171480.5,,,,,3.793142660535742,,1
TOTAL_BRASIL,SORGO,BRASIL,Conab,Estimativa em fevereiro/2026,produto_uf,2024/25,2024,1632.0,3739.1359068627457,6102.200000000001,,,,,,,,,,,,,,,,,,,,,,0
TOTAL_BRASIL,SORGO,BRASIL,Conab,Estimativa em fevereiro/2026,produto_uf,2025/26,2025,1823.7,3670.833799418764,6694.5,1632.0,,,,,11.746323529411761,,3739.1359068627457,,,,,-1.8266815955692128,,6102.200000000001,,,,,9.706335420012447,,1
TOTAL_BRASIL,TRIGO,BRASIL,Conab,Estimativa em fevereiro/2026,produto_uf,2024/25,2024,2445.9,3219.0,7873.4,,,,,,,,,,,,,,,,,,,,,,0
TOTAL_BRASIL,TRIGO,BRASIL,Conab,Estimativa em fevereiro/2026,produto_uf,2025/26,2025,2318.3,2978.0,6904.799999999999,2445.9,,,,,-5.2168935770064095,,3219.0,,,,,-7.486797141969559,,7873.4,,,,,-12.3021820306348,,1
TOTAL_BRASIL,TRITICALE,BRASIL,Conab,Estimativa em fevereiro/2026,produto_uf,2024/25,2024,11.4,3211.0,36.6,,,,,,,,,,,,,,,,,,,,,,0
TOTAL_BRASIL,TRITICALE,BRASIL,Conab,Estimativa em fevereiro/2026,produto_uf,2025/26,2025,11.4,2947.0,33.6,11.4,,,,,0.0,,3211.0,,,,,-8.221737776393645,,36.6,,,,,-8.196721311475407,,1
UF,ALGODÃO - CAROÇO (1),AC,Conab,Estimativa em fevereiro/2026,produto_uf,2024/25,2024,0.0,0.0,0.0,,,,,,,,,,,,,,,,,,,,,,0
UF,ALGODÃO - CAROÇO (1),AC,Conab,Estimativa em fevereiro/2026,produto_uf,2025/26,2025,0.0,0.0,0.0,0.0,,,,,,,0.0,,,,,,,0.0,,,,,,,1
UF,ALGODÃO - CAROÇO (1),AL,Conab,Estimativa em fevereiro/2026,produto_uf,2024/25,2024,0.0,0.0,0.0,,,,,,,,,,,,,,,,,,,,,,0
UF,ALGODÃO - CAROÇO (1),AL,Conab,Estimativa em fevereiro/2026,produto_uf,2025/26,2025,0.0,0.0,0.0,0.0,,,,,,,0.0,,,,,,,0.0,,,,,,,1
UF,ALGODÃO - CAROÇO (1),AM,Conab,Estimativa em fevereiro/2026,produto_uf,2024/25,2024,0.0,0.0,0.0,,,,,,,,,,,,,,,,,,,,,,0
UF,ALGODÃO - CAROÇO (1),AM,Conab,Estimativa em fevereiro/2026,produto_uf,2025/26,2025,0.0,0.0,0.0,0.0,,,,,,,0.0,,,,,,,0.0,,,,,,,1
UF,ALGODÃO - CAROÇO (1),AP,Conab,Estimativa em fevereiro/2026,produto_uf,2024/25,2024,0.0,0.0,0.0,,,,,,,,,,,,,,,,,,,,,,0
UF,ALGODÃO - CAROÇO (1),AP,Conab,Estimativa em fevereiro/2026,produto_uf,2025/26,2025,0.0,0.0,0.0,0.0,,,,,,,0.0,,,,,,,0.0,,,,,,,1
UF,ALGODÃO - CAROÇO (1),BA,Conab,Estimativa em fevereiro/2026,produto_uf,2024/25,2024,413.1,2802.56,1157.6999999999998,,,,,,,,,,,,,,,,,,,,,,0
UF,ALGODÃO - CAROÇO (1),BA,Conab,Estimativa em fevereiro/2026,produto_uf,2025/26,2025,402.4,2756.74,1109.3,413.1,,,,,-2.590171871217639,,2802.56,,,,,-1.6349337748344461,,1157.6999999999998,,,,,-4.180703118251694,,1
UF,ALGODÃO - CAROÇO (1),CE,Conab,Estimativa em fevereiro/2026,produto_uf,2024/25,2024,2.4,1163.5,2.8,,,,,,,,,,,,,,,,,,,,,,0
UF,ALGODÃO - CAROÇO (1),CE,Conab,Estimativa em fevereiro/2026,produto_uf,2025/26,2025,1.9,1683.5000000000002,3.2,2.4,,,,,-20.833333333333336,,1163.5,,,,,44.69273743016762,,2.8,,,,,14.285714285714302,,1
UF,ALGODÃO - CAROÇO (1),DF,Conab,Estimativa em fevereiro/2026,produto_uf,2024/25,2024,0.0,0.0,0.0,,,,,,,,,,,,,,,,,,,,,,0
UF,ALGODÃO - CAROÇO (1),DF,Conab,Estimativa em fevereiro/2026,produto_uf,2025/26,2025,0.0,0.0,0.0,0.0,,,,,,,0.0,,,,,,,0.0,,,,,,,1
UF,ALGODÃO - CAROÇO (1),ES,Conab,Estimativa em fevereiro/2026,produto_uf,2024/25,2024,0.0,0.0,0.0,,,,,,,,,,,,,,,,,,,,,,0
UF,ALGODÃO - CAROÇO (1),ES,Conab,Estimativa em fevereiro/2026,produto_uf,2025/26,2025,0.0,0.0,0.0,0.0,,,,,,,0.0,,,,,,,0.0,,,,,,,1
UF,ALGODÃO - CAROÇO (1),GO,Conab,Estimativa em fevereiro/2026,produto_uf,2024/25,2024,30.3,2734.8,82.89999999999999,,,,,,,,,,,,,,,,,,,,,,0
UF,ALGODÃO - CAROÇO (1),GO,Conab,Estimativa em fevereiro/2026,produto_uf,2025/26,2025,29.8,2748.6,81.9,30.3,,,,,-1.650165016501648,,2734.8,,,,,0.50460728389643,,82.89999999999999,,,,,-1.206272617611559,,1
UF,ALGODÃO - CAROÇO (1),MA,Conab,Estimativa em fevereiro/2026,produto_uf,2024/25,2024,33.0,2597.445,85.7,,,,,,,,,,,,,,,,,,,,,,0
UF,ALGODÃO - CAROÇO (1),MA,Conab,Estimativa em fevereiro/2026,produto_uf,2025/26,2025,29.7,2570.85,76.39999999999999,33.0,,,,,-9.999999999999998,,2597.445,,,,,-1.0238907849829504,,85.7,,,,,-10.851808634772475,,1
UF,ALGODÃO - CAROÇO (1),MG,Conab,Estimativa em fevereiro/2026,produto_uf,2024/25,2024,45.1,2448.5999999999995,110.4,,,,,,,,,,,,,,,,,,,,,,0
UF,ALGODÃO - CAROÇO (1),MG,Conab,Estimativa em fevereiro/2026,produto_uf,2025/26,2025,42.2,2698.707,113.8,45.1,,,,,-6.430155210643007,,2448.5999999999995,,,,,10.214285714285731,,110.4,,,,,3.079710144927539,,1
UF,ALGODÃO - CAROÇO (1),MS,Conab,Estimativa em fevereiro/2026,produto_uf,2024/25,2024,31.7,3085.6000000000004,97.8,,,,,,,,,,,,,,,,,,,,,,0
UF,ALGODÃO - CAROÇO (1),MS,Conab,Estimativa em fevereiro/2026,produto_uf,2025/26,2025,31.8,2946.4,93.7,31.7,,,,,0.3154574132492094,,3085.6000000000004,,,,,-4.511278195488733,,97.8,,,,,-4.1922290388548,,1
UF,ALGODÃO - CAROÇO (1),MT,Conab,Estimativa em fevereiro/2026,produto_uf,2024/25,2024,1462.0,2784.1800000000003,4070.500000000001,,,,,,,,,,,,,,,,,,,,,,0
UF,ALGODÃO - CAROÇO (1),MT,Conab,Estimativa em fevereiro/2026,produto_uf,2025/26,2025,1410.8,2653.644,3743.7,1462.0,,,,,-3.5020519835841313,,2784.1800000000003,,,,,-4.68848996832103,,4070.500000000001,,,,,-8.028497727551919,,1
UF,ALGODÃO - CAROÇO (1),PA,Conab,Estimativa em fevereiro/2026,produto_uf,2024/25,2024,0.2,2323.152,0.5,,,,,,,,,,,,,,,,,,,,,,0
UF,ALGODÃO - CAROÇO (1),PA,Conab,Estimativa em fevereiro/2026,produto_uf,2025/26,2025,0.2,2323.152,0.5,0.2,,,,,0.0,,2323.152,,,,,0.0,,0.5,,,,,0.0,,1
UF,ALGODÃO - CAROÇO (1),PB,Conab,Estimativa em fevereiro/2026,produto_uf,2024/25,2024,0.5,364.16,0.1999999999999999,,,,,,,,,,,,,,,,,,,,,,0
UF,ALGODÃO - CAROÇO (1),PB,Conab,Estimativa em fevereiro/2026,produto_uf,2025/26,2025,0.5,655.36,0.3,0.5,,,,,0.0,,364.16,,,,,79.96485061511423,,0.1999999999999999,,,,,50.000000000000064,,1
UF,ALGODÃO - CAROÇO (1),PE,Conab,Estimativa em fevereiro/2026,produto_uf,2024/25,2024,0.0,0.0,0.0,,,,,,,,,,,,,,,,,,,,,,0
UF,ALGODÃO - CAROÇO (1),PE,Conab,Estimativa em fevereiro/2026,produto_uf,2025/26,2025,0.0,0.0,0.0,0.0,,,,,,,0.0,,,,,,,0.0,,,,,,,1
UF,ALGODÃO - CAROÇO (1),PI,Conab,Estimativa em fevereiro/2026,produto_uf,2024/25,2024,33.7,2702.7900000000004,91.1,,,,,,,,,,,,,,,,,,,,,,0
UF,ALGODÃO - CAROÇO (1),PI,Conab,Estimativa em fevereiro/2026,produto_uf,2025/26,2025,34.6,2525.2,87.39999999999999,33.7,,,,,2.6706231454005858,,2702.7900000000004,,,,,-6.570617769046083,,91.1,,,,,-4.061470911086717,,1
UF,ALGODÃO - CAROÇO (1),PR,Conab,Estimativa em fevereiro/2026,produto_uf,2024/25,2024,1.6,1770.0,2.8,,,,,,,,,,,,,,,,,,,,,,0
UF,ALGODÃO - CAROÇO (1),PR,Conab,Estimativa em fevereiro/2026,produto_uf,2025/26,2025,1.6,1770.0,2.8,1.6,,,,,0.0,,1770.0,,,,,0.0,,2.8,,,,,0.0,,1
UF,ALGODÃO - CAROÇO (1),RJ,Conab,Estimativa em fevereiro/2026,produto_uf,2024/25,2024,0.0,0.0,0.0,,,,,,,,,,,,,,,,,,,,,,0
UF,ALGODÃO - CAROÇO (1),RJ,Conab,Estimativa em fevereiro/2026,produto_uf,2025/26,2025,0.0,0.0,0.0,0.0,,,,,,,0.0,,,,,,,0.0,,,,,,,1
UF,ALGODÃO - CAROÇO (1),RN,Conab,Estimativa em fevereiro/2026,produto_uf,2024/25,2024,1.2,1125.9199999999998,1.4,,,,,,,,,,,,,,,,,,,,,,0
UF,ALGODÃO - CAROÇO (1),RN,Conab,Estimativa em fevereiro/2026,produto_uf,2025/26,2025,1.1,1126.5400000000002,1.2,1.2,,,,,-8.333333333333325,,1125.9199999999998,,,,,0.05506607929517404,,1.4,,,,,-14.28571428571428,,1
UF,ALGODÃO - CAROÇO (1),RO,Conab,Estimativa em fevereiro/2026,produto_uf,2024/25,2024,8.8,2790.0,24.6,,,,,,,,,,,,,,,,,,,,,,0
UF,ALGODÃO - CAROÇO (1),RO,Conab,Estimativa em fevereiro/2026,produto_uf,2025/26,2025,8.8,2600.9,22.9,8.8,,,,,0.0,,2790.0,,,,,-6.7777777777777715,,24.6,,,,,-6.910569105691067,,1
UF,ALGODÃO - CAROÇO (1),RR,Conab,Estimativa em fevereiro/2026,produto_uf,2024/25,2024,0.0,0.0,0.0,,,,,,,,,,,,,,,,,,,,,,0
UF,ALGODÃO - CAROÇO (1),RR,Conab,Estimativa em fevereiro/2026,produto_uf,2025/26,2025,0.0,0.0,0.0,0.0,,,,,,,0.0,,,,,,,0.0,,,,,,,1
UF,ALGODÃO - CAROÇO (1),RS,Conab,Estimativa em fevereiro/2026,produto_uf,2024/25,2024,0.0,0.0,0.0,,,,,,,,,,,,,,,,,,,,,,0
UF,ALGODÃO - CAROÇO (1),RS,Conab,Estimativa em fevereiro/2026,produto_uf,2025/26,2025,0.0,0.0,0.0,0.0,,,,,,,0.0,,,,,,,0.0,,,,,,,1
UF,ALGODÃO - CAROÇO (1),SC,Conab,Estimativa em fevereiro/2026,produto_uf,2024/25,2024,0.0,0.0,0.0,,,,,,,,,,,,,,,,,,,,,,0
UF,ALGODÃO - CAROÇO (1),SC,Conab,Estimativa em fevereiro/2026,produto_uf,2025/26,2025,0.0,0.0,0.0,0.0,,,,,,,0.0,,,,,,,0.0,,,,,,,1
UF,ALGODÃO - CAROÇO (1),SE,Conab,Estimativa em fevereiro/2026,produto_uf,2024/25,2024,0.0,0.0,0.0,,,,,,,,,,,,,,,,,,,,,,0
UF,ALGODÃO - CAROÇO (1),SE,Conab,Estimativa em fevereiro/2026,produto_uf,2025/26,2025,0.0,0.0,0.0,0.0,,,,,,,0.0,,,,,,,0.0,,,,,,,1
UF,ALGODÃO - CAROÇO (1),SP,Conab,Estimativa em fevereiro/2026,produto_uf,2024/25,2024,7.5,2192.94,16.5,,,,,,,,,,,,,,,,,,,,,,0
UF,ALGODÃO - CAROÇO (1),SP,Conab,Estimativa em fevereiro/2026,produto_uf,2025/26,2025,7.5,2194.614,16.5,7.5,,,,,0.0,,2192.94,,,,,0.07633587786259888,,16.5,,,,,0.0,,1
UF,ALGODÃO - CAROÇO (1),TO,Conab,Estimativa em fevereiro/2026,produto_uf,2024/25,2024,14.5,2615.4,37.900000000000006,,,,,,,,,,,,,,,,,,,,,,0
UF,ALGODÃO - CAROÇO (1),TO,Conab,Estimativa em fevereiro/2026,produto_uf,2025/26,2025,15.2,2678.4000000000005,40.8,14.5,,,,,4.827586206896539,,2615.4,,,,,2.4088093599449634,,37.900000000000006,,,,,7.651715039577822,,1
UF,ALGODÃO - PLUMA,AC,Conab,Estimativa em fevereiro/2026,produto_uf,2024/25,2024,0.0,0.0,0.0,,,,,,,,,,,,,,,,,,,,,,0
UF,ALGODÃO - PLUMA,AC,Conab,Estimativa em fevereiro/2026,produto_uf,2025/26,2025,0.0,0.0,0.0,0.0,,,,,,,0.0,,,,,,,0.0,,,,,,,1
UF,ALGODÃO - PLUMA,AL,Conab,Estimativa em fevereiro/2026,produto_uf,2024/25,2024,0.0,0.0,0.0,,,,,,,,,,,,,,,,,,,,,,0
UF,ALGODÃO - PLUMA,AL,Conab,Estimativa em fevereiro/2026,produto_uf,2025/26,2025,0.0,0.0,0.0,0.0,,,,,,,0.0,,,,,,,0.0,,,,,,,1
UF,ALGODÃO - PLUMA,AM,Conab,Estimativa em fevereiro/2026,produto_uf,2024/25,2024,0.0,0.0,0.0,,,,,,,,,,,,,,,,,,,,,,0
UF,ALGODÃO - PLUMA,AM,Conab,Estimativa em fevereiro/2026,produto_uf,2025/26,2025,0.0,0.0,0.0,0.0,,,,,,,0.0,,,,,,,0.0,,,,,,,1
UF,ALGODÃO - PLUMA,AP,Conab,Estimativa em fevereiro/2026,produto_uf,2024/25,2024,0.0,0.0,0.0,,,,,,,,,,,,,,,,,,,,,,0
UF,ALGODÃO - PLUMA,AP,Conab,Estimativa em fevereiro/2026,produto_uf,2025/26,2025,0.0,0.0,0.0,0.0,,,,,,,0.0,,,,,,,0.0,,,,,,,1
UF,ALGODÃO - PLUMA,BA,Conab,Estimativa em fevereiro/2026,produto_uf,2024/25,2024,413.1,2029.0,838.4,,,,,,,,,,,,,,,,,,,,,,0
UF,ALGODÃO - PLUMA,BA,Conab,Estimativa em fevereiro/2026,produto_uf,2025/26,2025,402.4,1996.26,803.3,413.1,,,,,-2.590171871217639,,2029.0,,,,,-1.6136027599802816,,838.4,,,,,-4.186545801526719,,1
UF,ALGODÃO - PLUMA,CE,Conab,Estimativa em fevereiro/2026,produto_uf,2024/25,2024,2.4,626.5,1.5,,,,,,,,,,,,,,,,,,,,,,0
UF,ALGODÃO - PLUMA,CE,Conab,Estimativa em fevereiro/2026,produto_uf,2025/26,2025,1.9,906.5,1.7,2.4,,,,,-20.833333333333336,,626.5,,,,,44.6927374301676,,1.5,,,,,13.33333333333333,,1
UF,ALGODÃO - PLUMA,DF,Conab,Estimativa em fevereiro/2026,produto_uf,2024/25,2024,0.0,0.0,0.0,,,,,,,,,,,,,,,,,,,,,,0
UF,ALGODÃO - PLUMA,DF,Conab,Estimativa em fevereiro/2026,produto_uf,2025/26,2025,0.0,0.0,0.0,0.0,,,,,,,0.0,,,,,,,0.0,,,,,,,1
UF,ALGODÃO - PLUMA,ES,Conab,Estimativa em fevereiro/2026,produto_uf,2024/25,2024,0.0,0.0,0.0,,,,,,,,,,,,,,,,,,,,,,0
UF,ALGODÃO - PLUMA,ES,Conab,Estimativa em fevereiro/2026,produto_uf,2025/26,2025,0.0,0.0,0.0,0.0,,,,,,,0.0,,,,,,,0.0,,,,,,,1
UF,ALGODÃO - PLUMA,GO,Conab,Estimativa em fevereiro/2026,produto_uf,2024/25,2024,30.3,1823.2,55.2,,,,,,,,,,,,,,,,,,,,,,0
UF,ALGODÃO - PLUMA,GO,Conab,Estimativa em fevereiro/2026,produto_uf,2025/26,2025,29.8,1832.4000000000003,54.6,30.3,,,,,-1.650165016501648,,1823.2,,,,,0.5046072838964522,,55.2,,,,,-1.0869565217391353,,1
UF,ALGODÃO - PLUMA,MA,Conab,Estimativa em fevereiro/2026,produto_uf,2024/25,2024,33.0,1797.555,59.3,,,,,,,,,,,,,,,,,,,,,,0
UF,ALGODÃO - PLUMA,MA,Conab,Estimativa em fevereiro/2026,produto_uf,2025/26,2025,29.7,1779.15,52.8,33.0,,,,,-9.999999999999998,,1797.555,,,,,-1.0238907849829282,,59.3,,,,,-10.96121416526138,,1
UF,ALGODÃO - PLUMA,MG,Conab,Estimativa em fevereiro/2026,produto_uf,2024/25,2024,45.1,1751.4000000000003,79.0,,,,,,,,,,,,,,,,,,,,,,0
UF,ALGODÃO - PLUMA,MG,Conab,Estimativa em fevereiro/2026,produto_uf,2025/26,2025,42.2,1930.293,81.5,45.1,,,,,-6.430155210643007,,1751.4000000000003,,,,,10.214285714285687,,79.0,,,,,3.164556962025311,,1
UF,ALGODÃO - PLUMA,MS,Conab,Estimativa em fevereiro/2026,produto_uf,2024/25,2024,31.7,2234.4,70.8,,,,,,,,,,,,,,,,,,,,,,0
UF,ALGODÃO - PLUMA,MS,Conab,Estimativa em fevereiro/2026,produto_uf,2025/26,2025,31.8,2133.6,67.8,31.7,,,,,0.3154574132492094,,2234.4,,,,,-4.511278195488733,,70.8,,,,,-4.23728813559322,,1
UF,ALGODÃO - PLUMA,MT,Conab,Estimativa em fevereiro/2026,produto_uf,2024/25,2024,1462.0,1950.82,2852.1,,,,,,,,,,,,,,,,,,,,,,0
UF,ALGODÃO - PLUMA,MT,Conab,Estimativa em fevereiro/2026,produto_uf,2025/26,2025,1410.8,1859.356,2623.2,1462.0,,,,,-3.5020519835841313,,1950.82,,,,,-4.688489968321008,,2852.1,,,,,-8.025665299253182,,1
UF,ALGODÃO - PLUMA,PA,Conab,Estimativa em fevereiro/2026,produto_uf,2024/25,2024,0.2,1472.8479999999995,0.3,,,,,,,,,,,,,,,,,,,,,,0
UF,ALGODÃO - PLUMA,PA,Conab,Estimativa em fevereiro/2026,produto_uf,2025/26,2025,0.2,1472.8479999999995,0.3,0.2,,,,,0.0,,1472.8479999999995,,,,,0.0,,0.3,,,,,0.0,,1
UF,ALGODÃO - PLUMA,PB,Conab,Estimativa em fevereiro/2026,produto_uf,2024/25,2024,0.5,204.84,0.1,,,,,,,,,,,,,,,,,,,,,,0
UF,ALGODÃO - PLUMA,PB,Conab,Estimativa em fevereiro/2026,produto_uf,2025/26,2025,0.5,368.64,0.2,0.5,,,,,0.0,,204.84,,,,,79.96485061511423,,0.1,,,,,100.0,,1
UF,ALGODÃO - PLUMA,PE,Conab,Estimativa em fevereiro/2026,produto_uf,2024/25,2024,0.0,0.0,0.0,,,,,,,,,,,,,,,,,,,,,,0
UF,ALGODÃO - PLUMA,PE,Conab,Estimativa em fevereiro/2026,produto_uf,2025/26,2025,0.0,0.0,0.0,0.0,,,,,,,0.0,,,,,,,0.0,,,,,,,1
UF,ALGODÃO - PLUMA,PI,Conab,Estimativa em fevereiro/2026,produto_uf,2024/25,2024,33.7,1878.21,63.3,,,,,,,,,,,,,,,,,,,,,,0
UF,ALGODÃO - PLUMA,PI,Conab,Estimativa em fevereiro/2026,produto_uf,2025/26,2025,34.6,1754.8,60.7,33.7,,,,,2.6706231454005858,,1878.21,,,,,-6.570617769046061,,63.3,,,,,-4.107424960505524,,1
UF,ALGODÃO - PLUMA,PR,Conab,Estimativa em fevereiro/2026,produto_uf,2024/25,2024,1.6,1230.0,2.0,,,,,,,,,,,,,,,,,,,,,,0
UF,ALGODÃO - PLUMA,PR,Conab,Estimativa em fevereiro/2026,produto_uf,2025/26,2025,1.6,1230.0,2.0,1.6,,,,,0.0,,1230.0,,,,,0.0,,2.0,,,,,0.0,,1
UF,ALGODÃO - PLUMA,RJ,Conab,Estimativa em fevereiro/2026,produto_uf,2024/25,2024,0.0,0.0,0.0,,,,,,,,,,,,,,,,,,,,,,0
UF,ALGODÃO - PLUMA,RJ,Conab,Estimativa em fevereiro/2026,produto_uf,2025/26,2025,0.0,0.0,0.0,0.0,,,,,,,0.0,,,,,,,0.0,,,,,,,1
UF,ALGODÃO - PLUMA,RN,Conab,Estimativa em fevereiro/2026,produto_uf,2024/25,2024,1.2,690.0799999999999,0.8,,,,,,,,,,,,,,,,,,,,,,0
UF,ALGODÃO - PLUMA,RN,Conab,Estimativa em fevereiro/2026,produto_uf,2025/26,2025,1.1,690.46,0.8,1.2,,,,,-8.333333333333325,,690.0799999999999,,,,,0.05506607929517404,,0.8,,,,,0.0,,1
UF,ALGODÃO - PLUMA,RO,Conab,Estimativa em fevereiro/2026,produto_uf,2024/25,2024,8.8,1709.9999999999998,15.0,,,,,,,,,,,,,,,,,,,,,,0
UF,ALGODÃO - PLUMA,RO,Conab,Estimativa em fevereiro/2026,produto_uf,2025/26,2025,8.8,1594.1,14.0,8.8,,,,,0.0,,1709.9999999999998,,,,,-6.7777777777777715,,15.0,,,,,-6.666666666666665,,1
UF,ALGODÃO - PLUMA,RR,Conab,Estimativa em fevereiro/2026,produto_uf,2024/25,2024,0.0,0.0,0.0,,,,,,,,,,,,,,,,,,,,,,0
UF,ALGODÃO - PLUMA,RR,Conab,Estimativa em fevereiro/2026,produto_uf,2025/26,2025,0.0,0.0,0.0,0.0,,,,,,,0.0,,,,,,,0.0,,,,,,,1
UF,ALGODÃO - PLUMA,RS,Conab,Estimativa em fevereiro/2026,produto_uf,2024/25,2024,0.0,0.0,0.0,,,,,,,,,,,,,,,,,,,,,,0
UF,ALGODÃO - PLUMA,RS,Conab,Estimativa em fevereiro/2026,produto_uf,2025/26,2025,0.0,0.0,0.0,0.0,,,,,,,0.0,,,,,,,0.0,,,,,,,1
UF,ALGODÃO - PLUMA,SC,Conab,Estimativa em fevereiro/2026,produto_uf,2024/25,2024,0.0,0.0,0.0,,,,,,,,,,,,,,,,,,,,,,0
UF,ALGODÃO - PLUMA,SC,Conab,Estimativa em fevereiro/2026,produto_uf,2025/26,2025,0.0,0.0,0.0,0.0,,,,,,,0.0,,,,,,,0.0,,,,,,,1
UF,ALGODÃO - PLUMA,SE,Conab,Estimativa em fevereiro/2026,produto_uf,2024/25,2024,0.0,0.0,0.0,,,,,,,,,,,,,,,,,,,,,,0
UF,ALGODÃO - PLUMA,SE,Conab,Estimativa em fevereiro/2026,produto_uf,2025/26,2025,0.0,0.0,0.0,0.0,,,,,,,0.0,,,,,,,0.0,,,,,,,1
UF,ALGODÃO - PLUMA,SP,Conab,Estimativa em fevereiro/2026,produto_uf,2024/25,2024,7.5,1737.0600000000002,13.0,,,,,,,,,,,,,,,,,,,,,,0
UF,ALGODÃO - PLUMA,SP,Conab,Estimativa em fevereiro/2026,produto_uf,2025/26,2025,7.5,1738.386,13.0,7.5,,,,,0.0,,1737.0600000000002,,,,,0.07633587786257667,,13.0,,,,,0.0,,1
UF,ALGODÃO - PLUMA,TO,Conab,Estimativa em fevereiro/2026,produto_uf,2024/25,2024,14.5,1743.6,25.3,,,,,,,,,,,,,,,,,,,,,,0
UF,ALGODÃO - PLUMA,TO,Conab,Estimativa em fevereiro/2026,produto_uf,2025/26,2025,15.2,1785.6,27.1,14.5,,,,,4.827586206896539,,1743.6,,,,,2.408809359944941,,25.3,,,,,7.114624505928857,,1
UF,AMENDOIM TOTAL,AC,Conab,Estimativa em fevereiro/2026,produto_uf,2024/25,2024,0.0,0.0,0.0,,,,,,,,,,,,,,,,,,,,,,0
UF,AMENDOIM TOTAL,AC,Conab,Estimativa em fevereiro/2026,produto_uf,2025/26,2025,0.0,0.0,0.0,0.0,,,,,,,0.0,,,,,,,0.0,,,,,,,1
UF,AMENDOIM TOTAL,AL,Conab,Estimativa em fevereiro/2026,produto_uf,2024/25,2024,0.0,0.0,0.0,,,,,,,,,,,,,,,,,,,,,,0
UF,AMENDOIM TOTAL,AL,Conab,Estimativa em fevereiro/2026,produto_uf,2025/26,2025,0.0,0.0,0.0,0.0,,,,,,,0.0,,,,,,,0.0,,,,,,,1
UF,AMENDOIM TOTAL,AM,Conab,Estimativa em fevereiro/2026,produto_uf,2024/25,2024,0.0,0.0,0.0,,,,,,,,,,,,,,,,,,,,,,0
UF,AMENDOIM TOTAL,AM,Conab,Estimativa em fevereiro/2026,produto_uf,2025/26,2025,0.0,0.0,0.0,0.0,,,,,,,0.0,,,,,,,0.0,,,,,,,1
UF,AMENDOIM TOTAL,AP,Conab,Estimativa em fevereiro/2026,produto_uf,2024/25,2024,0.0,0.0,0.0,,,,,,,,,,,,,,,,,,,,,,0
UF,AMENDOIM TOTAL,AP,Conab,Estimativa em fevereiro/2026,produto_uf,2025/26,2025,0.0,0.0,0.0,0.0,,,,,,,0.0,,,,,,,0.0,,,,,,,1
UF,AMENDOIM TOTAL,BA,Conab,Estimativa em fevereiro/2026,produto_uf,2024/25,2024,2.6,1077.0,2.8,,,,,,,,,,,,,,,,,,,,,,0
UF,AMENDOIM TOTAL,BA,Conab,Estimativa em fevereiro/2026,produto_uf,2025/26,2025,2.6,1057.0,2.7,2.6,,,,,0.0,,1077.0,,,,,-1.8570102135561761,,2.8,,,,,-3.5714285714285587,,1
UF,AMENDOIM TOTAL,CE,Conab,Estimativa em fevereiro/2026,produto_uf,2024/25,2024,0.6,911.0,0.5,,,,,,,,,,,,,,,,,,,,,,0
UF,AMENDOIM TOTAL,CE,Conab,Estimativa em fevereiro/2026,produto_uf,2025/26,2025,0.6,911.0,0.5,0.6,,,,,0.0,,911.0,,,,,0.0,,0.5,,,,,0.0,,1
UF,AMENDOIM TOTAL,DF,Conab,Estimativa em fevereiro/2026,produto_uf,2024/25,2024,0.0,0.0,0.0,,,,,,,,,,,,,,,,,,,,,,0
UF,AMENDOIM TOTAL,DF,Conab,Estimativa em fevereiro/2026,produto_uf,2025/26,2025,0.0,0.0,0.0,0.0,,,,,,,0.0,,,,,,,0.0,,,,,,,1
UF,AMENDOIM TOTAL,ES,Conab,Estimativa em fevereiro/2026,produto_uf,2024/25,2024,0.0,0.0,0.0,,,,,,,,,,,,,,,,,,,,,,0
UF,AMENDOIM TOTAL,ES,Conab,Estimativa em fevereiro/2026,produto_uf,2025/26,2025,0.0,0.0,0.0,0.0,,,,,,,0.0,,,,,,,0.0,,,,,,,1
UF,AMENDOIM TOTAL,GO,Conab,Estimativa em fevereiro/2026,produto_uf,2024/25,2024,0.0,0.0,0.0,,,,,,,,,,,,,,,,,,,,,,0
UF,AMENDOIM TOTAL,GO,Conab,Estimativa em fevereiro/2026,produto_uf,2025/26,2025,0.0,0.0,0.0,0.0,,,,,,,0.0,,,,,,,0.0,,,,,,,1
UF,AMENDOIM TOTAL,MA,Conab,Estimativa em fevereiro/2026,produto_uf,2024/25,2024,0.0,0.0,0.0,,,,,,,,,,,,,,,,,,,,,,0
UF,AMENDOIM TOTAL,MA,Conab,Estimativa em fevereiro/2026,produto_uf,2025/26,2025,0.0,0.0,0.0,0.0,,,,,,,0.0,,,,,,,0.0,,,,,,,1
UF,AMENDOIM TOTAL,MG,Conab,Estimativa em fevereiro/2026,produto_uf,2024/25,2024,14.5,3588.0,52.0,,,,,,,,,,,,,,,,,,,,,,0
UF,AMENDOIM TOTAL,MG,Conab,Estimativa em fevereiro/2026,produto_uf,2025/26,2025,16.0,3586.0,57.4,14.5,,,,,10.344827586206895,,3588.0,,,,,-0.05574136008918984,,52.0,,,,,10.384615384615392,,1
UF,AMENDOIM TOTAL,MS,Conab,Estimativa em fevereiro/2026,produto_uf,2024/25,2024,43.5,3992.0,173.7,,,,,,,,,,,,,,,,,,,,,,0
UF,AMENDOIM TOTAL,MS,Conab,Estimativa em fevereiro/2026,produto_uf,2025/26,2025,45.5,3969.0,180.6,43.5,,,,,4.597701149425282,,3992.0,,,,,-0.5761523046092232,,173.7,,,,,3.9723661485319584,,1
UF,AMENDOIM TOTAL,MT,Conab,Estimativa em fevereiro/2026,produto_uf,2024/25,2024,0.0,0.0,0.0,,,,,,,,,,,,,,,,,,,,,,0
UF,AMENDOIM TOTAL,MT,Conab,Estimativa em fevereiro/2026,produto_uf,2025/26,2025,0.0,0.0,0.0,0.0,,,,,,,0.0,,,,,,,0.0,,,,,,,1
UF,AMENDOIM TOTAL,PA,Conab,Estimativa em fevereiro/2026,produto_uf,2024/25,2024,0.0,0.0,0.0,,,,,,,,,,,,,,,,,,,,,,0
UF,AMENDOIM TOTAL,PA,Conab,Estimativa em fevereiro/2026,produto_uf,2025/26,2025,0.0,0.0,0.0,0.0,,,,,,,0.0,,,,,,,0.0,,,,,,,1
UF,AMENDOIM TOTAL,PB,Conab,Estimativa em fevereiro/2026,produto_uf,2024/25,2024,0.7,761.0,0.5,,,,,,,,,,,,,,,,,,,,,,0
UF,AMENDOIM TOTAL,PB,Conab,Estimativa em fevereiro/2026,produto_uf,2025/26,2025,0.7,761.0,0.5,0.7,,,,,0.0,,761.0,,,,,0.0,,0.5,,,,,0.0,,1
UF,AMENDOIM TOTAL,PE,Conab,Estimativa em fevereiro/2026,produto_uf,2024/25,2024,0.0,0.0,0.0,,,,,,,,,,,,,,,,,,,,,,0
UF,AMENDOIM TOTAL,PE,Conab,Estimativa em fevereiro/2026,produto_uf,2025/26,2025,0.0,0.0,0.0,0.0,,,,,,,0.0,,,,,,,0.0,,,,,,,1
UF,AMENDOIM TOTAL,PI,Conab,Estimativa em fevereiro/2026,produto_uf,2024/25,2024,0.0,0.0,0.0,,,,,,,,,,,,,,,,,,,,,,0
UF,AMENDOIM TOTAL,PI,Conab,Estimativa em fevereiro/2026,produto_uf,2025/26,2025,0.0,0.0,0.0,0.0,,,,,,,0.0,,,,,,,0.0,,,,,,,1
UF,AMENDOIM TOTAL,PR,Conab,Estimativa em fevereiro/2026,produto_uf,2024/25,2024,2.1,2989.0,6.3,,,,,,,,,,,,,,,,,,,,,,0
UF,AMENDOIM TOTAL,PR,Conab,Estimativa em fevereiro/2026,produto_uf,2025/26,2025,1.5,2889.0,4.3,2.1,,,,,-28.57142857142857,,2989.0,,,,,-3.3456005352960894,,6.3,,,,,-31.746031746031743,,1
UF,AMENDOIM TOTAL,RJ,Conab,Estimativa em fevereiro/2026,produto_uf,2024/25,2024,0.0,0.0,0.0,,,,,,,,,,,,,,,,,,,,,,0
UF,AMENDOIM TOTAL,RJ,Conab,Estimativa em fevereiro/2026,produto_uf,2025/26,2025,0.0,0.0,0.0,0.0,,,,,,,0.0,,,,,,,0.0,,,,,,,1
UF,AMENDOIM TOTAL,RN,Conab,Estimativa em fevereiro/2026,produto_uf,2024/25,2024,0.0,0.0,0.0,,,,,,,,,,,,,,,,,,,,,,0
UF,AMENDOIM TOTAL,RN,Conab,Estimativa em fevereiro/2026,produto_uf,2025/26,2025,0.0,0.0,0.0,0.0,,,,,,,0.0,,,,,,,0.0,,,,,,,1
UF,AMENDOIM TOTAL,RO,Conab,Estimativa em fevereiro/2026,produto_uf,2024/25,2024,0.0,0.0,0.0,,,,,,,,,,,,,,,,,,,,,,0
UF,AMENDOIM TOTAL,RO,Conab,Estimativa em fevereiro/2026,produto_uf,2025/26,2025,0.0,0.0,0.0,0.0,,,,,,,0.0,,,,,,,0.0,,,,,,,1
UF,AMENDOIM TOTAL,RR,Conab,Estimativa em fevereiro/2026,produto_uf,2024/25,2024,0.0,0.0,0.0,,,,,,,,,,,,,,,,,,,,,,0
UF,AMENDOIM TOTAL,RR,Conab,Estimativa em fevereiro/2026,produto_uf,2025/26,2025,0.0,0.0,0.0,0.0,,,,,,,0.0,,,,,,,0.0,,,,,,,1
UF,AMENDOIM TOTAL,RS,Conab,Estimativa em fevereiro/2026,produto_uf,2024/25,2024,0.0,0.0,0.0,,,,,,,,,,,,,,,,,,,,,,0
UF,AMENDOIM TOTAL,RS,Conab,Estimativa em fevereiro/2026,produto_uf,2025/26,2025,0.0,0.0,0.0,0.0,,,,,,,0.0,,,,,,,0.0,,,,,,,1
UF,AMENDOIM TOTAL,SC,Conab,Estimativa em fevereiro/2026,produto_uf,2024/25,2024,0.0,0.0,0.0,,,,,,,,,,,,,,,,,,,,,,0
UF,AMENDOIM TOTAL,SC,Conab,Estimativa em fevereiro/2026,produto_uf,2025/26,2025,0.0,0.0,0.0,0.0,,,,,,,0.0,,,,,,,0.0,,,,,,,1
UF,AMENDOIM TOTAL,SE,Conab,Estimativa em fevereiro/2026,produto_uf,2024/25,2024,0.0,0.0,0.0,,,,,,,,,,,,,,,,,,,,,,0
UF,AMENDOIM TOTAL,SE,Conab,Estimativa em fevereiro/2026,produto_uf,2025/26,2025,0.0,0.0,0.0,0.0,,,,,,,0.0,,,,,,,0.0,,,,,,,1
UF,AMENDOIM TOTAL,SP,Conab,Estimativa em fevereiro/2026,produto_uf,2024/25,2024,215.5,4270.464965197216,920.3,,,,,,,,,,,,,,,,,,,,,,0
UF,AMENDOIM TOTAL,SP,Conab,Estimativa em fevereiro/2026,produto_uf,2025/26,2025,213.4,4467.417994376757,953.3,215.5,,,,,-0.9744779582366525,,4270.464965197216,,,,,4.611980915067537,,920.3,,,,,3.5857872432902393,,1
UF,AMENDOIM TOTAL,TO,Conab,Estimativa em fevereiro/2026,produto_uf,2024/25,2024,0.9,4000.0,3.6,,,,,,,,,,,,,,,,,,,,,,0
UF,AMENDOIM TOTAL,TO,Conab,Estimativa em fevereiro/2026,produto_uf,2025/26,2025,1.0,4000.0,4.0,0.9,,,,,11.111111111111116,,4000.0,,,,,0.0,,3.6,,,,,11.111111111111116,,1
UF,ARROZ,AC,Conab,Estimativa em fevereiro/2026,produto_uf,2024/25,2024,3.8,1227.0,4.7,,,,,,,,,,,,,,,,,,,,,,0
UF,ARROZ,AC,Conab,Estimativa em fevereiro/2026,produto_uf,2025/26,2025,3.5,1259.0,4.4,3.8,,,,,-7.894736842105255,,1227.0,,,,,2.6079869600651895,,4.7,,,,,-6.382978723404253,,1
UF,ARROZ,AL,Conab,Estimativa em fevereiro/2026,produto_uf,2024/25,2024,2.6,7200.0,18.7,,,,,,,,,,,,,,,,,,,,,,0
UF,ARROZ,AL,Conab,Estimativa em fevereiro/2026,produto_uf,2025/26,2025,2.3,8600.0,19.8,2.6,,,,,-11.538461538461553,,7200.0,,,,,19.444444444444443,,18.7,,,,,5.882352941176472,,1
UF,ARROZ,AM,Conab,Estimativa em fevereiro/2026,produto_uf,2024/25,2024,4.6,3252.0,15.0,,,,,,,,,,,,,,,,,,,,,,0
UF,ARROZ,AM,Conab,Estimativa em fevereiro/2026,produto_uf,2025/26,2025,6.1,3356.0,20.5,4.6,,,,,32.60869565217392,,3252.0,,,,,3.1980319803198043,,15.0,,,,,36.66666666666667,,1
UF,ARROZ,AP,Conab,Estimativa em fevereiro/2026,produto_uf,2024/25,2024,0.9,1030.0,0.9,,,,,,,,,,,,,,,,,,,,,,0
UF,ARROZ,AP,Conab,Estimativa em fevereiro/2026,produto_uf,2025/26,2025,0.6,1016.0,0.6,0.9,,,,,-33.333333333333336,,1030.0,,,,,-1.3592233009708687,,0.9,,,,,-33.333333333333336,,1
UF,ARROZ,BA,Conab,Estimativa em fevereiro/2026,produto_uf,2024/25,2024,0.0,0.0,0.0,,,,,,,,,,,,,,,,,,,,,,0
UF,ARROZ,BA,Conab,Estimativa em fevereiro/2026,produto_uf,2025/26,2025,0.0,0.0,0.0,0.0,,,,,,,0.0,,,,,,,0.0,,,,,,,1
UF,ARROZ,CE,Conab,Estimativa em fevereiro/2026,produto_uf,2024/25,2024,4.4,2340.7499999999995,10.3,,,,,,,,,,,,,,,,,,,,,,0
UF,ARROZ,CE,Conab,Estimativa em fevereiro/2026,produto_uf,2025/26,2025,3.9,2877.794871794872,11.2,4.4,,,,,-11.363636363636376,,2340.7499999999995,,,,,22.943281930785965,,10.3,,,,,8.737864077669899,,1
UF,ARROZ,DF,Conab,Estimativa em fevereiro/2026,produto_uf,2024/25,2024,0.4,6275.0,2.5,,,,,,,,,,,,,,,,,,,,,,0
UF,ARROZ,DF,Conab,Estimativa em fevereiro/2026,produto_uf,2025/26,2025,0.4,6397.999999999999,2.5,0.4,,,,,0.0,,6275.0,,,,,1.9601593625497848,,2.5,,,,,0.0,,1
UF,ARROZ,ES,Conab,Estimativa em fevereiro/2026,produto_uf,2024/25,2024,0.1,3656.0,0.4,,,,,,,,,,,,,,,,,,,,,,0
UF,ARROZ,ES,Conab,Estimativa em fevereiro/2026,produto_uf,2025/26,2025,0.1,3596.0,0.4,0.1,,,,,0.0,,3656.0,,,,,-1.6411378555798661,,0.4,,,,,0.0,,1
UF,ARROZ,GO,Conab,Estimativa em fevereiro/2026,produto_uf,2024/25,2024,29.0,5350.551724137931,155.2,,,,,,,,,,,,,,,,,,,,,,0
UF,ARROZ,GO,Conab,Estimativa em fevereiro/2026,produto_uf,2025/26,2025,23.8,5419.86974789916,129.0,29.0,,,,,-17.931034482758623,,5350.551724137931,,,,,1.2955303926605266,,155.2,,,,,-16.881443298969067,,1
UF,ARROZ,MA,Conab,Estimativa em fevereiro/2026,produto_uf,2024/25,2024,93.4,2992.009635974304,279.5,,,,,,,,,,,,,,,,,,,,,,0
UF,ARROZ,MA,Conab,Estimativa em fevereiro/2026,produto_uf,2025/26,2025,74.6,2981.5134048257373,222.4,93.4,,,,,-20.128479657387587,,2992.009635974304,,,,,-0.3508087347836586,,279.5,,,,,-20.429338103756713,,1
UF,ARROZ,MG,Conab,Estimativa em fevereiro/2026,produto_uf,2024/25,2024,22.2,3933.981981981982,87.30000000000001,,,,,,,,,,,,,,,,,,,,,,0
UF,ARROZ,MG,Conab,Estimativa em fevereiro/2026,produto_uf,2025/26,2025,16.4,3952.829268292684,64.8,22.2,,,,,-26.126126126126124,,3933.981981981982,,,,,0.4790892890975229,,87.30000000000001,,,,,-25.773195876288668,,1
UF,ARROZ,MS,Conab,Estimativa em fevereiro/2026,produto_uf,2024/25,2024,13.7,6888.999999999999,94.4,,,,,,,,,,,,,,,,,,,,,,0
UF,ARROZ,MS,Conab,Estimativa em fevereiro/2026,produto_uf,2025/26,2025,8.6,7041.0,60.6,13.7,,,,,-37.22627737226277,,6888.999999999999,,,,,2.206416025547986,,94.4,,,,,-35.80508474576271,,1
UF,ARROZ,MT,Conab,Estimativa em fevereiro/2026,produto_uf,2024/25,2024,146.7,3661.0,537.1,,,,,,,,,,,,,,,,,,,,,,0
UF,ARROZ,MT,Conab,Estimativa em fevereiro/2026,produto_uf,2025/26,2025,91.7,3649.0,334.6,146.7,,,,,-37.491479209270615,,3661.0,,,,,-0.32777929527451066,,537.1,,,,,-37.70247626140384,,1
UF,ARROZ,PA,Conab,Estimativa em fevereiro/2026,produto_uf,2024/25,2024,39.5,2814.126582278481,111.2,,,,,,,,,,,,,,,,,,,,,,0
UF,ARROZ,PA,Conab,Estimativa em fevereiro/2026,produto_uf,2025/26,2025,39.5,2849.4177215189875,112.6,39.5,,,,,0.0,,2814.126582278481,,,,,1.2540707821299568,,111.2,,,,,1.2589928057553879,,1
UF,ARROZ,PB,Conab,Estimativa em fevereiro/2026,produto_uf,2024/25,2024,2.7,1311.4814814814815,3.5,,,,,,,,,,,,,,,,,,,,,,0
UF,ARROZ,PB,Conab,Estimativa em fevereiro/2026,produto_uf,2025/26,2025,2.7,1745.1851851851854,4.7,2.7,,,,,0.0,,1311.4814814814815,,,,,33.069754306693035,,3.5,,,,,34.2857142857143,,1
UF,ARROZ,PE,Conab,Estimativa em fevereiro/2026,produto_uf,2024/25,2024,0.0,0.0,0.0,,,,,,,,,,,,,,,,,,,,,,0
UF,ARROZ,PE,Conab,Estimativa em fevereiro/2026,produto_uf,2025/26,2025,0.0,0.0,0.0,0.0,,,,,,,0.0,,,,,,,0.0,,,,,,,1
UF,ARROZ,PI,Conab,Estimativa em fevereiro/2026,produto_uf,2024/25,2024,56.5,1756.4106194690264,99.3,,,,,,,,,,,,,,,,,,,,,,0
UF,ARROZ,PI,Conab,Estimativa em fevereiro/2026,produto_uf,2025/26,2025,51.5,1738.706796116505,89.5,56.5,,,,,-8.849557522123897,,1756.4106194690264,,,,,-1.0079546978526754,,99.3,,,,,-9.869083585095673,,1
UF,ARROZ,PR,Conab,Estimativa em fevereiro/2026,produto_uf,2024/25,2024,19.700000000000003,6926.543147208121,136.5,,,,,,,,,,,,,,,,,,,,,,0
UF,ARROZ,PR,Conab,Estimativa em fevereiro/2026,produto_uf,2025/26,2025,19.1,7365.55497382199,140.7,19.700000000000003,,,,,-3.0456852791878264,,6926.543147208121,,,,,6.338108595928138,,136.5,,,,,3.076923076923066,,1
UF,ARROZ,RJ,Conab,Estimativa em fevereiro/2026,produto_uf,2024/25,2024,0.3,2809.0,0.8,,,,,,,,,,,,,,,,,,,,,,0
UF,ARROZ,RJ,Conab,Estimativa em fevereiro/2026,produto_uf,2025/26,2025,0.3,2843.0,0.9,0.3,,,,,0.0,,2809.0,,,,,1.210395158419364,,0.8,,,,,12.5,,1
UF,ARROZ,RN,Conab,Estimativa em fevereiro/2026,produto_uf,2024/25,2024,0.4,2811.0,1.1,,,,,,,,,,,,,,,,,,,,,,0
UF,ARROZ,RN,Conab,Estimativa em fevereiro/2026,produto_uf,2025/26,2025,0.4,3212.0000000000005,1.3,0.4,,,,,0.0,,2811.0,,,,,14.265385983635737,,1.1,,,,,18.181818181818166,,1
UF,ARROZ,RO,Conab,Estimativa em fevereiro/2026,produto_uf,2024/25,2024,44.0,3690.0,162.4,,,,,,,,,,,,,,,,,,,,,,0
UF,ARROZ,RO,Conab,Estimativa em fevereiro/2026,produto_uf,2025/26,2025,25.7,3597.0,92.4,44.0,,,,,-41.590909090909086,,3690.0,,,,,-2.5203252032520274,,162.4,,,,,-43.103448275862064,,1
UF,ARROZ,RR,Conab,Estimativa em fevereiro/2026,produto_uf,2024/25,2024,13.3,7530.0,100.1,,,,,,,,,,,,,,,,,,,,,,0
UF,ARROZ,RR,Conab,Estimativa em fevereiro/2026,produto_uf,2025/26,2025,13.3,7444.000000000001,99.0,13.3,,,,,0.0,,7530.0,,,,,-1.1420982735723673,,100.1,,,,,-1.098901098901095,,1
UF,ARROZ,RS,Conab,Estimativa em fevereiro/2026,produto_uf,2024/25,2024,968.1,9021.0,8733.2,,,,,,,,,,,,,,,,,,,,,,0
UF,ARROZ,RS,Conab,Estimativa em fevereiro/2026,produto_uf,2025/26,2025,905.2,8334.0,7543.9,968.1,,,,,-6.4972626794752575,,9021.0,,,,,-7.615563684735616,,8733.2,,,,,-13.618146841936529,,1
UF,ARROZ,SC,Conab,Estimativa em fevereiro/2026,produto_uf,2024/25,2024,150.0,8500.0,1275.0,,,,,,,,,,,,,,,,,,,,,,0
UF,ARROZ,SC,Conab,Estimativa em fevereiro/2026,produto_uf,2025/26,2025,148.5,8250.0,1225.1,150.0,,,,,-1.0000000000000009,,8500.0,,,,,-2.941176470588236,,1275.0,,,,,-3.913725490196085,,1
UF,ARROZ,SE,Conab,Estimativa em fevereiro/2026,produto_uf,2024/25,2024,6.2,8227.0,51.0,,,,,,,,,,,,,,,,,,,,,,0
UF,ARROZ,SE,Conab,Estimativa em fevereiro/2026,produto_uf,2025/26,2025,6.0,8320.0,49.9,6.2,,,,,-3.2258064516129115,,8227.0,,,,,1.130424212957326,,51.0,,,,,-2.1568627450980427,,1
UF,ARROZ,SP,Conab,Estimativa em fevereiro/2026,produto_uf,2024/25,2024,7.9,6974.683544303797,55.1,,,,,,,,,,,,,,,,,,,,,,0
UF,ARROZ,SP,Conab,Estimativa em fevereiro/2026,produto_uf,2025/26,2025,7.9,6875.291139240507,54.4,7.9,,,,,0.0,,6974.683544303797,,,,,-1.4250453720508038,,55.1,,,,,-1.2704174228675202,,1
UF,ARROZ,TO,Conab,Estimativa em fevereiro/2026,produto_uf,2024/25,2024,133.5,6160.703370786518,822.5,,,,,,,,,,,,,,,,,,,,,,0
UF,ARROZ,TO,Conab,Estimativa em fevereiro/2026,produto_uf,2025/26,2025,107.8,5838.853432282003,629.4,133.5,,,,,-19.25093632958802,,6160.703370786518,,,,,-5.224240141648384,,822.5,,,,,-23.47720364741641,,1
UF,AVEIA,AC,Conab,Estimativa em fevereiro/2026,produto_uf,2024/25,2024,0.0,0.0,0.0,,,,,,,,,,,,,,,,,,,,,,0
UF,AVEIA,AC,Conab,Estimativa em fevereiro/2026,produto_uf,2025/26,2025,0.0,0.0,0.0,0.0,,,,,,,0.0,,,,,,,0.0,,,,,,,1
UF,AVEIA,AL,Conab,Estimativa em fevereiro/2026,produto_uf,2024/25,2024,0.0,0.0,0.0,,,,,,,,,,,,,,,,,,,,,,0
UF,AVEIA,AL,Conab,Estimativa em fevereiro/2026,produto_uf,2025/26,2025,0.0,0.0,0.0,0.0,,,,,,,0.0,,,,,,,0.0,,,,,,,1
UF,AVEIA,AM,Conab,Estimativa em fevereiro/2026,produto_uf,2024/25,2024,0.0,0.0,0.0,,,,,,,,,,,,,,,,,,,,,,0
UF,AVEIA,AM,Conab,Estimativa em fevereiro/2026,produto_uf,2025/26,2025,0.0,0.0,0.0,0.0,,,,,,,0.0,,,,,,,0.0,,,,,,,1
UF,AVEIA,AP,Conab,Estimativa em fevereiro/2026,produto_uf,2024/25,2024,0.0,0.0,0.0,,,,,,,,,,,,,,,,,,,,,,0
UF,AVEIA,AP,Conab,Estimativa em fevereiro/2026,produto_uf,2025/26,2025,0.0,0.0,0.0,0.0,,,,,,,0.0,,,,,,,0.0,,,,,,,1
UF,AVEIA,BA,Conab,Estimativa em fevereiro/2026,produto_uf,2024/25,2024,0.0,0.0,0.0,,,,,,,,,,,,,,,,,,,,,,0
UF,AVEIA,BA,Conab,Estimativa em fevereiro/2026,produto_uf,2025/26,2025,0.0,0.0,0.0,0.0,,,,,,,0.0,,,,,,,0.0,,,,,,,1
UF,AVEIA,CE,Conab,Estimativa em fevereiro/2026,produto_uf,2024/25,2024,0.0,0.0,0.0,,,,,,,,,,,,,,,,,,,,,,0
UF,AVEIA,CE,Conab,Estimativa em fevereiro/2026,produto_uf,2025/26,2025,0.0,0.0,0.0,0.0,,,,,,,0.0,,,,,,,0.0,,,,,,,1
UF,AVEIA,DF,Conab,Estimativa em fevereiro/2026,produto_uf,2024/25,2024,0.0,0.0,0.0,,,,,,,,,,,,,,,,,,,,,,0
UF,AVEIA,DF,Conab,Estimativa em fevereiro/2026,produto_uf,2025/26,2025,0.0,0.0,0.0,0.0,,,,,,,0.0,,,,,,,0.0,,,,,,,1
UF,AVEIA,ES,Conab,Estimativa em fevereiro/2026,produto_uf,2024/25,2024,0.0,0.0,0.0,,,,,,,,,,,,,,,,,,,,,,0
UF,AVEIA,ES,Conab,Estimativa em fevereiro/2026,produto_uf,2025/26,2025,0.0,0.0,0.0,0.0,,,,,,,0.0,,,,,,,0.0,,,,,,,1
UF,AVEIA,GO,Conab,Estimativa em fevereiro/2026,produto_uf,2024/25,2024,0.0,0.0,0.0,,,,,,,,,,,,,,,,,,,,,,0
UF,AVEIA,GO,Conab,Estimativa em fevereiro/2026,produto_uf,2025/26,2025,0.0,0.0,0.0,0.0,,,,,,,0.0,,,,,,,0.0,,,,,,,1
UF,AVEIA,MA,Conab,Estimativa em fevereiro/2026,produto_uf,2024/25,2024,0.0,0.0,0.0,,,,,,,,,,,,,,,,,,,,,,0
UF,AVEIA,MA,Conab,Estimativa em fevereiro/2026,produto_uf,2025/26,2025,0.0,0.0,0.0,0.0,,,,,,,0.0,,,,,,,0.0,,,,,,,1
UF,AVEIA,MG,Conab,Estimativa em fevereiro/2026,produto_uf,2024/25,2024,0.0,0.0,0.0,,,,,,,,,,,,,,,,,,,,,,0
UF,AVEIA,MG,Conab,Estimativa em fevereiro/2026,produto_uf,2025/26,2025,0.0,0.0,0.0,0.0,,,,,,,0.0,,,,,,,0.0,,,,,,,1
UF,AVEIA,MS,Conab,Estimativa em fevereiro/2026,produto_uf,2024/25,2024,40.4,1589.0,64.2,,,,,,,,,,,,,,,,,,,,,,0
UF,AVEIA,MS,Conab,Estimativa em fevereiro/2026,produto_uf,2025/26,2025,38.2,1427.0,54.5,40.4,,,,,-5.44554455445544,,1589.0,,,,,-10.195091252359978,,64.2,,,,,-15.10903426791278,,1
UF,AVEIA,MT,Conab,Estimativa em fevereiro/2026,produto_uf,2024/25,2024,0.0,0.0,0.0,,,,,,,,,,,,,,,,,,,,,,0
UF,AVEIA,MT,Conab,Estimativa em fevereiro/2026,produto_uf,2025/26,2025,0.0,0.0,0.0,0.0,,,,,,,0.0,,,,,,,0.0,,,,,,,1
UF,AVEIA,PA,Conab,Estimativa em fevereiro/2026,produto_uf,2024/25,2024,0.0,0.0,0.0,,,,,,,,,,,,,,,,,,,,,,0
UF,AVEIA,PA,Conab,Estimativa em fevereiro/2026,produto_uf,2025/26,2025,0.0,0.0,0.0,0.0,,,,,,,0.0,,,,,,,0.0,,,,,,,1
UF,AVEIA,PB,Conab,Estimativa em fevereiro/2026,produto_uf,2024/25,2024,0.0,0.0,0.0,,,,,,,,,,,,,,,,,,,,,,0
UF,AVEIA,PB,Conab,Estimativa em fevereiro/2026,produto_uf,2025/26,2025,0.0,0.0,0.0,0.0,,,,,,,0.0,,,,,,,0.0,,,,,,,1
UF,AVEIA,PE,Conab,Estimativa em fevereiro/2026,produto_uf,2024/25,2024,0.0,0.0,0.0,,,,,,,,,,,,,,,,,,,,,,0
UF,AVEIA,PE,Conab,Estimativa em fevereiro/2026,produto_uf,2025/26,2025,0.0,0.0,0.0,0.0,,,,,,,0.0,,,,,,,0.0,,,,,,,1
UF,AVEIA,PI,Conab,Estimativa em fevereiro/2026,produto_uf,2024/25,2024,0.0,0.0,0.0,,,,,,,,,,,,,,,,,,,,,,0
UF,AVEIA,PI,Conab,Estimativa em fevereiro/2026,produto_uf,2025/26,2025,0.0,0.0,0.0,0.0,,,,,,,0.0,,,,,,,0.0,,,,,,,1
UF,AVEIA,PR,Conab,Estimativa em fevereiro/2026,produto_uf,2024/25,2024,103.6,2345.0,242.9,,,,,,,,,,,,,,,,,,,,,,0
UF,AVEIA,PR,Conab,Estimativa em fevereiro/2026,produto_uf,2025/26,2025,98.7,2259.0,223.0,103.6,,,,,-4.729729729729726,,2345.0,,,,,-3.6673773987206837,,242.9,,,,,-8.19267188143269,,1
UF,AVEIA,RJ,Conab,Estimativa em fevereiro/2026,produto_uf,2024/25,2024,0.0,0.0,0.0,,,,,,,,,,,,,,,,,,,,,,0
UF,AVEIA,RJ,Conab,Estimativa em fevereiro/2026,produto_uf,2025/26,2025,0.0,0.0,0.0,0.0,,,,,,,0.0,,,,,,,0.0,,,,,,,1
UF,AVEIA,RN,Conab,Estimativa em fevereiro/2026,produto_uf,2024/25,2024,0.0,0.0,0.0,,,,,,,,,,,,,,,,,,,,,,0
UF,AVEIA,RN,Conab,Estimativa em fevereiro/2026,produto_uf,2025/26,2025,0.0,0.0,0.0,0.0,,,,,,,0.0,,,,,,,0.0,,,,,,,1
UF,AVEIA,RO,Conab,Estimativa em fevereiro/2026,produto_uf,2024/25,2024,0.0,0.0,0.0,,,,,,,,,,,,,,,,,,,,,,0
UF,AVEIA,RO,Conab,Estimativa em fevereiro/2026,produto_uf,2025/26,2025,0.0,0.0,0.0,0.0,,,,,,,0.0,,,,,,,0.0,,,,,,,1
UF,AVEIA,RR,Conab,Estimativa em fevereiro/2026,produto_uf,2024/25,2024,0.0,0.0,0.0,,,,,,,,,,,,,,,,,,,,,,0
UF,AVEIA,RR,Conab,Estimativa em fevereiro/2026,produto_uf,2025/26,2025,0.0,0.0,0.0,0.0,,,,,,,0.0,,,,,,,0.0,,,,,,,1
UF,AVEIA,RS,Conab,Estimativa em fevereiro/2026,produto_uf,2024/25,2024,401.8,2452.0,985.2,,,,,,,,,,,,,,,,,,,,,,0
UF,AVEIA,RS,Conab,Estimativa em fevereiro/2026,produto_uf,2025/26,2025,372.1,2336.0,869.2,401.8,,,,,-7.391737182677948,,2452.0,,,,,-4.730831973898864,,985.2,,,,,-11.774259033698742,,1
UF,AVEIA,SC,Conab,Estimativa em fevereiro/2026,produto_uf,2024/25,2024,0.0,0.0,0.0,,,,,,,,,,,,,,,,,,,,,,0
UF,AVEIA,SC,Conab,Estimativa em fevereiro/2026,produto_uf,2025/26,2025,0.0,0.0,0.0,0.0,,,,,,,0.0,,,,,,,0.0,,,,,,,1
UF,AVEIA,SE,Conab,Estimativa em fevereiro/2026,produto_uf,2024/25,2024,0.0,0.0,0.0,,,,,,,,,,,,,,,,,,,,,,0
UF,AVEIA,SE,Conab,Estimativa em fevereiro/2026,produto_uf,2025/26,2025,0.0,0.0,0.0,0.0,,,,,,,0.0,,,,,,,0.0,,,,,,,1
UF,AVEIA,SP,Conab,Estimativa em fevereiro/2026,produto_uf,2024/25,2024,0.0,0.0,0.0,,,,,,,,,,,,,,,,,,,,,,0
UF,AVEIA,SP,Conab,Estimativa em fevereiro/2026,produto_uf,2025/26,2025,0.0,0.0,0.0,0.0,,,,,,,0.0,,,,,,,0.0,,,,,,,1
UF,AVEIA,TO,Conab,Estimativa em fevereiro/2026,produto_uf,2024/25,2024,0.0,0.0,0.0,,,,,,,,,,,,,,,,,,,,,,0
UF,AVEIA,TO,Conab,Estimativa em fevereiro/2026,produto_uf,2025/26,2025,0.0,0.0,0.0,0.0,,,,,,,0.0,,,,,,,0.0,,,,,,,1
UF,CANOLA,AC,Conab,Estimativa em fevereiro/2026,produto_uf,2024/25,2024,0.0,0.0,0.0,,,,,,,,,,,,,,,,,,,,,,0
UF,CANOLA,AC,Conab,Estimativa em fevereiro/2026,produto_uf,2025/26,2025,0.0,0.0,0.0,0.0,,,,,,,0.0,,,,,,,0.0,,,,,,,1
UF,CANOLA,AL,Conab,Estimativa em fevereiro/2026,produto_uf,2024/25,2024,0.0,0.0,0.0,,,,,,,,,,,,,,,,,,,,,,0
UF,CANOLA,AL,Conab,Estimativa em fevereiro/2026,produto_uf,2025/26,2025,0.0,0.0,0.0,0.0,,,,,,,0.0,,,,,,,0.0,,,,,,,1
UF,CANOLA,AM,Conab,Estimativa em fevereiro/2026,produto_uf,2024/25,2024,0.0,0.0,0.0,,,,,,,,,,,,,,,,,,,,,,0
UF,CANOLA,AM,Conab,Estimativa em fevereiro/2026,produto_uf,2025/26,2025,0.0,0.0,0.0,0.0,,,,,,,0.0,,,,,,,0.0,,,,,,,1
UF,CANOLA,AP,Conab,Estimativa em fevereiro/2026,produto_uf,2024/25,2024,0.0,0.0,0.0,,,,,,,,,,,,,,,,,,,,,,0
UF,CANOLA,AP,Conab,Estimativa em fevereiro/2026,produto_uf,2025/26,2025,0.0,0.0,0.0,0.0,,,,,,,0.0,,,,,,,0.0,,,,,,,1
UF,CANOLA,BA,Conab,Estimativa em fevereiro/2026,produto_uf,2024/25,2024,0.0,0.0,0.0,,,,,,,,,,,,,,,,,,,,,,0
UF,CANOLA,BA,Conab,Estimativa em fevereiro/2026,produto_uf,2025/26,2025,0.0,0.0,0.0,0.0,,,,,,,0.0,,,,,,,0.0,,,,,,,1
UF,CANOLA,CE,Conab,Estimativa em fevereiro/2026,produto_uf,2024/25,2024,0.0,0.0,0.0,,,,,,,,,,,,,,,,,,,,,,0
UF,CANOLA,CE,Conab,Estimativa em fevereiro/2026,produto_uf,2025/26,2025,0.0,0.0,0.0,0.0,,,,,,,0.0,,,,,,,0.0,,,,,,,1
UF,CANOLA,DF,Conab,Estimativa em fevereiro/2026,produto_uf,2024/25,2024,0.0,0.0,0.0,,,,,,,,,,,,,,,,,,,,,,0
UF,CANOLA,DF,Conab,Estimativa em fevereiro/2026,produto_uf,2025/26,2025,0.0,0.0,0.0,0.0,,,,,,,0.0,,,,,,,0.0,,,,,,,1
UF,CANOLA,ES,Conab,Estimativa em fevereiro/2026,produto_uf,2024/25,2024,0.0,0.0,0.0,,,,,,,,,,,,,,,,,,,,,,0
UF,CANOLA,ES,Conab,Estimativa em fevereiro/2026,produto_uf,2025/26,2025,0.0,0.0,0.0,0.0,,,,,,,0.0,,,,,,,0.0,,,,,,,1
UF,CANOLA,GO,Conab,Estimativa em fevereiro/2026,produto_uf,2024/25,2024,0.0,0.0,0.0,,,,,,,,,,,,,,,,,,,,,,0
UF,CANOLA,GO,Conab,Estimativa em fevereiro/2026,produto_uf,2025/26,2025,0.0,0.0,0.0,0.0,,,,,,,0.0,,,,,,,0.0,,,,,,,1
UF,CANOLA,MA,Conab,Estimativa em fevereiro/2026,produto_uf,2024/25,2024,0.0,0.0,0.0,,,,,,,,,,,,,,,,,,,,,,0
UF,CANOLA,MA,Conab,Estimativa em fevereiro/2026,produto_uf,2025/26,2025,0.0,0.0,0.0,0.0,,,,,,,0.0,,,,,,,0.0,,,,,,,1
UF,CANOLA,MG,Conab,Estimativa em fevereiro/2026,produto_uf,2024/25,2024,0.0,0.0,0.0,,,,,,,,,,,,,,,,,,,,,,0
UF,CANOLA,MG,Conab,Estimativa em fevereiro/2026,produto_uf,2025/26,2025,0.0,0.0,0.0,0.0,,,,,,,0.0,,,,,,,0.0,,,,,,,1
UF,CANOLA,MS,Conab,Estimativa em fevereiro/2026,produto_uf,2024/25,2024,0.0,0.0,0.0,,,,,,,,,,,,,,,,,,,,,,0
UF,CANOLA,MS,Conab,Estimativa em fevereiro/2026,produto_uf,2025/26,2025,0.0,0.0,0.0,0.0,,,,,,,0.0,,,,,,,0.0,,,,,,,1
UF,CANOLA,MT,Conab,Estimativa em fevereiro/2026,produto_uf,2024/25,2024,0.0,0.0,0.0,,,,,,,,,,,,,,,,,,,,,,0
UF,CANOLA,MT,Conab,Estimativa em fevereiro/2026,produto_uf,2025/26,2025,0.0,0.0,0.0,0.0,,,,,,,0.0,,,,,,,0.0,,,,,,,1
UF,CANOLA,PA,Conab,Estimativa em fevereiro/2026,produto_uf,2024/25,2024,0.0,0.0,0.0,,,,,,,,,,,,,,,,,,,,,,0
UF,CANOLA,PA,Conab,Estimativa em fevereiro/2026,produto_uf,2025/26,2025,0.0,0.0,0.0,0.0,,,,,,,0.0,,,,,,,0.0,,,,,,,1
UF,CANOLA,PB,Conab,Estimativa em fevereiro/2026,produto_uf,2024/25,2024,0.0,0.0,0.0,,,,,,,,,,,,,,,,,,,,,,0
UF,CANOLA,PB,Conab,Estimativa em fevereiro/2026,produto_uf,2025/26,2025,0.0,0.0,0.0,0.0,,,,,,,0.0,,,,,,,0.0,,,,,,,1
UF,CANOLA,PE,Conab,Estimativa em fevereiro/2026,produto_uf,2024/25,2024,0.0,0.0,0.0,,,,,,,,,,,,,,,,,,,,,,0
UF,CANOLA,PE,Conab,Estimativa em fevereiro/2026,produto_uf,2025/26,2025,0.0,0.0,0.0,0.0,,,,,,,0.0,,,,,,,0.0,,,,,,,1
UF,CANOLA,PI,Conab,Estimativa em fevereiro/2026,produto_uf,2024/25,2024,0.0,0.0,0.0,,,,,,,,,,,,,,,,,,,,,,0
UF,CANOLA,PI,Conab,Estimativa em fevereiro/2026,produto_uf,2025/26,2025,0.0,0.0,0.0,0.0,,,,,,,0.0,,,,,,,0.0,,,,,,,1
UF,CANOLA,PR,Conab,Estimativa em fevereiro/2026,produto_uf,2024/25,2024,2.0,2291.0,4.6,,,,,,,,,,,,,,,,,,,,,,0
UF,CANOLA,PR,Conab,Estimativa em fevereiro/2026,produto_uf,2025/26,2025,2.0,1724.41,3.4,2.0,,,,,0.0,,2291.0,,,,,-24.731121780881704,,4.6,,,,,-26.086956521739125,,1
UF,CANOLA,RJ,Conab,Estimativa em fevereiro/2026,produto_uf,2024/25,2024,0.0,0.0,0.0,,,,,,,,,,,,,,,,,,,,,,0
UF,CANOLA,RJ,Conab,Estimativa em fevereiro/2026,produto_uf,2025/26,2025,0.0,0.0,0.0,0.0,,,,,,,0.0,,,,,,,0.0,,,,,,,1
UF,CANOLA,RN,Conab,Estimativa em fevereiro/2026,produto_uf,2024/25,2024,0.0,0.0,0.0,,,,,,,,,,,,,,,,,,,,,,0
UF,CANOLA,RN,Conab,Estimativa em fevereiro/2026,produto_uf,2025/26,2025,0.0,0.0,0.0,0.0,,,,,,,0.0,,,,,,,0.0,,,,,,,1
UF,CANOLA,RO,Conab,Estimativa em fevereiro/2026,produto_uf,2024/25,2024,0.0,0.0,0.0,,,,,,,,,,,,,,,,,,,,,,0
UF,CANOLA,RO,Conab,Estimativa em fevereiro/2026,produto_uf,2025/26,2025,0.0,0.0,0.0,0.0,,,,,,,0.0,,,,,,,0.0,,,,,,,1
UF,CANOLA,RR,Conab,Estimativa em fevereiro/2026,produto_uf,2024/25,2024,0.0,0.0,0.0,,,,,,,,,,,,,,,,,,,,,,0
UF,CANOLA,RR,Conab,Estimativa em fevereiro/2026,produto_uf,2025/26,2025,0.0,0.0,0.0,0.0,,,,,,,0.0,,,,,,,0.0,,,,,,,1
UF,CANOLA,RS,Conab,Estimativa em fevereiro/2026,produto_uf,2024/25,2024,209.9,1621.0,340.2,,,,,,,,,,,,,,,,,,,,,,0
UF,CANOLA,RS,Conab,Estimativa em fevereiro/2026,produto_uf,2025/26,2025,273.7,1619.0,443.1,209.9,,,,,30.395426393520708,,1621.0,,,,,-0.12338062924120985,,340.2,,,,,30.246913580246915,,1
UF,CANOLA,SC,Conab,Estimativa em fevereiro/2026,produto_uf,2024/25,2024,0.0,0.0,0.0,,,,,,,,,,,,,,,,,,,,,,0
UF,CANOLA,SC,Conab,Estimativa em fevereiro/2026,produto_uf,2025/26,2025,0.0,0.0,0.0,0.0,,,,,,,0.0,,,,,,,0.0,,,,,,,1
UF,CANOLA,SE,Conab,Estimativa em fevereiro/2026,produto_uf,2024/25,2024,0.0,0.0,0.0,,,,,,,,,,,,,,,,,,,,,,0
UF,CANOLA,SE,Conab,Estimativa em fevereiro/2026,produto_uf,2025/26,2025,0.0,0.0,0.0,0.0,,,,,,,0.0,,,,,,,0.0,,,,,,,1
UF,CANOLA,SP,Conab,Estimativa em fevereiro/2026,produto_uf,2024/25,2024,0.0,0.0,0.0,,,,,,,,,,,,,,,,,,,,,,0
UF,CANOLA,SP,Conab,Estimativa em fevereiro/2026,produto_uf,2025/26,2025,0.0,0.0,0.0,0.0,,,,,,,0.0,,,,,,,0.0,,,,,,,1
UF,CANOLA,TO,Conab,Estimativa em fevereiro/2026,produto_uf,2024/25,2024,0.0,0.0,0.0,,,,,,,,,,,,,,,,,,,,,,0
UF,CANOLA,TO,Conab,Estimativa em fevereiro/2026,produto_uf,2025/26,2025,0.0,0.0,0.0,0.0,,,,,,,0.0,,,,,,,0.0,,,,,,,1
UF,CENTEIO,AC,Conab,Estimativa em fevereiro/2026,produto_uf,2024/25,2024,0.0,0.0,0.0,,,,,,,,,,,,,,,,,,,,,,0
UF,CENTEIO,AC,Conab,Estimativa em fevereiro/2026,produto_uf,2025/26,2025,0.0,0.0,0.0,0.0,,,,,,,0.0,,,,,,,0.0,,,,,,,1
UF,CENTEIO,AL,Conab,Estimativa em fevereiro/2026,produto_uf,2024/25,2024,0.0,0.0,0.0,,,,,,,,,,,,,,,,,,,,,,0
UF,CENTEIO,AL,Conab,Estimativa em fevereiro/2026,produto_uf,2025/26,2025,0.0,0.0,0.0,0.0,,,,,,,0.0,,,,,,,0.0,,,,,,,1
UF,CENTEIO,AM,Conab,Estimativa em fevereiro/2026,produto_uf,2024/25,2024,0.0,0.0,0.0,,,,,,,,,,,,,,,,,,,,,,0
UF,CENTEIO,AM,Conab,Estimativa em fevereiro/2026,produto_uf,2025/26,2025,0.0,0.0,0.0,0.0,,,,,,,0.0,,,,,,,0.0,,,,,,,1
UF,CENTEIO,AP,Conab,Estimativa em fevereiro/2026,produto_uf,2024/25,2024,0.0,0.0,0.0,,,,,,,,,,,,,,,,,,,,,,0
UF,CENTEIO,AP,Conab,Estimativa em fevereiro/2026,produto_uf,2025/26,2025,0.0,0.0,0.0,0.0,,,,,,,0.0,,,,,,,0.0,,,,,,,1
UF,CENTEIO,BA,Conab,Estimativa em fevereiro/2026,produto_uf,2024/25,2024,0.0,0.0,0.0,,,,,,,,,,,,,,,,,,,,,,0
UF,CENTEIO,BA,Conab,Estimativa em fevereiro/2026,produto_uf,2025/26,2025,0.0,0.0,0.0,0.0,,,,,,,0.0,,,,,,,0.0,,,,,,,1
UF,CENTEIO,CE,Conab,Estimativa em fevereiro/2026,produto_uf,2024/25,2024,0.0,0.0,0.0,,,,,,,,,,,,,,,,,,,,,,0
UF,CENTEIO,CE,Conab,Estimativa em fevereiro/2026,produto_uf,2025/26,2025,0.0,0.0,0.0,0.0,,,,,,,0.0,,,,,,,0.0,,,,,,,1
UF,CENTEIO,DF,Conab,Estimativa em fevereiro/2026,produto_uf,2024/25,2024,0.0,0.0,0.0,,,,,,,,,,,,,,,,,,,,,,0
UF,CENTEIO,DF,Conab,Estimativa em fevereiro/2026,produto_uf,2025/26,2025,0.0,0.0,0.0,0.0,,,,,,,0.0,,,,,,,0.0,,,,,,,1
UF,CENTEIO,ES,Conab,Estimativa em fevereiro/2026,produto_uf,2024/25,2024,0.0,0.0,0.0,,,,,,,,,,,,,,,,,,,,,,0
UF,CENTEIO,ES,Conab,Estimativa em fevereiro/2026,produto_uf,2025/26,2025,0.0,0.0,0.0,0.0,,,,,,,0.0,,,,,,,0.0,,,,,,,1
UF,CENTEIO,GO,Conab,Estimativa em fevereiro/2026,produto_uf,2024/25,2024,0.0,0.0,0.0,,,,,,,,,,,,,,,,,,,,,,0
UF,CENTEIO,GO,Conab,Estimativa em fevereiro/2026,produto_uf,2025/26,2025,0.0,0.0,0.0,0.0,,,,,,,0.0,,,,,,,0.0,,,,,,,1
UF,CENTEIO,MA,Conab,Estimativa em fevereiro/2026,produto_uf,2024/25,2024,0.0,0.0,0.0,,,,,,,,,,,,,,,,,,,,,,0
UF,CENTEIO,MA,Conab,Estimativa em fevereiro/2026,produto_uf,2025/26,2025,0.0,0.0,0.0,0.0,,,,,,,0.0,,,,,,,0.0,,,,,,,1
UF,CENTEIO,MG,Conab,Estimativa em fevereiro/2026,produto_uf,2024/25,2024,0.0,0.0,0.0,,,,,,,,,,,,,,,,,,,,,,0
UF,CENTEIO,MG,Conab,Estimativa em fevereiro/2026,produto_uf,2025/26,2025,0.0,0.0,0.0,0.0,,,,,,,0.0,,,,,,,0.0,,,,,,,1
UF,CENTEIO,MS,Conab,Estimativa em fevereiro/2026,produto_uf,2024/25,2024,0.0,0.0,0.0,,,,,,,,,,,,,,,,,,,,,,0
UF,CENTEIO,MS,Conab,Estimativa em fevereiro/2026,produto_uf,2025/26,2025,0.0,0.0,0.0,0.0,,,,,,,0.0,,,,,,,0.0,,,,,,,1
UF,CENTEIO,MT,Conab,Estimativa em fevereiro/2026,produto_uf,2024/25,2024,0.0,0.0,0.0,,,,,,,,,,,,,,,,,,,,,,0
UF,CENTEIO,MT,Conab,Estimativa em fevereiro/2026,produto_uf,2025/26,2025,0.0,0.0,0.0,0.0,,,,,,,0.0,,,,,,,0.0,,,,,,,1
UF,CENTEIO,PA,Conab,Estimativa em fevereiro/2026,produto_uf,2024/25,2024,0.0,0.0,0.0,,,,,,,,,,,,,,,,,,,,,,0
UF,CENTEIO,PA,Conab,Estimativa em fevereiro/2026,produto_uf,2025/26,2025,0.0,0.0,0.0,0.0,,,,,,,0.0,,,,,,,0.0,,,,,,,1
UF,CENTEIO,PB,Conab,Estimativa em fevereiro/2026,produto_uf,2024/25,2024,0.0,0.0,0.0,,,,,,,,,,,,,,,,,,,,,,0
UF,CENTEIO,PB,Conab,Estimativa em fevereiro/2026,produto_uf,2025/26,2025,0.0,0.0,0.0,0.0,,,,,,,0.0,,,,,,,0.0,,,,,,,1
UF,CENTEIO,PE,Conab,Estimativa em fevereiro/2026,produto_uf,2024/25,2024,0.0,0.0,0.0,,,,,,,,,,,,,,,,,,,,,,0
UF,CENTEIO,PE,Conab,Estimativa em fevereiro/2026,produto_uf,2025/26,2025,0.0,0.0,0.0,0.0,,,,,,,0.0,,,,,,,0.0,,,,,,,1
UF,CENTEIO,PI,Conab,Estimativa em fevereiro/2026,produto_uf,2024/25,2024,0.0,0.0,0.0,,,,,,,,,,,,,,,,,,,,,,0
UF,CENTEIO,PI,Conab,Estimativa em fevereiro/2026,produto_uf,2025/26,2025,0.0,0.0,0.0,0.0,,,,,,,0.0,,,,,,,0.0,,,,,,,1
UF,CENTEIO,PR,Conab,Estimativa em fevereiro/2026,produto_uf,2024/25,2024,2.1,2401.0,5.0,,,,,,,,,,,,,,,,,,,,,,0
UF,CENTEIO,PR,Conab,Estimativa em fevereiro/2026,produto_uf,2025/26,2025,2.1,2251.0,4.7,2.1,,,,,0.0,,2401.0,,,,,-6.247396917950853,,5.0,,,,,-5.999999999999995,,1
UF,CENTEIO,RJ,Conab,Estimativa em fevereiro/2026,produto_uf,2024/25,2024,0.0,0.0,0.0,,,,,,,,,,,,,,,,,,,,,,0
UF,CENTEIO,RJ,Conab,Estimativa em fevereiro/2026,produto_uf,2025/26,2025,0.0,0.0,0.0,0.0,,,,,,,0.0,,,,,,,0.0,,,,,,,1
UF,CENTEIO,RN,Conab,Estimativa em fevereiro/2026,produto_uf,2024/25,2024,0.0,0.0,0.0,,,,,,,,,,,,,,,,,,,,,,0
UF,CENTEIO,RN,Conab,Estimativa em fevereiro/2026,produto_uf,2025/26,2025,0.0,0.0,0.0,0.0,,,,,,,0.0,,,,,,,0.0,,,,,,,1
UF,CENTEIO,RO,Conab,Estimativa em fevereiro/2026,produto_uf,2024/25,2024,0.0,0.0,0.0,,,,,,,,,,,,,,,,,,,,,,0
UF,CENTEIO,RO,Conab,Estimativa em fevereiro/2026,produto_uf,2025/26,2025,0.0,0.0,0.0,0.0,,,,,,,0.0,,,,,,,0.0,,,,,,,1
UF,CENTEIO,RR,Conab,Estimativa em fevereiro/2026,produto_uf,2024/25,2024,0.0,0.0,0.0,,,,,,,,,,,,,,,,,,,,,,0
UF,CENTEIO,RR,Conab,Estimativa em fevereiro/2026,produto_uf,2025/26,2025,0.0,0.0,0.0,0.0,,,,,,,0.0,,,,,,,0.0,,,,,,,1
UF,CENTEIO,RS,Conab,Estimativa em fevereiro/2026,produto_uf,2024/25,2024,0.0,0.0,0.0,,,,,,,,,,,,,,,,,,,,,,0
UF,CENTEIO,RS,Conab,Estimativa em fevereiro/2026,produto_uf,2025/26,2025,0.0,0.0,0.0,0.0,,,,,,,0.0,,,,,,,0.0,,,,,,,1
UF,CENTEIO,SC,Conab,Estimativa em fevereiro/2026,produto_uf,2024/25,2024,0.0,0.0,0.0,,,,,,,,,,,,,,,,,,,,,,0
UF,CENTEIO,SC,Conab,Estimativa em fevereiro/2026,produto_uf,2025/26,2025,0.0,0.0,0.0,0.0,,,,,,,0.0,,,,,,,0.0,,,,,,,1
UF,CENTEIO,SE,Conab,Estimativa em fevereiro/2026,produto_uf,2024/25,2024,0.0,0.0,0.0,,,,,,,,,,,,,,,,,,,,,,0
UF,CENTEIO,SE,Conab,Estimativa em fevereiro/2026,produto_uf,2025/26,2025,0.0,0.0,0.0,0.0,,,,,,,0.0,,,,,,,0.0,,,,,,,1
UF,CENTEIO,SP,Conab,Estimativa em fevereiro/2026,produto_uf,2024/25,2024,0.0,0.0,0.0,,,,,,,,,,,,,,,,,,,,,,0
UF,CENTEIO,SP,Conab,Estimativa em fevereiro/2026,produto_uf,2025/26,2025,0.0,0.0,0.0,0.0,,,,,,,0.0,,,,,,,0.0,,,,,,,1
UF,CENTEIO,TO,Conab,Estimativa em fevereiro/2026,produto_uf,2024/25,2024,0.0,0.0,0.0,,,,,,,,,,,,,,,,,,,,,,0
UF,CENTEIO,TO,Conab,Estimativa em fevereiro/2026,produto_uf,2025/26,2025,0.0,0.0,0.0,0.0,,,,,,,0.0,,,,,,,0.0,,,,,,,1
UF,CEVADA,AC,Conab,Estimativa em fevereiro/2026,produto_uf,2024/25,2024,0.0,0.0,0.0,,,,,,,,,,,,,,,,,,,,,,0
UF,CEVADA,AC,Conab,Estimativa em fevereiro/2026,produto_uf,2025/26,2025,0.0,0.0,0.0,0.0,,,,,,,0.0,,,,,,,0.0,,,,,,,1
UF,CEVADA,AL,Conab,Estimativa em fevereiro/2026,produto_uf,2024/25,2024,0.0,0.0,0.0,,,,,,,,,,,,,,,,,,,,,,0
UF,CEVADA,AL,Conab,Estimativa em fevereiro/2026,produto_uf,2025/26,2025,0.0,0.0,0.0,0.0,,,,,,,0.0,,,,,,,0.0,,,,,,,1
UF,CEVADA,AM,Conab,Estimativa em fevereiro/2026,produto_uf,2024/25,2024,0.0,0.0,0.0,,,,,,,,,,,,,,,,,,,,,,0
UF,CEVADA,AM,Conab,Estimativa em fevereiro/2026,produto_uf,2025/26,2025,0.0,0.0,0.0,0.0,,,,,,,0.0,,,,,,,0.0,,,,,,,1
UF,CEVADA,AP,Conab,Estimativa em fevereiro/2026,produto_uf,2024/25,2024,0.0,0.0,0.0,,,,,,,,,,,,,,,,,,,,,,0
UF,CEVADA,AP,Conab,Estimativa em fevereiro/2026,produto_uf,2025/26,2025,0.0,0.0,0.0,0.0,,,,,,,0.0,,,,,,,0.0,,,,,,,1
UF,CEVADA,BA,Conab,Estimativa em fevereiro/2026,produto_uf,2024/25,2024,0.0,0.0,0.0,,,,,,,,,,,,,,,,,,,,,,0
UF,CEVADA,BA,Conab,Estimativa em fevereiro/2026,produto_uf,2025/26,2025,0.0,0.0,0.0,0.0,,,,,,,0.0,,,,,,,0.0,,,,,,,1
UF,CEVADA,CE,Conab,Estimativa em fevereiro/2026,produto_uf,2024/25,2024,0.0,0.0,0.0,,,,,,,,,,,,,,,,,,,,,,0
UF,CEVADA,CE,Conab,Estimativa em fevereiro/2026,produto_uf,2025/26,2025,0.0,0.0,0.0,0.0,,,,,,,0.0,,,,,,,0.0,,,,,,,1
UF,CEVADA,DF,Conab,Estimativa em fevereiro/2026,produto_uf,2024/25,2024,0.0,0.0,0.0,,,,,,,,,,,,,,,,,,,,,,0
UF,CEVADA,DF,Conab,Estimativa em fevereiro/2026,produto_uf,2025/26,2025,0.0,0.0,0.0,0.0,,,,,,,0.0,,,,,,,0.0,,,,,,,1
UF,CEVADA,ES,Conab,Estimativa em fevereiro/2026,produto_uf,2024/25,2024,0.0,0.0,0.0,,,,,,,,,,,,,,,,,,,,,,0
UF,CEVADA,ES,Conab,Estimativa em fevereiro/2026,produto_uf,2025/26,2025,0.0,0.0,0.0,0.0,,,,,,,0.0,,,,,,,0.0,,,,,,,1
UF,CEVADA,GO,Conab,Estimativa em fevereiro/2026,produto_uf,2024/25,2024,0.0,0.0,0.0,,,,,,,,,,,,,,,,,,,,,,0
UF,CEVADA,GO,Conab,Estimativa em fevereiro/2026,produto_uf,2025/26,2025,0.0,0.0,0.0,0.0,,,,,,,0.0,,,,,,,0.0,,,,,,,1
UF,CEVADA,MA,Conab,Estimativa em fevereiro/2026,produto_uf,2024/25,2024,0.0,0.0,0.0,,,,,,,,,,,,,,,,,,,,,,0
UF,CEVADA,MA,Conab,Estimativa em fevereiro/2026,produto_uf,2025/26,2025,0.0,0.0,0.0,0.0,,,,,,,0.0,,,,,,,0.0,,,,,,,1
UF,CEVADA,MG,Conab,Estimativa em fevereiro/2026,produto_uf,2024/25,2024,0.0,0.0,0.0,,,,,,,,,,,,,,,,,,,,,,0
UF,CEVADA,MG,Conab,Estimativa em fevereiro/2026,produto_uf,2025/26,2025,0.0,0.0,0.0,0.0,,,,,,,0.0,,,,,,,0.0,,,,,,,1
UF,CEVADA,MS,Conab,Estimativa em fevereiro/2026,produto_uf,2024/25,2024,0.0,0.0,0.0,,,,,,,,,,,,,,,,,,,,,,0
UF,CEVADA,MS,Conab,Estimativa em fevereiro/2026,produto_uf,2025/26,2025,0.0,0.0,0.0,0.0,,,,,,,0.0,,,,,,,0.0,,,,,,,1
UF,CEVADA,MT,Conab,Estimativa em fevereiro/2026,produto_uf,2024/25,2024,0.0,0.0,0.0,,,,,,,,,,,,,,,,,,,,,,0
UF,CEVADA,MT,Conab,Estimativa em fevereiro/2026,produto_uf,2025/26,2025,0.0,0.0,0.0,0.0,,,,,,,0.0,,,,,,,0.0,,,,,,,1
UF,CEVADA,PA,Conab,Estimativa em fevereiro/2026,produto_uf,2024/25,2024,0.0,0.0,0.0,,,,,,,,,,,,,,,,,,,,,,0
UF,CEVADA,PA,Conab,Estimativa em fevereiro/2026,produto_uf,2025/26,2025,0.0,0.0,0.0,0.0,,,,,,,0.0,,,,,,,0.0,,,,,,,1
UF,CEVADA,PB,Conab,Estimativa em fevereiro/2026,produto_uf,2024/25,2024,0.0,0.0,0.0,,,,,,,,,,,,,,,,,,,,,,0
UF,CEVADA,PB,Conab,Estimativa em fevereiro/2026,produto_uf,2025/26,2025,0.0,0.0,0.0,0.0,,,,,,,0.0,,,,,,,0.0,,,,,,,1
UF,CEVADA,PE,Conab,Estimativa em fevereiro/2026,produto_uf,2024/25,2024,0.0,0.0,0.0,,,,,,,,,,,,,,,,,,,,,,0
UF,CEVADA,PE,Conab,Estimativa em fevereiro/2026,produto_uf,2025/26,2025,0.0,0.0,0.0,0.0,,,,,,,0.0,,,,,,,0.0,,,,,,,1
UF,CEVADA,PI,Conab,Estimativa em fevereiro/2026,produto_uf,2024/25,2024,0.0,0.0,0.0,,,,,,,,,,,,,,,,,,,,,,0
UF,CEVADA,PI,Conab,Estimativa em fevereiro/2026,produto_uf,2025/26,2025,0.0,0.0,0.0,0.0,,,,,,,0.0,,,,,,,0.0,,,,,,,1
UF,CEVADA,PR,Conab,Estimativa em fevereiro/2026,produto_uf,2024/25,2024,103.7,4661.0,483.3,,,,,,,,,,,,,,,,,,,,,,0
UF,CEVADA,PR,Conab,Estimativa em fevereiro/2026,produto_uf,2025/26,2025,111.3,4218.0,469.5,103.7,,,,,7.328833172613303,,4661.0,,,,,-9.504398197811625,,483.3,,,,,-2.85536933581626,,1
UF,CEVADA,RJ,Conab,Estimativa em fevereiro/2026,produto_uf,2024/25,2024,0.0,0.0,0.0,,,,,,,,,,,,,,,,,,,,,,0
UF,CEVADA,RJ,Conab,Estimativa em fevereiro/2026,produto_uf,2025/26,2025,0.0,0.0,0.0,0.0,,,,,,,0.0,,,,,,,0.0,,,,,,,1
UF,CEVADA,RN,Conab,Estimativa em fevereiro/2026,produto_uf,2024/25,2024,0.0,0.0,0.0,,,,,,,,,,,,,,,,,,,,,,0
UF,CEVADA,RN,Conab,Estimativa em fevereiro/2026,produto_uf,2025/26,2025,0.0,0.0,0.0,0.0,,,,,,,0.0,,,,,,,0.0,,,,,,,1
UF,CEVADA,RO,Conab,Estimativa em fevereiro/2026,produto_uf,2024/25,2024,0.0,0.0,0.0,,,,,,,,,,,,,,,,,,,,,,0
UF,CEVADA,RO,Conab,Estimativa em fevereiro/2026,produto_uf,2025/26,2025,0.0,0.0,0.0,0.0,,,,,,,0.0,,,,,,,0.0,,,,,,,1
UF,CEVADA,RR,Conab,Estimativa em fevereiro/2026,produto_uf,2024/25,2024,0.0,0.0,0.0,,,,,,,,,,,,,,,,,,,,,,0
UF,CEVADA,RR,Conab,Estimativa em fevereiro/2026,produto_uf,2025/26,2025,0.0,0.0,0.0,0.0,,,,,,,0.0,,,,,,,0.0,,,,,,,1
UF,CEVADA,RS,Conab,Estimativa em fevereiro/2026,produto_uf,2024/25,2024,31.4,3509.0,110.2,,,,,,,,,,,,,,,,,,,,,,0
UF,CEVADA,RS,Conab,Estimativa em fevereiro/2026,produto_uf,2025/26,2025,34.5,2947.0,101.7,31.4,,,,,9.872611464968163,,3509.0,,,,,-16.015958962667433,,110.2,,,,,-7.713248638838477,,1
UF,CEVADA,SC,Conab,Estimativa em fevereiro/2026,produto_uf,2024/25,2024,0.0,0.0,0.0,,,,,,,,,,,,,,,,,,,,,,0
UF,CEVADA,SC,Conab,Estimativa em fevereiro/2026,produto_uf,2025/26,2025,0.0,0.0,0.0,0.0,,,,,,,0.0,,,,,,,0.0,,,,,,,1
UF,CEVADA,SE,Conab,Estimativa em fevereiro/2026,produto_uf,2024/25,2024,0.0,0.0,0.0,,,,,,,,,,,,,,,,,,,,,,0
UF,CEVADA,SE,Conab,Estimativa em fevereiro/2026,produto_uf,2025/26,2025,0.0,0.0,0.0,0.0,,,,,,,0.0,,,,,,,0.0,,,,,,,1
UF,CEVADA,SP,Conab,Estimativa em fevereiro/2026,produto_uf,2024/25,2024,4.1,3200.0,13.1,,,,,,,,,,,,,,,,,,,,,,0
UF,CEVADA,SP,Conab,Estimativa em fevereiro/2026,produto_uf,2025/26,2025,4.1,3200.0,13.1,4.1,,,,,0.0,,3200.0,,,,,0.0,,13.1,,,,,0.0,,1
UF,CEVADA,TO,Conab,Estimativa em fevereiro/2026,produto_uf,2024/25,2024,0.0,0.0,0.0,,,,,,,,,,,,,,,,,,,,,,0
UF,CEVADA,TO,Conab,Estimativa em fevereiro/2026,produto_uf,2025/26,2025,0.0,0.0,0.0,0.0,,,,,,,0.0,,,,,,,0.0,,,,,,,1
UF,FEIJÃO TOTAL,AC,Conab,Estimativa em fevereiro/2026,produto_uf,2024/25,2024,5.3,563.0,3.0,,,,,,,,,,,,,,,,,,,,,,0
UF,FEIJÃO TOTAL,AC,Conab,Estimativa em fevereiro/2026,produto_uf,2025/26,2025,5.3,563.0,3.0,5.3,,,,,0.0,,563.0,,,,,0.0,,3.0,,,,,0.0,,1
UF,FEIJÃO TOTAL,AL,Conab,Estimativa em fevereiro/2026,produto_uf,2024/25,2024,20.6,617.9708737864079,12.7,,,,,,,,,,,,,,,,,,,,,,0
UF,FEIJÃO TOTAL,AL,Conab,Estimativa em fevereiro/2026,produto_uf,2025/26,2025,17.4,701.7011494252874,12.2,20.6,,,,,-15.533980582524286,,617.9708737864079,,,,,13.5492268633715,,12.7,,,,,-3.937007874015752,,1
UF,FEIJÃO TOTAL,AM,Conab,Estimativa em fevereiro/2026,produto_uf,2024/25,2024,2.2,731.0,1.6,,,,,,,,,,,,,,,,,,,,,,0
UF,FEIJÃO TOTAL,AM,Conab,Estimativa em fevereiro/2026,produto_uf,2025/26,2025,2.2,731.0,1.6,2.2,,,,,0.0,,731.0,,,,,0.0,,1.6,,,,,0.0,,1
UF,FEIJÃO TOTAL,AP,Conab,Estimativa em fevereiro/2026,produto_uf,2024/25,2024,1.1,909.0,1.0,,,,,,,,,,,,,,,,,,,,,,0
UF,FEIJÃO TOTAL,AP,Conab,Estimativa em fevereiro/2026,produto_uf,2025/26,2025,1.1,910.0,1.0,1.1,,,,,0.0,,909.0,,,,,0.11001100110010764,,1.0,,,,,0.0,,1
UF,FEIJÃO TOTAL,BA,Conab,Estimativa em fevereiro/2026,produto_uf,2024/25,2024,377.3,770.9141266896371,290.9,,,,,,,,,,,,,,,,,,,,,,0
UF,FEIJÃO TOTAL,BA,Conab,Estimativa em fevereiro/2026,produto_uf,2025/26,2025,389.4,921.475141242938,358.8,377.3,,,,,3.206997084548102,,770.9141266896371,,,,,19.530192707691207,,290.9,,,,,23.341354417325565,,1
UF,FEIJÃO TOTAL,CE,Conab,Estimativa em fevereiro/2026,produto_uf,2024/25,2024,336.40000000000003,157.35463733650417,52.9,,,,,,,,,,,,,,,,,,,,,,0
UF,FEIJÃO TOTAL,CE,Conab,Estimativa em fevereiro/2026,produto_uf,2025/26,2025,332.6,157.6710763680096,52.4,336.40000000000003,,,,,-1.1296076099881147,,157.35463733650417,,,,,0.20109927286651175,,52.9,,,,,-0.9451795841209809,,1
UF,FEIJÃO TOTAL,DF,Conab,Estimativa em fevereiro/2026,produto_uf,2024/25,2024,14.9,2617.51677852349,39.0,,,,,,,,,,,,,,,,,,,,,,0
UF,FEIJÃO TOTAL,DF,Conab,Estimativa em fevereiro/2026,produto_uf,2025/26,2025,14.7,2599.551020408164,38.2,14.9,,,,,-1.34228187919464,,2617.51677852349,,,,,-0.6863664929575131,,39.0,,,,,-2.051282051282044,,1
UF,FEIJÃO TOTAL,ES,Conab,Estimativa em fevereiro/2026,produto_uf,2024/25,2024,8.5,1056.4,9.0,,,,,,,,,,,,,,,,,,,,,,0
UF,FEIJÃO TOTAL,ES,Conab,Estimativa em fevereiro/2026,produto_uf,2025/26,2025,9.0,1080.1333333333334,9.7,8.5,,,,,5.882352941176472,,1056.4,,,,,2.2466237536286737,,9.0,,,,,7.777777777777772,,1
UF,FEIJÃO TOTAL,GO,Conab,Estimativa em fevereiro/2026,produto_uf,2024/25,2024,119.2,2432.3255033557048,289.9,,,,,,,,,,,,,,,,,,,,,,0
UF,FEIJÃO TOTAL,GO,Conab,Estimativa em fevereiro/2026,produto_uf,2025/26,2025,113.4,2537.63668430335,287.8,119.2,,,,,-4.865771812080533,,2432.3255033557048,,,,,4.329649991432283,,289.9,,,,,-0.7243877199034077,,1
UF,FEIJÃO TOTAL,MA,Conab,Estimativa em fevereiro/2026,produto_uf,2024/25,2024,47.400000000000006,670.4535864978902,31.8,,,,,,,,,,,,,,,,,,,,,,0
UF,FEIJÃO TOTAL,MA,Conab,Estimativa em fevereiro/2026,produto_uf,2025/26,2025,46.2,673.3939393939394,31.1,47.400000000000006,,,,,-2.5316455696202556,,670.4535864978902,,,,,0.43856173719765135,,31.8,,,,,-2.2012578616352196,,1
UF,FEIJÃO TOTAL,MG,Conab,Estimativa em fevereiro/2026,produto_uf,2024/25,2024,286.70000000000005,1614.2026508545514,462.8,,,,,,,,,,,,,,,,,,,,,,0
UF,FEIJÃO TOTAL,MG,Conab,Estimativa em fevereiro/2026,produto_uf,2025/26,2025,287.4,1738.698677800974,499.7,286.70000000000005,,,,,0.24415765608647444,,1614.2026508545514,,,,,7.712540112637978,,462.8,,,,,7.973206568712188,,1
UF,FEIJÃO TOTAL,MS,Conab,Estimativa em fevereiro/2026,produto_uf,2024/25,2024,5.7,1775.0,10.1,,,,,,,,,,,,,,,,,,,,,,0
UF,FEIJÃO TOTAL,MS,Conab,Estimativa em fevereiro/2026,produto_uf,2025/26,2025,7.2,1649.0,11.9,5.7,,,,,26.315789473684205,,1775.0,,,,,-7.098591549295774,,10.1,,,,,17.821782178217838,,1
UF,FEIJÃO TOTAL,MT,Conab,Estimativa em fevereiro/2026,produto_uf,2024/25,2024,164.2,1843.6345919610235,302.7,,,,,,,,,,,,,,,,,,,,,,0
UF,FEIJÃO TOTAL,MT,Conab,Estimativa em fevereiro/2026,produto_uf,2025/26,2025,164.0,1753.271951219512,287.5,164.2,,,,,-0.12180267965894442,,1843.6345919610235,,,,,-4.901331377461049,,302.7,,,,,-5.021473406012555,,1
UF,FEIJÃO TOTAL,PA,Conab,Estimativa em fevereiro/2026,produto_uf,2024/25,2024,16.599999999999998,748.1144578313254,12.4,,,,,,,,,,,,,,,,,,,,,,0
UF,FEIJÃO TOTAL,PA,Conab,Estimativa em fevereiro/2026,produto_uf,2025/26,2025,21.7,731.3686635944701,15.9,16.599999999999998,,,,,30.722891566265066,,748.1144578313254,,,,,-2.2384000284393357,,12.4,,,,,28.2258064516129,,1
UF,FEIJÃO TOTAL,PB,Conab,Estimativa em fevereiro/2026,produto_uf,2024/25,2024,103.1,292.72356935014545,30.2,,,,,,,,,,,,,,,,,,,,,,0
UF,FEIJÃO TOTAL,PB,Conab,Estimativa em fevereiro/2026,produto_uf,2025/26,2025,105.0,370.5314285714285,38.9,103.1,,,,,1.8428709990300662,,292.72356935014545,,,,,26.580660858303506,,30.2,,,,,28.80794701986755,,1
UF,FEIJÃO TOTAL,PE,Conab,Estimativa em fevereiro/2026,produto_uf,2024/25,2024,173.7,707.8560736902707,123.0,,,,,,,,,,,,,,,,,,,,,,0
UF,FEIJÃO TOTAL,PE,Conab,Estimativa em fevereiro/2026,produto_uf,2025/26,2025,173.3,670.2152336987882,116.1,173.7,,,,,-0.23028209556705814,,707.8560736902707,,,,,-5.317583812659721,,123.0,,,,,-5.609756097560981,,1
UF,FEIJÃO TOTAL,PI,Conab,Estimativa em fevereiro/2026,produto_uf,2024/25,2024,204.7,261.8436736687836,53.6,,,,,,,,,,,,,,,,,,,,,,0
UF,FEIJÃO TOTAL,PI,Conab,Estimativa em fevereiro/2026,produto_uf,2025/26,2025,200.7,365.4439461883408,73.3,204.7,,,,,-1.9540791402051783,,261.8436736687836,,,,,39.565696229348404,,53.6,,,,,36.75373134328357,,1
UF,FEIJÃO TOTAL,PR,Conab,Estimativa em fevereiro/2026,produto_uf,2024/25,2024,491.7,1750.462273744153,860.7,,,,,,,,,,,,,,,,,,,,,,0
UF,FEIJÃO TOTAL,PR,Conab,Estimativa em fevereiro/2026,produto_uf,2025/26,2025,397.2,1652.617321248741,656.4,491.7,,,,,-19.219035997559487,,1750.462273744153,,,,,-5.5896635970409285,,860.7,,,,,-23.73649355176021,,1
UF,FEIJÃO TOTAL,RJ,Conab,Estimativa em fevereiro/2026,produto_uf,2024/25,2024,1.0,1354.4,1.4,,,,,,,,,,,,,,,,,,,,,,0
UF,FEIJÃO TOTAL,RJ,Conab,Estimativa em fevereiro/2026,produto_uf,2025/26,2025,0.8999999999999999,1528.0000000000002,1.4,1.0,,,,,-10.000000000000009,,1354.4,,,,,12.817483756645021,,1.4,,,,,0.0,,1
UF,FEIJÃO TOTAL,RN,Conab,Estimativa em fevereiro/2026,produto_uf,2024/25,2024,46.8,165.0,7.7,,,,,,,,,,,,,,,,,,,,,,0
UF,FEIJÃO TOTAL,RN,Conab,Estimativa em fevereiro/2026,produto_uf,2025/26,2025,44.5,168.0,7.5,46.8,,,,,-4.914529914529908,,165.0,,,,,1.8181818181818077,,7.7,,,,,-2.5974025974025983,,1
UF,FEIJÃO TOTAL,RO,Conab,Estimativa em fevereiro/2026,produto_uf,2024/25,2024,2.0,1060.0,2.1,,,,,,,,,,,,,,,,,,,,,,0
UF,FEIJÃO TOTAL,RO,Conab,Estimativa em fevereiro/2026,produto_uf,2025/26,2025,2.2,1007.0,2.2,2.0,,,,,10.000000000000009,,1060.0,,,,,-5.000000000000004,,2.1,,,,,4.761904761904767,,1
UF,FEIJÃO TOTAL,RR,Conab,Estimativa em fevereiro/2026,produto_uf,2024/25,2024,2.7,1212.0,3.3,,,,,,,,,,,,,,,,,,,,,,0
UF,FEIJÃO TOTAL,RR,Conab,Estimativa em fevereiro/2026,produto_uf,2025/26,2025,2.7,1208.0,3.3,2.7,,,,,0.0,,1212.0,,,,,-0.330033003300334,,3.3,,,,,0.0,,1
UF,FEIJÃO TOTAL,RS,Conab,Estimativa em fevereiro/2026,produto_uf,2024/25,2024,42.4,1733.4080188679245,73.5,,,,,,,,,,,,,,,,,,,,,,0
UF,FEIJÃO TOTAL,RS,Conab,Estimativa em fevereiro/2026,produto_uf,2025/26,2025,43.900000000000006,1675.4715261958995,73.6,42.4,,,,,3.5377358490566113,,1733.4080188679245,,,,,-3.3423459474857475,,73.5,,,,,0.1360544217686943,,1
UF,FEIJÃO TOTAL,SC,Conab,Estimativa em fevereiro/2026,produto_uf,2024/25,2024,61.0,1854.7868852459017,113.1,,,,,,,,,,,,,,,,,,,,,,0
UF,FEIJÃO TOTAL,SC,Conab,Estimativa em fevereiro/2026,produto_uf,2025/26,2025,55.8,1886.9175627240145,105.3,61.0,,,,,-8.52459016393443,,1854.7868852459017,,,,,1.7323110128554253,,113.1,,,,,-6.896551724137934,,1
UF,FEIJÃO TOTAL,SE,Conab,Estimativa em fevereiro/2026,produto_uf,2024/25,2024,2.4,513.0,1.2,,,,,,,,,,,,,,,,,,,,,,0
UF,FEIJÃO TOTAL,SE,Conab,Estimativa em fevereiro/2026,produto_uf,2025/26,2025,2.4,737.0,1.8,2.4,,,,,0.0,,513.0,,,,,43.66471734892787,,1.2,,,,,50.0,,1
UF,FEIJÃO TOTAL,SP,Conab,Estimativa em fevereiro/2026,produto_uf,2024/25,2024,77.8,2272.133676092545,176.8,,,,,,,,,,,,,,,,,,,,,,0
UF,FEIJÃO TOTAL,SP,Conab,Estimativa em fevereiro/2026,produto_uf,2025/26,2025,77.8,2339.758354755784,182.0,77.8,,,,,0.0,,2272.133676092545,,,,,2.9762632091054897,,176.8,,,,,2.941176470588225,,1
UF,FEIJÃO TOTAL,TO,Conab,Estimativa em fevereiro/2026,produto_uf,2024/25,2024,77.6,1205.1146907216496,93.5,,,,,,,,,,,,,,,,,,,,,,0
UF,FEIJÃO TOTAL,TO,Conab,Estimativa em fevereiro/2026,produto_uf,2025/26,2025,82.60000000000001,1132.278450363196,93.5,77.6,,,,,6.4432989690721865,,1205.1146907216496,,,,,-6.043926019592172,,93.5,,,,,0.0,,1
UF,GERGELIM,AC,Conab,Estimativa em fevereiro/2026,produto_uf,2024/25,2024,0.0,0.0,0.0,,,,,,,,,,,,,,,,,,,,,,0
UF,GERGELIM,AC,Conab,Estimativa em fevereiro/2026,produto_uf,2025/26,2025,0.0,0.0,0.0,0.0,,,,,,,0.0,,,,,,,0.0,,,,,,,1
UF,GERGELIM,AL,Conab,Estimativa em fevereiro/2026,produto_uf,2024/25,2024,0.0,0.0,0.0,,,,,,,,,,,,,,,,,,,,,,0
UF,GERGELIM,AL,Conab,Estimativa em fevereiro/2026,produto_uf,2025/26,2025,0.0,0.0,0.0,0.0,,,,,,,0.0,,,,,,,0.0,,,,,,,1
UF,GERGELIM,AM,Conab,Estimativa em fevereiro/2026,produto_uf,2024/25,2024,0.0,0.0,0.0,,,,,,,,,,,,,,,,,,,,,,0
UF,GERGELIM,AM,Conab,Estimativa em fevereiro/2026,produto_uf,2025/26,2025,0.0,0.0,0.0,0.0,,,,,,,0.0,,,,,,,0.0,,,,,,,1
UF,GERGELIM,AP,Conab,Estimativa em fevereiro/2026,produto_uf,2024/25,2024,0.0,0.0,0.0,,,,,,,,,,,,,,,,,,,,,,0
UF,GERGELIM,AP,Conab,Estimativa em fevereiro/2026,produto_uf,2025/26,2025,0.0,0.0,0.0,0.0,,,,,,,0.0,,,,,,,0.0,,,,,,,1
UF,GERGELIM,BA,Conab,Estimativa em fevereiro/2026,produto_uf,2024/25,2024,0.0,0.0,0.0,,,,,,,,,,,,,,,,,,,,,,0
UF,GERGELIM,BA,Conab,Estimativa em fevereiro/2026,produto_uf,2025/26,2025,0.0,0.0,0.0,0.0,,,,,,,0.0,,,,,,,0.0,,,,,,,1
UF,GERGELIM,CE,Conab,Estimativa em fevereiro/2026,produto_uf,2024/25,2024,0.0,0.0,0.0,,,,,,,,,,,,,,,,,,,,,,0
UF,GERGELIM,CE,Conab,Estimativa em fevereiro/2026,produto_uf,2025/26,2025,0.0,0.0,0.0,0.0,,,,,,,0.0,,,,,,,0.0,,,,,,,1
UF,GERGELIM,DF,Conab,Estimativa em fevereiro/2026,produto_uf,2024/25,2024,0.0,0.0,0.0,,,,,,,,,,,,,,,,,,,,,,0
UF,GERGELIM,DF,Conab,Estimativa em fevereiro/2026,produto_uf,2025/26,2025,0.0,0.0,0.0,0.0,,,,,,,0.0,,,,,,,0.0,,,,,,,1
UF,GERGELIM,ES,Conab,Estimativa em fevereiro/2026,produto_uf,2024/25,2024,0.0,0.0,0.0,,,,,,,,,,,,,,,,,,,,,,0
UF,GERGELIM,ES,Conab,Estimativa em fevereiro/2026,produto_uf,2025/26,2025,0.0,0.0,0.0,0.0,,,,,,,0.0,,,,,,,0.0,,,,,,,1
UF,GERGELIM,GO,Conab,Estimativa em fevereiro/2026,produto_uf,2024/25,2024,4.0,500.0,2.0,,,,,,,,,,,,,,,,,,,,,,0
UF,GERGELIM,GO,Conab,Estimativa em fevereiro/2026,produto_uf,2025/26,2025,4.0,500.0,2.0,4.0,,,,,0.0,,500.0,,,,,0.0,,2.0,,,,,0.0,,1
UF,GERGELIM,MA,Conab,Estimativa em fevereiro/2026,produto_uf,2024/25,2024,0.0,0.0,0.0,,,,,,,,,,,,,,,,,,,,,,0
UF,GERGELIM,MA,Conab,Estimativa em fevereiro/2026,produto_uf,2025/26,2025,0.0,0.0,0.0,0.0,,,,,,,0.0,,,,,,,0.0,,,,,,,1
UF,GERGELIM,MG,Conab,Estimativa em fevereiro/2026,produto_uf,2024/25,2024,0.0,0.0,0.0,,,,,,,,,,,,,,,,,,,,,,0
UF,GERGELIM,MG,Conab,Estimativa em fevereiro/2026,produto_uf,2025/26,2025,0.0,0.0,0.0,0.0,,,,,,,0.0,,,,,,,0.0,,,,,,,1
UF,GERGELIM,MS,Conab,Estimativa em fevereiro/2026,produto_uf,2024/25,2024,0.0,0.0,0.0,,,,,,,,,,,,,,,,,,,,,,0
UF,GERGELIM,MS,Conab,Estimativa em fevereiro/2026,produto_uf,2025/26,2025,0.0,0.0,0.0,0.0,,,,,,,0.0,,,,,,,0.0,,,,,,,1
UF,GERGELIM,MT,Conab,Estimativa em fevereiro/2026,produto_uf,2024/25,2024,401.2,720.0,288.9,,,,,,,,,,,,,,,,,,,,,,0
UF,GERGELIM,MT,Conab,Estimativa em fevereiro/2026,produto_uf,2025/26,2025,401.2,720.0,288.9,401.2,,,,,0.0,,720.0,,,,,0.0,,288.9,,,,,0.0,,1
UF,GERGELIM,PA,Conab,Estimativa em fevereiro/2026,produto_uf,2024/25,2024,112.8,506.0,57.1,,,,,,,,,,,,,,,,,,,,,,0
UF,GERGELIM,PA,Conab,Estimativa em fevereiro/2026,produto_uf,2025/26,2025,112.8,506.0,57.1,112.8,,,,,0.0,,506.0,,,,,0.0,,57.1,,,,,0.0,,1
UF,GERGELIM,PB,Conab,Estimativa em fevereiro/2026,produto_uf,2024/25,2024,0.0,0.0,0.0,,,,,,,,,,,,,,,,,,,,,,0
UF,GERGELIM,PB,Conab,Estimativa em fevereiro/2026,produto_uf,2025/26,2025,0.0,0.0,0.0,0.0,,,,,,,0.0,,,,,,,0.0,,,,,,,1
UF,GERGELIM,PE,Conab,Estimativa em fevereiro/2026,produto_uf,2024/25,2024,0.0,0.0,0.0,,,,,,,,,,,,,,,,,,,,,,0
UF,GERGELIM,PE,Conab,Estimativa em fevereiro/2026,produto_uf,2025/26,2025,0.0,0.0,0.0,0.0,,,,,,,0.0,,,,,,,0.0,,,,,,,1
UF,GERGELIM,PI,Conab,Estimativa em fevereiro/2026,produto_uf,2024/25,2024,0.0,0.0,0.0,,,,,,,,,,,,,,,,,,,,,,0
UF,GERGELIM,PI,Conab,Estimativa em fevereiro/2026,produto_uf,2025/26,2025,0.0,0.0,0.0,0.0,,,,,,,0.0,,,,,,,0.0,,,,,,,1
UF,GERGELIM,PR,Conab,Estimativa em fevereiro/2026,produto_uf,2024/25,2024,0.0,0.0,0.0,,,,,,,,,,,,,,,,,,,,,,0
UF,GERGELIM,PR,Conab,Estimativa em fevereiro/2026,produto_uf,2025/26,2025,0.0,0.0,0.0,0.0,,,,,,,0.0,,,,,,,0.0,,,,,,,1
UF,GERGELIM,RJ,Conab,Estimativa em fevereiro/2026,produto_uf,2024/25,2024,0.0,0.0,0.0,,,,,,,,,,,,,,,,,,,,,,0
UF,GERGELIM,RJ,Conab,Estimativa em fevereiro/2026,produto_uf,2025/26,2025,0.0,0.0,0.0,0.0,,,,,,,0.0,,,,,,,0.0,,,,,,,1
UF,GERGELIM,RN,Conab,Estimativa em fevereiro/2026,produto_uf,2024/25,2024,0.0,0.0,0.0,,,,,,,,,,,,,,,,,,,,,,0
UF,GERGELIM,RN,Conab,Estimativa em fevereiro/2026,produto_uf,2025/26,2025,0.0,0.0,0.0,0.0,,,,,,,0.0,,,,,,,0.0,,,,,,,1
UF,GERGELIM,RO,Conab,Estimativa em fevereiro/2026,produto_uf,2024/25,2024,0.0,0.0,0.0,,,,,,,,,,,,,,,,,,,,,,0
UF,GERGELIM,RO,Conab,Estimativa em fevereiro/2026,produto_uf,2025/26,2025,0.0,0.0,0.0,0.0,,,,,,,0.0,,,,,,,0.0,,,,,,,1
UF,GERGELIM,RR,Conab,Estimativa em fevereiro/2026,produto_uf,2024/25,2024,0.0,0.0,0.0,,,,,,,,,,,,,,,,,,,,,,0
UF,GERGELIM,RR,Conab,Estimativa em fevereiro/2026,produto_uf,2025/26,2025,0.0,0.0,0.0,0.0,,,,,,,0.0,,,,,,,0.0,,,,,,,1
UF,GERGELIM,RS,Conab,Estimativa em fevereiro/2026,produto_uf,2024/25,2024,0.0,0.0,0.0,,,,,,,,,,,,,,,,,,,,,,0
UF,GERGELIM,RS,Conab,Estimativa em fevereiro/2026,produto_uf,2025/26,2025,0.0,0.0,0.0,0.0,,,,,,,0.0,,,,,,,0.0,,,,,,,1
UF,GERGELIM,SC,Conab,Estimativa em fevereiro/2026,produto_uf,2024/25,2024,0.0,0.0,0.0,,,,,,,,,,,,,,,,,,,,,,0
UF,GERGELIM,SC,Conab,Estimativa em fevereiro/2026,produto_uf,2025/26,2025,0.0,0.0,0.0,0.0,,,,,,,0.0,,,,,,,0.0,,,,,,,1
UF,GERGELIM,SE,Conab,Estimativa em fevereiro/2026,produto_uf,2024/25,2024,0.0,0.0,0.0,,,,,,,,,,,,,,,,,,,,,,0
UF,GERGELIM,SE,Conab,Estimativa em fevereiro/2026,produto_uf,2025/26,2025,0.0,0.0,0.0,0.0,,,,,,,0.0,,,,,,,0.0,,,,,,,1
UF,GERGELIM,SP,Conab,Estimativa em fevereiro/2026,produto_uf,2024/25,2024,0.0,0.0,0.0,,,,,,,,,,,,,,,,,,,,,,0
UF,GERGELIM,SP,Conab,Estimativa em fevereiro/2026,produto_uf,2025/26,2025,0.0,0.0,0.0,0.0,,,,,,,0.0,,,,,,,0.0,,,,,,,1
UF,GERGELIM,TO,Conab,Estimativa em fevereiro/2026,produto_uf,2024/25,2024,90.0,571.0,51.4,,,,,,,,,,,,,,,,,,,,,,0
UF,GERGELIM,TO,Conab,Estimativa em fevereiro/2026,produto_uf,2025/26,2025,90.0,571.0,51.4,90.0,,,,,0.0,,571.0,,,,,0.0,,51.4,,,,,0.0,,1
UF,GIRASSOL,AC,Conab,Estimativa em fevereiro/2026,produto_uf,2024/25,2024,0.0,0.0,0.0,,,,,,,,,,,,,,,,,,,,,,0
UF,GIRASSOL,AC,Conab,Estimativa em fevereiro/2026,produto_uf,2025/26,2025,0.0,0.0,0.0,0.0,,,,,,,0.0,,,,,,,0.0,,,,,,,1
UF,GIRASSOL,AL,Conab,Estimativa em fevereiro/2026,produto_uf,2024/25,2024,0.0,0.0,0.0,,,,,,,,,,,,,,,,,,,,,,0
UF,GIRASSOL,AL,Conab,Estimativa em fevereiro/2026,produto_uf,2025/26,2025,0.0,0.0,0.0,0.0,,,,,,,0.0,,,,,,,0.0,,,,,,,1
UF,GIRASSOL,AM,Conab,Estimativa em fevereiro/2026,produto_uf,2024/25,2024,0.0,0.0,0.0,,,,,,,,,,,,,,,,,,,,,,0
UF,GIRASSOL,AM,Conab,Estimativa em fevereiro/2026,produto_uf,2025/26,2025,0.0,0.0,0.0,0.0,,,,,,,0.0,,,,,,,0.0,,,,,,,1
UF,GIRASSOL,AP,Conab,Estimativa em fevereiro/2026,produto_uf,2024/25,2024,0.0,0.0,0.0,,,,,,,,,,,,,,,,,,,,,,0
UF,GIRASSOL,AP,Conab,Estimativa em fevereiro/2026,produto_uf,2025/26,2025,0.0,0.0,0.0,0.0,,,,,,,0.0,,,,,,,0.0,,,,,,,1
UF,GIRASSOL,BA,Conab,Estimativa em fevereiro/2026,produto_uf,2024/25,2024,0.0,0.0,0.0,,,,,,,,,,,,,,,,,,,,,,0
UF,GIRASSOL,BA,Conab,Estimativa em fevereiro/2026,produto_uf,2025/26,2025,0.0,0.0,0.0,0.0,,,,,,,0.0,,,,,,,0.0,,,,,,,1
UF,GIRASSOL,CE,Conab,Estimativa em fevereiro/2026,produto_uf,2024/25,2024,0.0,0.0,0.0,,,,,,,,,,,,,,,,,,,,,,0
UF,GIRASSOL,CE,Conab,Estimativa em fevereiro/2026,produto_uf,2025/26,2025,0.0,0.0,0.0,0.0,,,,,,,0.0,,,,,,,0.0,,,,,,,1
UF,GIRASSOL,DF,Conab,Estimativa em fevereiro/2026,produto_uf,2024/25,2024,0.6,2112.0,1.3,,,,,,,,,,,,,,,,,,,,,,0
UF,GIRASSOL,DF,Conab,Estimativa em fevereiro/2026,produto_uf,2025/26,2025,0.6,2112.0,1.3,0.6,,,,,0.0,,2112.0,,,,,0.0,,1.3,,,,,0.0,,1
UF,GIRASSOL,ES,Conab,Estimativa em fevereiro/2026,produto_uf,2024/25,2024,0.0,0.0,0.0,,,,,,,,,,,,,,,,,,,,,,0
UF,GIRASSOL,ES,Conab,Estimativa em fevereiro/2026,produto_uf,2025/26,2025,0.0,0.0,0.0,0.0,,,,,,,0.0,,,,,,,0.0,,,,,,,1
UF,GIRASSOL,GO,Conab,Estimativa em fevereiro/2026,produto_uf,2024/25,2024,47.0,1579.0,74.2,,,,,,,,,,,,,,,,,,,,,,0
UF,GIRASSOL,GO,Conab,Estimativa em fevereiro/2026,produto_uf,2025/26,2025,47.0,1539.0,72.3,47.0,,,,,0.0,,1579.0,,,,,-2.53324889170361,,74.2,,,,,-2.5606469002695476,,1
UF,GIRASSOL,MA,Conab,Estimativa em fevereiro/2026,produto_uf,2024/25,2024,0.0,0.0,0.0,,,,,,,,,,,,,,,,,,,,,,0
UF,GIRASSOL,MA,Conab,Estimativa em fevereiro/2026,produto_uf,2025/26,2025,0.0,0.0,0.0,0.0,,,,,,,0.0,,,,,,,0.0,,,,,,,1
UF,GIRASSOL,MG,Conab,Estimativa em fevereiro/2026,produto_uf,2024/25,2024,5.5,1800.0,9.9,,,,,,,,,,,,,,,,,,,,,,0
UF,GIRASSOL,MG,Conab,Estimativa em fevereiro/2026,produto_uf,2025/26,2025,5.5,1800.0,9.9,5.5,,,,,0.0,,1800.0,,,,,0.0,,9.9,,,,,0.0,,1
UF,GIRASSOL,MS,Conab,Estimativa em fevereiro/2026,produto_uf,2024/25,2024,0.8,1810.0,1.4,,,,,,,,,,,,,,,,,,,,,,0
UF,GIRASSOL,MS,Conab,Estimativa em fevereiro/2026,produto_uf,2025/26,2025,0.8,1810.0,1.4,0.8,,,,,0.0,,1810.0,,,,,0.0,,1.4,,,,,0.0,,1
UF,GIRASSOL,MT,Conab,Estimativa em fevereiro/2026,produto_uf,2024/25,2024,3.9,1591.0,6.2,,,,,,,,,,,,,,,,,,,,,,0
UF,GIRASSOL,MT,Conab,Estimativa em fevereiro/2026,produto_uf,2025/26,2025,3.9,1591.0,6.2,3.9,,,,,0.0,,1591.0,,,,,0.0,,6.2,,,,,0.0,,1
UF,GIRASSOL,PA,Conab,Estimativa em fevereiro/2026,produto_uf,2024/25,2024,0.0,0.0,0.0,,,,,,,,,,,,,,,,,,,,,,0
UF,GIRASSOL,PA,Conab,Estimativa em fevereiro/2026,produto_uf,2025/26,2025,0.0,0.0,0.0,0.0,,,,,,,0.0,,,,,,,0.0,,,,,,,1
UF,GIRASSOL,PB,Conab,Estimativa em fevereiro/2026,produto_uf,2024/25,2024,0.0,0.0,0.0,,,,,,,,,,,,,,,,,,,,,,0
UF,GIRASSOL,PB,Conab,Estimativa em fevereiro/2026,produto_uf,2025/26,2025,0.0,0.0,0.0,0.0,,,,,,,0.0,,,,,,,0.0,,,,,,,1
UF,GIRASSOL,PE,Conab,Estimativa em fevereiro/2026,produto_uf,2024/25,2024,0.0,0.0,0.0,,,,,,,,,,,,,,,,,,,,,,0
UF,GIRASSOL,PE,Conab,Estimativa em fevereiro/2026,produto_uf,2025/26,2025,0.0,0.0,0.0,0.0,,,,,,,0.0,,,,,,,0.0,,,,,,,1
UF,GIRASSOL,PI,Conab,Estimativa em fevereiro/2026,produto_uf,2024/25,2024,0.0,0.0,0.0,,,,,,,,,,,,,,,,,,,,,,0
UF,GIRASSOL,PI,Conab,Estimativa em fevereiro/2026,produto_uf,2025/26,2025,0.0,0.0,0.0,0.0,,,,,,,0.0,,,,,,,0.0,,,,,,,1
UF,GIRASSOL,PR,Conab,Estimativa em fevereiro/2026,produto_uf,2024/25,2024,0.0,0.0,0.0,,,,,,,,,,,,,,,,,,,,,,0
UF,GIRASSOL,PR,Conab,Estimativa em fevereiro/2026,produto_uf,2025/26,2025,0.0,0.0,0.0,0.0,,,,,,,0.0,,,,,,,0.0,,,,,,,1
UF,GIRASSOL,RJ,Conab,Estimativa em fevereiro/2026,produto_uf,2024/25,2024,0.0,0.0,0.0,,,,,,,,,,,,,,,,,,,,,,0
UF,GIRASSOL,RJ,Conab,Estimativa em fevereiro/2026,produto_uf,2025/26,2025,0.0,0.0,0.0,0.0,,,,,,,0.0,,,,,,,0.0,,,,,,,1
UF,GIRASSOL,RN,Conab,Estimativa em fevereiro/2026,produto_uf,2024/25,2024,0.0,0.0,0.0,,,,,,,,,,,,,,,,,,,,,,0
UF,GIRASSOL,RN,Conab,Estimativa em fevereiro/2026,produto_uf,2025/26,2025,0.0,0.0,0.0,0.0,,,,,,,0.0,,,,,,,0.0,,,,,,,1
UF,GIRASSOL,RO,Conab,Estimativa em fevereiro/2026,produto_uf,2024/25,2024,0.0,0.0,0.0,,,,,,,,,,,,,,,,,,,,,,0
UF,GIRASSOL,RO,Conab,Estimativa em fevereiro/2026,produto_uf,2025/26,2025,0.0,0.0,0.0,0.0,,,,,,,0.0,,,,,,,0.0,,,,,,,1
UF,GIRASSOL,RR,Conab,Estimativa em fevereiro/2026,produto_uf,2024/25,2024,0.0,0.0,0.0,,,,,,,,,,,,,,,,,,,,,,0
UF,GIRASSOL,RR,Conab,Estimativa em fevereiro/2026,produto_uf,2025/26,2025,0.0,0.0,0.0,0.0,,,,,,,0.0,,,,,,,0.0,,,,,,,1
UF,GIRASSOL,RS,Conab,Estimativa em fevereiro/2026,produto_uf,2024/25,2024,4.1,1800.0,7.4,,,,,,,,,,,,,,,,,,,,,,0
UF,GIRASSOL,RS,Conab,Estimativa em fevereiro/2026,produto_uf,2025/26,2025,6.0,1893.0,11.4,4.1,,,,,46.34146341463416,,1800.0,,,,,5.166666666666675,,7.4,,,,,54.054054054054056,,1
UF,GIRASSOL,SC,Conab,Estimativa em fevereiro/2026,produto_uf,2024/25,2024,0.0,0.0,0.0,,,,,,,,,,,,,,,,,,,,,,0
UF,GIRASSOL,SC,Conab,Estimativa em fevereiro/2026,produto_uf,2025/26,2025,0.0,0.0,0.0,0.0,,,,,,,0.0,,,,,,,0.0,,,,,,,1
UF,GIRASSOL,SE,Conab,Estimativa em fevereiro/2026,produto_uf,2024/25,2024,0.0,0.0,0.0,,,,,,,,,,,,,,,,,,,,,,0
UF,GIRASSOL,SE,Conab,Estimativa em fevereiro/2026,produto_uf,2025/26,2025,0.0,0.0,0.0,0.0,,,,,,,0.0,,,,,,,0.0,,,,,,,1
UF,GIRASSOL,SP,Conab,Estimativa em fevereiro/2026,produto_uf,2024/25,2024,0.0,0.0,0.0,,,,,,,,,,,,,,,,,,,,,,0
UF,GIRASSOL,SP,Conab,Estimativa em fevereiro/2026,produto_uf,2025/26,2025,0.0,0.0,0.0,0.0,,,,,,,0.0,,,,,,,0.0,,,,,,,1
UF,GIRASSOL,TO,Conab,Estimativa em fevereiro/2026,produto_uf,2024/25,2024,0.0,0.0,0.0,,,,,,,,,,,,,,,,,,,,,,0
UF,GIRASSOL,TO,Conab,Estimativa em fevereiro/2026,produto_uf,2025/26,2025,0.0,0.0,0.0,0.0,,,,,,,0.0,,,,,,,0.0,,,,,,,1
UF,MAMONA,AC,Conab,Estimativa em fevereiro/2026,produto_uf,2024/25,2024,0.0,0.0,0.0,,,,,,,,,,,,,,,,,,,,,,0
UF,MAMONA,AC,Conab,Estimativa em fevereiro/2026,produto_uf,2025/26,2025,0.0,0.0,0.0,0.0,,,,,,,0.0,,,,,,,0.0,,,,,,,1
UF,MAMONA,AL,Conab,Estimativa em fevereiro/2026,produto_uf,2024/25,2024,0.0,0.0,0.0,,,,,,,,,,,,,,,,,,,,,,0
UF,MAMONA,AL,Conab,Estimativa em fevereiro/2026,produto_uf,2025/26,2025,0.0,0.0,0.0,0.0,,,,,,,0.0,,,,,,,0.0,,,,,,,1
UF,MAMONA,AM,Conab,Estimativa em fevereiro/2026,produto_uf,2024/25,2024,0.0,0.0,0.0,,,,,,,,,,,,,,,,,,,,,,0
UF,MAMONA,AM,Conab,Estimativa em fevereiro/2026,produto_uf,2025/26,2025,0.0,0.0,0.0,0.0,,,,,,,0.0,,,,,,,0.0,,,,,,,1
UF,MAMONA,AP,Conab,Estimativa em fevereiro/2026,produto_uf,2024/25,2024,0.0,0.0,0.0,,,,,,,,,,,,,,,,,,,,,,0
UF,MAMONA,AP,Conab,Estimativa em fevereiro/2026,produto_uf,2025/26,2025,0.0,0.0,0.0,0.0,,,,,,,0.0,,,,,,,0.0,,,,,,,1
UF,MAMONA,BA,Conab,Estimativa em fevereiro/2026,produto_uf,2024/25,2024,69.5,1439.0,100.0,,,,,,,,,,,,,,,,,,,,,,0
UF,MAMONA,BA,Conab,Estimativa em fevereiro/2026,produto_uf,2025/26,2025,76.0,1938.0,147.3,69.5,,,,,9.35251798561152,,1439.0,,,,,34.67685892981236,,100.0,,,,,47.30000000000001,,1
UF,MAMONA,CE,Conab,Estimativa em fevereiro/2026,produto_uf,2024/25,2024,0.1,167.0,0.02,,,,,,,,,,,,,,,,,,,,,,0
UF,MAMONA,CE,Conab,Estimativa em fevereiro/2026,produto_uf,2025/26,2025,0.1,167.0,0.02,0.1,,,,,0.0,,167.0,,,,,0.0,,0.02,,,,,0.0,,1
UF,MAMONA,DF,Conab,Estimativa em fevereiro/2026,produto_uf,2024/25,2024,0.0,0.0,0.0,,,,,,,,,,,,,,,,,,,,,,0
UF,MAMONA,DF,Conab,Estimativa em fevereiro/2026,produto_uf,2025/26,2025,0.0,0.0,0.0,0.0,,,,,,,0.0,,,,,,,0.0,,,,,,,1
UF,MAMONA,ES,Conab,Estimativa em fevereiro/2026,produto_uf,2024/25,2024,0.0,0.0,0.0,,,,,,,,,,,,,,,,,,,,,,0
UF,MAMONA,ES,Conab,Estimativa em fevereiro/2026,produto_uf,2025/26,2025,0.0,0.0,0.0,0.0,,,,,,,0.0,,,,,,,0.0,,,,,,,1
UF,MAMONA,GO,Conab,Estimativa em fevereiro/2026,produto_uf,2024/25,2024,0.0,0.0,0.0,,,,,,,,,,,,,,,,,,,,,,0
UF,MAMONA,GO,Conab,Estimativa em fevereiro/2026,produto_uf,2025/26,2025,0.0,0.0,0.0,0.0,,,,,,,0.0,,,,,,,0.0,,,,,,,1
UF,MAMONA,MA,Conab,Estimativa em fevereiro/2026,produto_uf,2024/25,2024,0.0,,0.0,,,,,,,,,,,,,,,,,,,,,,0
UF,MAMONA,MA,Conab,Estimativa em fevereiro/2026,produto_uf,2025/26,2025,0.0,,0.0,0.0,,,,,,,,,,,,,,0.0,,,,,,,1
UF,MAMONA,MG,Conab,Estimativa em fevereiro/2026,produto_uf,2024/25,2024,0.0,0.0,0.0,,,,,,,,,,,,,,,,,,,,,,0
UF,MAMONA,MG,Conab,Estimativa em fevereiro/2026,produto_uf,2025/26,2025,0.0,0.0,0.0,0.0,,,,,,,0.0,,,,,,,0.0,,,,,,,1
UF,MAMONA,MS,Conab,Estimativa em fevereiro/2026,produto_uf,2024/25,2024,0.0,0.0,0.0,,,,,,,,,,,,,,,,,,,,,,0
UF,MAMONA,MS,Conab,Estimativa em fevereiro/2026,produto_uf,2025/26,2025,0.0,0.0,0.0,0.0,,,,,,,0.0,,,,,,,0.0,,,,,,,1
UF,MAMONA,MT,Conab,Estimativa em fevereiro/2026,produto_uf,2024/25,2024,0.0,0.0,0.0,,,,,,,,,,,,,,,,,,,,,,0
UF,MAMONA,MT,Conab,Estimativa em fevereiro/2026,produto_uf,2025/26,2025,0.0,0.0,0.0,0.0,,,,,,,0.0,,,,,,,0.0,,,,,,,1
UF,MAMONA,PA,Conab,Estimativa em fevereiro/2026,produto_uf,2024/25,2024,0.0,0.0,0.0,,,,,,,,,,,,,,,,,,,,,,0
UF,MAMONA,PA,Conab,Estimativa em fevereiro/2026,produto_uf,2025/26,2025,0.0,0.0,0.0,0.0,,,,,,,0.0,,,,,,,0.0,,,,,,,1
UF,MAMONA,PB,Conab,Estimativa em fevereiro/2026,produto_uf,2024/25,2024,0.0,0.0,0.0,,,,,,,,,,,,,,,,,,,,,,0
UF,MAMONA,PB,Conab,Estimativa em fevereiro/2026,produto_uf,2025/26,2025,0.0,0.0,0.0,0.0,,,,,,,0.0,,,,,,,0.0,,,,,,,1
UF,MAMONA,PE,Conab,Estimativa em fevereiro/2026,produto_uf,2024/25,2024,0.0,0.0,0.0,,,,,,,,,,,,,,,,,,,,,,0
UF,MAMONA,PE,Conab,Estimativa em fevereiro/2026,produto_uf,2025/26,2025,0.0,0.0,0.0,0.0,,,,,,,0.0,,,,,,,0.0,,,,,,,1
UF,MAMONA,PI,Conab,Estimativa em fevereiro/2026,produto_uf,2024/25,2024,0.0,,0.0,,,,,,,,,,,,,,,,,,,,,,0
UF,MAMONA,PI,Conab,Estimativa em fevereiro/2026,produto_uf,2025/26,2025,0.0,,0.0,0.0,,,,,,,,,,,,,,0.0,,,,,,,1
UF,MAMONA,PR,Conab,Estimativa em fevereiro/2026,produto_uf,2024/25,2024,0.0,0.0,0.0,,,,,,,,,,,,,,,,,,,,,,0
UF,MAMONA,PR,Conab,Estimativa em fevereiro/2026,produto_uf,2025/26,2025,0.0,0.0,0.0,0.0,,,,,,,0.0,,,,,,,0.0,,,,,,,1
UF,MAMONA,RJ,Conab,Estimativa em fevereiro/2026,produto_uf,2024/25,2024,0.0,0.0,0.0,,,,,,,,,,,,,,,,,,,,,,0
UF,MAMONA,RJ,Conab,Estimativa em fevereiro/2026,produto_uf,2025/26,2025,0.0,0.0,0.0,0.0,,,,,,,0.0,,,,,,,0.0,,,,,,,1
UF,MAMONA,RN,Conab,Estimativa em fevereiro/2026,produto_uf,2024/25,2024,0.0,0.0,0.0,,,,,,,,,,,,,,,,,,,,,,0
UF,MAMONA,RN,Conab,Estimativa em fevereiro/2026,produto_uf,2025/26,2025,0.0,0.0,0.0,0.0,,,,,,,0.0,,,,,,,0.0,,,,,,,1
UF,MAMONA,RO,Conab,Estimativa em fevereiro/2026,produto_uf,2024/25,2024,0.0,0.0,0.0,,,,,,,,,,,,,,,,,,,,,,0
UF,MAMONA,RO,Conab,Estimativa em fevereiro/2026,produto_uf,2025/26,2025,0.0,0.0,0.0,0.0,,,,,,,0.0,,,,,,,0.0,,,,,,,1
UF,MAMONA,RR,Conab,Estimativa em fevereiro/2026,produto_uf,2024/25,2024,0.0,0.0,0.0,,,,,,,,,,,,,,,,,,,,,,0
UF,MAMONA,RR,Conab,Estimativa em fevereiro/2026,produto_uf,2025/26,2025,0.0,0.0,0.0,0.0,,,,,,,0.0,,,,,,,0.0,,,,,,,1
UF,MAMONA,RS,Conab,Estimativa em fevereiro/2026,produto_uf,2024/25,2024,0.0,,0.0,,,,,,,,,,,,,,,,,,,,,,0
UF,MAMONA,RS,Conab,Estimativa em fevereiro/2026,produto_uf,2025/26,2025,0.0,,0.0,0.0,,,,,,,,,,,,,,0.0,,,,,,,1
UF,MAMONA,SC,Conab,Estimativa em fevereiro/2026,produto_uf,2024/25,2024,0.0,,0.0,,,,,,,,,,,,,,,,,,,,,,0
UF,MAMONA,SC,Conab,Estimativa em fevereiro/2026,produto_uf,2025/26,2025,0.0,,0.0,0.0,,,,,,,,,,,,,,0.0,,,,,,,1
UF,MAMONA,SE,Conab,Estimativa em fevereiro/2026,produto_uf,2024/25,2024,0.0,0.0,0.0,,,,,,,,,,,,,,,,,,,,,,0
UF,MAMONA,SE,Conab,Estimativa em fevereiro/2026,produto_uf,2025/26,2025,0.0,0.0,0.0,0.0,,,,,,,0.0,,,,,,,0.0,,,,,,,1
UF,MAMONA,SP,Conab,Estimativa em fevereiro/2026,produto_uf,2024/25,2024,0.0,0.0,0.0,,,,,,,,,,,,,,,,,,,,,,0
UF,MAMONA,SP,Conab,Estimativa em fevereiro/2026,produto_uf,2025/26,2025,0.0,0.0,0.0,0.0,,,,,,,0.0,,,,,,,0.0,,,,,,,1
UF,MAMONA,TO,Conab,Estimativa em fevereiro/2026,produto_uf,2024/25,2024,0.0,0.0,0.0,,,,,,,,,,,,,,,,,,,,,,0
UF,MAMONA,TO,Conab,Estimativa em fevereiro/2026,produto_uf,2025/26,2025,0.0,0.0,0.0,0.0,,,,,,,0.0,,,,,,,0.0,,,,,,,1
UF,MILHO TOTAL,AC,Conab,Estimativa em fevereiro/2026,produto_uf,2024/25,2024,41.0,3406.636585365854,139.7,,,,,,,,,,,,,,,,,,,,,,0
UF,MILHO TOTAL,AC,Conab,Estimativa em fevereiro/2026,produto_uf,2025/26,2025,42.400000000000006,3468.6084905660373,147.1,41.0,,,,,3.4146341463414664,,3406.636585365854,,,,,1.8191522238210078,,139.7,,,,,5.297065139584833,,1
UF,MILHO TOTAL,AL,Conab,Estimativa em fevereiro/2026,produto_uf,2024/25,2024,31.2,5230.0,163.2,,,,,,,,,,,,,,,,,,,,,,0
UF,MILHO TOTAL,AL,Conab,Estimativa em fevereiro/2026,produto_uf,2025/26,2025,32.7,3120.0,102.0,31.2,,,,,4.807692307692313,,5230.0,,,,,-40.34416826003824,,163.2,,,,,-37.5,,1
UF,MILHO TOTAL,AM,Conab,Estimativa em fevereiro/2026,produto_uf,2024/25,2024,8.3,3005.0,24.9,,,,,,,,,,,,,,,,,,,,,,0
UF,MILHO TOTAL,AM,Conab,Estimativa em fevereiro/2026,produto_uf,2025/26,2025,8.3,3041.0,25.2,8.3,,,,,0.0,,3005.0,,,,,1.1980033277870117,,24.9,,,,,1.2048192771084265,,1
UF,MILHO TOTAL,AP,Conab,Estimativa em fevereiro/2026,produto_uf,2024/25,2024,2.0,969.0,1.9,,,,,,,,,,,,,,,,,,,,,,0
UF,MILHO TOTAL,AP,Conab,Estimativa em fevereiro/2026,produto_uf,2025/26,2025,2.0,977.0,2.0,2.0,,,,,0.0,,969.0,,,,,0.8255933952528327,,1.9,,,,,5.263157894736836,,1
UF,MILHO TOTAL,BA,Conab,Estimativa em fevereiro/2026,produto_uf,2024/25,2024,732.1,3828.564267176616,2802.9,,,,,,,,,,,,,,,,,,,,,,0
UF,MILHO TOTAL,BA,Conab,Estimativa em fevereiro/2026,produto_uf,2025/26,2025,688.9,3945.937871969807,2718.4,732.1,,,,,-5.900833219505541,,3828.564267176616,,,,,3.0657342179017055,,2802.9,,,,,-3.014734739020297,,1
UF,MILHO TOTAL,CE,Conab,Estimativa em fevereiro/2026,produto_uf,2024/25,2024,591.0,466.0,275.4,,,,,,,,,,,,,,,,,,,,,,0
UF,MILHO TOTAL,CE,Conab,Estimativa em fevereiro/2026,produto_uf,2025/26,2025,592.8,842.0,499.1,591.0,,,,,0.3045685279187804,,466.0,,,,,80.68669527896996,,275.4,,,,,81.22730573710967,,1
UF,MILHO TOTAL,DF,Conab,Estimativa em fevereiro/2026,produto_uf,2024/25,2024,56.2,7394.581850533807,415.6,,,,,,,,,,,,,,,,,,,,,,0
UF,MILHO TOTAL,DF,Conab,Estimativa em fevereiro/2026,produto_uf,2025/26,2025,55.2,7184.536231884058,396.6,56.2,,,,,-1.7793594306049876,,7394.581850533807,,,,,-2.840534095035885,,415.6,,,,,-4.571703561116458,,1
UF,MILHO TOTAL,ES,Conab,Estimativa em fevereiro/2026,produto_uf,2024/25,2024,16.6,3730.734939759036,61.9,,,,,,,,,,,,,,,,,,,,,,0
UF,MILHO TOTAL,ES,Conab,Estimativa em fevereiro/2026,produto_uf,2025/26,2025,16.5,3512.5454545454545,58.0,16.6,,,,,-0.6024096385542244,,3730.734939759036,,,,,-5.848431709481727,,61.9,,,,,-6.300484652665583,,1
UF,MILHO TOTAL,GO,Conab,Estimativa em fevereiro/2026,produto_uf,2024/25,2024,1969.1,7245.031588035143,14266.2,,,,,,,,,,,,,,,,,,,,,,0
UF,MILHO TOTAL,GO,Conab,Estimativa em fevereiro/2026,produto_uf,2025/26,2025,1949.1,6949.627315171105,13545.5,1969.1,,,,,-1.0156924483266438,,7245.031588035143,,,,,-4.077335885627953,,14266.2,,,,,-5.051800759837944,,1
UF,MILHO TOTAL,MA,Conab,Estimativa em fevereiro/2026,produto_uf,2024/25,2024,597.1,5714.883269134148,3412.4,,,,,,,,,,,,,,,,,,,,,,0
UF,MILHO TOTAL,MA,Conab,Estimativa em fevereiro/2026,produto_uf,2025/26,2025,599.7,5088.745706186427,3051.7,597.1,,,,,0.43543795009211017,,5714.883269134148,,,,,-10.956261632314767,,3412.4,,,,,-10.570273121556683,,1
UF,MILHO TOTAL,MG,Conab,Estimativa em fevereiro/2026,produto_uf,2024/25,2024,1083.7,6082.211682199871,6591.3,,,,,,,,,,,,,,,,,,,,,,0
UF,MILHO TOTAL,MG,Conab,Estimativa em fevereiro/2026,produto_uf,2025/26,2025,1141.3,6258.752913344432,7143.1,1083.7,,,,,5.3151241118390535,,6082.211682199871,,,,,2.9025828163992573,,6591.3,,,,,8.37164140609592,,1
UF,MILHO TOTAL,MS,Conab,Estimativa em fevereiro/2026,produto_uf,2024/25,2024,2081.6,6390.235780169101,13301.9,,,,,,,,,,,,,,,,,,,,,,0
UF,MILHO TOTAL,MS,Conab,Estimativa em fevereiro/2026,produto_uf,2025/26,2025,2147.0,5746.566371681416,12337.9,2081.6,,,,,3.1418139892390506,,6390.235780169101,,,,,-10.07270201962176,,13301.9,,,,,-7.247085002894327,,1
UF,MILHO TOTAL,MT,Conab,Estimativa em fevereiro/2026,produto_uf,2024/25,2024,7287.4,7620.851208935972,55536.2,,,,,,,,,,,,,,,,,,,,,,0
UF,MILHO TOTAL,MT,Conab,Estimativa em fevereiro/2026,produto_uf,2025/26,2025,7561.599999999999,7165.989116060093,54186.3,7287.4,,,,,3.7626588357987822,,7620.851208935972,,,,,-5.968652062679325,,55536.2,,,,,-2.430666844328555,,1
UF,MILHO TOTAL,PA,Conab,Estimativa em fevereiro/2026,produto_uf,2024/25,2024,512.2,4206.4482623975,2154.5,,,,,,,,,,,,,,,,,,,,,,0
UF,MILHO TOTAL,PA,Conab,Estimativa em fevereiro/2026,produto_uf,2025/26,2025,571.4000000000001,3588.333566678333,2050.4,512.2,,,,,11.55798516204609,,4206.4482623975,,,,,-14.694456157814884,,2154.5,,,,,-4.831747505221628,,1
UF,MILHO TOTAL,PB,Conab,Estimativa em fevereiro/2026,produto_uf,2024/25,2024,117.2,449.0,52.6,,,,,,,,,,,,,,,,,,,,,,0
UF,MILHO TOTAL,PB,Conab,Estimativa em fevereiro/2026,produto_uf,2025/26,2025,117.2,645.0,75.6,117.2,,,,,0.0,,449.0,,,,,43.652561247216035,,52.6,,,,,43.72623574144485,,1
UF,MILHO TOTAL,PE,Conab,Estimativa em fevereiro/2026,produto_uf,2024/25,2024,196.2,1150.500509683996,225.7,,,,,,,,,,,,,,,,,,,,,,0
UF,MILHO TOTAL,PE,Conab,Estimativa em fevereiro/2026,produto_uf,2025/26,2025,194.4,1153.8014403292182,224.3,196.2,,,,,-0.917431192660545,,1150.500509683996,,,,,0.28691257565187644,,225.7,,,,,-0.6202924235711005,,1
UF,MILHO TOTAL,PI,Conab,Estimativa em fevereiro/2026,produto_uf,2024/25,2024,468.9,4095.944337811901,1920.6,,,,,,,,,,,,,,,,,,,,,,0
UF,MILHO TOTAL,PI,Conab,Estimativa em fevereiro/2026,produto_uf,2025/26,2025,418.3,4210.498924217069,1761.3,468.9,,,,,-10.79121347835359,,4095.944337811901,,,,,2.796780838734847,,1920.6,,,,,-8.294283036551075,,1
UF,MILHO TOTAL,PR,Conab,Estimativa em fevereiro/2026,produto_uf,2024/25,2024,3059.7000000000003,6601.063927836062,20197.3,,,,,,,,,,,,,,,,,,,,,,0
UF,MILHO TOTAL,PR,Conab,Estimativa em fevereiro/2026,produto_uf,2025/26,2025,3181.2000000000003,6404.5622406639,20374.2,3059.7000000000003,,,,,3.9709775468183217,,6601.063927836062,,,,,-2.9768184238230577,,20197.3,,,,,0.8758596446059697,,1
UF,MILHO TOTAL,RJ,Conab,Estimativa em fevereiro/2026,produto_uf,2024/25,2024,1.5,4655.0,7.0,,,,,,,,,,,,,,,,,,,,,,0
UF,MILHO TOTAL,RJ,Conab,Estimativa em fevereiro/2026,produto_uf,2025/26,2025,1.4,4740.0,6.6,1.5,,,,,-6.666666666666677,,4655.0,,,,,1.8259935553168738,,7.0,,,,,-5.714285714285716,,1
UF,MILHO TOTAL,RN,Conab,Estimativa em fevereiro/2026,produto_uf,2024/25,2024,64.2,321.0,20.6,,,,,,,,,,,,,,,,,,,,,,0
UF,MILHO TOTAL,RN,Conab,Estimativa em fevereiro/2026,produto_uf,2025/26,2025,61.0,523.0,31.9,64.2,,,,,-4.984423676012462,,321.0,,,,,62.92834890965733,,20.6,,,,,54.85436893203881,,1
UF,MILHO TOTAL,RO,Conab,Estimativa em fevereiro/2026,produto_uf,2024/25,2024,493.3,5273.448611392661,2601.4,,,,,,,,,,,,,,,,,,,,,,0
UF,MILHO TOTAL,RO,Conab,Estimativa em fevereiro/2026,produto_uf,2025/26,2025,523.6,5270.311688311687,2759.5,493.3,,,,,6.142306912629225,,5273.448611392661,,,,,-0.059485230863864924,,2601.4,,,,,6.077496732528642,,1
UF,MILHO TOTAL,RR,Conab,Estimativa em fevereiro/2026,produto_uf,2024/25,2024,20.0,6000.0,120.0,,,,,,,,,,,,,,,,,,,,,,0
UF,MILHO TOTAL,RR,Conab,Estimativa em fevereiro/2026,produto_uf,2025/26,2025,20.0,6000.0,120.0,20.0,,,,,0.0,,6000.0,,,,,0.0,,120.0,,,,,0.0,,1
UF,MILHO TOTAL,RS,Conab,Estimativa em fevereiro/2026,produto_uf,2024/25,2024,715.5,7590.0,5430.6,,,,,,,,,,,,,,,,,,,,,,0
UF,MILHO TOTAL,RS,Conab,Estimativa em fevereiro/2026,produto_uf,2025/26,2025,817.1,6641.000000000001,5426.4,715.5,,,,,14.199860237596095,,7590.0,,,,,-12.503293807641624,,5430.6,,,,,-0.07733952049499004,,1
UF,MILHO TOTAL,SC,Conab,Estimativa em fevereiro/2026,produto_uf,2024/25,2024,288.1,10800.0,3111.5,,,,,,,,,,,,,,,,,,,,,,0
UF,MILHO TOTAL,SC,Conab,Estimativa em fevereiro/2026,produto_uf,2025/26,2025,309.4,10060.0,3112.6,288.1,,,,,7.393266227004491,,10800.0,,,,,-6.851851851851853,,3111.5,,,,,0.035352723766668426,,1
UF,MILHO TOTAL,SE,Conab,Estimativa em fevereiro/2026,produto_uf,2024/25,2024,186.1,6769.0,1259.7,,,,,,,,,,,,,,,,,,,,,,0
UF,MILHO TOTAL,SE,Conab,Estimativa em fevereiro/2026,produto_uf,2025/26,2025,186.1,5958.0,1108.8,186.1,,,,,0.0,,6769.0,,,,,-11.98109026444083,,1259.7,,,,,-11.979042629197433,,1
UF,MILHO TOTAL,SP,Conab,Estimativa em fevereiro/2026,produto_uf,2024/25,2024,744.8,5907.078410311494,4399.6,,,,,,,,,,,,,,,,,,,,,,0
UF,MILHO TOTAL,SP,Conab,Estimativa em fevereiro/2026,produto_uf,2025/26,2025,772.7,5714.919114792287,4415.9,744.8,,,,,3.7459720730397494,,5907.078410311494,,,,,-3.2530344473466033,,4399.6,,,,,0.370488226202359,,1
UF,MILHO TOTAL,TO,Conab,Estimativa em fevereiro/2026,produto_uf,2024/25,2024,473.0,5629.918393234673,2663.0,,,,,,,,,,,,,,,,,,,,,,0
UF,MILHO TOTAL,TO,Conab,Estimativa em fevereiro/2026,produto_uf,2025/26,2025,514.3,5381.735562901031,2767.8,473.0,,,,,8.731501057082447,,5629.918393234673,,,,,-4.4082846854738955,,2663.0,,,,,3.935411190386784,,1
UF,SOJA,AC,Conab,Estimativa em fevereiro/2026,produto_uf,2024/25,2024,18.6,3459.0,64.3,,,,,,,,,,,,,,,,,,,,,,0
UF,SOJA,AC,Conab,Estimativa em fevereiro/2026,produto_uf,2025/26,2025,22.0,3780.0,83.2,18.6,,,,,18.279569892473102,,3459.0,,,,,9.280138768430191,,64.3,,,,,29.393468118195965,,1
UF,SOJA,AL,Conab,Estimativa em fevereiro/2026,produto_uf,2024/25,2024,4.9,3600.0,17.6,,,,,,,,,,,,,,,,,,,,,,0
UF,SOJA,AL,Conab,Estimativa em fevereiro/2026,produto_uf,2025/26,2025,7.5,3420.0,25.7,4.9,,,,,53.06122448979591,,3600.0,,,,,-5.000000000000004,,17.6,,,,,46.02272727272725,,1
UF,SOJA,AM,Conab,Estimativa em fevereiro/2026,produto_uf,2024/25,2024,13.5,3330.0,45.0,,,,,,,,,,,,,,,,,,,,,,0
UF,SOJA,AM,Conab,Estimativa em fevereiro/2026,produto_uf,2025/26,2025,17.7,3060.0,54.2,13.5,,,,,31.11111111111111,,3330.0,,,,,-8.108108108108103,,45.0,,,,,20.444444444444443,,1
UF,SOJA,AP,Conab,Estimativa em fevereiro/2026,produto_uf,2024/25,2024,10.0,2618.0,26.2,,,,,,,,,,,,,,,,,,,,,,0
UF,SOJA,AP,Conab,Estimativa em fevereiro/2026,produto_uf,2025/26,2025,12.0,2650.0,31.8,10.0,,,,,19.999999999999996,,2618.0,,,,,1.2223071046600475,,26.2,,,,,21.37404580152673,,1
UF,SOJA,BA,Conab,Estimativa em fevereiro/2026,produto_uf,2024/25,2024,2135.6,4142.0,8845.7,,,,,,,,,,,,,,,,,,,,,,0
UF,SOJA,BA,Conab,Estimativa em fevereiro/2026,produto_uf,2025/26,2025,2336.3,3957.0,9244.7,2135.6,,,,,9.397827308484752,,4142.0,,,,,-4.466441332689519,,8845.7,,,,,4.510666199396307,,1
UF,SOJA,CE,Conab,Estimativa em fevereiro/2026,produto_uf,2024/25,2024,3.8,3749.0,14.2,,,,,,,,,,,,,,,,,,,,,,0
UF,SOJA,CE,Conab,Estimativa em fevereiro/2026,produto_uf,2025/26,2025,3.6,3721.0,13.4,3.8,,,,,-5.263157894736836,,3749.0,,,,,-0.7468658308882326,,14.2,,,,,-5.633802816901401,,1
UF,SOJA,DF,Conab,Estimativa em fevereiro/2026,produto_uf,2024/25,2024,88.4,3837.0,339.2,,,,,,,,,,,,,,,,,,,,,,0
UF,SOJA,DF,Conab,Estimativa em fevereiro/2026,produto_uf,2025/26,2025,89.7,3960.0,355.2,88.4,,,,,1.4705882352941124,,3837.0,,,,,3.205629397967158,,339.2,,,,,4.716981132075482,,1
UF,SOJA,ES,Conab,Estimativa em fevereiro/2026,produto_uf,2024/25,2024,0.0,0.0,0.0,,,,,,,,,,,,,,,,,,,,,,0
UF,SOJA,ES,Conab,Estimativa em fevereiro/2026,produto_uf,2025/26,2025,0.0,,0.0,0.0,,,,,,,0.0,,,,,,,0.0,,,,,,,1
UF,SOJA,GO,Conab,Estimativa em fevereiro/2026,produto_uf,2024/25,2024,4954.7,4183.0,20725.5,,,,,,,,,,,,,,,,,,,,,,0
UF,SOJA,GO,Conab,Estimativa em fevereiro/2026,produto_uf,2025/26,2025,5152.9,3858.0,19879.9,4954.7,,,,,4.000242194280168,,4183.0,,,,,-7.769543389911549,,20725.5,,,,,-4.079998070010371,,1
UF,SOJA,MA,Conab,Estimativa em fevereiro/2026,produto_uf,2024/25,2024,1436.1,3383.0,4858.3,,,,,,,,,,,,,,,,,,,,,,0
UF,SOJA,MA,Conab,Estimativa em fevereiro/2026,produto_uf,2025/26,2025,1522.3,3432.0,5224.5,1436.1,,,,,6.002367523152996,,3383.0,,,,,1.4484185634052515,,4858.3,,,,,7.537616038532002,,1
UF,SOJA,MG,Conab,Estimativa em fevereiro/2026,produto_uf,2024/25,2024,2316.9,3965.0,9186.5,,,,,,,,,,,,,,,,,,,,,,0
UF,SOJA,MG,Conab,Estimativa em fevereiro/2026,produto_uf,2025/26,2025,2342.4,3834.0,8980.8,2316.9,,,,,1.1006085717985226,,3965.0,,,,,-3.3039092055485497,,9186.5,,,,,-2.2391552822075944,,1
UF,SOJA,MS,Conab,Estimativa em fevereiro/2026,produto_uf,2024/25,2024,4253.4,3339.0,14202.1,,,,,,,,,,,,,,,,,,,,,,0
UF,SOJA,MS,Conab,Estimativa em fevereiro/2026,produto_uf,2025/26,2025,4364.0,3600.0,15710.4,4253.4,,,,,2.600272722998076,,3339.0,,,,,7.816711590296488,,14202.1,,,,,10.620260384027702,,1
UF,SOJA,MT,Conab,Estimativa em fevereiro/2026,produto_uf,2024/25,2024,12738.7,4028.0,51311.5,,,,,,,,,,,,,,,,,,,,,,0
UF,SOJA,MT,Conab,Estimativa em fevereiro/2026,produto_uf,2025/26,2025,13006.2,3833.0,49852.8,12738.7,,,,,2.099900303798652,,4028.0,,,,,-4.84111221449851,,51311.5,,,,,-2.8428325034349,,1
UF,SOJA,PA,Conab,Estimativa em fevereiro/2026,produto_uf,2024/25,2024,1260.3,3568.0,4496.8,,,,,,,,,,,,,,,,,,,,,,0
UF,SOJA,PA,Conab,Estimativa em fevereiro/2026,produto_uf,2025/26,2025,1400.2,3571.0,5000.1,1260.3,,,,,11.100531619455701,,3568.0,,,,,0.0840807174887992,,4496.8,,,,,11.192403486924029,,1
UF,SOJA,PB,Conab,Estimativa em fevereiro/2026,produto_uf,2024/25,2024,0.0,0.0,0.0,,,,,,,,,,,,,,,,,,,,,,0
UF,SOJA,PB,Conab,Estimativa em fevereiro/2026,produto_uf,2025/26,2025,0.0,,0.0,0.0,,,,,,,0.0,,,,,,,0.0,,,,,,,1
UF,SOJA,PE,Conab,Estimativa em fevereiro/2026,produto_uf,2024/25,2024,0.8,3000.0,2.4,,,,,,,,,,,,,,,,,,,,,,0
UF,SOJA,PE,Conab,Estimativa em fevereiro/2026,produto_uf,2025/26,2025,0.8,3000.0,2.4,0.8,,,,,0.0,,3000.0,,,,,0.0,,2.4,,,,,0.0,,1
UF,SOJA,PI,Conab,Estimativa em fevereiro/2026,produto_uf,2024/25,2024,1097.9,3441.0,3777.9,,,,,,,,,,,,,,,,,,,,,,0
UF,SOJA,PI,Conab,Estimativa em fevereiro/2026,produto_uf,2025/26,2025,1148.4,3554.0,4081.4,1097.9,,,,,4.59969031787959,,3441.0,,,,,3.2839290903807106,,3777.9,,,,,8.033563620000539,,1
UF,SOJA,PR,Conab,Estimativa em fevereiro/2026,produto_uf,2024/25,2024,5343.3,3739.0,19978.6,,,,,,,,,,,,,,,,,,,,,,0
UF,SOJA,PR,Conab,Estimativa em fevereiro/2026,produto_uf,2025/26,2025,5412.8,3783.0,20476.6,5343.3,,,,,1.3006943274755267,,3739.0,,,,,1.176785236694311,,19978.6,,,,,2.492667153854633,,1
UF,SOJA,RJ,Conab,Estimativa em fevereiro/2026,produto_uf,2024/25,2024,0.0,0.0,0.0,,,,,,,,,,,,,,,,,,,,,,0
UF,SOJA,RJ,Conab,Estimativa em fevereiro/2026,produto_uf,2025/26,2025,0.0,,0.0,0.0,,,,,,,0.0,,,,,,,0.0,,,,,,,1
UF,SOJA,RN,Conab,Estimativa em fevereiro/2026,produto_uf,2024/25,2024,0.0,0.0,0.0,,,,,,,,,,,,,,,,,,,,,,0
UF,SOJA,RN,Conab,Estimativa em fevereiro/2026,produto_uf,2025/26,2025,0.0,,0.0,0.0,,,,,,,0.0,,,,,,,0.0,,,,,,,1
UF,SOJA,RO,Conab,Estimativa em fevereiro/2026,produto_uf,2024/25,2024,694.7,3799.0,2639.2,,,,,,,,,,,,,,,,,,,,,,0
UF,SOJA,RO,Conab,Estimativa em fevereiro/2026,produto_uf,2025/26,2025,716.9,3748.0,2686.9,694.7,,,,,3.195624010364173,,3799.0,,,,,-1.342458541721503,,2639.2,,,,,1.8073658684449878,,1
UF,SOJA,RR,Conab,Estimativa em fevereiro/2026,produto_uf,2024/25,2024,135.9,3450.0,468.9,,,,,,,,,,,,,,,,,,,,,,0
UF,SOJA,RR,Conab,Estimativa em fevereiro/2026,produto_uf,2025/26,2025,145.5,3295.0,479.4,135.9,,,,,7.064017660044142,,3450.0,,,,,-4.492753623188406,,468.9,,,,,2.2392834293026187,,1
UF,SOJA,RS,Conab,Estimativa em fevereiro/2026,produto_uf,2024/25,2024,7098.7,2342.0,16625.2,,,,,,,,,,,,,,,,,,,,,,0
UF,SOJA,RS,Conab,Estimativa em fevereiro/2026,produto_uf,2025/26,2025,6836.0,3129.0,21389.8,7098.7,,,,,-3.7006775888542953,,2342.0,,,,,33.60375747224595,,16625.2,,,,,28.658903351538623,,1
UF,SOJA,SC,Conab,Estimativa em fevereiro/2026,produto_uf,2024/25,2024,819.8,3933.0,3224.3,,,,,,,,,,,,,,,,,,,,,,0
UF,SOJA,SC,Conab,Estimativa em fevereiro/2026,produto_uf,2025/26,2025,820.6,3800.0,3118.3,819.8,,,,,0.09758477677483945,,3933.0,,,,,-3.3816425120772986,,3224.3,,,,,-3.2875352789752843,,1
UF,SOJA,SE,Conab,Estimativa em fevereiro/2026,produto_uf,2024/25,2024,0.0,0.0,0.0,,,,,,,,,,,,,,,,,,,,,,0
UF,SOJA,SE,Conab,Estimativa em fevereiro/2026,produto_uf,2025/26,2025,0.0,,0.0,0.0,,,,,,,0.0,,,,,,,0.0,,,,,,,1
UF,SOJA,SP,Conab,Estimativa em fevereiro/2026,produto_uf,2024/25,2024,1355.6,3893.0,5277.4,,,,,,,,,,,,,,,,,,,,,,0
UF,SOJA,SP,Conab,Estimativa em fevereiro/2026,produto_uf,2025/26,2025,1396.3,3780.0,5278.0,1355.6,,,,,3.0023605783416896,,3893.0,,,,,-2.9026457744669942,,5277.4,,,,,0.01136923485050012,,1
UF,SOJA,TO,Conab,Estimativa em fevereiro/2026,produto_uf,2024/25,2024,1564.5,3422.0,5353.7,,,,,,,,,,,,,,,,,,,,,,0
UF,SOJA,TO,Conab,Estimativa em fevereiro/2026,produto_uf,2025/26,2025,1680.3,3580.0,6015.5,1564.5,,,,,7.401725790987523,,3422.0,,,,,4.617182933956743,,5353.7,,,,,12.361544352503874,,1
UF,SORGO,AC,Conab,Estimativa em fevereiro/2026,produto_uf,2024/25,2024,0.0,,0.0,,,,,,,,,,,,,,,,,,,,,,0
UF,SORGO,AC,Conab,Estimativa em fevereiro/2026,produto_uf,2025/26,2025,0.0,,0.0,0.0,,,,,,,,,,,,,,0.0,,,,,,,1
UF,SORGO,AL,Conab,Estimativa em fevereiro/2026,produto_uf,2024/25,2024,0.0,0.0,0.0,,,,,,,,,,,,,,,,,,,,,,0
UF,SORGO,AL,Conab,Estimativa em fevereiro/2026,produto_uf,2025/26,2025,0.0,0.0,0.0,0.0,,,,,,,0.0,,,,,,,0.0,,,,,,,1
UF,SORGO,AM,Conab,Estimativa em fevereiro/2026,produto_uf,2024/25,2024,0.0,,0.0,,,,,,,,,,,,,,,,,,,,,,0
UF,SORGO,AM,Conab,Estimativa em fevereiro/2026,produto_uf,2025/26,2025,0.0,,0.0,0.0,,,,,,,,,,,,,,0.0,,,,,,,1
UF,SORGO,AP,Conab,Estimativa em fevereiro/2026,produto_uf,2024/25,2024,0.0,,0.0,,,,,,,,,,,,,,,,,,,,,,0
UF,SORGO,AP,Conab,Estimativa em fevereiro/2026,produto_uf,2025/26,2025,0.0,,0.0,0.0,,,,,,,,,,,,,,0.0,,,,,,,1
UF,SORGO,BA,Conab,Estimativa em fevereiro/2026,produto_uf,2024/25,2024,206.0,3796.0,782.0,,,,,,,,,,,,,,,,,,,,,,0
UF,SORGO,BA,Conab,Estimativa em fevereiro/2026,produto_uf,2025/26,2025,210.3,3796.0,798.3,206.0,,,,,2.0873786407767048,,3796.0,,,,,0.0,,782.0,,,,,2.0843989769820936,,1
UF,SORGO,CE,Conab,Estimativa em fevereiro/2026,produto_uf,2024/25,2024,0.0,,0.0,,,,,,,,,,,,,,,,,,,,,,0
UF,SORGO,CE,Conab,Estimativa em fevereiro/2026,produto_uf,2025/26,2025,0.0,,0.0,0.0,,,,,,,,,,,,,,0.0,,,,,,,1
UF,SORGO,DF,Conab,Estimativa em fevereiro/2026,produto_uf,2024/25,2024,18.5,5640.0,104.3,,,,,,,,,,,,,,,,,,,,,,0
UF,SORGO,DF,Conab,Estimativa em fevereiro/2026,produto_uf,2025/26,2025,18.5,4686.0,86.7,18.5,,,,,0.0,,5640.0,,,,,-16.914893617021278,,104.3,,,,,-16.874400767018216,,1
UF,SORGO,ES,Conab,Estimativa em fevereiro/2026,produto_uf,2024/25,2024,0.0,0.0,0.0,,,,,,,,,,,,,,,,,,,,,,0
UF,SORGO,ES,Conab,Estimativa em fevereiro/2026,produto_uf,2025/26,2025,0.0,0.0,0.0,0.0,,,,,,,0.0,,,,,,,0.0,,,,,,,1
UF,SORGO,GO,Conab,Estimativa em fevereiro/2026,produto_uf,2024/25,2024,394.7,4006.0,1581.2,,,,,,,,,,,,,,,,,,,,,,0
UF,SORGO,GO,Conab,Estimativa em fevereiro/2026,produto_uf,2025/26,2025,438.1,3874.0,1697.2,394.7,,,,,10.995692931340262,,4006.0,,,,,-3.2950574138791766,,1581.2,,,,,7.336200354161404,,1
UF,SORGO,MA,Conab,Estimativa em fevereiro/2026,produto_uf,2024/25,2024,50.6,2465.0,124.7,,,,,,,,,,,,,,,,,,,,,,0
UF,SORGO,MA,Conab,Estimativa em fevereiro/2026,produto_uf,2025/26,2025,80.0,2465.0,197.2,50.6,,,,,58.10276679841897,,2465.0,,,,,0.0,,124.7,,,,,58.13953488372092,,1
UF,SORGO,MG,Conab,Estimativa em fevereiro/2026,produto_uf,2024/25,2024,372.3,3988.0,1484.7,,,,,,,,,,,,,,,,,,,,,,0
UF,SORGO,MG,Conab,Estimativa em fevereiro/2026,produto_uf,2025/26,2025,403.2,3897.0,1571.3,372.3,,,,,8.29975825946816,,3988.0,,,,,-2.281845536609828,,1484.7,,,,,5.832828180777261,,1
UF,SORGO,MS,Conab,Estimativa em fevereiro/2026,produto_uf,2024/25,2024,137.8,4097.0,564.6,,,,,,,,,,,,,,,,,,,,,,0
UF,SORGO,MS,Conab,Estimativa em fevereiro/2026,produto_uf,2025/26,2025,167.8,3894.0,653.4,137.8,,,,,21.77068214804063,,4097.0,,,,,-4.954845008542841,,564.6,,,,,15.727948990435703,,1
UF,SORGO,MT,Conab,Estimativa em fevereiro/2026,produto_uf,2024/25,2024,96.0,3569.0,342.6,,,,,,,,,,,,,,,,,,,,,,0
UF,SORGO,MT,Conab,Estimativa em fevereiro/2026,produto_uf,2025/26,2025,108.9,3569.0,388.7,96.0,,,,,13.437500000000014,,3569.0,,,,,0.0,,342.6,,,,,13.455925277291293,,1
UF,SORGO,PA,Conab,Estimativa em fevereiro/2026,produto_uf,2024/25,2024,82.2,2549.0,209.5,,,,,,,,,,,,,,,,,,,,,,0
UF,SORGO,PA,Conab,Estimativa em fevereiro/2026,produto_uf,2025/26,2025,91.2,2561.0,233.6,82.2,,,,,10.948905109489049,,2549.0,,,,,0.4707728520988663,,209.5,,,,,11.503579952267295,,1
UF,SORGO,PB,Conab,Estimativa em fevereiro/2026,produto_uf,2024/25,2024,0.0,0.0,0.0,,,,,,,,,,,,,,,,,,,,,,0
UF,SORGO,PB,Conab,Estimativa em fevereiro/2026,produto_uf,2025/26,2025,0.0,0.0,0.0,0.0,,,,,,,0.0,,,,,,,0.0,,,,,,,1
UF,SORGO,PE,Conab,Estimativa em fevereiro/2026,produto_uf,2024/25,2024,0.0,0.0,0.0,,,,,,,,,,,,,,,,,,,,,,0
UF,SORGO,PE,Conab,Estimativa em fevereiro/2026,produto_uf,2025/26,2025,0.0,0.0,0.0,0.0,,,,,,,0.0,,,,,,,0.0,,,,,,,1
UF,SORGO,PI,Conab,Estimativa em fevereiro/2026,produto_uf,2024/25,2024,80.9,3900.0,315.5,,,,,,,,,,,,,,,,,,,,,,0
UF,SORGO,PI,Conab,Estimativa em fevereiro/2026,produto_uf,2025/26,2025,87.0,3900.0,339.3,80.9,,,,,7.540173053152022,,3900.0,,,,,0.0,,315.5,,,,,7.543581616481787,,1
UF,SORGO,PR,Conab,Estimativa em fevereiro/2026,produto_uf,2024/25,2024,0.4,2850.0,1.1,,,,,,,,,,,,,,,,,,,,,,0
UF,SORGO,PR,Conab,Estimativa em fevereiro/2026,produto_uf,2025/26,2025,0.4,2850.0,1.1,0.4,,,,,0.0,,2850.0,,,,,0.0,,1.1,,,,,0.0,,1
UF,SORGO,RJ,Conab,Estimativa em fevereiro/2026,produto_uf,2024/25,2024,0.0,0.0,0.0,,,,,,,,,,,,,,,,,,,,,,0
UF,SORGO,RJ,Conab,Estimativa em fevereiro/2026,produto_uf,2025/26,2025,0.0,0.0,0.0,0.0,,,,,,,0.0,,,,,,,0.0,,,,,,,1
UF,SORGO,RN,Conab,Estimativa em fevereiro/2026,produto_uf,2024/25,2024,0.0,0.0,0.0,,,,,,,,,,,,,,,,,,,,,,0
UF,SORGO,RN,Conab,Estimativa em fevereiro/2026,produto_uf,2025/26,2025,0.0,0.0,0.0,0.0,,,,,,,0.0,,,,,,,0.0,,,,,,,1
UF,SORGO,RO,Conab,Estimativa em fevereiro/2026,produto_uf,2024/25,2024,0.0,,0.0,,,,,,,,,,,,,,,,,,,,,,0
UF,SORGO,RO,Conab,Estimativa em fevereiro/2026,produto_uf,2025/26,2025,0.0,,0.0,0.0,,,,,,,,,,,,,,0.0,,,,,,,1
UF,SORGO,RR,Conab,Estimativa em fevereiro/2026,produto_uf,2024/25,2024,0.0,,0.0,,,,,,,,,,,,,,,,,,,,,,0
UF,SORGO,RR,Conab,Estimativa em fevereiro/2026,produto_uf,2025/26,2025,0.0,,0.0,0.0,,,,,,,,,,,,,,0.0,,,,,,,1
UF,SORGO,RS,Conab,Estimativa em fevereiro/2026,produto_uf,2024/25,2024,0.0,0.0,0.0,,,,,,,,,,,,,,,,,,,,,,0
UF,SORGO,RS,Conab,Estimativa em fevereiro/2026,produto_uf,2025/26,2025,6.2,2508.0,15.5,0.0,,,,,,,0.0,,,,,,,0.0,,,,,,,1
UF,SORGO,SC,Conab,Estimativa em fevereiro/2026,produto_uf,2024/25,2024,0.0,0.0,0.0,,,,,,,,,,,,,,,,,,,,,,0
UF,SORGO,SC,Conab,Estimativa em fevereiro/2026,produto_uf,2025/26,2025,0.0,0.0,0.0,0.0,,,,,,,0.0,,,,,,,0.0,,,,,,,1
UF,SORGO,SE,Conab,Estimativa em fevereiro/2026,produto_uf,2024/25,2024,0.0,0.0,0.0,,,,,,,,,,,,,,,,,,,,,,0
UF,SORGO,SE,Conab,Estimativa em fevereiro/2026,produto_uf,2025/26,2025,0.0,0.0,0.0,0.0,,,,,,,0.0,,,,,,,0.0,,,,,,,1
UF,SORGO,SP,Conab,Estimativa em fevereiro/2026,produto_uf,2024/25,2024,138.0,3228.0,445.5,,,,,,,,,,,,,,,,,,,,,,0
UF,SORGO,SP,Conab,Estimativa em fevereiro/2026,produto_uf,2025/26,2025,148.8,3645.0,542.4,138.0,,,,,7.826086956521738,,3228.0,,,,,12.91821561338291,,445.5,,,,,21.750841750841744,,1
UF,SORGO,TO,Conab,Estimativa em fevereiro/2026,produto_uf,2024/25,2024,54.6,2683.0,146.5,,,,,,,,,,,,,,,,,,,,,,0
UF,SORGO,TO,Conab,Estimativa em fevereiro/2026,produto_uf,2025/26,2025,63.3,2683.0,169.8,54.6,,,,,15.934065934065922,,2683.0,,,,,0.0,,146.5,,,,,15.90443686006826,,1
UF,TRIGO,AC,Conab,Estimativa em fevereiro/2026,produto_uf,2024/25,2024,0.0,0.0,0.0,,,,,,,,,,,,,,,,,,,,,,0
UF,TRIGO,AC,Conab,Estimativa em fevereiro/2026,produto_uf,2025/26,2025,0.0,0.0,0.0,0.0,,,,,,,0.0,,,,,,,0.0,,,,,,,1
UF,TRIGO,AL,Conab,Estimativa em fevereiro/2026,produto_uf,2024/25,2024,0.0,0.0,0.0,,,,,,,,,,,,,,,,,,,,,,0
UF,TRIGO,AL,Conab,Estimativa em fevereiro/2026,produto_uf,2025/26,2025,0.0,0.0,0.0,0.0,,,,,,,0.0,,,,,,,0.0,,,,,,,1
UF,TRIGO,AM,Conab,Estimativa em fevereiro/2026,produto_uf,2024/25,2024,0.0,0.0,0.0,,,,,,,,,,,,,,,,,,,,,,0
UF,TRIGO,AM,Conab,Estimativa em fevereiro/2026,produto_uf,2025/26,2025,0.0,0.0,0.0,0.0,,,,,,,0.0,,,,,,,0.0,,,,,,,1
UF,TRIGO,AP,Conab,Estimativa em fevereiro/2026,produto_uf,2024/25,2024,0.0,0.0,0.0,,,,,,,,,,,,,,,,,,,,,,0
UF,TRIGO,AP,Conab,Estimativa em fevereiro/2026,produto_uf,2025/26,2025,0.0,0.0,0.0,0.0,,,,,,,0.0,,,,,,,0.0,,,,,,,1
UF,TRIGO,BA,Conab,Estimativa em fevereiro/2026,produto_uf,2024/25,2024,5.0,6000.0,30.0,,,,,,,,,,,,,,,,,,,,,,0
UF,TRIGO,BA,Conab,Estimativa em fevereiro/2026,produto_uf,2025/26,2025,5.0,6000.0,30.0,5.0,,,,,0.0,,6000.0,,,,,0.0,,30.0,,,,,0.0,,1
UF,TRIGO,CE,Conab,Estimativa em fevereiro/2026,produto_uf,2024/25,2024,0.0,0.0,0.0,,,,,,,,,,,,,,,,,,,,,,0
UF,TRIGO,CE,Conab,Estimativa em fevereiro/2026,produto_uf,2025/26,2025,0.0,0.0,0.0,0.0,,,,,,,0.0,,,,,,,0.0,,,,,,,1
UF,TRIGO,DF,Conab,Estimativa em fevereiro/2026,produto_uf,2024/25,2024,7.4,4001.0,29.6,,,,,,,,,,,,,,,,,,,,,,0
UF,TRIGO,DF,Conab,Estimativa em fevereiro/2026,produto_uf,2025/26,2025,7.9,4001.0,31.6,7.4,,,,,6.756756756756754,,4001.0,,,,,0.0,,29.6,,,,,6.756756756756754,,1
UF,TRIGO,ES,Conab,Estimativa em fevereiro/2026,produto_uf,2024/25,2024,0.0,0.0,0.0,,,,,,,,,,,,,,,,,,,,,,0
UF,TRIGO,ES,Conab,Estimativa em fevereiro/2026,produto_uf,2025/26,2025,0.0,0.0,0.0,0.0,,,,,,,0.0,,,,,,,0.0,,,,,,,1
UF,TRIGO,GO,Conab,Estimativa em fevereiro/2026,produto_uf,2024/25,2024,45.0,4178.0,188.0,,,,,,,,,,,,,,,,,,,,,,0
UF,TRIGO,GO,Conab,Estimativa em fevereiro/2026,produto_uf,2025/26,2025,45.0,4166.0,187.5,45.0,,,,,0.0,,4178.0,,,,,-0.2872187649593072,,188.0,,,,,-0.26595744680850686,,1
UF,TRIGO,MA,Conab,Estimativa em fevereiro/2026,produto_uf,2024/25,2024,0.0,0.0,0.0,,,,,,,,,,,,,,,,,,,,,,0
UF,TRIGO,MA,Conab,Estimativa em fevereiro/2026,produto_uf,2025/26,2025,0.0,0.0,0.0,0.0,,,,,,,0.0,,,,,,,0.0,,,,,,,1
UF,TRIGO,MG,Conab,Estimativa em fevereiro/2026,produto_uf,2024/25,2024,151.1,2804.0,423.7,,,,,,,,,,,,,,,,,,,,,,0
UF,TRIGO,MG,Conab,Estimativa em fevereiro/2026,produto_uf,2025/26,2025,144.1,2678.0,385.9,151.1,,,,,-4.632693580410329,,2804.0,,,,,-4.493580599144076,,423.7,,,,,-8.921406655652586,,1
UF,TRIGO,MS,Conab,Estimativa em fevereiro/2026,produto_uf,2024/25,2024,36.4,2367.0,86.2,,,,,,,,,,,,,,,,,,,,,,0
UF,TRIGO,MS,Conab,Estimativa em fevereiro/2026,produto_uf,2025/26,2025,34.5,2305.0,79.5,36.4,,,,,-5.219780219780212,,2367.0,,,,,-2.619349387410219,,86.2,,,,,-7.772621809744784,,1
UF,TRIGO,MT,Conab,Estimativa em fevereiro/2026,produto_uf,2024/25,2024,0.0,0.0,0.0,,,,,,,,,,,,,,,,,,,,,,0
UF,TRIGO,MT,Conab,Estimativa em fevereiro/2026,produto_uf,2025/26,2025,0.0,0.0,0.0,0.0,,,,,,,0.0,,,,,,,0.0,,,,,,,1
UF,TRIGO,PA,Conab,Estimativa em fevereiro/2026,produto_uf,2024/25,2024,0.0,0.0,0.0,,,,,,,,,,,,,,,,,,,,,,0
UF,TRIGO,PA,Conab,Estimativa em fevereiro/2026,produto_uf,2025/26,2025,0.0,0.0,0.0,0.0,,,,,,,0.0,,,,,,,0.0,,,,,,,1
UF,TRIGO,PB,Conab,Estimativa em fevereiro/2026,produto_uf,2024/25,2024,0.0,0.0,0.0,,,,,,,,,,,,,,,,,,,,,,0
UF,TRIGO,PB,Conab,Estimativa em fevereiro/2026,produto_uf,2025/26,2025,0.0,0.0,0.0,0.0,,,,,,,0.0,,,,,,,0.0,,,,,,,1
UF,TRIGO,PE,Conab,Estimativa em fevereiro/2026,produto_uf,2024/25,2024,0.0,0.0,0.0,,,,,,,,,,,,,,,,,,,,,,0
UF,TRIGO,PE,Conab,Estimativa em fevereiro/2026,produto_uf,2025/26,2025,0.0,0.0,0.0,0.0,,,,,,,0.0,,,,,,,0.0,,,,,,,1
UF,TRIGO,PI,Conab,Estimativa em fevereiro/2026,produto_uf,2024/25,2024,0.0,0.0,0.0,,,,,,,,,,,,,,,,,,,,,,0
UF,TRIGO,PI,Conab,Estimativa em fevereiro/2026,produto_uf,2025/26,2025,0.0,0.0,0.0,0.0,,,,,,,0.0,,,,,,,0.0,,,,,,,1
UF,TRIGO,PR,Conab,Estimativa em fevereiro/2026,produto_uf,2024/25,2024,819.0,3383.0,2770.7,,,,,,,,,,,,,,,,,,,,,,0
UF,TRIGO,PR,Conab,Estimativa em fevereiro/2026,produto_uf,2025/26,2025,819.0,2967.0,2430.0,819.0,,,,,0.0,,3383.0,,,,,-12.296778007685482,,2770.7,,,,,-12.296531562421043,,1
UF,TRIGO,RJ,Conab,Estimativa em fevereiro/2026,produto_uf,2024/25,2024,0.0,0.0,0.0,,,,,,,,,,,,,,,,,,,,,,0
UF,TRIGO,RJ,Conab,Estimativa em fevereiro/2026,produto_uf,2025/26,2025,0.0,0.0,0.0,0.0,,,,,,,0.0,,,,,,,0.0,,,,,,,1
UF,TRIGO,RN,Conab,Estimativa em fevereiro/2026,produto_uf,2024/25,2024,0.0,0.0,0.0,,,,,,,,,,,,,,,,,,,,,,0
UF,TRIGO,RN,Conab,Estimativa em fevereiro/2026,produto_uf,2025/26,2025,0.0,0.0,0.0,0.0,,,,,,,0.0,,,,,,,0.0,,,,,,,1
UF,TRIGO,RO,Conab,Estimativa em fevereiro/2026,produto_uf,2024/25,2024,0.0,0.0,0.0,,,,,,,,,,,,,,,,,,,,,,0
UF,TRIGO,RO,Conab,Estimativa em fevereiro/2026,produto_uf,2025/26,2025,0.0,0.0,0.0,0.0,,,,,,,0.0,,,,,,,0.0,,,,,,,1
UF,TRIGO,RR,Conab,Estimativa em fevereiro/2026,produto_uf,2024/25,2024,0.0,0.0,0.0,,,,,,,,,,,,,,,,,,,,,,0
UF,TRIGO,RR,Conab,Estimativa em fevereiro/2026,produto_uf,2025/26,2025,0.0,0.0,0.0,0.0,,,,,,,0.0,,,,,,,0.0,,,,,,,1
UF,TRIGO,RS,Conab,Estimativa em fevereiro/2026,produto_uf,2024/25,2024,1156.9,3097.0,3582.9,,,,,,,,,,,,,,,,,,,,,,0
UF,TRIGO,RS,Conab,Estimativa em fevereiro/2026,produto_uf,2025/26,2025,1037.7,2924.0,3034.2,1156.9,,,,,-10.30339700924886,,3097.0,,,,,-5.586051017113336,,3582.9,,,,,-15.314410114711553,,1
UF,TRIGO,SC,Conab,Estimativa em fevereiro/2026,produto_uf,2024/25,2024,110.1,3700.0,407.4,,,,,,,,,,,,,,,,,,,,,,0
UF,TRIGO,SC,Conab,Estimativa em fevereiro/2026,produto_uf,2025/26,2025,110.1,3406.0,375.0,110.1,,,,,0.0,,3700.0,,,,,-7.945945945945942,,407.4,,,,,-7.9528718703976375,,1
UF,TRIGO,SE,Conab,Estimativa em fevereiro/2026,produto_uf,2024/25,2024,0.0,0.0,0.0,,,,,,,,,,,,,,,,,,,,,,0
UF,TRIGO,SE,Conab,Estimativa em fevereiro/2026,produto_uf,2025/26,2025,0.0,0.0,0.0,0.0,,,,,,,0.0,,,,,,,0.0,,,,,,,1
UF,TRIGO,SP,Conab,Estimativa em fevereiro/2026,produto_uf,2024/25,2024,115.0,3086.0,354.9,,,,,,,,,,,,,,,,,,,,,,0
UF,TRIGO,SP,Conab,Estimativa em fevereiro/2026,produto_uf,2025/26,2025,115.0,3053.0,351.1,115.0,,,,,0.0,,3086.0,,,,,-1.0693454309786077,,354.9,,,,,-1.0707241476472174,,1
UF,TRIGO,TO,Conab,Estimativa em fevereiro/2026,produto_uf,2024/25,2024,0.0,0.0,0.0,,,,,,,,,,,,,,,,,,,,,,0
UF,TRIGO,TO,Conab,Estimativa em fevereiro/2026,produto_uf,2025/26,2025,0.0,0.0,0.0,0.0,,,,,,,0.0,,,,,,,0.0,,,,,,,1
UF,TRITICALE,AC,Conab,Estimativa em fevereiro/2026,produto_uf,2024/25,2024,0.0,0.0,0.0,,,,,,,,,,,,,,,,,,,,,,0
UF,TRITICALE,AC,Conab,Estimativa em fevereiro/2026,produto_uf,2025/26,2025,0.0,0.0,0.0,0.0,,,,,,,0.0,,,,,,,0.0,,,,,,,1
UF,TRITICALE,AL,Conab,Estimativa em fevereiro/2026,produto_uf,2024/25,2024,0.0,0.0,0.0,,,,,,,,,,,,,,,,,,,,,,0
UF,TRITICALE,AL,Conab,Estimativa em fevereiro/2026,produto_uf,2025/26,2025,0.0,0.0,0.0,0.0,,,,,,,0.0,,,,,,,0.0,,,,,,,1
UF,TRITICALE,AM,Conab,Estimativa em fevereiro/2026,produto_uf,2024/25,2024,0.0,0.0,0.0,,,,,,,,,,,,,,,,,,,,,,0
UF,TRITICALE,AM,Conab,Estimativa em fevereiro/2026,produto_uf,2025/26,2025,0.0,0.0,0.0,0.0,,,,,,,0.0,,,,,,,0.0,,,,,,,1
UF,TRITICALE,AP,Conab,Estimativa em fevereiro/2026,produto_uf,2024/25,2024,0.0,0.0,0.0,,,,,,,,,,,,,,,,,,,,,,0
UF,TRITICALE,AP,Conab,Estimativa em fevereiro/2026,produto_uf,2025/26,2025,0.0,0.0,0.0,0.0,,,,,,,0.0,,,,,,,0.0,,,,,,,1
UF,TRITICALE,BA,Conab,Estimativa em fevereiro/2026,produto_uf,2024/25,2024,0.0,0.0,0.0,,,,,,,,,,,,,,,,,,,,,,0
UF,TRITICALE,BA,Conab,Estimativa em fevereiro/2026,produto_uf,2025/26,2025,0.0,0.0,0.0,0.0,,,,,,,0.0,,,,,,,0.0,,,,,,,1
UF,TRITICALE,CE,Conab,Estimativa em fevereiro/2026,produto_uf,2024/25,2024,0.0,0.0,0.0,,,,,,,,,,,,,,,,,,,,,,0
UF,TRITICALE,CE,Conab,Estimativa em fevereiro/2026,produto_uf,2025/26,2025,0.0,0.0,0.0,0.0,,,,,,,0.0,,,,,,,0.0,,,,,,,1
UF,TRITICALE,DF,Conab,Estimativa em fevereiro/2026,produto_uf,2024/25,2024,0.0,0.0,0.0,,,,,,,,,,,,,,,,,,,,,,0
UF,TRITICALE,DF,Conab,Estimativa em fevereiro/2026,produto_uf,2025/26,2025,0.0,0.0,0.0,0.0,,,,,,,0.0,,,,,,,0.0,,,,,,,1
UF,TRITICALE,ES,Conab,Estimativa em fevereiro/2026,produto_uf,2024/25,2024,0.0,0.0,0.0,,,,,,,,,,,,,,,,,,,,,,0
UF,TRITICALE,ES,Conab,Estimativa em fevereiro/2026,produto_uf,2025/26,2025,0.0,0.0,0.0,0.0,,,,,,,0.0,,,,,,,0.0,,,,,,,1
UF,TRITICALE,GO,Conab,Estimativa em fevereiro/2026,produto_uf,2024/25,2024,0.0,0.0,0.0,,,,,,,,,,,,,,,,,,,,,,0
UF,TRITICALE,GO,Conab,Estimativa em fevereiro/2026,produto_uf,2025/26,2025,0.0,0.0,0.0,0.0,,,,,,,0.0,,,,,,,0.0,,,,,,,1
UF,TRITICALE,MA,Conab,Estimativa em fevereiro/2026,produto_uf,2024/25,2024,0.0,0.0,0.0,,,,,,,,,,,,,,,,,,,,,,0
UF,TRITICALE,MA,Conab,Estimativa em fevereiro/2026,produto_uf,2025/26,2025,0.0,0.0,0.0,0.0,,,,,,,0.0,,,,,,,0.0,,,,,,,1
UF,TRITICALE,MG,Conab,Estimativa em fevereiro/2026,produto_uf,2024/25,2024,0.0,0.0,0.0,,,,,,,,,,,,,,,,,,,,,,0
UF,TRITICALE,MG,Conab,Estimativa em fevereiro/2026,produto_uf,2025/26,2025,0.0,0.0,0.0,0.0,,,,,,,0.0,,,,,,,0.0,,,,,,,1
UF,TRITICALE,MS,Conab,Estimativa em fevereiro/2026,produto_uf,2024/25,2024,0.0,0.0,0.0,,,,,,,,,,,,,,,,,,,,,,0
UF,TRITICALE,MS,Conab,Estimativa em fevereiro/2026,produto_uf,2025/26,2025,0.0,0.0,0.0,0.0,,,,,,,0.0,,,,,,,0.0,,,,,,,1
UF,TRITICALE,MT,Conab,Estimativa em fevereiro/2026,produto_uf,2024/25,2024,0.0,0.0,0.0,,,,,,,,,,,,,,,,,,,,,,0
UF,TRITICALE,MT,Conab,Estimativa em fevereiro/2026,produto_uf,2025/26,2025,0.0,0.0,0.0,0.0,,,,,,,0.0,,,,,,,0.0,,,,,,,1
UF,TRITICALE,PA,Conab,Estimativa em fevereiro/2026,produto_uf,2024/25,2024,0.0,0.0,0.0,,,,,,,,,,,,,,,,,,,,,,0
UF,TRITICALE,PA,Conab,Estimativa em fevereiro/2026,produto_uf,2025/26,2025,0.0,0.0,0.0,0.0,,,,,,,0.0,,,,,,,0.0,,,,,,,1
UF,TRITICALE,PB,Conab,Estimativa em fevereiro/2026,produto_uf,2024/25,2024,0.0,0.0,0.0,,,,,,,,,,,,,,,,,,,,,,0
UF,TRITICALE,PB,Conab,Estimativa em fevereiro/2026,produto_uf,2025/26,2025,0.0,0.0,0.0,0.0,,,,,,,0.0,,,,,,,0.0,,,,,,,1
UF,TRITICALE,PE,Conab,Estimativa em fevereiro/2026,produto_uf,2024/25,2024,0.0,0.0,0.0,,,,,,,,,,,,,,,,,,,,,,0
UF,TRITICALE,PE,Conab,Estimativa em fevereiro/2026,produto_uf,2025/26,2025,0.0,0.0,0.0,0.0,,,,,,,0.0,,,,,,,0.0,,,,,,,1
UF,TRITICALE,PI,Conab,Estimativa em fevereiro/2026,produto_uf,2024/25,2024,0.0,0.0,0.0,,,,,,,,,,,,,,,,,,,,,,0
UF,TRITICALE,PI,Conab,Estimativa em fevereiro/2026,produto_uf,2025/26,2025,0.0,0.0,0.0,0.0,,,,,,,0.0,,,,,,,0.0,,,,,,,1
UF,TRITICALE,PR,Conab,Estimativa em fevereiro/2026,produto_uf,2024/25,2024,6.0,3415.0,20.5,,,,,,,,,,,,,,,,,,,,,,0
UF,TRITICALE,PR,Conab,Estimativa em fevereiro/2026,produto_uf,2025/26,2025,6.0,3113.0,18.7,6.0,,,,,0.0,,3415.0,,,,,-8.843338213762808,,20.5,,,,,-8.780487804878057,,1
UF,TRITICALE,RJ,Conab,Estimativa em fevereiro/2026,produto_uf,2024/25,2024,0.0,0.0,0.0,,,,,,,,,,,,,,,,,,,,,,0
UF,TRITICALE,RJ,Conab,Estimativa em fevereiro/2026,produto_uf,2025/26,2025,0.0,0.0,0.0,0.0,,,,,,,0.0,,,,,,,0.0,,,,,,,1
UF,TRITICALE,RN,Conab,Estimativa em fevereiro/2026,produto_uf,2024/25,2024,0.0,0.0,0.0,,,,,,,,,,,,,,,,,,,,,,0
UF,TRITICALE,RN,Conab,Estimativa em fevereiro/2026,produto_uf,2025/26,2025,0.0,0.0,0.0,0.0,,,,,,,0.0,,,,,,,0.0,,,,,,,1
UF,TRITICALE,RO,Conab,Estimativa em fevereiro/2026,produto_uf,2024/25,2024,0.0,0.0,0.0,,,,,,,,,,,,,,,,,,,,,,0
UF,TRITICALE,RO,Conab,Estimativa em fevereiro/2026,produto_uf,2025/26,2025,0.0,0.0,0.0,0.0,,,,,,,0.0,,,,,,,0.0,,,,,,,1
UF,TRITICALE,RR,Conab,Estimativa em fevereiro/2026,produto_uf,2024/25,2024,0.0,0.0,0.0,,,,,,,,,,,,,,,,,,,,,,0
UF,TRITICALE,RR,Conab,Estimativa em fevereiro/2026,produto_uf,2025/26,2025,0.0,0.0,0.0,0.0,,,,,,,0.0,,,,,,,0.0,,,,,,,1
UF,TRITICALE,RS,Conab,Estimativa em fevereiro/2026,produto_uf,2024/25,2024,3.6,3076.0,11.1,,,,,,,,,,,,,,,,,,,,,,0
UF,TRITICALE,RS,Conab,Estimativa em fevereiro/2026,produto_uf,2025/26,2025,3.6,2764.0,10.0,3.6,,,,,0.0,,3076.0,,,,,-10.143042912873867,,11.1,,,,,-9.909909909909908,,1
UF,TRITICALE,SC,Conab,Estimativa em fevereiro/2026,produto_uf,2024/25,2024,0.0,0.0,0.0,,,,,,,,,,,,,,,,,,,,,,0
UF,TRITICALE,SC,Conab,Estimativa em fevereiro/2026,produto_uf,2025/26,2025,0.0,0.0,0.0,0.0,,,,,,,0.0,,,,,,,0.0,,,,,,,1
UF,TRITICALE,SE,Conab,Estimativa em fevereiro/2026,produto_uf,2024/25,2024,0.0,0.0,0.0,,,,,,,,,,,,,,,,,,,,,,0
UF,TRITICALE,SE,Conab,Estimativa em fevereiro/2026,produto_uf,2025/26,2025,0.0,0.0,0.0,0.0,,,,,,,0.0,,,,,,,0.0,,,,,,,1
UF,TRITICALE,SP,Conab,Estimativa em fevereiro/2026,produto_uf,2024/25,2024,1.8,2789.0,5.0,,,,,,,,,,,,,,,,,,,,,,0
UF,TRITICALE,SP,Conab,Estimativa em fevereiro/2026,produto_uf,2025/26,2025,1.8,2745.0,4.9,1.8,,,,,0.0,,2789.0,,,,,-1.577626389386877,,5.0,,,,,-1.9999999999999907,,1
UF,TRITICALE,TO,Conab,Estimativa em fevereiro/2026,produto_uf,2024/25,2024,0.0,0.0,0.0,,,,,,,,,,,,,,,,,,,,,,0
UF,TRITICALE,TO,Conab,Estimativa em fevereiro/2026,produto_uf,2025/26,2025,0.0,0.0,0.0,0.0,,,,,,,0.0,,,,,,,0.0,,,,,,,1
AGREGADO_REGIONAL,TODAS,CENTRO-SUL,Conab,Estimativa em fevereiro/2026,uf,2024/25,2024,65734.8,4536.153,298183.1,,,,,,,,,,,,,,,,,,,,,,0
AGREGADO_REGIONAL,TODAS,CENTRO-SUL,Conab,Estimativa em fevereiro/2026,uf,2025/26,2025,66589.1,4466.851,297443.6,65734.8,,,,,1.299616032908002,,4536.153,,,,,-1.5277703375525586,,298183.1,,,,,-0.2480019826744062,,1
AGREGADO_REGIONAL,TODAS,NORTE/NORDESTE,Conab,Estimativa em fevereiro/2026,uf,2024/25,2024,16000.0,3379.739,54075.82,,,,,,,,,,,,,,,,,,,,,,0
AGREGADO_REGIONAL,TODAS,NORTE/NORDESTE,Conab,Estimativa em fevereiro/2026,uf,2025/26,2025,16668.8,3355.51,55932.32,16000.0,,,,,4.180000000000006,,3379.739,,,,,-0.7168896769839228,,54075.82,,,,,3.4331425764787316,,1
REGIAO,TODAS,CENTRO-OESTE,Conab,Estimativa em fevereiro/2026,uf,2024/25,2024,36724.5,4881.992,179288.7,,,,,,,,,,,,,,,,,,,,,,0
REGIAO,TODAS,CENTRO-OESTE,Conab,Estimativa em fevereiro/2026,uf,2025/26,2025,37583.8,4658.065,175067.8,36724.5,,,,,2.339854865280677,,4881.992,,,,,-4.586795717813564,,179288.7,,,,,-2.3542476463937922,,1
REGIAO,TODAS,NORDESTE,Conab,Estimativa em fevereiro/2026,uf,2024/25,2024,10041.6,3128.139,31411.52,,,,,,,,,,,,,,,,,,,,,,0
REGIAO,TODAS,NORDESTE,Conab,Estimativa em fevereiro/2026,uf,2025/26,2025,10295.4,3113.014,32049.72,10041.6,,,,,2.527485659655815,,3128.139,,,,,-0.48351431953631563,,31411.52,,,,,2.031738674218886,,1
REGIAO,TODAS,NORTE,Conab,Estimativa em fevereiro/2026,uf,2024/25,2024,5958.4,3803.756,22664.3,,,,,,,,,,,,,,,,,,,,,,0
REGIAO,TODAS,NORTE,Conab,Estimativa em fevereiro/2026,uf,2025/26,2025,6373.4,3747.231,23882.6,5958.4,,,,,6.964957035445751,,3803.756,,,,,-1.4860311755012567,,22664.3,,,,,5.375414197658879,,1
REGIAO,TODAS,SUDESTE,Conab,Estimativa em fevereiro/2026,uf,2024/25,2024,6994.0,4311.31,30153.3,,,,,,,,,,,,,,,,,,,,,,0
REGIAO,TODAS,SUDESTE,Conab,Estimativa em fevereiro/2026,uf,2025/26,2025,7172.0,4282.669,30715.3,6994.0,,,,,2.545038604518157,,4311.31,,,,,-0.6643224449181417,,30153.3,,,,,1.8638092679739815,,1
REGIAO,TODAS,SUL,Conab,Estimativa em fevereiro/2026,uf,2024/25,2024,22016.3,4030.7,88741.1,,,,,,,,,,,,,,,,,,,,,,0
REGIAO,TODAS,SUL,Conab,Estimativa em fevereiro/2026,uf,2025/26,2025,21833.3,4198.197,91660.5,22016.3,,,,,-0.8312023364507204,,4030.7,,,,,4.155531297293291,,88741.1,,,,,3.289794694904602,,1
TOTAL_BRASIL,TODAS,BRASIL,Conab,Estimativa em fevereiro/2026,uf,2024/25,2024,81734.8,4309.779,352258.92,,,,,,,,,,,,,,,,,,,,,,0
TOTAL_BRASIL,TODAS,BRASIL,Conab,Estimativa em fevereiro/2026,uf,2025/26,2025,83257.9,4244.353,353375.92,81734.8,,,,,1.8634657453128867,,4309.779,,,,,-1.5180824817235483,,352258.92,,,,,0.3170962995060478,,1
UF,TODAS,AC,Conab,Estimativa em fevereiro/2026,uf,2024/25,2024,68.7,3081.514,211.7,,,,,,,,,,,,,,,,,,,,,,0
UF,TODAS,AC,Conab,Estimativa em fevereiro/2026,uf,2025/26,2025,73.2,3247.268,237.7,68.7,,,,,6.550218340611358,,3081.514,,,,,5.378979293944464,,211.7,,,,,12.281530467642888,,1
UF,TODAS,AL,Conab,Estimativa em fevereiro/2026,uf,2024/25,2024,59.3,3578.415,212.2,,,,,,,,,,,,,,,,,,,,,,0
UF,TODAS,AL,Conab,Estimativa em fevereiro/2026,uf,2025/26,2025,59.9,2666.11,159.7,59.3,,,,,1.0118043844856706,,3578.415,,,,,-25.494667331765598,,212.2,,,,,-24.740810556079175,,1
UF,TODAS,AM,Conab,Estimativa em fevereiro/2026,uf,2024/25,2024,28.6,3024.476,86.5,,,,,,,,,,,,,,,,,,,,,,0
UF,TODAS,AM,Conab,Estimativa em fevereiro/2026,uf,2025/26,2025,34.3,2959.184,101.5,28.6,,,,,19.930069930069916,,3024.476,,,,,-2.1587871750346155,,86.5,,,,,17.34104046242775,,1
UF,TODAS,AP,Conab,Estimativa em fevereiro/2026,uf,2024/25,2024,14.0,2142.857,30.0,,,,,,,,,,,,,,,,,,,,,,0
UF,TODAS,AP,Conab,Estimativa em fevereiro/2026,uf,2025/26,2025,15.7,2254.777,35.4,14.0,,,,,12.142857142857144,,2142.857,,,,,5.222933681528907,,30.0,,,,,17.999999999999993,,1
UF,TODAS,BA,Conab,Estimativa em fevereiro/2026,uf,2024/25,2024,3941.2,3555.262,14012.0,,,,,,,,,,,,,,,,,,,,,,0
UF,TODAS,BA,Conab,Estimativa em fevereiro/2026,uf,2025/26,2025,4110.9,3505.194,14409.5,3941.2,,,,,4.305795189282446,,3555.262,,,,,-1.408278771016036,,14012.0,,,,,2.8368541250356927,,1
UF,TODAS,CE,Conab,Estimativa em fevereiro/2026,uf,2024/25,2024,938.7,379.376,356.12,,,,,,,,,,,,,,,,,,,,,,0
UF,TODAS,CE,Conab,Estimativa em fevereiro/2026,uf,2025/26,2025,935.5,619.797,579.82,938.7,,,,,-0.34089698519229605,,379.376,,,,,63.37274893509344,,356.12,,,,,62.81590475120746,,1
UF,TODAS,DF,Conab,Estimativa em fevereiro/2026,uf,2024/25,2024,186.4,4997.318,931.5,,,,,,,,,,,,,,,,,,,,,,0
UF,TODAS,DF,Conab,Estimativa em fevereiro/2026,uf,2025/26,2025,187.0,4877.54,912.1,186.4,,,,,0.32188841201716833,,4997.318,,,,,-2.396845668016334,,931.5,,,,,-2.082662372517441,,1
UF,TODAS,ES,Conab,Estimativa em fevereiro/2026,uf,2024/25,2024,25.2,2829.365,71.3,,,,,,,,,,,,,,,,,,,,,,0
UF,TODAS,ES,Conab,Estimativa em fevereiro/2026,uf,2025/26,2025,25.6,2660.156,68.1,25.2,,,,,1.5873015873016039,,2829.365,,,,,-5.980458512775833,,71.3,,,,,-4.488078541374474,,1
UF,TODAS,GO,Conab,Estimativa em fevereiro/2026,uf,2024/25,2024,7593.0,4920.993,37365.1,,,,,,,,,,,,,,,,,,,,,,0
UF,TODAS,GO,Conab,Estimativa em fevereiro/2026,uf,2025/26,2025,7803.1,4598.57,35883.1,7593.0,,,,,2.7670222573422887,,4920.993,,,,,-6.551990624656456,,37365.1,,,,,-3.9662679880423157,,1
UF,TODAS,MA,Conab,Estimativa em fevereiro/2026,uf,2024/25,2024,2257.6,3894.578,8792.4,,,,,,,,,,,,,,,,,,,,,,0
UF,TODAS,MA,Conab,Estimativa em fevereiro/2026,uf,2025/26,2025,2352.5,3742.104,8803.3,2257.6,,,,,4.2035790219702385,,3894.578,,,,,-3.915032642817784,,8792.4,,,,,0.1239707019698777,,1
UF,TODAS,MG,Conab,Estimativa em fevereiro/2026,uf,2024/25,2024,4298.0,4283.062,18408.6,,,,,,,,,,,,,,,,,,,,,,0
UF,TODAS,MG,Conab,Estimativa em fevereiro/2026,uf,2025/26,2025,4398.5,4280.255,18826.7,4298.0,,,,,2.3382968822708294,,4283.062,,,,,-0.06553722547093521,,18408.6,,,,,2.271221059722106,,1
UF,TODAS,MS,Conab,Estimativa em fevereiro/2026,uf,2024/25,2024,6645.0,4303.446,28596.4,,,,,,,,,,,,,,,,,,,,,,0
UF,TODAS,MS,Conab,Estimativa em fevereiro/2026,uf,2025/26,2025,6845.4,4263.286,29183.9,6645.0,,,,,3.0158013544018036,,4303.446,,,,,-0.9332056217273288,,28596.4,,,,,2.054454406848416,,1
UF,TODAS,MT,Conab,Estimativa em fevereiro/2026,uf,2024/25,2024,22300.1,5040.143,112395.7,,,,,,,,,,,,,,,,,,,,,,0
UF,TODAS,MT,Conab,Estimativa em fevereiro/2026,uf,2025/26,2025,22748.3,4795.466,109088.7,22300.1,,,,,2.0098564580427913,,5040.143,,,,,-4.85456464231272,,112395.7,,,,,-2.94228337916842,,1
UF,TODAS,PA,Conab,Estimativa em fevereiro/2026,uf,2024/25,2024,2023.8,3479.593,7042.0,,,,,,,,,,,,,,,,,,,,,,0
UF,TODAS,PA,Conab,Estimativa em fevereiro/2026,uf,2025/26,2025,2237.0,3339.383,7470.2,2023.8,,,,,10.534637810060277,,3479.593,,,,,-4.029494254069366,,7042.0,,,,,6.080658903720537,,1
UF,TODAS,PB,Conab,Estimativa em fevereiro/2026,uf,2024/25,2024,224.2,388.046,87.0,,,,,,,,,,,,,,,,,,,,,,0
UF,TODAS,PB,Conab,Estimativa em fevereiro/2026,uf,2025/26,2025,226.1,530.739,120.0,224.2,,,,,0.8474576271186418,,388.046,,,,,36.77218680259558,,87.0,,,,,37.93103448275863,,1
UF,TODAS,PE,Conab,Estimativa em fevereiro/2026,uf,2024/25,2024,370.7,947.127,351.1,,,,,,,,,,,,,,,,,,,,,,0
UF,TODAS,PE,Conab,Estimativa em fevereiro/2026,uf,2025/26,2025,368.5,930.258,342.8,370.7,,,,,-0.5934718100890191,,947.127,,,,,-1.7810705428099816,,351.1,,,,,-2.3639988607234486,,1
UF,TODAS,PI,Conab,Estimativa em fevereiro/2026,uf,2024/25,2024,1942.6,3221.456,6258.0,,,,,,,,,,,,,,,,,,,,,,0
UF,TODAS,PI,Conab,Estimativa em fevereiro/2026,uf,2025/26,2025,1940.5,3314.713,6432.2,1942.6,,,,,-0.10810254298362354,,3221.456,,,,,2.8948711390129223,,6258.0,,,,,2.7836369447107767,,1
UF,TODAS,PR,Conab,Estimativa em fevereiro/2026,uf,2024/25,2024,9954.9,4491.286,44710.3,,,,,,,,,,,,,,,,,,,,,,0
UF,TODAS,PR,Conab,Estimativa em fevereiro/2026,uf,2025/26,2025,10052.9,4456.963,44805.4,9954.9,,,,,0.9844398236044549,,4491.286,,,,,-0.764213189718943,,44710.3,,,,,0.21270266582866793,,1
UF,TODAS,RJ,Conab,Estimativa em fevereiro/2026,uf,2024/25,2024,2.8,3285.714,9.2,,,,,,,,,,,,,,,,,,,,,,0
UF,TODAS,RJ,Conab,Estimativa em fevereiro/2026,uf,2025/26,2025,2.6,3423.077,8.9,2.8,,,,,-7.142857142857128,,3285.714,,,,,4.180613407009881,,9.2,,,,,-3.2608695652173836,,1
UF,TODAS,RN,Conab,Estimativa em fevereiro/2026,uf,2024/25,2024,112.6,273.535,30.8,,,,,,,,,,,,,,,,,,,,,,0
UF,TODAS,RN,Conab,Estimativa em fevereiro/2026,uf,2025/26,2025,107.0,391.589,41.9,112.6,,,,,-4.9733570159857905,,273.535,,,,,43.158645145959376,,30.8,,,,,36.03896103896103,,1
UF,TODAS,RO,Conab,Estimativa em fevereiro/2026,uf,2024/25,2024,1242.8,4368.925,5429.7,,,,,,,,,,,,,,,,,,,,,,0
UF,TODAS,RO,Conab,Estimativa em fevereiro/2026,uf,2025/26,2025,1277.2,4356.326,5563.9,1242.8,,,,,2.767943353717417,,4368.925,,,,,-0.288377575719434,,5429.7,,,,,2.471591432307485,,1
UF,TODAS,RR,Conab,Estimativa em fevereiro/2026,uf,2024/25,2024,171.9,4027.341,692.3,,,,,,,,,,,,,,,,,,,,,,0
UF,TODAS,RR,Conab,Estimativa em fevereiro/2026,uf,2025/26,2025,181.5,3866.116,701.7,171.9,,,,,5.584642233856885,,4027.341,,,,,-4.003261705427974,,692.3,,,,,1.3577928643651704,,1
UF,TODAS,RS,Conab,Estimativa em fevereiro/2026,uf,2024/25,2024,10632.4,3376.425,35899.5,,,,,,,,,,,,,,,,,,,,,,0
UF,TODAS,RS,Conab,Estimativa em fevereiro/2026,uf,2025/26,2025,10336.0,3765.364,38918.8,10632.4,,,,,-2.7877055039313814,,3376.425,,,,,11.51925483314451,,35899.5,,,,,8.41042354350341,,1
UF,TODAS,SC,Conab,Estimativa em fevereiro/2026,uf,2024/25,2024,1429.0,5690.203,8131.3,,,,,,,,,,,,,,,,,,,,,,0
UF,TODAS,SC,Conab,Estimativa em fevereiro/2026,uf,2025/26,2025,1444.4,5494.531,7936.3,1429.0,,,,,1.0776766969909035,,5690.203,,,,,-3.4387525365966787,,8131.3,,,,,-2.398140518736236,,1
UF,TODAS,SE,Conab,Estimativa em fevereiro/2026,uf,2024/25,2024,194.7,6738.059,1311.9,,,,,,,,,,,,,,,,,,,,,,0
UF,TODAS,SE,Conab,Estimativa em fevereiro/2026,uf,2025/26,2025,194.5,5966.581,1160.5,194.7,,,,,-0.10272213662043672,,6738.059,,,,,-11.449558396564951,,1311.9,,,,,-11.540513758670635,,1
UF,TODAS,SP,Conab,Estimativa em fevereiro/2026,uf,2024/25,2024,2668.0,4371.889,11664.2,,,,,,,,,,,,,,,,,,,,,,0
UF,TODAS,SP,Conab,Estimativa em fevereiro/2026,uf,2025/26,2025,2745.3,4302.481,11811.6,2668.0,,,,,2.897301349325354,,4371.889,,,,,-1.587597489323278,,11664.2,,,,,1.2636957528163073,,1
UF,TODAS,TO,Conab,Estimativa em fevereiro/2026,uf,2024/25,2024,2408.6,3808.063,9172.1,,,,,,,,,,,,,,,,,,,,,,0
UF,TODAS,TO,Conab,Estimativa em fevereiro/2026,uf,2025/26,2025,2554.5,3825.484,9772.2,2408.6,,,,,6.057460765589973,,3808.063,,,,,0.4574766751495485,,9172.1,,,,,6.542667437119087,,1
