modelo,MAE,RMSE,MAPE,R2,observacoes,status,grao,tipo_linha,produto,regiao_uf,alvo
baseline_ingenuo,388.39999999999964,388.39999999999964,7.200059320777095,,2,,produto,PRODUTO,ALGODÃO - CAROÇO (1),BRASIL,producao_mil_t
regressao_linear,,,,,2,historico_insuficiente,produto,PRODUTO,ALGODÃO - CAROÇO (1),BRASIL,producao_mil_t
random_forest,,,,,2,historico_insuficiente,produto,PRODUTO,ALGODÃO - CAROÇO (1),BRASIL,producao_mil_t
xgboost,,,,,2,historico_insuficiente,produto,PRODUTO,ALGODÃO - CAROÇO (1),BRASIL,producao_mil_t
exponential_smoothing,,,,,2,historico_insuficiente,produto,PRODUTO,ALGODÃO - CAROÇO (1),BRASIL,producao_mil_t
baseline_ingenuo,273.0999999999999,273.0999999999999,7.181172758348669,,2,,produto,PRODUTO,ALGODÃO - PLUMA,BRASIL,producao_mil_t
regressao_linear,,,,,2,historico_insuficiente,produto,PRODUTO,ALGODÃO - PLUMA,BRASIL,producao_mil_t
random_forest,,,,,2,historico_insuficiente,produto,PRODUTO,ALGODÃO - PLUMA,BRASIL,producao_mil_t
xgboost,,,,,2,historico_insuficiente,produto,PRODUTO,ALGODÃO - PLUMA,BRASIL,producao_mil_t
exponential_smoothing,,,,,2,historico_insuficiente,produto,PRODUTO,ALGODÃO - PLUMA,BRASIL,producao_mil_t
baseline_ingenuo,43.700000000000045,43.700000000000045,3.6682615629984086,,2,,produto,PRODUTO,AMENDOIM 1ª SAFRA,BRASIL,producao_mil_t
regressao_linear,,,,,2,historico_insuficiente,produto,PRODUTO,AMENDOIM 1ª SAFRA,BRASIL,producao_mil_t
random_forest,,,,,2,historico_insuficiente,produto,PRODUTO,AMENDOIM 1ª SAFRA,BRASIL,producao_mil_t
xgboost,,,,,2,historico_insuficiente,produto,PRODUTO,AMENDOIM 1ª SAFRA,BRASIL,producao_mil_t
exponential_smoothing,,,,,2,historico_insuficiente,produto,PRODUTO,AMENDOIM 1ª SAFRA,BRASIL,producao_mil_t
baseline_ingenuo,0.09999999999999964,0.09999999999999964,0.8333333333333304,,2,,produto,PRODUTO,AMENDOIM 2ª SAFRA,BRASIL,producao_mil_t
regressao_linear,,,,,2,historico_insuficiente,produto,PRODUTO,AMENDOIM 2ª SAFRA,BRASIL,producao_mil_t
random_forest,,,,,2,historico_insuficiente,produto,PRODUTO,AMENDOIM 2ª SAFRA,BRASIL,producao_mil_t
xgboost,,,,,2,historico_insuficiente,produto,PRODUTO,AMENDOIM 2ª SAFRA,BRASIL,producao_mil_t
exponential_smoothing,,,,,2,historico_insuficiente,produto,PRODUTO,AMENDOIM 2ª SAFRA,BRASIL,producao_mil_t
baseline_ingenuo,43.600000000000136,43.600000000000136,3.623369068395258,,2,,produto,PRODUTO,AMENDOIM TOTAL,BRASIL,producao_mil_t
regressao_linear,,,,,2,historico_insuficiente,produto,PRODUTO,AMENDOIM TOTAL,BRASIL,producao_mil_t
random_forest,,,,,2,historico_insuficiente,produto,PRODUTO,AMENDOIM TOTAL,BRASIL,producao_mil_t
xgboost,,,,,2,historico_insuficiente,produto,PRODUTO,AMENDOIM TOTAL,BRASIL,producao_mil_t
exponential_smoothing,,,,,2,historico_insuficiente,produto,PRODUTO,AMENDOIM TOTAL,BRASIL,producao_mil_t
baseline_ingenuo,1843.1000000000004,1843.1000000000004,16.886555622743852,,2,,produto,PRODUTO,ARROZ,BRASIL,producao_mil_t
regressao_linear,,,,,2,historico_insuficiente,produto,PRODUTO,ARROZ,BRASIL,producao_mil_t
random_forest,,,,,2,historico_insuficiente,produto,PRODUTO,ARROZ,BRASIL,producao_mil_t
xgboost,,,,,2,historico_insuficiente,produto,PRODUTO,ARROZ,BRASIL,producao_mil_t
exponential_smoothing,,,,,2,historico_insuficiente,produto,PRODUTO,ARROZ,BRASIL,producao_mil_t
baseline_ingenuo,1503.7000000000025,1503.7000000000025,14.894312486380501,,2,,produto,PRODUTO,ARROZ IRRIGADO,BRASIL,producao_mil_t
regressao_linear,,,,,2,historico_insuficiente,produto,PRODUTO,ARROZ IRRIGADO,BRASIL,producao_mil_t
random_forest,,,,,2,historico_insuficiente,produto,PRODUTO,ARROZ IRRIGADO,BRASIL,producao_mil_t
xgboost,,,,,2,historico_insuficiente,produto,PRODUTO,ARROZ IRRIGADO,BRASIL,producao_mil_t
exponential_smoothing,,,,,2,historico_insuficiente,produto,PRODUTO,ARROZ IRRIGADO,BRASIL,producao_mil_t
baseline_ingenuo,339.4000000000001,339.4000000000001,41.45090376160236,,2,,produto,PRODUTO,ARROZ SEQUEIRO,BRASIL,producao_mil_t
regressao_linear,,,,,2,historico_insuficiente,produto,PRODUTO,ARROZ SEQUEIRO,BRASIL,producao_mil_t
random_forest,,,,,2,historico_insuficiente,produto,PRODUTO,ARROZ SEQUEIRO,BRASIL,producao_mil_t
xgboost,,,,,2,historico_insuficiente,produto,PRODUTO,ARROZ SEQUEIRO,BRASIL,producao_mil_t
exponential_smoothing,,,,,2,historico_insuficiente,produto,PRODUTO,ARROZ SEQUEIRO,BRASIL,producao_mil_t
baseline_ingenuo,145.60000000000014,145.60000000000014,12.697305310892137,,2,,produto,PRODUTO,AVEIA,BRASIL,producao_mil_t
regressao_linear,,,,,2,historico_insuficiente,produto,PRODUTO,AVEIA,BRASIL,producao_mil_t
random_forest,,,,,2,historico_insuficiente,produto,PRODUTO,AVEIA,BRASIL,producao_mil_t
xgboost,,,,,2,historico_insuficiente,produto,PRODUTO,AVEIA,BRASIL,producao_mil_t
exponential_smoothing,,,,,2,historico_insuficiente,produto,PRODUTO,AVEIA,BRASIL,producao_mil_t
baseline_ingenuo,101.69999999999999,101.69999999999999,22.777155655095182,,2,,produto,PRODUTO,CANOLA,BRASIL,producao_mil_t
regressao_linear,,,,,2,historico_insuficiente,produto,PRODUTO,CANOLA,BRASIL,producao_mil_t
random_forest,,,,,2,historico_insuficiente,produto,PRODUTO,CANOLA,BRASIL,producao_mil_t
xgboost,,,,,2,historico_insuficiente,produto,PRODUTO,CANOLA,BRASIL,producao_mil_t
exponential_smoothing,,,,,2,historico_insuficiente,produto,PRODUTO,CANOLA,BRASIL,producao_mil_t
baseline_ingenuo,4.399999999999999,4.399999999999999,12.222222222222218,,2,,produto,PRODUTO,CAUPI,BRASIL,producao_mil_t
regressao_linear,,,,,2,historico_insuficiente,produto,PRODUTO,CAUPI,BRASIL,producao_mil_t
random_forest,,,,,2,historico_insuficiente,produto,PRODUTO,CAUPI,BRASIL,producao_mil_t
xgboost,,,,,2,historico_insuficiente,produto,PRODUTO,CAUPI,BRASIL,producao_mil_t
exponential_smoothing,,,,,2,historico_insuficiente,produto,PRODUTO,CAUPI,BRASIL,producao_mil_t
baseline_ingenuo,0.2999999999999998,0.2999999999999998,6.382978723404251,,2,,produto,PRODUTO,CENTEIO,BRASIL,producao_mil_t
regressao_linear,,,,,2,historico_insuficiente,produto,PRODUTO,CENTEIO,BRASIL,producao_mil_t
random_forest,,,,,2,historico_insuficiente,produto,PRODUTO,CENTEIO,BRASIL,producao_mil_t
xgboost,,,,,2,historico_insuficiente,produto,PRODUTO,CENTEIO,BRASIL,producao_mil_t
exponential_smoothing,,,,,2,historico_insuficiente,produto,PRODUTO,CENTEIO,BRASIL,producao_mil_t
baseline_ingenuo,22.299999999999955,22.299999999999955,3.8165326031148297,,2,,produto,PRODUTO,CEVADA,BRASIL,producao_mil_t
regressao_linear,,,,,2,historico_insuficiente,produto,PRODUTO,CEVADA,BRASIL,producao_mil_t
random_forest,,,,,2,historico_insuficiente,produto,PRODUTO,CEVADA,BRASIL,producao_mil_t
xgboost,,,,,2,historico_insuficiente,produto,PRODUTO,CEVADA,BRASIL,producao_mil_t
exponential_smoothing,,,,,2,historico_insuficiente,produto,PRODUTO,CEVADA,BRASIL,producao_mil_t
baseline_ingenuo,36.399999999999864,36.399999999999864,5.594835536427892,,2,,produto,PRODUTO,CORES,BRASIL,producao_mil_t
regressao_linear,,,,,2,historico_insuficiente,produto,PRODUTO,CORES,BRASIL,producao_mil_t
random_forest,,,,,2,historico_insuficiente,produto,PRODUTO,CORES,BRASIL,producao_mil_t
xgboost,,,,,2,historico_insuficiente,produto,PRODUTO,CORES,BRASIL,producao_mil_t
exponential_smoothing,,,,,2,historico_insuficiente,produto,PRODUTO,CORES,BRASIL,producao_mil_t
baseline_ingenuo,95.5,95.5,9.873862696443341,,2,,produto,PRODUTO,FEIJÃO 1ª SAFRA,BRASIL,producao_mil_t
regressao_linear,,,,,2,historico_insuficiente,produto,PRODUTO,FEIJÃO 1ª SAFRA,BRASIL,producao_mil_t
random_forest,,,,,2,historico_insuficiente,produto,PRODUTO,FEIJÃO 1ª SAFRA,BRASIL,producao_mil_t
xgboost,,,,,2,historico_insuficiente,produto,PRODUTO,FEIJÃO 1ª SAFRA,BRASIL,producao_mil_t
exponential_smoothing,,,,,2,historico_insuficiente,produto,PRODUTO,FEIJÃO 1ª SAFRA,BRASIL,producao_mil_t
baseline_ingenuo,37.19999999999982,37.19999999999982,2.8694847269361166,,2,,produto,PRODUTO,FEIJÃO 2ª SAFRA,BRASIL,producao_mil_t
regressao_linear,,,,,2,historico_insuficiente,produto,PRODUTO,FEIJÃO 2ª SAFRA,BRASIL,producao_mil_t
random_forest,,,,,2,historico_insuficiente,produto,PRODUTO,FEIJÃO 2ª SAFRA,BRASIL,producao_mil_t
xgboost,,,,,2,historico_insuficiente,produto,PRODUTO,FEIJÃO 2ª SAFRA,BRASIL,producao_mil_t
exponential_smoothing,,,,,2,historico_insuficiente,produto,PRODUTO,FEIJÃO 2ª SAFRA,BRASIL,producao_mil_t
baseline_ingenuo,38.89999999999998,38.89999999999998,5.536578423000281,,2,,produto,PRODUTO,FEIJÃO 3ª SAFRA,BRASIL,producao_mil_t
regressao_linear,,,,,2,historico_insuficiente,produto,PRODUTO,FEIJÃO 3ª SAFRA,BRASIL,producao_mil_t
random_forest,,,,,2,historico_insuficiente,produto,PRODUTO,FEIJÃO 3ª SAFRA,BRASIL,producao_mil_t
xgboost,,,,,2,historico_insuficiente,produto,PRODUTO,FEIJÃO 3ª SAFRA,BRASIL,producao_mil_t
exponential_smoothing,,,,,2,historico_insuficiente,produto,PRODUTO,FEIJÃO 3ª SAFRA,BRASIL,producao_mil_t
baseline_ingenuo,93.80000000000018,93.80000000000018,3.162401807086753,,2,,produto,PRODUTO,FEIJÃO TOTAL,BRASIL,producao_mil_t
regressao_linear,,,,,2,historico_insuficiente,produto,PRODUTO,FEIJÃO TOTAL,BRASIL,producao_mil_t
random_forest,,,,,2,historico_insuficiente,produto,PRODUTO,FEIJÃO TOTAL,BRASIL,producao_mil_t
xgboost,,,,,2,historico_insuficiente,produto,PRODUTO,FEIJÃO TOTAL,BRASIL,producao_mil_t
exponential_smoothing,,,,,2,historico_insuficiente,produto,PRODUTO,FEIJÃO TOTAL,BRASIL,producao_mil_t
baseline_ingenuo,0.0,0.0,0.0,,2,,produto,PRODUTO,GERGELIM,BRASIL,producao_mil_t
regressao_linear,,,,,2,historico_insuficiente,produto,PRODUTO,GERGELIM,BRASIL,producao_mil_t
random_forest,,,,,2,historico_insuficiente,produto,PRODUTO,GERGELIM,BRASIL,producao_mil_t
xgboost,,,,,2,historico_insuficiente,produto,PRODUTO,GERGELIM,BRASIL,producao_mil_t
exponential_smoothing,,,,,2,historico_insuficiente,produto,PRODUTO,GERGELIM,BRASIL,producao_mil_t
baseline_ingenuo,2.0999999999999943,2.0999999999999943,2.0487804878048728,,2,,produto,PRODUTO,GIRASSOL,BRASIL,producao_mil_t
regressao_linear,,,,,2,historico_insuficiente,produto,PRODUTO,GIRASSOL,BRASIL,producao_mil_t
random_forest,,,,,2,historico_insuficiente,produto,PRODUTO,GIRASSOL,BRASIL,producao_mil_t
xgboost,,,,,2,historico_insuficiente,produto,PRODUTO,GIRASSOL,BRASIL,producao_mil_t
exponential_smoothing,,,,,2,historico_insuficiente,produto,PRODUTO,GIRASSOL,BRASIL,producao_mil_t
baseline_ingenuo,47.300000000000026,47.300000000000026,32.106978007059475,,2,,produto,PRODUTO,MAMONA,BRASIL,producao_mil_t
regressao_linear,,,,,2,historico_insuficiente,produto,PRODUTO,MAMONA,BRASIL,producao_mil_t
random_forest,,,,,2,historico_insuficiente,produto,PRODUTO,MAMONA,BRASIL,producao_mil_t
xgboost,,,,,2,historico_insuficiente,produto,PRODUTO,MAMONA,BRASIL,producao_mil_t
exponential_smoothing,,,,,2,historico_insuficiente,produto,PRODUTO,MAMONA,BRASIL,producao_mil_t
baseline_ingenuo,1764.5000000000036,1764.5000000000036,6.608539978951561,,2,,produto,PRODUTO,MILHO 1ª SAFRA,BRASIL,producao_mil_t
regressao_linear,,,,,2,historico_insuficiente,produto,PRODUTO,MILHO 1ª SAFRA,BRASIL,producao_mil_t
random_forest,,,,,2,historico_insuficiente,produto,PRODUTO,MILHO 1ª SAFRA,BRASIL,producao_mil_t
xgboost,,,,,2,historico_insuficiente,produto,PRODUTO,MILHO 1ª SAFRA,BRASIL,producao_mil_t
exponential_smoothing,,,,,2,historico_insuficiente,produto,PRODUTO,MILHO 1ª SAFRA,BRASIL,producao_mil_t
baseline_ingenuo,3965.699999999997,3965.699999999997,3.629509430025066,,2,,produto,PRODUTO,MILHO 2ª SAFRA,BRASIL,producao_mil_t
regressao_linear,,,,,2,historico_insuficiente,produto,PRODUTO,MILHO 2ª SAFRA,BRASIL,producao_mil_t
random_forest,,,,,2,historico_insuficiente,produto,PRODUTO,MILHO 2ª SAFRA,BRASIL,producao_mil_t
xgboost,,,,,2,historico_insuficiente,produto,PRODUTO,MILHO 2ª SAFRA,BRASIL,producao_mil_t
exponential_smoothing,,,,,2,historico_insuficiente,produto,PRODUTO,MILHO 2ª SAFRA,BRASIL,producao_mil_t
baseline_ingenuo,508.2999999999997,508.2999999999997,20.452259284593396,,2,,produto,PRODUTO,MILHO 3ª SAFRA,BRASIL,producao_mil_t
regressao_linear,,,,,2,historico_insuficiente,produto,PRODUTO,MILHO 3ª SAFRA,BRASIL,producao_mil_t
random_forest,,,,,2,historico_insuficiente,produto,PRODUTO,MILHO 3ª SAFRA,BRASIL,producao_mil_t
xgboost,,,,,2,historico_insuficiente,produto,PRODUTO,MILHO 3ª SAFRA,BRASIL,producao_mil_t
exponential_smoothing,,,,,2,historico_insuficiente,produto,PRODUTO,MILHO 3ª SAFRA,BRASIL,producao_mil_t
baseline_ingenuo,2709.399999999994,2709.399999999994,1.9569774110461484,,2,,produto,PRODUTO,MILHO TOTAL,BRASIL,producao_mil_t
regressao_linear,,,,,2,historico_insuficiente,produto,PRODUTO,MILHO TOTAL,BRASIL,producao_mil_t
random_forest,,,,,2,historico_insuficiente,produto,PRODUTO,MILHO TOTAL,BRASIL,producao_mil_t
xgboost,,,,,2,historico_insuficiente,produto,PRODUTO,MILHO TOTAL,BRASIL,producao_mil_t
exponential_smoothing,,,,,2,historico_insuficiente,produto,PRODUTO,MILHO TOTAL,BRASIL,producao_mil_t
baseline_ingenuo,1.7000000000000028,1.7000000000000028,10.493827160493845,,2,,produto,PRODUTO,PRETO,BRASIL,producao_mil_t
regressao_linear,,,,,2,historico_insuficiente,produto,PRODUTO,PRETO,BRASIL,producao_mil_t
random_forest,,,,,2,historico_insuficiente,produto,PRODUTO,PRETO,BRASIL,producao_mil_t
xgboost,,,,,2,historico_insuficiente,produto,PRODUTO,PRETO,BRASIL,producao_mil_t
exponential_smoothing,,,,,2,historico_insuficiente,produto,PRODUTO,PRETO,BRASIL,producao_mil_t
baseline_ingenuo,6504.5,6504.5,3.654521448436666,,2,,produto,PRODUTO,SOJA,BRASIL,producao_mil_t
regressao_linear,,,,,2,historico_insuficiente,produto,PRODUTO,SOJA,BRASIL,producao_mil_t
random_forest,,,,,2,historico_insuficiente,produto,PRODUTO,SOJA,BRASIL,producao_mil_t
xgboost,,,,,2,historico_insuficiente,produto,PRODUTO,SOJA,BRASIL,producao_mil_t
exponential_smoothing,,,,,2,historico_insuficiente,produto,PRODUTO,SOJA,BRASIL,producao_mil_t
baseline_ingenuo,592.2999999999993,592.2999999999993,8.847561431025458,,2,,produto,PRODUTO,SORGO,BRASIL,producao_mil_t
regressao_linear,,,,,2,historico_insuficiente,produto,PRODUTO,SORGO,BRASIL,producao_mil_t
random_forest,,,,,2,historico_insuficiente,produto,PRODUTO,SORGO,BRASIL,producao_mil_t
xgboost,,,,,2,historico_insuficiente,produto,PRODUTO,SORGO,BRASIL,producao_mil_t
exponential_smoothing,,,,,2,historico_insuficiente,produto,PRODUTO,SORGO,BRASIL,producao_mil_t
baseline_ingenuo,968.6000000000004,968.6000000000004,14.027922604564946,,2,,produto,PRODUTO,TRIGO,BRASIL,producao_mil_t
regressao_linear,,,,,2,historico_insuficiente,produto,PRODUTO,TRIGO,BRASIL,producao_mil_t
random_forest,,,,,2,historico_insuficiente,produto,PRODUTO,TRIGO,BRASIL,producao_mil_t
xgboost,,,,,2,historico_insuficiente,produto,PRODUTO,TRIGO,BRASIL,producao_mil_t
exponential_smoothing,,,,,2,historico_insuficiente,produto,PRODUTO,TRIGO,BRASIL,producao_mil_t
baseline_ingenuo,3.0,3.0,8.928571428571429,,2,,produto,PRODUTO,TRITICALE,BRASIL,producao_mil_t
regressao_linear,,,,,2,historico_insuficiente,produto,PRODUTO,TRITICALE,BRASIL,producao_mil_t
random_forest,,,,,2,historico_insuficiente,produto,PRODUTO,TRITICALE,BRASIL,producao_mil_t
xgboost,,,,,2,historico_insuficiente,produto,PRODUTO,TRITICALE,BRASIL,producao_mil_t
exponential_smoothing,,,,,2,historico_insuficiente,produto,PRODUTO,TRITICALE,BRASIL,producao_mil_t
baseline_ingenuo,331.89999999999964,331.89999999999964,8.4683489398617,,2,,produto_uf,REGIAO,ALGODÃO - CAROÇO (1),CENTRO-OESTE,producao_mil_t
regressao_linear,,,,,2,historico_insuficiente,produto_uf,REGIAO,ALGODÃO - CAROÇO (1),CENTRO-OESTE,producao_mil_t
random_forest,,,,,2,historico_insuficiente,produto_uf,REGIAO,ALGODÃO - CAROÇO (1),CENTRO-OESTE,producao_mil_t
xgboost,,,,,2,historico_insuficiente,produto_uf,REGIAO,ALGODÃO - CAROÇO (1),CENTRO-OESTE,producao_mil_t
exponential_smoothing,,,,,2,historico_insuficiente,produto_uf,REGIAO,ALGODÃO - CAROÇO (1),CENTRO-OESTE,producao_mil_t
baseline_ingenuo,61.100000000000136,61.100000000000136,4.781655971200512,,2,,produto_uf,REGIAO,ALGODÃO - CAROÇO (1),NORDESTE,producao_mil_t
regressao_linear,,,,,2,historico_insuficiente,produto_uf,REGIAO,ALGODÃO - CAROÇO (1),NORDESTE,producao_mil_t
random_forest,,,,,2,historico_insuficiente,produto_uf,REGIAO,ALGODÃO - CAROÇO (1),NORDESTE,producao_mil_t
xgboost,,,,,2,historico_insuficiente,produto_uf,REGIAO,ALGODÃO - CAROÇO (1),NORDESTE,producao_mil_t
exponential_smoothing,,,,,2,historico_insuficiente,produto_uf,REGIAO,ALGODÃO - CAROÇO (1),NORDESTE,producao_mil_t
baseline_ingenuo,1.1999999999999957,1.1999999999999957,1.8691588785046662,,2,,produto_uf,REGIAO,ALGODÃO - CAROÇO (1),NORTE,producao_mil_t
regressao_linear,,,,,2,historico_insuficiente,produto_uf,REGIAO,ALGODÃO - CAROÇO (1),NORTE,producao_mil_t
random_forest,,,,,2,historico_insuficiente,produto_uf,REGIAO,ALGODÃO - CAROÇO (1),NORTE,producao_mil_t
xgboost,,,,,2,historico_insuficiente,produto_uf,REGIAO,ALGODÃO - CAROÇO (1),NORTE,producao_mil_t
exponential_smoothing,,,,,2,historico_insuficiente,produto_uf,REGIAO,ALGODÃO - CAROÇO (1),NORTE,producao_mil_t
baseline_ingenuo,3.4000000000000057,3.4000000000000057,2.609363008442061,,2,,produto_uf,REGIAO,ALGODÃO - CAROÇO (1),SUDESTE,producao_mil_t
regressao_linear,,,,,2,historico_insuficiente,produto_uf,REGIAO,ALGODÃO - CAROÇO (1),SUDESTE,producao_mil_t
random_forest,,,,,2,historico_insuficiente,produto_uf,REGIAO,ALGODÃO - CAROÇO (1),SUDESTE,producao_mil_t
xgboost,,,,,2,historico_insuficiente,produto_uf,REGIAO,ALGODÃO - CAROÇO (1),SUDESTE,producao_mil_t
exponential_smoothing,,,,,2,historico_insuficiente,produto_uf,REGIAO,ALGODÃO - CAROÇO (1),SUDESTE,producao_mil_t
baseline_ingenuo,0.0,0.0,0.0,,2,,produto_uf,REGIAO,ALGODÃO - CAROÇO (1),SUL,producao_mil_t
regressao_linear,,,,,2,historico_insuficiente,produto_uf,REGIAO,ALGODÃO - CAROÇO (1),SUL,producao_mil_t
random_forest,,,,,2,historico_insuficiente,produto_uf,REGIAO,ALGODÃO - CAROÇO (1),SUL,producao_mil_t
xgboost,,,,,2,historico_insuficiente,produto_uf,REGIAO,ALGODÃO - CAROÇO (1),SUL,producao_mil_t
exponential_smoothing,,,,,2,historico_insuficiente,produto_uf,REGIAO,ALGODÃO - CAROÇO (1),SUL,producao_mil_t
baseline_ingenuo,232.5,232.5,8.468094405594407,,2,,produto_uf,REGIAO,ALGODÃO - PLUMA,CENTRO-OESTE,producao_mil_t
regressao_linear,,,,,2,historico_insuficiente,produto_uf,REGIAO,ALGODÃO - PLUMA,CENTRO-OESTE,producao_mil_t
random_forest,,,,,2,historico_insuficiente,produto_uf,REGIAO,ALGODÃO - PLUMA,CENTRO-OESTE,producao_mil_t
xgboost,,,,,2,historico_insuficiente,produto_uf,REGIAO,ALGODÃO - PLUMA,CENTRO-OESTE,producao_mil_t
exponential_smoothing,,,,,2,historico_insuficiente,produto_uf,REGIAO,ALGODÃO - PLUMA,CENTRO-OESTE,producao_mil_t
baseline_ingenuo,43.89999999999998,43.89999999999998,4.774333877107121,,2,,produto_uf,REGIAO,ALGODÃO - PLUMA,NORDESTE,producao_mil_t
regressao_linear,,,,,2,historico_insuficiente,produto_uf,REGIAO,ALGODÃO - PLUMA,NORDESTE,producao_mil_t
random_forest,,,,,2,historico_insuficiente,produto_uf,REGIAO,ALGODÃO - PLUMA,NORDESTE,producao_mil_t
xgboost,,,,,2,historico_insuficiente,produto_uf,REGIAO,ALGODÃO - PLUMA,NORDESTE,producao_mil_t
exponential_smoothing,,,,,2,historico_insuficiente,produto_uf,REGIAO,ALGODÃO - PLUMA,NORDESTE,producao_mil_t
baseline_ingenuo,0.8000000000000043,0.8000000000000043,1.932367149758464,,2,,produto_uf,REGIAO,ALGODÃO - PLUMA,NORTE,producao_mil_t
regressao_linear,,,,,2,historico_insuficiente,produto_uf,REGIAO,ALGODÃO - PLUMA,NORTE,producao_mil_t
random_forest,,,,,2,historico_insuficiente,produto_uf,REGIAO,ALGODÃO - PLUMA,NORTE,producao_mil_t
xgboost,,,,,2,historico_insuficiente,produto_uf,REGIAO,ALGODÃO - PLUMA,NORTE,producao_mil_t
exponential_smoothing,,,,,2,historico_insuficiente,produto_uf,REGIAO,ALGODÃO - PLUMA,NORTE,producao_mil_t
baseline_ingenuo,2.5,2.5,2.6455026455026456,,2,,produto_uf,REGIAO,ALGODÃO - PLUMA,SUDESTE,producao_mil_t
regressao_linear,,,,,2,historico_insuficiente,produto_uf,REGIAO,ALGODÃO - PLUMA,SUDESTE,producao_mil_t
random_forest,,,,,2,historico_insuficiente,produto_uf,REGIAO,ALGODÃO - PLUMA,SUDESTE,producao_mil_t
xgboost,,,,,2,historico_insuficiente,produto_uf,REGIAO,ALGODÃO - PLUMA,SUDESTE,producao_mil_t
exponential_smoothing,,,,,2,historico_insuficiente,produto_uf,REGIAO,ALGODÃO - PLUMA,SUDESTE,producao_mil_t
baseline_ingenuo,0.0,0.0,0.0,,2,,produto_uf,REGIAO,ALGODÃO - PLUMA,SUL,producao_mil_t
regressao_linear,,,,,2,historico_insuficiente,produto_uf,REGIAO,ALGODÃO - PLUMA,SUL,producao_mil_t
random_forest,,,,,2,historico_insuficiente,produto_uf,REGIAO,ALGODÃO - PLUMA,SUL,producao_mil_t
xgboost,,,,,2,historico_insuficiente,produto_uf,REGIAO,ALGODÃO - PLUMA,SUL,producao_mil_t
exponential_smoothing,,,,,2,historico_insuficiente,produto_uf,REGIAO,ALGODÃO - PLUMA,SUL,producao_mil_t
baseline_ingenuo,6.900000000000006,6.900000000000006,3.8205980066445218,,2,,produto_uf,REGIAO,AMENDOIM TOTAL,CENTRO-OESTE,producao_mil_t
regressao_linear,,,,,2,historico_insuficiente,produto_uf,REGIAO,AMENDOIM TOTAL,CENTRO-OESTE,producao_mil_t
random_forest,,,,,2,historico_insuficiente,produto_uf,REGIAO,AMENDOIM TOTAL,CENTRO-OESTE,producao_mil_t
xgboost,,,,,2,historico_insuficiente,produto_uf,REGIAO,AMENDOIM TOTAL,CENTRO-OESTE,producao_mil_t
exponential_smoothing,,,,,2,historico_insuficiente,produto_uf,REGIAO,AMENDOIM TOTAL,CENTRO-OESTE,producao_mil_t
baseline_ingenuo,0.09999999999999964,0.09999999999999964,2.7027027027026933,,2,,produto_uf,REGIAO,AMENDOIM TOTAL,NORDESTE,producao_mil_t
regressao_linear,,,,,2,historico_insuficiente,produto_uf,REGIAO,AMENDOIM TOTAL,NORDESTE,producao_mil_t
random_forest,,,,,2,historico_insuficiente,produto_uf,REGIAO,AMENDOIM TOTAL,NORDESTE,producao_mil_t
xgboost,,,,,2,historico_insuficiente,produto_uf,REGIAO,AMENDOIM TOTAL,NORDESTE,producao_mil_t
exponential_smoothing,,,,,2,historico_insuficiente,produto_uf,REGIAO,AMENDOIM TOTAL,NORDESTE,producao_mil_t
baseline_ingenuo,0.3999999999999999,0.3999999999999999,9.999999999999998,,2,,produto_uf,REGIAO,AMENDOIM TOTAL,NORTE,producao_mil_t
regressao_linear,,,,,2,historico_insuficiente,produto_uf,REGIAO,AMENDOIM TOTAL,NORTE,producao_mil_t
random_forest,,,,,2,historico_insuficiente,produto_uf,REGIAO,AMENDOIM TOTAL,NORTE,producao_mil_t
xgboost,,,,,2,historico_insuficiente,produto_uf,REGIAO,AMENDOIM TOTAL,NORTE,producao_mil_t
exponential_smoothing,,,,,2,historico_insuficiente,produto_uf,REGIAO,AMENDOIM TOTAL,NORTE,producao_mil_t
baseline_ingenuo,38.40000000000009,38.40000000000009,3.7993469872365777,,2,,produto_uf,REGIAO,AMENDOIM TOTAL,SUDESTE,producao_mil_t
regressao_linear,,,,,2,historico_insuficiente,produto_uf,REGIAO,AMENDOIM TOTAL,SUDESTE,producao_mil_t
random_forest,,,,,2,historico_insuficiente,produto_uf,REGIAO,AMENDOIM TOTAL,SUDESTE,producao_mil_t
xgboost,,,,,2,historico_insuficiente,produto_uf,REGIAO,AMENDOIM TOTAL,SUDESTE,producao_mil_t
exponential_smoothing,,,,,2,historico_insuficiente,produto_uf,REGIAO,AMENDOIM TOTAL,SUDESTE,producao_mil_t
baseline_ingenuo,2.0,2.0,46.51162790697674,,2,,produto_uf,REGIAO,AMENDOIM TOTAL,SUL,producao_mil_t
regressao_linear,,,,,2,historico_insuficiente,produto_uf,REGIAO,AMENDOIM TOTAL,SUL,producao_mil_t
random_forest,,,,,2,historico_insuficiente,produto_uf,REGIAO,AMENDOIM TOTAL,SUL,producao_mil_t
xgboost,,,,,2,historico_insuficiente,produto_uf,REGIAO,AMENDOIM TOTAL,SUL,producao_mil_t
exponential_smoothing,,,,,2,historico_insuficiente,produto_uf,REGIAO,AMENDOIM TOTAL,SUL,producao_mil_t
baseline_ingenuo,262.5,262.5,49.83861780899942,,2,,produto_uf,REGIAO,ARROZ,CENTRO-OESTE,producao_mil_t
regressao_linear,,,,,2,historico_insuficiente,produto_uf,REGIAO,ARROZ,CENTRO-OESTE,producao_mil_t
random_forest,,,,,2,historico_insuficiente,produto_uf,REGIAO,ARROZ,CENTRO-OESTE,producao_mil_t
xgboost,,,,,2,historico_insuficiente,produto_uf,REGIAO,ARROZ,CENTRO-OESTE,producao_mil_t
exponential_smoothing,,,,,2,historico_insuficiente,produto_uf,REGIAO,ARROZ,CENTRO-OESTE,producao_mil_t
baseline_ingenuo,64.59999999999997,64.59999999999997,16.198595787362077,,2,,produto_uf,REGIAO,ARROZ,NORDESTE,producao_mil_t
regressao_linear,,,,,2,historico_insuficiente,produto_uf,REGIAO,ARROZ,NORDESTE,producao_mil_t
random_forest,,,,,2,historico_insuficiente,produto_uf,REGIAO,ARROZ,NORDESTE,producao_mil_t
xgboost,,,,,2,historico_insuficiente,produto_uf,REGIAO,ARROZ,NORDESTE,producao_mil_t
exponential_smoothing,,,,,2,historico_insuficiente,produto_uf,REGIAO,ARROZ,NORDESTE,producao_mil_t
baseline_ingenuo,257.9,257.9,26.895400980289914,,2,,produto_uf,REGIAO,ARROZ,NORTE,producao_mil_t
regressao_linear,,,,,2,historico_insuficiente,produto_uf,REGIAO,ARROZ,NORTE,producao_mil_t
random_forest,,,,,2,historico_insuficiente,produto_uf,REGIAO,ARROZ,NORTE,producao_mil_t
xgboost,,,,,2,historico_insuficiente,produto_uf,REGIAO,ARROZ,NORTE,producao_mil_t
exponential_smoothing,,,,,2,historico_insuficiente,produto_uf,REGIAO,ARROZ,NORTE,producao_mil_t
baseline_ingenuo,23.100000000000023,23.100000000000023,19.170124481327818,,2,,produto_uf,REGIAO,ARROZ,SUDESTE,producao_mil_t
regressao_linear,,,,,2,historico_insuficiente,produto_uf,REGIAO,ARROZ,SUDESTE,producao_mil_t
random_forest,,,,,2,historico_insuficiente,produto_uf,REGIAO,ARROZ,SUDESTE,producao_mil_t
xgboost,,,,,2,historico_insuficiente,produto_uf,REGIAO,ARROZ,SUDESTE,producao_mil_t
exponential_smoothing,,,,,2,historico_insuficiente,produto_uf,REGIAO,ARROZ,SUDESTE,producao_mil_t
baseline_ingenuo,1235.0000000000018,1235.0000000000018,13.861297237841924,,2,,produto_uf,REGIAO,ARROZ,SUL,producao_mil_t
regressao_linear,,,,,2,historico_insuficiente,produto_uf,REGIAO,ARROZ,SUL,producao_mil_t
random_forest,,,,,2,historico_insuficiente,produto_uf,REGIAO,ARROZ,SUL,producao_mil_t
xgboost,,,,,2,historico_insuficiente,produto_uf,REGIAO,ARROZ,SUL,producao_mil_t
exponential_smoothing,,,,,2,historico_insuficiente,produto_uf,REGIAO,ARROZ,SUL,producao_mil_t
baseline_ingenuo,9.700000000000003,9.700000000000003,17.798165137614685,,2,,produto_uf,REGIAO,AVEIA,CENTRO-OESTE,producao_mil_t
regressao_linear,,,,,2,historico_insuficiente,produto_uf,REGIAO,AVEIA,CENTRO-OESTE,producao_mil_t
random_forest,,,,,2,historico_insuficiente,produto_uf,REGIAO,AVEIA,CENTRO-OESTE,producao_mil_t
xgboost,,,,,2,historico_insuficiente,produto_uf,REGIAO,AVEIA,CENTRO-OESTE,producao_mil_t
exponential_smoothing,,,,,2,historico_insuficiente,produto_uf,REGIAO,AVEIA,CENTRO-OESTE,producao_mil_t
baseline_ingenuo,0.0,0.0,,,2,,produto_uf,REGIAO,AVEIA,NORDESTE,producao_mil_t
regressao_linear,,,,,2,historico_insuficiente,produto_uf,REGIAO,AVEIA,NORDESTE,producao_mil_t
random_forest,,,,,2,historico_insuficiente,produto_uf,REGIAO,AVEIA,NORDESTE,producao_mil_t
xgboost,,,,,2,historico_insuficiente,produto_uf,REGIAO,AVEIA,NORDESTE,producao_mil_t
exponential_smoothing,,,,,2,historico_insuficiente,produto_uf,REGIAO,AVEIA,NORDESTE,producao_mil_t
baseline_ingenuo,0.0,0.0,,,2,,produto_uf,REGIAO,AVEIA,NORTE,producao_mil_t
regressao_linear,,,,,2,historico_insuficiente,produto_uf,REGIAO,AVEIA,NORTE,producao_mil_t
random_forest,,,,,2,historico_insuficiente,produto_uf,REGIAO,AVEIA,NORTE,producao_mil_t
xgboost,,,,,2,historico_insuficiente,produto_uf,REGIAO,AVEIA,NORTE,producao_mil_t
exponential_smoothing,,,,,2,historico_insuficiente,produto_uf,REGIAO,AVEIA,NORTE,producao_mil_t
baseline_ingenuo,0.0,0.0,,,2,,produto_uf,REGIAO,AVEIA,SUDESTE,producao_mil_t
regressao_linear,,,,,2,historico_insuficiente,produto_uf,REGIAO,AVEIA,SUDESTE,producao_mil_t
random_forest,,,,,2,historico_insuficiente,produto_uf,REGIAO,AVEIA,SUDESTE,producao_mil_t
xgboost,,,,,2,historico_insuficiente,produto_uf,REGIAO,AVEIA,SUDESTE,producao_mil_t
exponential_smoothing,,,,,2,historico_insuficiente,produto_uf,REGIAO,AVEIA,SUDESTE,producao_mil_t
baseline_ingenuo,135.89999999999986,135.89999999999986,12.44277604834278,,2,,produto_uf,REGIAO,AVEIA,SUL,producao_mil_t
regressao_linear,,,,,2,historico_insuficiente,produto_uf,REGIAO,AVEIA,SUL,producao_mil_t
random_forest,,,,,2,historico_insuficiente,produto_uf,REGIAO,AVEIA,SUL,producao_mil_t
xgboost,,,,,2,historico_insuficiente,produto_uf,REGIAO,AVEIA,SUL,producao_mil_t
exponential_smoothing,,,,,2,historico_insuficiente,produto_uf,REGIAO,AVEIA,SUL,producao_mil_t
baseline_ingenuo,0.0,0.0,,,2,,produto_uf,REGIAO,CANOLA,CENTRO-OESTE,producao_mil_t
regressao_linear,,,,,2,historico_insuficiente,produto_uf,REGIAO,CANOLA,CENTRO-OESTE,producao_mil_t
random_forest,,,,,2,historico_insuficiente,produto_uf,REGIAO,CANOLA,CENTRO-OESTE,producao_mil_t
xgboost,,,,,2,historico_insuficiente,produto_uf,REGIAO,CANOLA,CENTRO-OESTE,producao_mil_t
exponential_smoothing,,,,,2,historico_insuficiente,produto_uf,REGIAO,CANOLA,CENTRO-OESTE,producao_mil_t
baseline_ingenuo,0.0,0.0,,,2,,produto_uf,REGIAO,CANOLA,NORDESTE,producao_mil_t
regressao_linear,,,,,2,historico_insuficiente,produto_uf,REGIAO,CANOLA,NORDESTE,producao_mil_t
random_forest,,,,,2,historico_insuficiente,produto_uf,REGIAO,CANOLA,NORDESTE,producao_mil_t
xgboost,,,,,2,historico_insuficiente,produto_uf,REGIAO,CANOLA,NORDESTE,producao_mil_t
exponential_smoothing,,,,,2,historico_insuficiente,produto_uf,REGIAO,CANOLA,NORDESTE,producao_mil_t
baseline_ingenuo,0.0,0.0,,,2,,produto_uf,REGIAO,CANOLA,NORTE,producao_mil_t
regressao_linear,,,,,2,historico_insuficiente,produto_uf,REGIAO,CANOLA,NORTE,producao_mil_t
random_forest,,,,,2,historico_insuficiente,produto_uf,REGIAO,CANOLA,NORTE,producao_mil_t
xgboost,,,,,2,historico_insuficiente,produto_uf,REGIAO,CANOLA,NORTE,producao_mil_t
exponential_smoothing,,,,,2,historico_insuficiente,produto_uf,REGIAO,CANOLA,NORTE,producao_mil_t
baseline_ingenuo,0.0,0.0,,,2,,produto_uf,REGIAO,CANOLA,SUDESTE,producao_mil_t
regressao_linear,,,,,2,historico_insuficiente,produto_uf,REGIAO,CANOLA,SUDESTE,producao_mil_t
random_forest,,,,,2,historico_insuficiente,produto_uf,REGIAO,CANOLA,SUDESTE,producao_mil_t
xgboost,,,,,2,historico_insuficiente,produto_uf,REGIAO,CANOLA,SUDESTE,producao_mil_t
exponential_smoothing,,,,,2,historico_insuficiente,produto_uf,REGIAO,CANOLA,SUDESTE,producao_mil_t
baseline_ingenuo,101.69999999999999,101.69999999999999,22.777155655095182,,2,,produto_uf,REGIAO,CANOLA,SUL,producao_mil_t
regressao_linear,,,,,2,historico_insuficiente,produto_uf,REGIAO,CANOLA,SUL,producao_mil_t
random_forest,,,,,2,historico_insuficiente,produto_uf,REGIAO,CANOLA,SUL,producao_mil_t
xgboost,,,,,2,historico_insuficiente,produto_uf,REGIAO,CANOLA,SUL,producao_mil_t
exponential_smoothing,,,,,2,historico_insuficiente,produto_uf,REGIAO,CANOLA,SUL,producao_mil_t
baseline_ingenuo,0.0,0.0,,,2,,produto_uf,REGIAO,CENTEIO,CENTRO-OESTE,producao_mil_t
regressao_linear,,,,,2,historico_insuficiente,produto_uf,REGIAO,CENTEIO,CENTRO-OESTE,producao_mil_t
random_forest,,,,,2,historico_insuficiente,produto_uf,REGIAO,CENTEIO,CENTRO-OESTE,producao_mil_t
xgboost,,,,,2,historico_insuficiente,produto_uf,REGIAO,CENTEIO,CENTRO-OESTE,producao_mil_t
exponential_smoothing,,,,,2,historico_insuficiente,produto_uf,REGIAO,CENTEIO,CENTRO-OESTE,producao_mil_t
baseline_ingenuo,0.0,0.0,,,2,,produto_uf,REGIAO,CENTEIO,NORDESTE,producao_mil_t
regressao_linear,,,,,2,historico_insuficiente,produto_uf,REGIAO,CENTEIO,NORDESTE,producao_mil_t
random_forest,,,,,2,historico_insuficiente,produto_uf,REGIAO,CENTEIO,NORDESTE,producao_mil_t
xgboost,,,,,2,historico_insuficiente,produto_uf,REGIAO,CENTEIO,NORDESTE,producao_mil_t
exponential_smoothing,,,,,2,historico_insuficiente,produto_uf,REGIAO,CENTEIO,NORDESTE,producao_mil_t
baseline_ingenuo,0.0,0.0,,,2,,produto_uf,REGIAO,CENTEIO,NORTE,producao_mil_t
regressao_linear,,,,,2,historico_insuficiente,produto_uf,REGIAO,CENTEIO,NORTE,producao_mil_t
random_forest,,,,,2,historico_insuficiente,produto_uf,REGIAO,CENTEIO,NORTE,producao_mil_t
xgboost,,,,,2,historico_insuficiente,produto_uf,REGIAO,CENTEIO,NORTE,producao_mil_t
exponential_smoothing,,,,,2,historico_insuficiente,produto_uf,REGIAO,CENTEIO,NORTE,producao_mil_t
baseline_ingenuo,0.0,0.0,,,2,,produto_uf,REGIAO,CENTEIO,SUDESTE,producao_mil_t
regressao_linear,,,,,2,historico_insuficiente,produto_uf,REGIAO,CENTEIO,SUDESTE,producao_mil_t
random_forest,,,,,2,historico_insuficiente,produto_uf,REGIAO,CENTEIO,SUDESTE,producao_mil_t
xgboost,,,,,2,historico_insuficiente,produto_uf,REGIAO,CENTEIO,SUDESTE,producao_mil_t
exponential_smoothing,,,,,2,historico_insuficiente,produto_uf,REGIAO,CENTEIO,SUDESTE,producao_mil_t
baseline_ingenuo,0.2999999999999998,0.2999999999999998,6.382978723404251,,2,,produto_uf,REGIAO,CENTEIO,SUL,producao_mil_t
regressao_linear,,,,,2,historico_insuficiente,produto_uf,REGIAO,CENTEIO,SUL,producao_mil_t
random_forest,,,,,2,historico_insuficiente,produto_uf,REGIAO,CENTEIO,SUL,producao_mil_t
xgboost,,,,,2,historico_insuficiente,produto_uf,REGIAO,CENTEIO,SUL,producao_mil_t
exponential_smoothing,,,,,2,historico_insuficiente,produto_uf,REGIAO,CENTEIO,SUL,producao_mil_t
baseline_ingenuo,0.0,0.0,,,2,,produto_uf,REGIAO,CEVADA,CENTRO-OESTE,producao_mil_t
regressao_linear,,,,,2,historico_insuficiente,produto_uf,REGIAO,CEVADA,CENTRO-OESTE,producao_mil_t
random_forest,,,,,2,historico_insuficiente,produto_uf,REGIAO,CEVADA,CENTRO-OESTE,producao_mil_t
xgboost,,,,,2,historico_insuficiente,produto_uf,REGIAO,CEVADA,CENTRO-OESTE,producao_mil_t
exponential_smoothing,,,,,2,historico_insuficiente,produto_uf,REGIAO,CEVADA,CENTRO-OESTE,producao_mil_t
baseline_ingenuo,0.0,0.0,,,2,,produto_uf,REGIAO,CEVADA,NORDESTE,producao_mil_t
regressao_linear,,,,,2,historico_insuficiente,produto_uf,REGIAO,CEVADA,NORDESTE,producao_mil_t
random_forest,,,,,2,historico_insuficiente,produto_uf,REGIAO,CEVADA,NORDESTE,producao_mil_t
xgboost,,,,,2,historico_insuficiente,produto_uf,REGIAO,CEVADA,NORDESTE,producao_mil_t
exponential_smoothing,,,,,2,historico_insuficiente,produto_uf,REGIAO,CEVADA,NORDESTE,producao_mil_t
baseline_ingenuo,0.0,0.0,,,2,,produto_uf,REGIAO,CEVADA,NORTE,producao_mil_t
regressao_linear,,,,,2,historico_insuficiente,produto_uf,REGIAO,CEVADA,NORTE,producao_mil_t
random_forest,,,,,2,historico_insuficiente,produto_uf,REGIAO,CEVADA,NORTE,producao_mil_t
xgboost,,,,,2,historico_insuficiente,produto_uf,REGIAO,CEVADA,NORTE,producao_mil_t
exponential_smoothing,,,,,2,historico_insuficiente,produto_uf,REGIAO,CEVADA,NORTE,producao_mil_t
baseline_ingenuo,0.0,0.0,0.0,,2,,produto_uf,REGIAO,CEVADA,SUDESTE,producao_mil_t
regressao_linear,,,,,2,historico_insuficiente,produto_uf,REGIAO,CEVADA,SUDESTE,producao_mil_t
random_forest,,,,,2,historico_insuficiente,produto_uf,REGIAO,CEVADA,SUDESTE,producao_mil_t
xgboost,,,,,2,historico_insuficiente,produto_uf,REGIAO,CEVADA,SUDESTE,producao_mil_t
exponential_smoothing,,,,,2,historico_insuficiente,produto_uf,REGIAO,CEVADA,SUDESTE,producao_mil_t
baseline_ingenuo,22.299999999999955,22.299999999999955,3.9040616246498514,,2,,produto_uf,REGIAO,CEVADA,SUL,producao_mil_t
regressao_linear,,,,,2,historico_insuficiente,produto_uf,REGIAO,CEVADA,SUL,producao_mil_t
random_forest,,,,,2,historico_insuficiente,produto_uf,REGIAO,CEVADA,SUL,producao_mil_t
xgboost,,,,,2,historico_insuficiente,produto_uf,REGIAO,CEVADA,SUL,producao_mil_t
exponential_smoothing,,,,,2,historico_insuficiente,produto_uf,REGIAO,CEVADA,SUL,producao_mil_t
baseline_ingenuo,16.299999999999955,16.299999999999955,2.6063319475535582,,2,,produto_uf,REGIAO,FEIJÃO TOTAL,CENTRO-OESTE,producao_mil_t
regressao_linear,,,,,2,historico_insuficiente,produto_uf,REGIAO,FEIJÃO TOTAL,CENTRO-OESTE,producao_mil_t
random_forest,,,,,2,historico_insuficiente,produto_uf,REGIAO,FEIJÃO TOTAL,CENTRO-OESTE,producao_mil_t
xgboost,,,,,2,historico_insuficiente,produto_uf,REGIAO,FEIJÃO TOTAL,CENTRO-OESTE,producao_mil_t
exponential_smoothing,,,,,2,historico_insuficiente,produto_uf,REGIAO,FEIJÃO TOTAL,CENTRO-OESTE,producao_mil_t
baseline_ingenuo,88.10000000000002,88.10000000000002,12.729374367865917,,2,,produto_uf,REGIAO,FEIJÃO TOTAL,NORDESTE,producao_mil_t
regressao_linear,,,,,2,historico_insuficiente,produto_uf,REGIAO,FEIJÃO TOTAL,NORDESTE,producao_mil_t
random_forest,,,,,2,historico_insuficiente,produto_uf,REGIAO,FEIJÃO TOTAL,NORDESTE,producao_mil_t
xgboost,,,,,2,historico_insuficiente,produto_uf,REGIAO,FEIJÃO TOTAL,NORDESTE,producao_mil_t
exponential_smoothing,,,,,2,historico_insuficiente,produto_uf,REGIAO,FEIJÃO TOTAL,NORDESTE,producao_mil_t
baseline_ingenuo,3.5999999999999943,3.5999999999999943,2.987551867219912,,2,,produto_uf,REGIAO,FEIJÃO TOTAL,NORTE,producao_mil_t
regressao_linear,,,,,2,historico_insuficiente,produto_uf,REGIAO,FEIJÃO TOTAL,NORTE,producao_mil_t
random_forest,,,,,2,historico_insuficiente,produto_uf,REGIAO,FEIJÃO TOTAL,NORTE,producao_mil_t
xgboost,,,,,2,historico_insuficiente,produto_uf,REGIAO,FEIJÃO TOTAL,NORTE,producao_mil_t
exponential_smoothing,,,,,2,historico_insuficiente,produto_uf,REGIAO,FEIJÃO TOTAL,NORTE,producao_mil_t
baseline_ingenuo,42.799999999999955,42.799999999999955,6.177829099307154,,2,,produto_uf,REGIAO,FEIJÃO TOTAL,SUDESTE,producao_mil_t
regressao_linear,,,,,2,historico_insuficiente,produto_uf,REGIAO,FEIJÃO TOTAL,SUDESTE,producao_mil_t
random_forest,,,,,2,historico_insuficiente,produto_uf,REGIAO,FEIJÃO TOTAL,SUDESTE,producao_mil_t
xgboost,,,,,2,historico_insuficiente,produto_uf,REGIAO,FEIJÃO TOTAL,SUDESTE,producao_mil_t
exponential_smoothing,,,,,2,historico_insuficiente,produto_uf,REGIAO,FEIJÃO TOTAL,SUDESTE,producao_mil_t
baseline_ingenuo,212.00000000000023,212.00000000000023,25.380102957021457,,2,,produto_uf,REGIAO,FEIJÃO TOTAL,SUL,producao_mil_t
regressao_linear,,,,,2,historico_insuficiente,produto_uf,REGIAO,FEIJÃO TOTAL,SUL,producao_mil_t
random_forest,,,,,2,historico_insuficiente,produto_uf,REGIAO,FEIJÃO TOTAL,SUL,producao_mil_t
xgboost,,,,,2,historico_insuficiente,produto_uf,REGIAO,FEIJÃO TOTAL,SUL,producao_mil_t
exponential_smoothing,,,,,2,historico_insuficiente,produto_uf,REGIAO,FEIJÃO TOTAL,SUL,producao_mil_t
baseline_ingenuo,0.0,0.0,0.0,,2,,produto_uf,REGIAO,GERGELIM,CENTRO-OESTE,producao_mil_t
regressao_linear,,,,,2,historico_insuficiente,produto_uf,REGIAO,GERGELIM,CENTRO-OESTE,producao_mil_t
random_forest,,,,,2,historico_insuficiente,produto_uf,REGIAO,GERGELIM,CENTRO-OESTE,producao_mil_t
xgboost,,,,,2,historico_insuficiente,produto_uf,REGIAO,GERGELIM,CENTRO-OESTE,producao_mil_t
exponential_smoothing,,,,,2,historico_insuficiente,produto_uf,REGIAO,GERGELIM,CENTRO-OESTE,producao_mil_t
baseline_ingenuo,0.0,0.0,,,2,,produto_uf,REGIAO,GERGELIM,NORDESTE,producao_mil_t
regressao_linear,,,,,2,historico_insuficiente,produto_uf,REGIAO,GERGELIM,NORDESTE,producao_mil_t
random_forest,,,,,2,historico_insuficiente,produto_uf,REGIAO,GERGELIM,NORDESTE,producao_mil_t
xgboost,,,,,2,historico_insuficiente,produto_uf,REGIAO,GERGELIM,NORDESTE,producao_mil_t
exponential_smoothing,,,,,2,historico_insuficiente,produto_uf,REGIAO,GERGELIM,NORDESTE,producao_mil_t
baseline_ingenuo,0.0,0.0,0.0,,2,,produto_uf,REGIAO,GERGELIM,NORTE,producao_mil_t
regressao_linear,,,,,2,historico_insuficiente,produto_uf,REGIAO,GERGELIM,NORTE,producao_mil_t
random_forest,,,,,2,historico_insuficiente,produto_uf,REGIAO,GERGELIM,NORTE,producao_mil_t
xgboost,,,,,2,historico_insuficiente,produto_uf,REGIAO,GERGELIM,NORTE,producao_mil_t
exponential_smoothing,,,,,2,historico_insuficiente,produto_uf,REGIAO,GERGELIM,NORTE,producao_mil_t
baseline_ingenuo,0.0,0.0,,,2,,produto_uf,REGIAO,GERGELIM,SUDESTE,producao_mil_t
regressao_linear,,,,,2,historico_insuficiente,produto_uf,REGIAO,GERGELIM,SUDESTE,producao_mil_t
random_forest,,,,,2,historico_insuficiente,produto_uf,REGIAO,GERGELIM,SUDESTE,producao_mil_t
xgboost,,,,,2,historico_insuficiente,produto_uf,REGIAO,GERGELIM,SUDESTE,producao_mil_t
exponential_smoothing,,,,,2,historico_insuficiente,produto_uf,REGIAO,GERGELIM,SUDESTE,producao_mil_t
baseline_ingenuo,0.0,0.0,,,2,,produto_uf,REGIAO,GERGELIM,SUL,producao_mil_t
regressao_linear,,,,,2,historico_insuficiente,produto_uf,REGIAO,GERGELIM,SUL,producao_mil_t
random_forest,,,,,2,historico_insuficiente,produto_uf,REGIAO,GERGELIM,SUL,producao_mil_t
xgboost,,,,,2,historico_insuficiente,produto_uf,REGIAO,GERGELIM,SUL,producao_mil_t
exponential_smoothing,,,,,2,historico_insuficiente,produto_uf,REGIAO,GERGELIM,SUL,producao_mil_t
baseline_ingenuo,1.9000000000000057,1.9000000000000057,2.3399014778325196,,2,,produto_uf,REGIAO,GIRASSOL,CENTRO-OESTE,producao_mil_t
regressao_linear,,,,,2,historico_insuficiente,produto_uf,REGIAO,GIRASSOL,CENTRO-OESTE,producao_mil_t
random_forest,,,,,2,historico_insuficiente,produto_uf,REGIAO,GIRASSOL,CENTRO-OESTE,producao_mil_t
xgboost,,,,,2,historico_insuficiente,produto_uf,REGIAO,GIRASSOL,CENTRO-OESTE,producao_mil_t
exponential_smoothing,,,,,2,historico_insuficiente,produto_uf,REGIAO,GIRASSOL,CENTRO-OESTE,producao_mil_t
baseline_ingenuo,0.0,0.0,,,2,,produto_uf,REGIAO,GIRASSOL,NORDESTE,producao_mil_t
regressao_linear,,,,,2,historico_insuficiente,produto_uf,REGIAO,GIRASSOL,NORDESTE,producao_mil_t
random_forest,,,,,2,historico_insuficiente,produto_uf,REGIAO,GIRASSOL,NORDESTE,producao_mil_t
xgboost,,,,,2,historico_insuficiente,produto_uf,REGIAO,GIRASSOL,NORDESTE,producao_mil_t
exponential_smoothing,,,,,2,historico_insuficiente,produto_uf,REGIAO,GIRASSOL,NORDESTE,producao_mil_t
baseline_ingenuo,0.0,0.0,,,2,,produto_uf,REGIAO,GIRASSOL,NORTE,producao_mil_t
regressao_linear,,,,,2,historico_insuficiente,produto_uf,REGIAO,GIRASSOL,NORTE,producao_mil_t
random_forest,,,,,2,historico_insuficiente,produto_uf,REGIAO,GIRASSOL,NORTE,producao_mil_t
xgboost,,,,,2,historico_insuficiente,produto_uf,REGIAO,GIRASSOL,NORTE,producao_mil_t
exponential_smoothing,,,,,2,historico_insuficiente,produto_uf,REGIAO,GIRASSOL,NORTE,producao_mil_t
baseline_ingenuo,0.0,0.0,0.0,,2,,produto_uf,REGIAO,GIRASSOL,SUDESTE,producao_mil_t
regressao_linear,,,,,2,historico_insuficiente,produto_uf,REGIAO,GIRASSOL,SUDESTE,producao_mil_t
random_forest,,,,,2,historico_insuficiente,produto_uf,REGIAO,GIRASSOL,SUDESTE,producao_mil_t
xgboost,,,,,2,historico_insuficiente,produto_uf,REGIAO,GIRASSOL,SUDESTE,producao_mil_t
exponential_smoothing,,,,,2,historico_insuficiente,produto_uf,REGIAO,GIRASSOL,SUDESTE,producao_mil_t
baseline_ingenuo,4.0,4.0,35.08771929824561,,2,,produto_uf,REGIAO,GIRASSOL,SUL,producao_mil_t
regressao_linear,,,,,2,historico_insuficiente,produto_uf,REGIAO,GIRASSOL,SUL,producao_mil_t
random_forest,,,,,2,historico_insuficiente,produto_uf,REGIAO,GIRASSOL,SUL,producao_mil_t
xgboost,,,,,2,historico_insuficiente,produto_uf,REGIAO,GIRASSOL,SUL,producao_mil_t
exponential_smoothing,,,,,2,historico_insuficiente,produto_uf,REGIAO,GIRASSOL,SUL,producao_mil_t
baseline_ingenuo,0.0,0.0,,,2,,produto_uf,REGIAO,MAMONA,CENTRO-OESTE,producao_mil_t
regressao_linear,,,,,2,historico_insuficiente,produto_uf,REGIAO,MAMONA,CENTRO-OESTE,producao_mil_t
random_forest,,,,,2,historico_insuficiente,produto_uf,REGIAO,MAMONA,CENTRO-OESTE,producao_mil_t
xgboost,,,,,2,historico_insuficiente,produto_uf,REGIAO,MAMONA,CENTRO-OESTE,producao_mil_t
exponential_smoothing,,,,,2,historico_insuficiente,produto_uf,REGIAO,MAMONA,CENTRO-OESTE,producao_mil_t
baseline_ingenuo,47.300000000000026,47.300000000000026,32.106978007059475,,2,,produto_uf,REGIAO,MAMONA,NORDESTE,producao_mil_t
regressao_linear,,,,,2,historico_insuficiente,produto_uf,REGIAO,MAMONA,NORDESTE,producao_mil_t
random_forest,,,,,2,historico_insuficiente,produto_uf,REGIAO,MAMONA,NORDESTE,producao_mil_t
xgboost,,,,,2,historico_insuficiente,produto_uf,REGIAO,MAMONA,NORDESTE,producao_mil_t
exponential_smoothing,,,,,2,historico_insuficiente,produto_uf,REGIAO,MAMONA,NORDESTE,producao_mil_t
baseline_ingenuo,0.0,0.0,,,2,,produto_uf,REGIAO,MAMONA,NORTE,producao_mil_t
regressao_linear,,,,,2,historico_insuficiente,produto_uf,REGIAO,MAMONA,NORTE,producao_mil_t
random_forest,,,,,2,historico_insuficiente,produto_uf,REGIAO,MAMONA,NORTE,producao_mil_t
xgboost,,,,,2,historico_insuficiente,produto_uf,REGIAO,MAMONA,NORTE,producao_mil_t
exponential_smoothing,,,,,2,historico_insuficiente,produto_uf,REGIAO,MAMONA,NORTE,producao_mil_t
baseline_ingenuo,0.0,0.0,,,2,,produto_uf,REGIAO,MAMONA,SUDESTE,producao_mil_t
regressao_linear,,,,,2,historico_insuficiente,produto_uf,REGIAO,MAMONA,SUDESTE,producao_mil_t
random_forest,,,,,2,historico_insuficiente,produto_uf,REGIAO,MAMONA,SUDESTE,producao_mil_t
xgboost,,,,,2,historico_insuficiente,produto_uf,REGIAO,MAMONA,SUDESTE,producao_mil_t
exponential_smoothing,,,,,2,historico_insuficiente,produto_uf,REGIAO,MAMONA,SUDESTE,producao_mil_t
baseline_ingenuo,0.0,0.0,,,2,,produto_uf,REGIAO,MAMONA,SUL,producao_mil_t
regressao_linear,,,,,2,historico_insuficiente,produto_uf,REGIAO,MAMONA,SUL,producao_mil_t
random_forest,,,,,2,historico_insuficiente,produto_uf,REGIAO,MAMONA,SUL,producao_mil_t
xgboost,,,,,2,historico_insuficiente,produto_uf,REGIAO,MAMONA,SUL,producao_mil_t
exponential_smoothing,,,,,2,historico_insuficiente,produto_uf,REGIAO,MAMONA,SUL,producao_mil_t
baseline_ingenuo,3053.5999999999913,3053.5999999999913,3.7948805897624114,,2,,produto_uf,REGIAO,MILHO TOTAL,CENTRO-OESTE,producao_mil_t
regressao_linear,,,,,2,historico_insuficiente,produto_uf,REGIAO,MILHO TOTAL,CENTRO-OESTE,producao_mil_t
random_forest,,,,,2,historico_insuficiente,produto_uf,REGIAO,MILHO TOTAL,CENTRO-OESTE,producao_mil_t
xgboost,,,,,2,historico_insuficiente,produto_uf,REGIAO,MILHO TOTAL,CENTRO-OESTE,producao_mil_t
exponential_smoothing,,,,,2,historico_insuficiente,produto_uf,REGIAO,MILHO TOTAL,CENTRO-OESTE,producao_mil_t
baseline_ingenuo,560.0,560.0,5.849724749558659,,2,,produto_uf,REGIAO,MILHO TOTAL,NORDESTE,producao_mil_t
regressao_linear,,,,,2,historico_insuficiente,produto_uf,REGIAO,MILHO TOTAL,NORDESTE,producao_mil_t
random_forest,,,,,2,historico_insuficiente,produto_uf,REGIAO,MILHO TOTAL,NORDESTE,producao_mil_t
xgboost,,,,,2,historico_insuficiente,produto_uf,REGIAO,MILHO TOTAL,NORDESTE,producao_mil_t
exponential_smoothing,,,,,2,historico_insuficiente,produto_uf,REGIAO,MILHO TOTAL,NORDESTE,producao_mil_t
baseline_ingenuo,166.60000000000036,166.60000000000036,2.116361788617891,,2,,produto_uf,REGIAO,MILHO TOTAL,NORTE,producao_mil_t
regressao_linear,,,,,2,historico_insuficiente,produto_uf,REGIAO,MILHO TOTAL,NORTE,producao_mil_t
random_forest,,,,,2,historico_insuficiente,produto_uf,REGIAO,MILHO TOTAL,NORTE,producao_mil_t
xgboost,,,,,2,historico_insuficiente,produto_uf,REGIAO,MILHO TOTAL,NORTE,producao_mil_t
exponential_smoothing,,,,,2,historico_insuficiente,produto_uf,REGIAO,MILHO TOTAL,NORTE,producao_mil_t
baseline_ingenuo,563.8000000000011,563.8000000000011,4.850476616538775,,2,,produto_uf,REGIAO,MILHO TOTAL,SUDESTE,producao_mil_t
regressao_linear,,,,,2,historico_insuficiente,produto_uf,REGIAO,MILHO TOTAL,SUDESTE,producao_mil_t
random_forest,,,,,2,historico_insuficiente,produto_uf,REGIAO,MILHO TOTAL,SUDESTE,producao_mil_t
xgboost,,,,,2,historico_insuficiente,produto_uf,REGIAO,MILHO TOTAL,SUDESTE,producao_mil_t
exponential_smoothing,,,,,2,historico_insuficiente,produto_uf,REGIAO,MILHO TOTAL,SUDESTE,producao_mil_t
baseline_ingenuo,173.79999999999927,173.79999999999927,0.6011095278281176,,2,,produto_uf,REGIAO,MILHO TOTAL,SUL,producao_mil_t
regressao_linear,,,,,2,historico_insuficiente,produto_uf,REGIAO,MILHO TOTAL,SUL,producao_mil_t
random_forest,,,,,2,historico_insuficiente,produto_uf,REGIAO,MILHO TOTAL,SUL,producao_mil_t
xgboost,,,,,2,historico_insuficiente,produto_uf,REGIAO,MILHO TOTAL,SUL,producao_mil_t
exponential_smoothing,,,,,2,historico_insuficiente,produto_uf,REGIAO,MILHO TOTAL,SUL,producao_mil_t
baseline_ingenuo,780.0,780.0,0.9091089217385426,,2,,produto_uf,REGIAO,SOJA,CENTRO-OESTE,producao_mil_t
regressao_linear,,,,,2,historico_insuficiente,produto_uf,REGIAO,SOJA,CENTRO-OESTE,producao_mil_t
random_forest,,,,,2,historico_insuficiente,produto_uf,REGIAO,SOJA,CENTRO-OESTE,producao_mil_t
xgboost,,,,,2,historico_insuficiente,produto_uf,REGIAO,SOJA,CENTRO-OESTE,producao_mil_t
exponential_smoothing,,,,,2,historico_insuficiente,produto_uf,REGIAO,SOJA,CENTRO-OESTE,producao_mil_t
baseline_ingenuo,1075.9999999999964,1075.9999999999964,5.787404327644518,,2,,produto_uf,REGIAO,SOJA,NORDESTE,producao_mil_t
regressao_linear,,,,,2,historico_insuficiente,produto_uf,REGIAO,SOJA,NORDESTE,producao_mil_t
random_forest,,,,,2,historico_insuficiente,produto_uf,REGIAO,SOJA,NORDESTE,producao_mil_t
xgboost,,,,,2,historico_insuficiente,produto_uf,REGIAO,SOJA,NORDESTE,producao_mil_t
exponential_smoothing,,,,,2,historico_insuficiente,produto_uf,REGIAO,SOJA,NORDESTE,producao_mil_t
baseline_ingenuo,1257.0,1257.0,8.758910466793486,,2,,produto_uf,REGIAO,SOJA,NORTE,producao_mil_t
regressao_linear,,,,,2,historico_insuficiente,produto_uf,REGIAO,SOJA,NORTE,producao_mil_t
random_forest,,,,,2,historico_insuficiente,produto_uf,REGIAO,SOJA,NORTE,producao_mil_t
xgboost,,,,,2,historico_insuficiente,produto_uf,REGIAO,SOJA,NORTE,producao_mil_t
exponential_smoothing,,,,,2,historico_insuficiente,produto_uf,REGIAO,SOJA,NORTE,producao_mil_t
baseline_ingenuo,205.10000000000036,205.10000000000036,1.4384099643728812,,2,,produto_uf,REGIAO,SOJA,SUDESTE,producao_mil_t
regressao_linear,,,,,2,historico_insuficiente,produto_uf,REGIAO,SOJA,SUDESTE,producao_mil_t
random_forest,,,,,2,historico_insuficiente,produto_uf,REGIAO,SOJA,SUDESTE,producao_mil_t
xgboost,,,,,2,historico_insuficiente,produto_uf,REGIAO,SOJA,SUDESTE,producao_mil_t
exponential_smoothing,,,,,2,historico_insuficiente,produto_uf,REGIAO,SOJA,SUDESTE,producao_mil_t
baseline_ingenuo,5156.5999999999985,5156.5999999999985,11.463008534012673,,2,,produto_uf,REGIAO,SOJA,SUL,producao_mil_t
regressao_linear,,,,,2,historico_insuficiente,produto_uf,REGIAO,SOJA,SUL,producao_mil_t
random_forest,,,,,2,historico_insuficiente,produto_uf,REGIAO,SOJA,SUL,producao_mil_t
xgboost,,,,,2,historico_insuficiente,produto_uf,REGIAO,SOJA,SUL,producao_mil_t
exponential_smoothing,,,,,2,historico_insuficiente,produto_uf,REGIAO,SOJA,SUL,producao_mil_t
baseline_ingenuo,233.29999999999973,233.29999999999973,8.255484784147194,,2,,produto_uf,REGIAO,SORGO,CENTRO-OESTE,producao_mil_t
regressao_linear,,,,,2,historico_insuficiente,produto_uf,REGIAO,SORGO,CENTRO-OESTE,producao_mil_t
random_forest,,,,,2,historico_insuficiente,produto_uf,REGIAO,SORGO,CENTRO-OESTE,producao_mil_t
xgboost,,,,,2,historico_insuficiente,produto_uf,REGIAO,SORGO,CENTRO-OESTE,producao_mil_t
exponential_smoothing,,,,,2,historico_insuficiente,produto_uf,REGIAO,SORGO,CENTRO-OESTE,producao_mil_t
baseline_ingenuo,112.59999999999991,112.59999999999991,8.43572070722205,,2,,produto_uf,REGIAO,SORGO,NORDESTE,producao_mil_t
regressao_linear,,,,,2,historico_insuficiente,produto_uf,REGIAO,SORGO,NORDESTE,producao_mil_t
random_forest,,,,,2,historico_insuficiente,produto_uf,REGIAO,SORGO,NORDESTE,producao_mil_t
xgboost,,,,,2,historico_insuficiente,produto_uf,REGIAO,SORGO,NORDESTE,producao_mil_t
exponential_smoothing,,,,,2,historico_insuficiente,produto_uf,REGIAO,SORGO,NORDESTE,producao_mil_t
baseline_ingenuo,47.39999999999998,47.39999999999998,11.750123946455126,,2,,produto_uf,REGIAO,SORGO,NORTE,producao_mil_t
regressao_linear,,,,,2,historico_insuficiente,produto_uf,REGIAO,SORGO,NORTE,producao_mil_t
random_forest,,,,,2,historico_insuficiente,produto_uf,REGIAO,SORGO,NORTE,producao_mil_t
xgboost,,,,,2,historico_insuficiente,produto_uf,REGIAO,SORGO,NORTE,producao_mil_t
exponential_smoothing,,,,,2,historico_insuficiente,produto_uf,REGIAO,SORGO,NORTE,producao_mil_t
baseline_ingenuo,183.49999999999977,183.49999999999977,8.68145905284571,,2,,produto_uf,REGIAO,SORGO,SUDESTE,producao_mil_t
regressao_linear,,,,,2,historico_insuficiente,produto_uf,REGIAO,SORGO,SUDESTE,producao_mil_t
random_forest,,,,,2,historico_insuficiente,produto_uf,REGIAO,SORGO,SUDESTE,producao_mil_t
xgboost,,,,,2,historico_insuficiente,produto_uf,REGIAO,SORGO,SUDESTE,producao_mil_t
exponential_smoothing,,,,,2,historico_insuficiente,produto_uf,REGIAO,SORGO,SUDESTE,producao_mil_t
baseline_ingenuo,15.500000000000002,15.500000000000002,93.37349397590361,,2,,produto_uf,REGIAO,SORGO,SUL,producao_mil_t
regressao_linear,,,,,2,historico_insuficiente,produto_uf,REGIAO,SORGO,SUL,producao_mil_t
random_forest,,,,,2,historico_insuficiente,produto_uf,REGIAO,SORGO,SUL,producao_mil_t
xgboost,,,,,2,historico_insuficiente,produto_uf,REGIAO,SORGO,SUL,producao_mil_t
exponential_smoothing,,,,,2,historico_insuficiente,produto_uf,REGIAO,SORGO,SUL,producao_mil_t
baseline_ingenuo,5.199999999999989,5.199999999999989,1.741460147354316,,2,,produto_uf,REGIAO,TRIGO,CENTRO-OESTE,producao_mil_t
regressao_linear,,,,,2,historico_insuficiente,produto_uf,REGIAO,TRIGO,CENTRO-OESTE,producao_mil_t
random_forest,,,,,2,historico_insuficiente,produto_uf,REGIAO,TRIGO,CENTRO-OESTE,producao_mil_t
xgboost,,,,,2,historico_insuficiente,produto_uf,REGIAO,TRIGO,CENTRO-OESTE,producao_mil_t
exponential_smoothing,,,,,2,historico_insuficiente,produto_uf,REGIAO,TRIGO,CENTRO-OESTE,producao_mil_t
baseline_ingenuo,0.0,0.0,0.0,,2,,produto_uf,REGIAO,TRIGO,NORDESTE,producao_mil_t
regressao_linear,,,,,2,historico_insuficiente,produto_uf,REGIAO,TRIGO,NORDESTE,producao_mil_t
random_forest,,,,,2,historico_insuficiente,produto_uf,REGIAO,TRIGO,NORDESTE,producao_mil_t
xgboost,,,,,2,historico_insuficiente,produto_uf,REGIAO,TRIGO,NORDESTE,producao_mil_t
exponential_smoothing,,,,,2,historico_insuficiente,produto_uf,REGIAO,TRIGO,NORDESTE,producao_mil_t
baseline_ingenuo,0.0,0.0,,,2,,produto_uf,REGIAO,TRIGO,NORTE,producao_mil_t
regressao_linear,,,,,2,historico_insuficiente,produto_uf,REGIAO,TRIGO,NORTE,producao_mil_t
random_forest,,,,,2,historico_insuficiente,produto_uf,REGIAO,TRIGO,NORTE,producao_mil_t
xgboost,,,,,2,historico_insuficiente,produto_uf,REGIAO,TRIGO,NORTE,producao_mil_t
exponential_smoothing,,,,,2,historico_insuficiente,produto_uf,REGIAO,TRIGO,NORTE,producao_mil_t
baseline_ingenuo,41.59999999999991,41.59999999999991,5.6445047489823486,,2,,produto_uf,REGIAO,TRIGO,SUDESTE,producao_mil_t
regressao_linear,,,,,2,historico_insuficiente,produto_uf,REGIAO,TRIGO,SUDESTE,producao_mil_t
random_forest,,,,,2,historico_insuficiente,produto_uf,REGIAO,TRIGO,SUDESTE,producao_mil_t
xgboost,,,,,2,historico_insuficiente,produto_uf,REGIAO,TRIGO,SUDESTE,producao_mil_t
exponential_smoothing,,,,,2,historico_insuficiente,produto_uf,REGIAO,TRIGO,SUDESTE,producao_mil_t
baseline_ingenuo,921.8000000000002,921.8000000000002,15.786409097136596,,2,,produto_uf,REGIAO,TRIGO,SUL,producao_mil_t
regressao_linear,,,,,2,historico_insuficiente,produto_uf,REGIAO,TRIGO,SUL,producao_mil_t
random_forest,,,,,2,historico_insuficiente,produto_uf,REGIAO,TRIGO,SUL,producao_mil_t
xgboost,,,,,2,historico_insuficiente,produto_uf,REGIAO,TRIGO,SUL,producao_mil_t
exponential_smoothing,,,,,2,historico_insuficiente,produto_uf,REGIAO,TRIGO,SUL,producao_mil_t
baseline_ingenuo,0.0,0.0,,,2,,produto_uf,REGIAO,TRITICALE,CENTRO-OESTE,producao_mil_t
regressao_linear,,,,,2,historico_insuficiente,produto_uf,REGIAO,TRITICALE,CENTRO-OESTE,producao_mil_t
random_forest,,,,,2,historico_insuficiente,produto_uf,REGIAO,TRITICALE,CENTRO-OESTE,producao_mil_t
xgboost,,,,,2,historico_insuficiente,produto_uf,REGIAO,TRITICALE,CENTRO-OESTE,producao_mil_t
exponential_smoothing,,,,,2,historico_insuficiente,produto_uf,REGIAO,TRITICALE,CENTRO-OESTE,producao_mil_t
baseline_ingenuo,0.0,0.0,,,2,,produto_uf,REGIAO,TRITICALE,NORDESTE,producao_mil_t
regressao_linear,,,,,2,historico_insuficiente,produto_uf,REGIAO,TRITICALE,NORDESTE,producao_mil_t
random_forest,,,,,2,historico_insuficiente,produto_uf,REGIAO,TRITICALE,NORDESTE,producao_mil_t
xgboost,,,,,2,historico_insuficiente,produto_uf,REGIAO,TRITICALE,NORDESTE,producao_mil_t
exponential_smoothing,,,,,2,historico_insuficiente,produto_uf,REGIAO,TRITICALE,NORDESTE,producao_mil_t
baseline_ingenuo,0.0,0.0,,,2,,produto_uf,REGIAO,TRITICALE,NORTE,producao_mil_t
regressao_linear,,,,,2,historico_insuficiente,produto_uf,REGIAO,TRITICALE,NORTE,producao_mil_t
random_forest,,,,,2,historico_insuficiente,produto_uf,REGIAO,TRITICALE,NORTE,producao_mil_t
xgboost,,,,,2,historico_insuficiente,produto_uf,REGIAO,TRITICALE,NORTE,producao_mil_t
exponential_smoothing,,,,,2,historico_insuficiente,produto_uf,REGIAO,TRITICALE,NORTE,producao_mil_t
baseline_ingenuo,0.09999999999999964,0.09999999999999964,2.0408163265306047,,2,,produto_uf,REGIAO,TRITICALE,SUDESTE,producao_mil_t
regressao_linear,,,,,2,historico_insuficiente,produto_uf,REGIAO,TRITICALE,SUDESTE,producao_mil_t
random_forest,,,,,2,historico_insuficiente,produto_uf,REGIAO,TRITICALE,SUDESTE,producao_mil_t
xgboost,,,,,2,historico_insuficiente,produto_uf,REGIAO,TRITICALE,SUDESTE,producao_mil_t
exponential_smoothing,,,,,2,historico_insuficiente,produto_uf,REGIAO,TRITICALE,SUDESTE,producao_mil_t
baseline_ingenuo,2.900000000000002,2.900000000000002,10.104529616724745,,2,,produto_uf,REGIAO,TRITICALE,SUL,producao_mil_t
regressao_linear,,,,,2,historico_insuficiente,produto_uf,REGIAO,TRITICALE,SUL,producao_mil_t
random_forest,,,,,2,historico_insuficiente,produto_uf,REGIAO,TRITICALE,SUL,producao_mil_t
xgboost,,,,,2,historico_insuficiente,produto_uf,REGIAO,TRITICALE,SUL,producao_mil_t
exponential_smoothing,,,,,2,historico_insuficiente,produto_uf,REGIAO,TRITICALE,SUL,producao_mil_t
baseline_ingenuo,388.39999999999964,388.39999999999964,7.200059320777095,,2,,produto_uf,TOTAL_BRASIL,ALGODÃO - CAROÇO (1),BRASIL,producao_mil_t
regressao_linear,,,,,2,historico_insuficiente,produto_uf,TOTAL_BRASIL,ALGODÃO - CAROÇO (1),BRASIL,producao_mil_t
random_forest,,,,,2,historico_insuficiente,produto_uf,TOTAL_BRASIL,ALGODÃO - CAROÇO (1),BRASIL,producao_mil_t
xgboost,,,,,2,historico_insuficiente,produto_uf,TOTAL_BRASIL,ALGODÃO - CAROÇO (1),BRASIL,producao_mil_t
exponential_smoothing,,,,,2,historico_insuficiente,produto_uf,TOTAL_BRASIL,ALGODÃO - CAROÇO (1),BRASIL,producao_mil_t
baseline_ingenuo,273.0999999999999,273.0999999999999,7.181172758348669,,2,,produto_uf,TOTAL_BRASIL,ALGODÃO - PLUMA,BRASIL,producao_mil_t
regressao_linear,,,,,2,historico_insuficiente,produto_uf,TOTAL_BRASIL,ALGODÃO - PLUMA,BRASIL,producao_mil_t
random_forest,,,,,2,historico_insuficiente,produto_uf,TOTAL_BRASIL,ALGODÃO - PLUMA,BRASIL,producao_mil_t
xgboost,,,,,2,historico_insuficiente,produto_uf,TOTAL_BRASIL,ALGODÃO - PLUMA,BRASIL,producao_mil_t
exponential_smoothing,,,,,2,historico_insuficiente,produto_uf,TOTAL_BRASIL,ALGODÃO - PLUMA,BRASIL,producao_mil_t
baseline_ingenuo,43.600000000000136,43.600000000000136,3.623369068395258,,2,,produto_uf,TOTAL_BRASIL,AMENDOIM TOTAL,BRASIL,producao_mil_t
regressao_linear,,,,,2,historico_insuficiente,produto_uf,TOTAL_BRASIL,AMENDOIM TOTAL,BRASIL,producao_mil_t
random_forest,,,,,2,historico_insuficiente,produto_uf,TOTAL_BRASIL,AMENDOIM TOTAL,BRASIL,producao_mil_t
xgboost,,,,,2,historico_insuficiente,produto_uf,TOTAL_BRASIL,AMENDOIM TOTAL,BRASIL,producao_mil_t
exponential_smoothing,,,,,2,historico_insuficiente,produto_uf,TOTAL_BRASIL,AMENDOIM TOTAL,BRASIL,producao_mil_t
baseline_ingenuo,1843.1000000000004,1843.1000000000004,16.886555622743852,,2,,produto_uf,TOTAL_BRASIL,ARROZ,BRASIL,producao_mil_t
regressao_linear,,,,,2,historico_insuficiente,produto_uf,TOTAL_BRASIL,ARROZ,BRASIL,producao_mil_t
random_forest,,,,,2,historico_insuficiente,produto_uf,TOTAL_BRASIL,ARROZ,BRASIL,producao_mil_t
xgboost,,,,,2,historico_insuficiente,produto_uf,TOTAL_BRASIL,ARROZ,BRASIL,producao_mil_t
exponential_smoothing,,,,,2,historico_insuficiente,produto_uf,TOTAL_BRASIL,ARROZ,BRASIL,producao_mil_t
baseline_ingenuo,145.60000000000014,145.60000000000014,12.697305310892137,,2,,produto_uf,TOTAL_BRASIL,AVEIA,BRASIL,producao_mil_t
regressao_linear,,,,,2,historico_insuficiente,produto_uf,TOTAL_BRASIL,AVEIA,BRASIL,producao_mil_t
random_forest,,,,,2,historico_insuficiente,produto_uf,TOTAL_BRASIL,AVEIA,BRASIL,producao_mil_t
xgboost,,,,,2,historico_insuficiente,produto_uf,TOTAL_BRASIL,AVEIA,BRASIL,producao_mil_t
exponential_smoothing,,,,,2,historico_insuficiente,produto_uf,TOTAL_BRASIL,AVEIA,BRASIL,producao_mil_t
baseline_ingenuo,101.69999999999999,101.69999999999999,22.777155655095182,,2,,produto_uf,TOTAL_BRASIL,CANOLA,BRASIL,producao_mil_t
regressao_linear,,,,,2,historico_insuficiente,produto_uf,TOTAL_BRASIL,CANOLA,BRASIL,producao_mil_t
random_forest,,,,,2,historico_insuficiente,produto_uf,TOTAL_BRASIL,CANOLA,BRASIL,producao_mil_t
xgboost,,,,,2,historico_insuficiente,produto_uf,TOTAL_BRASIL,CANOLA,BRASIL,producao_mil_t
exponential_smoothing,,,,,2,historico_insuficiente,produto_uf,TOTAL_BRASIL,CANOLA,BRASIL,producao_mil_t
baseline_ingenuo,0.2999999999999998,0.2999999999999998,6.382978723404251,,2,,produto_uf,TOTAL_BRASIL,CENTEIO,BRASIL,producao_mil_t
regressao_linear,,,,,2,historico_insuficiente,produto_uf,TOTAL_BRASIL,CENTEIO,BRASIL,producao_mil_t
random_forest,,,,,2,historico_insuficiente,produto_uf,TOTAL_BRASIL,CENTEIO,BRASIL,producao_mil_t
xgboost,,,,,2,historico_insuficiente,produto_uf,TOTAL_BRASIL,CENTEIO,BRASIL,producao_mil_t
exponential_smoothing,,,,,2,historico_insuficiente,produto_uf,TOTAL_BRASIL,CENTEIO,BRASIL,producao_mil_t
baseline_ingenuo,22.299999999999955,22.299999999999955,3.8165326031148297,,2,,produto_uf,TOTAL_BRASIL,CEVADA,BRASIL,producao_mil_t
regressao_linear,,,,,2,historico_insuficiente,produto_uf,TOTAL_BRASIL,CEVADA,BRASIL,producao_mil_t
random_forest,,,,,2,historico_insuficiente,produto_uf,TOTAL_BRASIL,CEVADA,BRASIL,producao_mil_t
xgboost,,,,,2,historico_insuficiente,produto_uf,TOTAL_BRASIL,CEVADA,BRASIL,producao_mil_t
exponential_smoothing,,,,,2,historico_insuficiente,produto_uf,TOTAL_BRASIL,CEVADA,BRASIL,producao_mil_t
baseline_ingenuo,93.80000000000018,93.80000000000018,3.162401807086753,,2,,produto_uf,TOTAL_BRASIL,FEIJÃO TOTAL,BRASIL,producao_mil_t
regressao_linear,,,,,2,historico_insuficiente,produto_uf,TOTAL_BRASIL,FEIJÃO TOTAL,BRASIL,producao_mil_t
random_forest,,,,,2,historico_insuficiente,produto_uf,TOTAL_BRASIL,FEIJÃO TOTAL,BRASIL,producao_mil_t
xgboost,,,,,2,historico_insuficiente,produto_uf,TOTAL_BRASIL,FEIJÃO TOTAL,BRASIL,producao_mil_t
exponential_smoothing,,,,,2,historico_insuficiente,produto_uf,TOTAL_BRASIL,FEIJÃO TOTAL,BRASIL,producao_mil_t
baseline_ingenuo,0.0,0.0,0.0,,2,,produto_uf,TOTAL_BRASIL,GERGELIM,BRASIL,producao_mil_t
regressao_linear,,,,,2,historico_insuficiente,produto_uf,TOTAL_BRASIL,GERGELIM,BRASIL,producao_mil_t
random_forest,,,,,2,historico_insuficiente,produto_uf,TOTAL_BRASIL,GERGELIM,BRASIL,producao_mil_t
xgboost,,,,,2,historico_insuficiente,produto_uf,TOTAL_BRASIL,GERGELIM,BRASIL,producao_mil_t
exponential_smoothing,,,,,2,historico_insuficiente,produto_uf,TOTAL_BRASIL,GERGELIM,BRASIL,producao_mil_t
baseline_ingenuo,2.0999999999999943,2.0999999999999943,2.0487804878048728,,2,,produto_uf,TOTAL_BRASIL,GIRASSOL,BRASIL,producao_mil_t
regressao_linear,,,,,2,historico_insuficiente,produto_uf,TOTAL_BRASIL,GIRASSOL,BRASIL,producao_mil_t
random_forest,,,,,2,historico_insuficiente,produto_uf,TOTAL_BRASIL,GIRASSOL,BRASIL,producao_mil_t
xgboost,,,,,2,historico_insuficiente,produto_uf,TOTAL_BRASIL,GIRASSOL,BRASIL,producao_mil_t
exponential_smoothing,,,,,2,historico_insuficiente,produto_uf,TOTAL_BRASIL,GIRASSOL,BRASIL,producao_mil_t
baseline_ingenuo,47.300000000000026,47.300000000000026,32.106978007059475,,2,,produto_uf,TOTAL_BRASIL,MAMONA,BRASIL,producao_mil_t
regressao_linear,,,,,2,historico_insuficiente,produto_uf,TOTAL_BRASIL,MAMONA,BRASIL,producao_mil_t
random_forest,,,,,2,historico_insuficiente,produto_uf,TOTAL_BRASIL,MAMONA,BRASIL,producao_mil_t
xgboost,,,,,2,historico_insuficiente,produto_uf,TOTAL_BRASIL,MAMONA,BRASIL,producao_mil_t
exponential_smoothing,,,,,2,historico_insuficiente,produto_uf,TOTAL_BRASIL,MAMONA,BRASIL,producao_mil_t
baseline_ingenuo,2709.399999999994,2709.399999999994,1.9569774110461484,,2,,produto_uf,TOTAL_BRASIL,MILHO TOTAL,BRASIL,producao_mil_t
regressao_linear,,,,,2,historico_insuficiente,produto_uf,TOTAL_BRASIL,MILHO TOTAL,BRASIL,producao_mil_t
random_forest,,,,,2,historico_insuficiente,produto_uf,TOTAL_BRASIL,MILHO TOTAL,BRASIL,producao_mil_t
xgboost,,,,,2,historico_insuficiente,produto_uf,TOTAL_BRASIL,MILHO TOTAL,BRASIL,producao_mil_t
exponential_smoothing,,,,,2,historico_insuficiente,produto_uf,TOTAL_BRASIL,MILHO TOTAL,BRASIL,producao_mil_t
baseline_ingenuo,6504.5,6504.5,3.654521448436666,,2,,produto_uf,TOTAL_BRASIL,SOJA,BRASIL,producao_mil_t
regressao_linear,,,,,2,historico_insuficiente,produto_uf,TOTAL_BRASIL,SOJA,BRASIL,producao_mil_t
random_forest,,,,,2,historico_insuficiente,produto_uf,TOTAL_BRASIL,SOJA,BRASIL,producao_mil_t
xgboost,,,,,2,historico_insuficiente,produto_uf,TOTAL_BRASIL,SOJA,BRASIL,producao_mil_t
exponential_smoothing,,,,,2,historico_insuficiente,produto_uf,TOTAL_BRASIL,SOJA,BRASIL,producao_mil_t
baseline_ingenuo,592.2999999999993,592.2999999999993,8.847561431025458,,2,,produto_uf,TOTAL_BRASIL,SORGO,BRASIL,producao_mil_t
regressao_linear,,,,,2,historico_insuficiente,produto_uf,TOTAL_BRASIL,SORGO,BRASIL,producao_mil_t
random_forest,,,,,2,historico_insuficiente,produto_uf,TOTAL_BRASIL,SORGO,BRASIL,producao_mil_t
xgboost,,,,,2,historico_insuficiente,produto_uf,TOTAL_BRASIL,SORGO,BRASIL,producao_mil_t
exponential_smoothing,,,,,2,historico_insuficiente,produto_uf,TOTAL_BRASIL,SORGO,BRASIL,producao_mil_t
baseline_ingenuo,968.6000000000004,968.6000000000004,14.027922604564946,,2,,produto_uf,TOTAL_BRASIL,TRIGO,BRASIL,producao_mil_t
regressao_linear,,,,,2,historico_insuficiente,produto_uf,TOTAL_BRASIL,TRIGO,BRASIL,producao_mil_t
random_forest,,,,,2,historico_insuficiente,produto_uf,TOTAL_BRASIL,TRIGO,BRASIL,producao_mil_t
xgboost,,,,,2,historico_insuficiente,produto_uf,TOTAL_BRASIL,TRIGO,BRASIL,producao_mil_t
exponential_smoothing,,,,,2,historico_insuficiente,produto_uf,TOTAL_BRASIL,TRIGO,BRASIL,producao_mil_t
baseline_ingenuo,3.0,3.0,8.928571428571429,,2,,produto_uf,TOTAL_BRASIL,TRITICALE,BRASIL,producao_mil_t
regressao_linear,,,,,2,historico_insuficiente,produto_uf,TOTAL_BRASIL,TRITICALE,BRASIL,producao_mil_t
random_forest,,,,,2,historico_insuficiente,produto_uf,TOTAL_BRASIL,TRITICALE,BRASIL,producao_mil_t
xgboost,,,,,2,historico_insuficiente,produto_uf,TOTAL_BRASIL,TRITICALE,BRASIL,producao_mil_t
exponential_smoothing,,,,,2,historico_insuficiente,produto_uf,TOTAL_BRASIL,TRITICALE,BRASIL,producao_mil_t
baseline_ingenuo,0.0,0.0,,,2,,produto_uf,UF,ALGODÃO - CAROÇO (1),AC,producao_mil_t
regressao_linear,,,,,2,historico_insuficiente,produto_uf,UF,ALGODÃO - CAROÇO (1),AC,producao_mil_t
random_forest,,,,,2,historico_insuficiente,produto_uf,UF,ALGODÃO - CAROÇO (1),AC,producao_mil_t
xgboost,,,,,2,historico_insuficiente,produto_uf,UF,ALGODÃO - CAROÇO (1),AC,producao_mil_t
exponential_smoothing,,,,,2,historico_insuficiente,produto_uf,UF,ALGODÃO - CAROÇO (1),AC,producao_mil_t
baseline_ingenuo,0.0,0.0,,,2,,produto_uf,UF,ALGODÃO - CAROÇO (1),AL,producao_mil_t
regressao_linear,,,,,2,historico_insuficiente,produto_uf,UF,ALGODÃO - CAROÇO (1),AL,producao_mil_t
random_forest,,,,,2,historico_insuficiente,produto_uf,UF,ALGODÃO - CAROÇO (1),AL,producao_mil_t
xgboost,,,,,2,historico_insuficiente,produto_uf,UF,ALGODÃO - CAROÇO (1),AL,producao_mil_t
exponential_smoothing,,,,,2,historico_insuficiente,produto_uf,UF,ALGODÃO - CAROÇO (1),AL,producao_mil_t
baseline_ingenuo,0.0,0.0,,,2,,produto_uf,UF,ALGODÃO - CAROÇO (1),AM,producao_mil_t
regressao_linear,,,,,2,historico_insuficiente,produto_uf,UF,ALGODÃO - CAROÇO (1),AM,producao_mil_t
random_forest,,,,,2,historico_insuficiente,produto_uf,UF,ALGODÃO - CAROÇO (1),AM,producao_mil_t
xgboost,,,,,2,historico_insuficiente,produto_uf,UF,ALGODÃO - CAROÇO (1),AM,producao_mil_t
exponential_smoothing,,,,,2,historico_insuficiente,produto_uf,UF,ALGODÃO - CAROÇO (1),AM,producao_mil_t
baseline_ingenuo,0.0,0.0,,,2,,produto_uf,UF,ALGODÃO - CAROÇO (1),AP,producao_mil_t
regressao_linear,,,,,2,historico_insuficiente,produto_uf,UF,ALGODÃO - CAROÇO (1),AP,producao_mil_t
random_forest,,,,,2,historico_insuficiente,produto_uf,UF,ALGODÃO - CAROÇO (1),AP,producao_mil_t
xgboost,,,,,2,historico_insuficiente,produto_uf,UF,ALGODÃO - CAROÇO (1),AP,producao_mil_t
exponential_smoothing,,,,,2,historico_insuficiente,produto_uf,UF,ALGODÃO - CAROÇO (1),AP,producao_mil_t
baseline_ingenuo,48.399999999999864,48.399999999999864,4.363111872351921,,2,,produto_uf,UF,ALGODÃO - CAROÇO (1),BA,producao_mil_t
regressao_linear,,,,,2,historico_insuficiente,produto_uf,UF,ALGODÃO - CAROÇO (1),BA,producao_mil_t
random_forest,,,,,2,historico_insuficiente,produto_uf,UF,ALGODÃO - CAROÇO (1),BA,producao_mil_t
xgboost,,,,,2,historico_insuficiente,produto_uf,UF,ALGODÃO - CAROÇO (1),BA,producao_mil_t
exponential_smoothing,,,,,2,historico_insuficiente,produto_uf,UF,ALGODÃO - CAROÇO (1),BA,producao_mil_t
baseline_ingenuo,0.40000000000000036,0.40000000000000036,12.50000000000001,,2,,produto_uf,UF,ALGODÃO - CAROÇO (1),CE,producao_mil_t
regressao_linear,,,,,2,historico_insuficiente,produto_uf,UF,ALGODÃO - CAROÇO (1),CE,producao_mil_t
random_forest,,,,,2,historico_insuficiente,produto_uf,UF,ALGODÃO - CAROÇO (1),CE,producao_mil_t
xgboost,,,,,2,historico_insuficiente,produto_uf,UF,ALGODÃO - CAROÇO (1),CE,producao_mil_t
exponential_smoothing,,,,,2,historico_insuficiente,produto_uf,UF,ALGODÃO - CAROÇO (1),CE,producao_mil_t
baseline_ingenuo,0.0,0.0,,,2,,produto_uf,UF,ALGODÃO - CAROÇO (1),DF,producao_mil_t
regressao_linear,,,,,2,historico_insuficiente,produto_uf,UF,ALGODÃO - CAROÇO (1),DF,producao_mil_t
random_forest,,,,,2,historico_insuficiente,produto_uf,UF,ALGODÃO - CAROÇO (1),DF,producao_mil_t
xgboost,,,,,2,historico_insuficiente,produto_uf,UF,ALGODÃO - CAROÇO (1),DF,producao_mil_t
exponential_smoothing,,,,,2,historico_insuficiente,produto_uf,UF,ALGODÃO - CAROÇO (1),DF,producao_mil_t
baseline_ingenuo,0.0,0.0,,,2,,produto_uf,UF,ALGODÃO - CAROÇO (1),ES,producao_mil_t
regressao_linear,,,,,2,historico_insuficiente,produto_uf,UF,ALGODÃO - CAROÇO (1),ES,producao_mil_t
random_forest,,,,,2,historico_insuficiente,produto_uf,UF,ALGODÃO - CAROÇO (1),ES,producao_mil_t
xgboost,,,,,2,historico_insuficiente,produto_uf,UF,ALGODÃO - CAROÇO (1),ES,producao_mil_t
exponential_smoothing,,,,,2,historico_insuficiente,produto_uf,UF,ALGODÃO - CAROÇO (1),ES,producao_mil_t
baseline_ingenuo,0.9999999999999858,0.9999999999999858,1.2210012210012036,,2,,produto_uf,UF,ALGODÃO - CAROÇO (1),GO,producao_mil_t
regressao_linear,,,,,2,historico_insuficiente,produto_uf,UF,ALGODÃO - CAROÇO (1),GO,producao_mil_t
random_forest,,,,,2,historico_insuficiente,produto_uf,UF,ALGODÃO - CAROÇO (1),GO,producao_mil_t
xgboost,,,,,2,historico_insuficiente,produto_uf,UF,ALGODÃO - CAROÇO (1),GO,producao_mil_t
exponential_smoothing,,,,,2,historico_insuficiente,produto_uf,UF,ALGODÃO - CAROÇO (1),GO,producao_mil_t
baseline_ingenuo,9.300000000000011,9.300000000000011,12.172774869109963,,2,,produto_uf,UF,ALGODÃO - CAROÇO (1),MA,producao_mil_t
regressao_linear,,,,,2,historico_insuficiente,produto_uf,UF,ALGODÃO - CAROÇO (1),MA,producao_mil_t
random_forest,,,,,2,historico_insuficiente,produto_uf,UF,ALGODÃO - CAROÇO (1),MA,producao_mil_t
xgboost,,,,,2,historico_insuficiente,produto_uf,UF,ALGODÃO - CAROÇO (1),MA,producao_mil_t
exponential_smoothing,,,,,2,historico_insuficiente,produto_uf,UF,ALGODÃO - CAROÇO (1),MA,producao_mil_t
baseline_ingenuo,3.3999999999999915,3.3999999999999915,2.987697715289975,,2,,produto_uf,UF,ALGODÃO - CAROÇO (1),MG,producao_mil_t
regressao_linear,,,,,2,historico_insuficiente,produto_uf,UF,ALGODÃO - CAROÇO (1),MG,producao_mil_t
random_forest,,,,,2,historico_insuficiente,produto_uf,UF,ALGODÃO - CAROÇO (1),MG,producao_mil_t
xgboost,,,,,2,historico_insuficiente,produto_uf,UF,ALGODÃO - CAROÇO (1),MG,producao_mil_t
exponential_smoothing,,,,,2,historico_insuficiente,produto_uf,UF,ALGODÃO - CAROÇO (1),MG,producao_mil_t
baseline_ingenuo,4.099999999999994,4.099999999999994,4.375667022411947,,2,,produto_uf,UF,ALGODÃO - CAROÇO (1),MS,producao_mil_t
regressao_linear,,,,,2,historico_insuficiente,produto_uf,UF,ALGODÃO - CAROÇO (1),MS,producao_mil_t
random_forest,,,,,2,historico_insuficiente,produto_uf,UF,ALGODÃO - CAROÇO (1),MS,producao_mil_t
xgboost,,,,,2,historico_insuficiente,produto_uf,UF,ALGODÃO - CAROÇO (1),MS,producao_mil_t
exponential_smoothing,,,,,2,historico_insuficiente,produto_uf,UF,ALGODÃO - CAROÇO (1),MS,producao_mil_t
baseline_ingenuo,326.8000000000011,326.8000000000011,8.729331944333175,,2,,produto_uf,UF,ALGODÃO - CAROÇO (1),MT,producao_mil_t
regressao_linear,,,,,2,historico_insuficiente,produto_uf,UF,ALGODÃO - CAROÇO (1),MT,producao_mil_t
random_forest,,,,,2,historico_insuficiente,produto_uf,UF,ALGODÃO - CAROÇO (1),MT,producao_mil_t
xgboost,,,,,2,historico_insuficiente,produto_uf,UF,ALGODÃO - CAROÇO (1),MT,producao_mil_t
exponential_smoothing,,,,,2,historico_insuficiente,produto_uf,UF,ALGODÃO - CAROÇO (1),MT,producao_mil_t
baseline_ingenuo,0.0,0.0,0.0,,2,,produto_uf,UF,ALGODÃO - CAROÇO (1),PA,producao_mil_t
regressao_linear,,,,,2,historico_insuficiente,produto_uf,UF,ALGODÃO - CAROÇO (1),PA,producao_mil_t
random_forest,,,,,2,historico_insuficiente,produto_uf,UF,ALGODÃO - CAROÇO (1),PA,producao_mil_t
xgboost,,,,,2,historico_insuficiente,produto_uf,UF,ALGODÃO - CAROÇO (1),PA,producao_mil_t
exponential_smoothing,,,,,2,historico_insuficiente,produto_uf,UF,ALGODÃO - CAROÇO (1),PA,producao_mil_t
baseline_ingenuo,0.10000000000000009,0.10000000000000009,33.333333333333364,,2,,produto_uf,UF,ALGODÃO - CAROÇO (1),PB,producao_mil_t
regressao_linear,,,,,2,historico_insuficiente,produto_uf,UF,ALGODÃO - CAROÇO (1),PB,producao_mil_t
random_forest,,,,,2,historico_insuficiente,produto_uf,UF,ALGODÃO - CAROÇO (1),PB,producao_mil_t
xgboost,,,,,2,historico_insuficiente,produto_uf,UF,ALGODÃO - CAROÇO (1),PB,producao_mil_t
exponential_smoothing,,,,,2,historico_insuficiente,produto_uf,UF,ALGODÃO - CAROÇO (1),PB,producao_mil_t
baseline_ingenuo,0.0,0.0,,,2,,produto_uf,UF,ALGODÃO - CAROÇO (1),PE,producao_mil_t
regressao_linear,,,,,2,historico_insuficiente,produto_uf,UF,ALGODÃO - CAROÇO (1),PE,producao_mil_t
random_forest,,,,,2,historico_insuficiente,produto_uf,UF,ALGODÃO - CAROÇO (1),PE,producao_mil_t
xgboost,,,,,2,historico_insuficiente,produto_uf,UF,ALGODÃO - CAROÇO (1),PE,producao_mil_t
exponential_smoothing,,,,,2,historico_insuficiente,produto_uf,UF,ALGODÃO - CAROÇO (1),PE,producao_mil_t
baseline_ingenuo,3.700000000000003,3.700000000000003,4.233409610983985,,2,,produto_uf,UF,ALGODÃO - CAROÇO (1),PI,producao_mil_t
regressao_linear,,,,,2,historico_insuficiente,produto_uf,UF,ALGODÃO - CAROÇO (1),PI,producao_mil_t
random_forest,,,,,2,historico_insuficiente,produto_uf,UF,ALGODÃO - CAROÇO (1),PI,producao_mil_t
xgboost,,,,,2,historico_insuficiente,produto_uf,UF,ALGODÃO - CAROÇO (1),PI,producao_mil_t
exponential_smoothing,,,,,2,historico_insuficiente,produto_uf,UF,ALGODÃO - CAROÇO (1),PI,producao_mil_t
baseline_ingenuo,0.0,0.0,0.0,,2,,produto_uf,UF,ALGODÃO - CAROÇO (1),PR,producao_mil_t
regressao_linear,,,,,2,historico_insuficiente,produto_uf,UF,ALGODÃO - CAROÇO (1),PR,producao_mil_t
random_forest,,,,,2,historico_insuficiente,produto_uf,UF,ALGODÃO - CAROÇO (1),PR,producao_mil_t
xgboost,,,,,2,historico_insuficiente,produto_uf,UF,ALGODÃO - CAROÇO (1),PR,producao_mil_t
exponential_smoothing,,,,,2,historico_insuficiente,produto_uf,UF,ALGODÃO - CAROÇO (1),PR,producao_mil_t
baseline_ingenuo,0.0,0.0,,,2,,produto_uf,UF,ALGODÃO - CAROÇO (1),RJ,producao_mil_t
regressao_linear,,,,,2,historico_insuficiente,produto_uf,UF,ALGODÃO - CAROÇO (1),RJ,producao_mil_t
random_forest,,,,,2,historico_insuficiente,produto_uf,UF,ALGODÃO - CAROÇO (1),RJ,producao_mil_t
xgboost,,,,,2,historico_insuficiente,produto_uf,UF,ALGODÃO - CAROÇO (1),RJ,producao_mil_t
exponential_smoothing,,,,,2,historico_insuficiente,produto_uf,UF,ALGODÃO - CAROÇO (1),RJ,producao_mil_t
baseline_ingenuo,0.19999999999999996,0.19999999999999996,16.666666666666664,,2,,produto_uf,UF,ALGODÃO - CAROÇO (1),RN,producao_mil_t
regressao_linear,,,,,2,historico_insuficiente,produto_uf,UF,ALGODÃO - CAROÇO (1),RN,producao_mil_t
random_forest,,,,,2,historico_insuficiente,produto_uf,UF,ALGODÃO - CAROÇO (1),RN,producao_mil_t
xgboost,,,,,2,historico_insuficiente,produto_uf,UF,ALGODÃO - CAROÇO (1),RN,producao_mil_t
exponential_smoothing,,,,,2,historico_insuficiente,produto_uf,UF,ALGODÃO - CAROÇO (1),RN,producao_mil_t
baseline_ingenuo,1.7000000000000028,1.7000000000000028,7.423580786026214,,2,,produto_uf,UF,ALGODÃO - CAROÇO (1),RO,producao_mil_t
regressao_linear,,,,,2,historico_insuficiente,produto_uf,UF,ALGODÃO - CAROÇO (1),RO,producao_mil_t
random_forest,,,,,2,historico_insuficiente,produto_uf,UF,ALGODÃO - CAROÇO (1),RO,producao_mil_t
xgboost,,,,,2,historico_insuficiente,produto_uf,UF,ALGODÃO - CAROÇO (1),RO,producao_mil_t
exponential_smoothing,,,,,2,historico_insuficiente,produto_uf,UF,ALGODÃO - CAROÇO (1),RO,producao_mil_t
baseline_ingenuo,0.0,0.0,,,2,,produto_uf,UF,ALGODÃO - CAROÇO (1),RR,producao_mil_t
regressao_linear,,,,,2,historico_insuficiente,produto_uf,UF,ALGODÃO - CAROÇO (1),RR,producao_mil_t
random_forest,,,,,2,historico_insuficiente,produto_uf,UF,ALGODÃO - CAROÇO (1),RR,producao_mil_t
xgboost,,,,,2,historico_insuficiente,produto_uf,UF,ALGODÃO - CAROÇO (1),RR,producao_mil_t
exponential_smoothing,,,,,2,historico_insuficiente,produto_uf,UF,ALGODÃO - CAROÇO (1),RR,producao_mil_t
baseline_ingenuo,0.0,0.0,,,2,,produto_uf,UF,ALGODÃO - CAROÇO (1),RS,producao_mil_t
regressao_linear,,,,,2,historico_insuficiente,produto_uf,UF,ALGODÃO - CAROÇO (1),RS,producao_mil_t
random_forest,,,,,2,historico_insuficiente,produto_uf,UF,ALGODÃO - CAROÇO (1),RS,producao_mil_t
xgboost,,,,,2,historico_insuficiente,produto_uf,UF,ALGODÃO - CAROÇO (1),RS,producao_mil_t
exponential_smoothing,,,,,2,historico_insuficiente,produto_uf,UF,ALGODÃO - CAROÇO (1),RS,producao_mil_t
baseline_ingenuo,0.0,0.0,,,2,,produto_uf,UF,ALGODÃO - CAROÇO (1),SC,producao_mil_t
regressao_linear,,,,,2,historico_insuficiente,produto_uf,UF,ALGODÃO - CAROÇO (1),SC,producao_mil_t
random_forest,,,,,2,historico_insuficiente,produto_uf,UF,ALGODÃO - CAROÇO (1),SC,producao_mil_t
xgboost,,,,,2,historico_insuficiente,produto_uf,UF,ALGODÃO - CAROÇO (1),SC,producao_mil_t
exponential_smoothing,,,,,2,historico_insuficiente,produto_uf,UF,ALGODÃO - CAROÇO (1),SC,producao_mil_t
baseline_ingenuo,0.0,0.0,,,2,,produto_uf,UF,ALGODÃO - CAROÇO (1),SE,producao_mil_t
regressao_linear,,,,,2,historico_insuficiente,produto_uf,UF,ALGODÃO - CAROÇO (1),SE,producao_mil_t
random_forest,,,,,2,historico_insuficiente,produto_uf,UF,ALGODÃO - CAROÇO (1),SE,producao_mil_t
xgboost,,,,,2,historico_insuficiente,produto_uf,UF,ALGODÃO - CAROÇO (1),SE,producao_mil_t
exponential_smoothing,,,,,2,historico_insuficiente,produto_uf,UF,ALGODÃO - CAROÇO (1),SE,producao_mil_t
baseline_ingenuo,0.0,0.0,0.0,,2,,produto_uf,UF,ALGODÃO - CAROÇO (1),SP,producao_mil_t
regressao_linear,,,,,2,historico_insuficiente,produto_uf,UF,ALGODÃO - CAROÇO (1),SP,producao_mil_t
random_forest,,,,,2,historico_insuficiente,produto_uf,UF,ALGODÃO - CAROÇO (1),SP,producao_mil_t
xgboost,,,,,2,historico_insuficiente,produto_uf,UF,ALGODÃO - CAROÇO (1),SP,producao_mil_t
exponential_smoothing,,,,,2,historico_insuficiente,produto_uf,UF,ALGODÃO - CAROÇO (1),SP,producao_mil_t
baseline_ingenuo,2.8999999999999915,2.8999999999999915,7.107843137254881,,2,,produto_uf,UF,ALGODÃO - CAROÇO (1),TO,producao_mil_t
regressao_linear,,,,,2,historico_insuficiente,produto_uf,UF,ALGODÃO - CAROÇO (1),TO,producao_mil_t
random_forest,,,,,2,historico_insuficiente,produto_uf,UF,ALGODÃO - CAROÇO (1),TO,producao_mil_t
xgboost,,,,,2,historico_insuficiente,produto_uf,UF,ALGODÃO - CAROÇO (1),TO,producao_mil_t
exponential_smoothing,,,,,2,historico_insuficiente,produto_uf,UF,ALGODÃO - CAROÇO (1),TO,producao_mil_t
baseline_ingenuo,0.0,0.0,,,2,,produto_uf,UF,ALGODÃO - PLUMA,AC,producao_mil_t
regressao_linear,,,,,2,historico_insuficiente,produto_uf,UF,ALGODÃO - PLUMA,AC,producao_mil_t
random_forest,,,,,2,historico_insuficiente,produto_uf,UF,ALGODÃO - PLUMA,AC,producao_mil_t
xgboost,,,,,2,historico_insuficiente,produto_uf,UF,ALGODÃO - PLUMA,AC,producao_mil_t
exponential_smoothing,,,,,2,historico_insuficiente,produto_uf,UF,ALGODÃO - PLUMA,AC,producao_mil_t
baseline_ingenuo,0.0,0.0,,,2,,produto_uf,UF,ALGODÃO - PLUMA,AL,producao_mil_t
regressao_linear,,,,,2,historico_insuficiente,produto_uf,UF,ALGODÃO - PLUMA,AL,producao_mil_t
random_forest,,,,,2,historico_insuficiente,produto_uf,UF,ALGODÃO - PLUMA,AL,producao_mil_t
xgboost,,,,,2,historico_insuficiente,produto_uf,UF,ALGODÃO - PLUMA,AL,producao_mil_t
exponential_smoothing,,,,,2,historico_insuficiente,produto_uf,UF,ALGODÃO - PLUMA,AL,producao_mil_t
baseline_ingenuo,0.0,0.0,,,2,,produto_uf,UF,ALGODÃO - PLUMA,AM,producao_mil_t
regressao_linear,,,,,2,historico_insuficiente,produto_uf,UF,ALGODÃO - PLUMA,AM,producao_mil_t
random_forest,,,,,2,historico_insuficiente,produto_uf,UF,ALGODÃO - PLUMA,AM,producao_mil_t
xgboost,,,,,2,historico_insuficiente,produto_uf,UF,ALGODÃO - PLUMA,AM,producao_mil_t
exponential_smoothing,,,,,2,historico_insuficiente,produto_uf,UF,ALGODÃO - PLUMA,AM,producao_mil_t
baseline_ingenuo,0.0,0.0,,,2,,produto_uf,UF,ALGODÃO - PLUMA,AP,producao_mil_t
regressao_linear,,,,,2,historico_insuficiente,produto_uf,UF,ALGODÃO - PLUMA,AP,producao_mil_t
random_forest,,,,,2,historico_insuficiente,produto_uf,UF,ALGODÃO - PLUMA,AP,producao_mil_t
xgboost,,,,,2,historico_insuficiente,produto_uf,UF,ALGODÃO - PLUMA,AP,producao_mil_t
exponential_smoothing,,,,,2,historico_insuficiente,produto_uf,UF,ALGODÃO - PLUMA,AP,producao_mil_t
baseline_ingenuo,35.10000000000002,35.10000000000002,4.3694759118635655,,2,,produto_uf,UF,ALGODÃO - PLUMA,BA,producao_mil_t
regressao_linear,,,,,2,historico_insuficiente,produto_uf,UF,ALGODÃO - PLUMA,BA,producao_mil_t
random_forest,,,,,2,historico_insuficiente,produto_uf,UF,ALGODÃO - PLUMA,BA,producao_mil_t
xgboost,,,,,2,historico_insuficiente,produto_uf,UF,ALGODÃO - PLUMA,BA,producao_mil_t
exponential_smoothing,,,,,2,historico_insuficiente,produto_uf,UF,ALGODÃO - PLUMA,BA,producao_mil_t
baseline_ingenuo,0.19999999999999996,0.19999999999999996,11.764705882352938,,2,,produto_uf,UF,ALGODÃO - PLUMA,CE,producao_mil_t
regressao_linear,,,,,2,historico_insuficiente,produto_uf,UF,ALGODÃO - PLUMA,CE,producao_mil_t
random_forest,,,,,2,historico_insuficiente,produto_uf,UF,ALGODÃO - PLUMA,CE,producao_mil_t
xgboost,,,,,2,historico_insuficiente,produto_uf,UF,ALGODÃO - PLUMA,CE,producao_mil_t
exponential_smoothing,,,,,2,historico_insuficiente,produto_uf,UF,ALGODÃO - PLUMA,CE,producao_mil_t
baseline_ingenuo,0.0,0.0,,,2,,produto_uf,UF,ALGODÃO - PLUMA,DF,producao_mil_t
regressao_linear,,,,,2,historico_insuficiente,produto_uf,UF,ALGODÃO - PLUMA,DF,producao_mil_t
random_forest,,,,,2,historico_insuficiente,produto_uf,UF,ALGODÃO - PLUMA,DF,producao_mil_t
xgboost,,,,,2,historico_insuficiente,produto_uf,UF,ALGODÃO - PLUMA,DF,producao_mil_t
exponential_smoothing,,,,,2,historico_insuficiente,produto_uf,UF,ALGODÃO - PLUMA,DF,producao_mil_t
baseline_ingenuo,0.0,0.0,,,2,,produto_uf,UF,ALGODÃO - PLUMA,ES,producao_mil_t
regressao_linear,,,,,2,historico_insuficiente,produto_uf,UF,ALGODÃO - PLUMA,ES,producao_mil_t
random_forest,,,,,2,historico_insuficiente,produto_uf,UF,ALGODÃO - PLUMA,ES,producao_mil_t
xgboost,,,,,2,historico_insuficiente,produto_uf,UF,ALGODÃO - PLUMA,ES,producao_mil_t
exponential_smoothing,,,,,2,historico_insuficiente,produto_uf,UF,ALGODÃO - PLUMA,ES,producao_mil_t
baseline_ingenuo,0.6000000000000014,0.6000000000000014,1.0989010989011014,,2,,produto_uf,UF,ALGODÃO - PLUMA,GO,producao_mil_t
regressao_linear,,,,,2,historico_insuficiente,produto_uf,UF,ALGODÃO - PLUMA,GO,producao_mil_t
random_forest,,,,,2,historico_insuficiente,produto_uf,UF,ALGODÃO - PLUMA,GO,producao_mil_t
xgboost,,,,,2,historico_insuficiente,produto_uf,UF,ALGODÃO - PLUMA,GO,producao_mil_t
exponential_smoothing,,,,,2,historico_insuficiente,produto_uf,UF,ALGODÃO - PLUMA,GO,producao_mil_t
baseline_ingenuo,6.5,6.5,12.31060606060606,,2,,produto_uf,UF,ALGODÃO - PLUMA,MA,producao_mil_t
regressao_linear,,,,,2,historico_insuficiente,produto_uf,UF,ALGODÃO - PLUMA,MA,producao_mil_t
random_forest,,,,,2,historico_insuficiente,produto_uf,UF,ALGODÃO - PLUMA,MA,producao_mil_t
xgboost,,,,,2,historico_insuficiente,produto_uf,UF,ALGODÃO - PLUMA,MA,producao_mil_t
exponential_smoothing,,,,,2,historico_insuficiente,produto_uf,UF,ALGODÃO - PLUMA,MA,producao_mil_t
baseline_ingenuo,2.5,2.5,3.067484662576687,,2,,produto_uf,UF,ALGODÃO - PLUMA,MG,producao_mil_t
regressao_linear,,,,,2,historico_insuficiente,produto_uf,UF,ALGODÃO - PLUMA,MG,producao_mil_t
random_forest,,,,,2,historico_insuficiente,produto_uf,UF,ALGODÃO - PLUMA,MG,producao_mil_t
xgboost,,,,,2,historico_insuficiente,produto_uf,UF,ALGODÃO - PLUMA,MG,producao_mil_t
exponential_smoothing,,,,,2,historico_insuficiente,produto_uf,UF,ALGODÃO - PLUMA,MG,producao_mil_t
baseline_ingenuo,3.0,3.0,4.424778761061947,,2,,produto_uf,UF,ALGODÃO - PLUMA,MS,producao_mil_t
regressao_linear,,,,,2,historico_insuficiente,produto_uf,UF,ALGODÃO - PLUMA,MS,producao_mil_t
random_forest,,,,,2,historico_insuficiente,produto_uf,UF,ALGODÃO - PLUMA,MS,producao_mil_t
xgboost,,,,,2,historico_insuficiente,produto_uf,UF,ALGODÃO - PLUMA,MS,producao_mil_t
exponential_smoothing,,,,,2,historico_insuficiente,produto_uf,UF,ALGODÃO - PLUMA,MS,producao_mil_t
baseline_ingenuo,228.9000000000001,228.9000000000001,8.725983531564506,,2,,produto_uf,UF,ALGODÃO - PLUMA,MT,producao_mil_t
regressao_linear,,,,,2,historico_insuficiente,produto_uf,UF,ALGODÃO - PLUMA,MT,producao_mil_t
random_forest,,,,,2,historico_insuficiente,produto_uf,UF,ALGODÃO - PLUMA,MT,producao_mil_t
xgboost,,,,,2,historico_insuficiente,produto_uf,UF,ALGODÃO - PLUMA,MT,producao_mil_t
exponential_smoothing,,,,,2,historico_insuficiente,produto_uf,UF,ALGODÃO - PLUMA,MT,producao_mil_t
baseline_ingenuo,0.0,0.0,0.0,,2,,produto_uf,UF,ALGODÃO - PLUMA,PA,producao_mil_t
regressao_linear,,,,,2,historico_insuficiente,produto_uf,UF,ALGODÃO - PLUMA,PA,producao_mil_t
random_forest,,,,,2,historico_insuficiente,produto_uf,UF,ALGODÃO - PLUMA,PA,producao_mil_t
xgboost,,,,,2,historico_insuficiente,produto_uf,UF,ALGODÃO - PLUMA,PA,producao_mil_t
exponential_smoothing,,,,,2,historico_insuficiente,produto_uf,UF,ALGODÃO - PLUMA,PA,producao_mil_t
baseline_ingenuo,0.1,0.1,50.0,,2,,produto_uf,UF,ALGODÃO - PLUMA,PB,producao_mil_t
regressao_linear,,,,,2,historico_insuficiente,produto_uf,UF,ALGODÃO - PLUMA,PB,producao_mil_t
random_forest,,,,,2,historico_insuficiente,produto_uf,UF,ALGODÃO - PLUMA,PB,producao_mil_t
xgboost,,,,,2,historico_insuficiente,produto_uf,UF,ALGODÃO - PLUMA,PB,producao_mil_t
exponential_smoothing,,,,,2,historico_insuficiente,produto_uf,UF,ALGODÃO - PLUMA,PB,producao_mil_t
baseline_ingenuo,0.0,0.0,,,2,,produto_uf,UF,ALGODÃO - PLUMA,PE,producao_mil_t
regressao_linear,,,,,2,historico_insuficiente,produto_uf,UF,ALGODÃO - PLUMA,PE,producao_mil_t
random_forest,,,,,2,historico_insuficiente,produto_uf,UF,ALGODÃO - PLUMA,PE,producao_mil_t
xgboost,,,,,2,historico_insuficiente,produto_uf,UF,ALGODÃO - PLUMA,PE,producao_mil_t
exponential_smoothing,,,,,2,historico_insuficiente,produto_uf,UF,ALGODÃO - PLUMA,PE,producao_mil_t
baseline_ingenuo,2.5999999999999943,2.5999999999999943,4.2833607907742905,,2,,produto_uf,UF,ALGODÃO - PLUMA,PI,producao_mil_t
regressao_linear,,,,,2,historico_insuficiente,produto_uf,UF,ALGODÃO - PLUMA,PI,producao_mil_t
random_forest,,,,,2,historico_insuficiente,produto_uf,UF,ALGODÃO - PLUMA,PI,producao_mil_t
xgboost,,,,,2,historico_insuficiente,produto_uf,UF,ALGODÃO - PLUMA,PI,producao_mil_t
exponential_smoothing,,,,,2,historico_insuficiente,produto_uf,UF,ALGODÃO - PLUMA,PI,producao_mil_t
baseline_ingenuo,0.0,0.0,0.0,,2,,produto_uf,UF,ALGODÃO - PLUMA,PR,producao_mil_t
regressao_linear,,,,,2,historico_insuficiente,produto_uf,UF,ALGODÃO - PLUMA,PR,producao_mil_t
random_forest,,,,,2,historico_insuficiente,produto_uf,UF,ALGODÃO - PLUMA,PR,producao_mil_t
xgboost,,,,,2,historico_insuficiente,produto_uf,UF,ALGODÃO - PLUMA,PR,producao_mil_t
exponential_smoothing,,,,,2,historico_insuficiente,produto_uf,UF,ALGODÃO - PLUMA,PR,producao_mil_t
baseline_ingenuo,0.0,0.0,,,2,,produto_uf,UF,ALGODÃO - PLUMA,RJ,producao_mil_t
regressao_linear,,,,,2,historico_insuficiente,produto_uf,UF,ALGODÃO - PLUMA,RJ,producao_mil_t
random_forest,,,,,2,historico_insuficiente,produto_uf,UF,ALGODÃO - PLUMA,RJ,producao_mil_t
xgboost,,,,,2,historico_insuficiente,produto_uf,UF,ALGODÃO - PLUMA,RJ,producao_mil_t
exponential_smoothing,,,,,2,historico_insuficiente,produto_uf,UF,ALGODÃO - PLUMA,RJ,producao_mil_t
baseline_ingenuo,0.0,0.0,0.0,,2,,produto_uf,UF,ALGODÃO - PLUMA,RN,producao_mil_t
regressao_linear,,,,,2,historico_insuficiente,produto_uf,UF,ALGODÃO - PLUMA,RN,producao_mil_t
random_forest,,,,,2,historico_insuficiente,produto_uf,UF,ALGODÃO - PLUMA,RN,producao_mil_t
xgboost,,,,,2,historico_insuficiente,produto_uf,UF,ALGODÃO - PLUMA,RN,producao_mil_t
exponential_smoothing,,,,,2,historico_insuficiente,produto_uf,UF,ALGODÃO - PLUMA,RN,producao_mil_t
baseline_ingenuo,1.0,1.0,7.142857142857142,,2,,produto_uf,UF,ALGODÃO - PLUMA,RO,producao_mil_t
regressao_linear,,,,,2,historico_insuficiente,produto_uf,UF,ALGODÃO - PLUMA,RO,producao_mil_t
random_forest,,,,,2,historico_insuficiente,produto_uf,UF,ALGODÃO - PLUMA,RO,producao_mil_t
xgboost,,,,,2,historico_insuficiente,produto_uf,UF,ALGODÃO - PLUMA,RO,producao_mil_t
exponential_smoothing,,,,,2,historico_insuficiente,produto_uf,UF,ALGODÃO - PLUMA,RO,producao_mil_t
baseline_ingenuo,0.0,0.0,,,2,,produto_uf,UF,ALGODÃO - PLUMA,RR,producao_mil_t
regressao_linear,,,,,2,historico_insuficiente,produto_uf,UF,ALGODÃO - PLUMA,RR,producao_mil_t
random_forest,,,,,2,historico_insuficiente,produto_uf,UF,ALGODÃO - PLUMA,RR,producao_mil_t
xgboost,,,,,2,historico_insuficiente,produto_uf,UF,ALGODÃO - PLUMA,RR,producao_mil_t
exponential_smoothing,,,,,2,historico_insuficiente,produto_uf,UF,ALGODÃO - PLUMA,RR,producao_mil_t
baseline_ingenuo,0.0,0.0,,,2,,produto_uf,UF,ALGODÃO - PLUMA,RS,producao_mil_t
regressao_linear,,,,,2,historico_insuficiente,produto_uf,UF,ALGODÃO - PLUMA,RS,producao_mil_t
random_forest,,,,,2,historico_insuficiente,produto_uf,UF,ALGODÃO - PLUMA,RS,producao_mil_t
xgboost,,,,,2,historico_insuficiente,produto_uf,UF,ALGODÃO - PLUMA,RS,producao_mil_t
exponential_smoothing,,,,,2,historico_insuficiente,produto_uf,UF,ALGODÃO - PLUMA,RS,producao_mil_t
baseline_ingenuo,0.0,0.0,,,2,,produto_uf,UF,ALGODÃO - PLUMA,SC,producao_mil_t
regressao_linear,,,,,2,historico_insuficiente,produto_uf,UF,ALGODÃO - PLUMA,SC,producao_mil_t
random_forest,,,,,2,historico_insuficiente,produto_uf,UF,ALGODÃO - PLUMA,SC,producao_mil_t
xgboost,,,,,2,historico_insuficiente,produto_uf,UF,ALGODÃO - PLUMA,SC,producao_mil_t
exponential_smoothing,,,,,2,historico_insuficiente,produto_uf,UF,ALGODÃO - PLUMA,SC,producao_mil_t
baseline_ingenuo,0.0,0.0,,,2,,produto_uf,UF,ALGODÃO - PLUMA,SE,producao_mil_t
regressao_linear,,,,,2,historico_insuficiente,produto_uf,UF,ALGODÃO - PLUMA,SE,producao_mil_t
random_forest,,,,,2,historico_insuficiente,produto_uf,UF,ALGODÃO - PLUMA,SE,producao_mil_t
xgboost,,,,,2,historico_insuficiente,produto_uf,UF,ALGODÃO - PLUMA,SE,producao_mil_t
exponential_smoothing,,,,,2,historico_insuficiente,produto_uf,UF,ALGODÃO - PLUMA,SE,producao_mil_t
baseline_ingenuo,0.0,0.0,0.0,,2,,produto_uf,UF,ALGODÃO - PLUMA,SP,producao_mil_t
regressao_linear,,,,,2,historico_insuficiente,produto_uf,UF,ALGODÃO - PLUMA,SP,producao_mil_t
random_forest,,,,,2,historico_insuficiente,produto_uf,UF,ALGODÃO - PLUMA,SP,producao_mil_t
xgboost,,,,,2,historico_insuficiente,produto_uf,UF,ALGODÃO - PLUMA,SP,producao_mil_t
exponential_smoothing,,,,,2,historico_insuficiente,produto_uf,UF,ALGODÃO - PLUMA,SP,producao_mil_t
baseline_ingenuo,1.8000000000000007,1.8000000000000007,6.642066420664208,,2,,produto_uf,UF,ALGODÃO - PLUMA,TO,producao_mil_t
regressao_linear,,,,,2,historico_insuficiente,produto_uf,UF,ALGODÃO - PLUMA,TO,producao_mil_t
random_forest,,,,,2,historico_insuficiente,produto_uf,UF,ALGODÃO - PLUMA,TO,producao_mil_t
xgboost,,,,,2,historico_insuficiente,produto_uf,UF,ALGODÃO - PLUMA,TO,producao_mil_t
exponential_smoothing,,,,,2,historico_insuficiente,produto_uf,UF,ALGODÃO - PLUMA,TO,producao_mil_t
baseline_ingenuo,0.0,0.0,,,2,,produto_uf,UF,AMENDOIM TOTAL,AC,producao_mil_t
regressao_linear,,,,,2,historico_insuficiente,produto_uf,UF,AMENDOIM TOTAL,AC,producao_mil_t
random_forest,,,,,2,historico_insuficiente,produto_uf,UF,AMENDOIM TOTAL,AC,producao_mil_t
xgboost,,,,,2,historico_insuficiente,produto_uf,UF,AMENDOIM TOTAL,AC,producao_mil_t
exponential_smoothing,,,,,2,historico_insuficiente,produto_uf,UF,AMENDOIM TOTAL,AC,producao_mil_t
baseline_ingenuo,0.0,0.0,,,2,,produto_uf,UF,AMENDOIM TOTAL,AL,producao_mil_t
regressao_linear,,,,,2,historico_insuficiente,produto_uf,UF,AMENDOIM TOTAL,AL,producao_mil_t
random_forest,,,,,2,historico_insuficiente,produto_uf,UF,AMENDOIM TOTAL,AL,producao_mil_t
xgboost,,,,,2,historico_insuficiente,produto_uf,UF,AMENDOIM TOTAL,AL,producao_mil_t
exponential_smoothing,,,,,2,historico_insuficiente,produto_uf,UF,AMENDOIM TOTAL,AL,producao_mil_t
baseline_ingenuo,0.0,0.0,,,2,,produto_uf,UF,AMENDOIM TOTAL,AM,producao_mil_t
regressao_linear,,,,,2,historico_insuficiente,produto_uf,UF,AMENDOIM TOTAL,AM,producao_mil_t
random_forest,,,,,2,historico_insuficiente,produto_uf,UF,AMENDOIM TOTAL,AM,producao_mil_t
xgboost,,,,,2,historico_insuficiente,produto_uf,UF,AMENDOIM TOTAL,AM,producao_mil_t
exponential_smoothing,,,,,2,historico_insuficiente,produto_uf,UF,AMENDOIM TOTAL,AM,producao_mil_t
baseline_ingenuo,0.0,0.0,,,2,,produto_uf,UF,AMENDOIM TOTAL,AP,producao_mil_t
regressao_linear,,,,,2,historico_insuficiente,produto_uf,UF,AMENDOIM TOTAL,AP,producao_mil_t
random_forest,,,,,2,historico_insuficiente,produto_uf,UF,AMENDOIM TOTAL,AP,producao_mil_t
xgboost,,,,,2,historico_insuficiente,produto_uf,UF,AMENDOIM TOTAL,AP,producao_mil_t
exponential_smoothing,,,,,2,historico_insuficiente,produto_uf,UF,AMENDOIM TOTAL,AP,producao_mil_t
baseline_ingenuo,0.09999999999999964,0.09999999999999964,3.7037037037036904,,2,,produto_uf,UF,AMENDOIM TOTAL,BA,producao_mil_t
regressao_linear,,,,,2,historico_insuficiente,produto_uf,UF,AMENDOIM TOTAL,BA,producao_mil_t
random_forest,,,,,2,historico_insuficiente,produto_uf,UF,AMENDOIM TOTAL,BA,producao_mil_t
xgboost,,,,,2,historico_insuficiente,produto_uf,UF,AMENDOIM TOTAL,BA,producao_mil_t
exponential_smoothing,,,,,2,historico_insuficiente,produto_uf,UF,AMENDOIM TOTAL,BA,producao_mil_t
baseline_ingenuo,0.0,0.0,0.0,,2,,produto_uf,UF,AMENDOIM TOTAL,CE,producao_mil_t
regressao_linear,,,,,2,historico_insuficiente,produto_uf,UF,AMENDOIM TOTAL,CE,producao_mil_t
random_forest,,,,,2,historico_insuficiente,produto_uf,UF,AMENDOIM TOTAL,CE,producao_mil_t
xgboost,,,,,2,historico_insuficiente,produto_uf,UF,AMENDOIM TOTAL,CE,producao_mil_t
exponential_smoothing,,,,,2,historico_insuficiente,produto_uf,UF,AMENDOIM TOTAL,CE,producao_mil_t
baseline_ingenuo,0.0,0.0,,,2,,produto_uf,UF,AMENDOIM TOTAL,DF,producao_mil_t
regressao_linear,,,,,2,historico_insuficiente,produto_uf,UF,AMENDOIM TOTAL,DF,producao_mil_t
random_forest,,,,,2,historico_insuficiente,produto_uf,UF,AMENDOIM TOTAL,DF,producao_mil_t
xgboost,,,,,2,historico_insuficiente,produto_uf,UF,AMENDOIM TOTAL,DF,producao_mil_t
exponential_smoothing,,,,,2,historico_insuficiente,produto_uf,UF,AMENDOIM TOTAL,DF,producao_mil_t
baseline_ingenuo,0.0,0.0,,,2,,produto_uf,UF,AMENDOIM TOTAL,ES,producao_mil_t
regressao_linear,,,,,2,historico_insuficiente,produto_uf,UF,AMENDOIM TOTAL,ES,producao_mil_t
random_forest,,,,,2,historico_insuficiente,produto_uf,UF,AMENDOIM TOTAL,ES,producao_mil_t
xgboost,,,,,2,historico_insuficiente,produto_uf,UF,AMENDOIM TOTAL,ES,producao_mil_t
exponential_smoothing,,,,,2,historico_insuficiente,produto_uf,UF,AMENDOIM TOTAL,ES,producao_mil_t
baseline_ingenuo,0.0,0.0,,,2,,produto_uf,UF,AMENDOIM TOTAL,GO,producao_mil_t
regressao_linear,,,,,2,historico_insuficiente,produto_uf,UF,AMENDOIM TOTAL,GO,producao_mil_t
random_forest,,,,,2,historico_insuficiente,produto_uf,UF,AMENDOIM TOTAL,GO,producao_mil_t
xgboost,,,,,2,historico_insuficiente,produto_uf,UF,AMENDOIM TOTAL,GO,producao_mil_t
exponential_smoothing,,,,,2,historico_insuficiente,produto_uf,UF,AMENDOIM TOTAL,GO,producao_mil_t
baseline_ingenuo,0.0,0.0,,,2,,produto_uf,UF,AMENDOIM TOTAL,MA,producao_mil_t
regressao_linear,,,,,2,historico_insuficiente,produto_uf,UF,AMENDOIM TOTAL,MA,producao_mil_t
random_forest,,,,,2,historico_insuficiente,produto_uf,UF,AMENDOIM TOTAL,MA,producao_mil_t
xgboost,,,,,2,historico_insuficiente,produto_uf,UF,AMENDOIM TOTAL,MA,producao_mil_t
exponential_smoothing,,,,,2,historico_insuficiente,produto_uf,UF,AMENDOIM TOTAL,MA,producao_mil_t
baseline_ingenuo,5.399999999999999,5.399999999999999,9.407665505226479,,2,,produto_uf,UF,AMENDOIM TOTAL,MG,producao_mil_t
regressao_linear,,,,,2,historico_insuficiente,produto_uf,UF,AMENDOIM TOTAL,MG,producao_mil_t
random_forest,,,,,2,historico_insuficiente,produto_uf,UF,AMENDOIM TOTAL,MG,producao_mil_t
xgboost,,,,,2,historico_insuficiente,produto_uf,UF,AMENDOIM TOTAL,MG,producao_mil_t
exponential_smoothing,,,,,2,historico_insuficiente,produto_uf,UF,AMENDOIM TOTAL,MG,producao_mil_t
baseline_ingenuo,6.900000000000006,6.900000000000006,3.8205980066445218,,2,,produto_uf,UF,AMENDOIM TOTAL,MS,producao_mil_t
regressao_linear,,,,,2,historico_insuficiente,produto_uf,UF,AMENDOIM TOTAL,MS,producao_mil_t
random_forest,,,,,2,historico_insuficiente,produto_uf,UF,AMENDOIM TOTAL,MS,producao_mil_t
xgboost,,,,,2,historico_insuficiente,produto_uf,UF,AMENDOIM TOTAL,MS,producao_mil_t
exponential_smoothing,,,,,2,historico_insuficiente,produto_uf,UF,AMENDOIM TOTAL,MS,producao_mil_t
baseline_ingenuo,0.0,0.0,,,2,,produto_uf,UF,AMENDOIM TOTAL,MT,producao_mil_t
regressao_linear,,,,,2,historico_insuficiente,produto_uf,UF,AMENDOIM TOTAL,MT,producao_mil_t
random_forest,,,,,2,historico_insuficiente,produto_uf,UF,AMENDOIM TOTAL,MT,producao_mil_t
xgboost,,,,,2,historico_insuficiente,produto_uf,UF,AMENDOIM TOTAL,MT,producao_mil_t
exponential_smoothing,,,,,2,historico_insuficiente,produto_uf,UF,AMENDOIM TOTAL,MT,producao_mil_t
baseline_ingenuo,0.0,0.0,,,2,,produto_uf,UF,AMENDOIM TOTAL,PA,producao_mil_t
regressao_linear,,,,,2,historico_insuficiente,produto_uf,UF,AMENDOIM TOTAL,PA,producao_mil_t
random_forest,,,,,2,historico_insuficiente,produto_uf,UF,AMENDOIM TOTAL,PA,producao_mil_t
xgboost,,,,,2,historico_insuficiente,produto_uf,UF,AMENDOIM TOTAL,PA,producao_mil_t
exponential_smoothing,,,,,2,historico_insuficiente,produto_uf,UF,AMENDOIM TOTAL,PA,producao_mil_t
baseline_ingenuo,0.0,0.0,0.0,,2,,produto_uf,UF,AMENDOIM TOTAL,PB,producao_mil_t
regressao_linear,,,,,2,historico_insuficiente,produto_uf,UF,AMENDOIM TOTAL,PB,producao_mil_t
random_forest,,,,,2,historico_insuficiente,produto_uf,UF,AMENDOIM TOTAL,PB,producao_mil_t
xgboost,,,,,2,historico_insuficiente,produto_uf,UF,AMENDOIM TOTAL,PB,producao_mil_t
exponential_smoothing,,,,,2,historico_insuficiente,produto_uf,UF,AMENDOIM TOTAL,PB,producao_mil_t
baseline_ingenuo,0.0,0.0,,,2,,produto_uf,UF,AMENDOIM TOTAL,PE,producao_mil_t
regressao_linear,,,,,2,historico_insuficiente,produto_uf,UF,AMENDOIM TOTAL,PE,producao_mil_t
random_forest,,,,,2,historico_insuficiente,produto_uf,UF,AMENDOIM TOTAL,PE,producao_mil_t
xgboost,,,,,2,historico_insuficiente,produto_uf,UF,AMENDOIM TOTAL,PE,producao_mil_t
exponential_smoothing,,,,,2,historico_insuficiente,produto_uf,UF,AMENDOIM TOTAL,PE,producao_mil_t
baseline_ingenuo,0.0,0.0,,,2,,produto_uf,UF,AMENDOIM TOTAL,PI,producao_mil_t
regressao_linear,,,,,2,historico_insuficiente,produto_uf,UF,AMENDOIM TOTAL,PI,producao_mil_t
random_forest,,,,,2,historico_insuficiente,produto_uf,UF,AMENDOIM TOTAL,PI,producao_mil_t
xgboost,,,,,2,historico_insuficiente,produto_uf,UF,AMENDOIM TOTAL,PI,producao_mil_t
exponential_smoothing,,,,,2,historico_insuficiente,produto_uf,UF,AMENDOIM TOTAL,PI,producao_mil_t
baseline_ingenuo,2.0,2.0,46.51162790697674,,2,,produto_uf,UF,AMENDOIM TOTAL,PR,producao_mil_t
regressao_linear,,,,,2,historico_insuficiente,produto_uf,UF,AMENDOIM TOTAL,PR,producao_mil_t
random_forest,,,,,2,historico_insuficiente,produto_uf,UF,AMENDOIM TOTAL,PR,producao_mil_t
xgboost,,,,,2,historico_insuficiente,produto_uf,UF,AMENDOIM TOTAL,PR,producao_mil_t
exponential_smoothing,,,,,2,historico_insuficiente,produto_uf,UF,AMENDOIM TOTAL,PR,producao_mil_t
baseline_ingenuo,0.0,0.0,,,2,,produto_uf,UF,AMENDOIM TOTAL,RJ,producao_mil_t
regressao_linear,,,,,2,historico_insuficiente,produto_uf,UF,AMENDOIM TOTAL,RJ,producao_mil_t
random_forest,,,,,2,historico_insuficiente,produto_uf,UF,AMENDOIM TOTAL,RJ,producao_mil_t
xgboost,,,,,2,historico_insuficiente,produto_uf,UF,AMENDOIM TOTAL,RJ,producao_mil_t
exponential_smoothing,,,,,2,historico_insuficiente,produto_uf,UF,AMENDOIM TOTAL,RJ,producao_mil_t
baseline_ingenuo,0.0,0.0,,,2,,produto_uf,UF,AMENDOIM TOTAL,RN,producao_mil_t
regressao_linear,,,,,2,historico_insuficiente,produto_uf,UF,AMENDOIM TOTAL,RN,producao_mil_t
random_forest,,,,,2,historico_insuficiente,produto_uf,UF,AMENDOIM TOTAL,RN,producao_mil_t
xgboost,,,,,2,historico_insuficiente,produto_uf,UF,AMENDOIM TOTAL,RN,producao_mil_t
exponential_smoothing,,,,,2,historico_insuficiente,produto_uf,UF,AMENDOIM TOTAL,RN,producao_mil_t
baseline_ingenuo,0.0,0.0,,,2,,produto_uf,UF,AMENDOIM TOTAL,RO,producao_mil_t
regressao_linear,,,,,2,historico_insuficiente,produto_uf,UF,AMENDOIM TOTAL,RO,producao_mil_t
random_forest,,,,,2,historico_insuficiente,produto_uf,UF,AMENDOIM TOTAL,RO,producao_mil_t
xgboost,,,,,2,historico_insuficiente,produto_uf,UF,AMENDOIM TOTAL,RO,producao_mil_t
exponential_smoothing,,,,,2,historico_insuficiente,produto_uf,UF,AMENDOIM TOTAL,RO,producao_mil_t
baseline_ingenuo,0.0,0.0,,,2,,produto_uf,UF,AMENDOIM TOTAL,RR,producao_mil_t
regressao_linear,,,,,2,historico_insuficiente,produto_uf,UF,AMENDOIM TOTAL,RR,producao_mil_t
random_forest,,,,,2,historico_insuficiente,produto_uf,UF,AMENDOIM TOTAL,RR,producao_mil_t
xgboost,,,,,2,historico_insuficiente,produto_uf,UF,AMENDOIM TOTAL,RR,producao_mil_t
exponential_smoothing,,,,,2,historico_insuficiente,produto_uf,UF,AMENDOIM TOTAL,RR,producao_mil_t
baseline_ingenuo,0.0,0.0,,,2,,produto_uf,UF,AMENDOIM TOTAL,RS,producao_mil_t
regressao_linear,,,,,2,historico_insuficiente,produto_uf,UF,AMENDOIM TOTAL,RS,producao_mil_t
random_forest,,,,,2,historico_insuficiente,produto_uf,UF,AMENDOIM TOTAL,RS,producao_mil_t
xgboost,,,,,2,historico_insuficiente,produto_uf,UF,AMENDOIM TOTAL,RS,producao_mil_t
exponential_smoothing,,,,,2,historico_insuficiente,produto_uf,UF,AMENDOIM TOTAL,RS,producao_mil_t
baseline_ingenuo,0.0,0.0,,,2,,produto_uf,UF,AMENDOIM TOTAL,SC,producao_mil_t
regressao_linear,,,,,2,historico_insuficiente,produto_uf,UF,AMENDOIM TOTAL,SC,producao_mil_t
random_forest,,,,,2,historico_insuficiente,produto_uf,UF,AMENDOIM TOTAL,SC,producao_mil_t
xgboost,,,,,2,historico_insuficiente,produto_uf,UF,AMENDOIM TOTAL,SC,producao_mil_t
exponential_smoothing,,,,,2,historico_insuficiente,produto_uf,UF,AMENDOIM TOTAL,SC,producao_mil_t
baseline_ingenuo,0.0,0.0,,,2,,produto_uf,UF,AMENDOIM TOTAL,SE,producao_mil_t
regressao_linear,,,,,2,historico_insuficiente,produto_uf,UF,AMENDOIM TOTAL,SE,producao_mil_t
random_forest,,,,,2,historico_insuficiente,produto_uf,UF,AMENDOIM TOTAL,SE,producao_mil_t
xgboost,,,,,2,historico_insuficiente,produto_uf,UF,AMENDOIM TOTAL,SE,producao_mil_t
exponential_smoothing,,,,,2,historico_insuficiente,produto_uf,UF,AMENDOIM TOTAL,SE,producao_mil_t
baseline_ingenuo,33.0,33.0,3.4616594985838667,,2,,produto_uf,UF,AMENDOIM TOTAL,SP,producao_mil_t
regressao_linear,,,,,2,historico_insuficiente,produto_uf,UF,AMENDOIM TOTAL,SP,producao_mil_t
random_forest,,,,,2,historico_insuficiente,produto_uf,UF,AMENDOIM TOTAL,SP,producao_mil_t
xgboost,,,,,2,historico_insuficiente,produto_uf,UF,AMENDOIM TOTAL,SP,producao_mil_t
exponential_smoothing,,,,,2,historico_insuficiente,produto_uf,UF,AMENDOIM TOTAL,SP,producao_mil_t
baseline_ingenuo,0.3999999999999999,0.3999999999999999,9.999999999999998,,2,,produto_uf,UF,AMENDOIM TOTAL,TO,producao_mil_t
regressao_linear,,,,,2,historico_insuficiente,produto_uf,UF,AMENDOIM TOTAL,TO,producao_mil_t
random_forest,,,,,2,historico_insuficiente,produto_uf,UF,AMENDOIM TOTAL,TO,producao_mil_t
xgboost,,,,,2,historico_insuficiente,produto_uf,UF,AMENDOIM TOTAL,TO,producao_mil_t
exponential_smoothing,,,,,2,historico_insuficiente,produto_uf,UF,AMENDOIM TOTAL,TO,producao_mil_t
baseline_ingenuo,0.2999999999999998,0.2999999999999998,6.818181818181814,,2,,produto_uf,UF,ARROZ,AC,producao_mil_t
regressao_linear,,,,,2,historico_insuficiente,produto_uf,UF,ARROZ,AC,producao_mil_t
random_forest,,,,,2,historico_insuficiente,produto_uf,UF,ARROZ,AC,producao_mil_t
xgboost,,,,,2,historico_insuficiente,produto_uf,UF,ARROZ,AC,producao_mil_t
exponential_smoothing,,,,,2,historico_insuficiente,produto_uf,UF,ARROZ,AC,producao_mil_t
baseline_ingenuo,1.1000000000000014,1.1000000000000014,5.5555555555555625,,2,,produto_uf,UF,ARROZ,AL,producao_mil_t
regressao_linear,,,,,2,historico_insuficiente,produto_uf,UF,ARROZ,AL,producao_mil_t
random_forest,,,,,2,historico_insuficiente,produto_uf,UF,ARROZ,AL,producao_mil_t
xgboost,,,,,2,historico_insuficiente,produto_uf,UF,ARROZ,AL,producao_mil_t
exponential_smoothing,,,,,2,historico_insuficiente,produto_uf,UF,ARROZ,AL,producao_mil_t
baseline_ingenuo,5.5,5.5,26.82926829268293,,2,,produto_uf,UF,ARROZ,AM,producao_mil_t
regressao_linear,,,,,2,historico_insuficiente,produto_uf,UF,ARROZ,AM,producao_mil_t
random_forest,,,,,2,historico_insuficiente,produto_uf,UF,ARROZ,AM,producao_mil_t
xgboost,,,,,2,historico_insuficiente,produto_uf,UF,ARROZ,AM,producao_mil_t
exponential_smoothing,,,,,2,historico_insuficiente,produto_uf,UF,ARROZ,AM,producao_mil_t
baseline_ingenuo,0.30000000000000004,0.30000000000000004,50.000000000000014,,2,,produto_uf,UF,ARROZ,AP,producao_mil_t
regressao_linear,,,,,2,historico_insuficiente,produto_uf,UF,ARROZ,AP,producao_mil_t
random_forest,,,,,2,historico_insuficiente,produto_uf,UF,ARROZ,AP,producao_mil_t
xgboost,,,,,2,historico_insuficiente,produto_uf,UF,ARROZ,AP,producao_mil_t
exponential_smoothing,,,,,2,historico_insuficiente,produto_uf,UF,ARROZ,AP,producao_mil_t
baseline_ingenuo,0.0,0.0,,,2,,produto_uf,UF,ARROZ,BA,producao_mil_t
regressao_linear,,,,,2,historico_insuficiente,produto_uf,UF,ARROZ,BA,producao_mil_t
random_forest,,,,,2,historico_insuficiente,produto_uf,UF,ARROZ,BA,producao_mil_t
xgboost,,,,,2,historico_insuficiente,produto_uf,UF,ARROZ,BA,producao_mil_t
exponential_smoothing,,,,,2,historico_insuficiente,produto_uf,UF,ARROZ,BA,producao_mil_t
baseline_ingenuo,0.8999999999999986,0.8999999999999986,8.035714285714274,,2,,produto_uf,UF,ARROZ,CE,producao_mil_t
regressao_linear,,,,,2,historico_insuficiente,produto_uf,UF,ARROZ,CE,producao_mil_t
random_forest,,,,,2,historico_insuficiente,produto_uf,UF,ARROZ,CE,producao_mil_t
xgboost,,,,,2,historico_insuficiente,produto_uf,UF,ARROZ,CE,producao_mil_t
exponential_smoothing,,,,,2,historico_insuficiente,produto_uf,UF,ARROZ,CE,producao_mil_t
baseline_ingenuo,0.0,0.0,0.0,,2,,produto_uf,UF,ARROZ,DF,producao_mil_t
regressao_linear,,,,,2,historico_insuficiente,produto_uf,UF,ARROZ,DF,producao_mil_t
random_forest,,,,,2,historico_insuficiente,produto_uf,UF,ARROZ,DF,producao_mil_t
xgboost,,,,,2,historico_insuficiente,produto_uf,UF,ARROZ,DF,producao_mil_t
exponential_smoothing,,,,,2,historico_insuficiente,produto_uf,UF,ARROZ,DF,producao_mil_t
baseline_ingenuo,0.0,0.0,0.0,,2,,produto_uf,UF,ARROZ,ES,producao_mil_t
regressao_linear,,,,,2,historico_insuficiente,produto_uf,UF,ARROZ,ES,producao_mil_t
random_forest,,,,,2,historico_insuficiente,produto_uf,UF,ARROZ,ES,producao_mil_t
xgboost,,,,,2,historico_insuficiente,produto_uf,UF,ARROZ,ES,producao_mil_t
exponential_smoothing,,,,,2,historico_insuficiente,produto_uf,UF,ARROZ,ES,producao_mil_t
baseline_ingenuo,26.19999999999999,26.19999999999999,20.310077519379835,,2,,produto_uf,UF,ARROZ,GO,producao_mil_t
regressao_linear,,,,,2,historico_insuficiente,produto_uf,UF,ARROZ,GO,producao_mil_t
random_forest,,,,,2,historico_insuficiente,produto_uf,UF,ARROZ,GO,producao_mil_t
xgboost,,,,,2,historico_insuficiente,produto_uf,UF,ARROZ,GO,producao_mil_t
exponential_smoothing,,,,,2,historico_insuficiente,produto_uf,UF,ARROZ,GO,producao_mil_t
baseline_ingenuo,57.099999999999994,57.099999999999994,25.674460431654673,,2,,produto_uf,UF,ARROZ,MA,producao_mil_t
regressao_linear,,,,,2,historico_insuficiente,produto_uf,UF,ARROZ,MA,producao_mil_t
random_forest,,,,,2,historico_insuficiente,produto_uf,UF,ARROZ,MA,producao_mil_t
xgboost,,,,,2,historico_insuficiente,produto_uf,UF,ARROZ,MA,producao_mil_t
exponential_smoothing,,,,,2,historico_insuficiente,produto_uf,UF,ARROZ,MA,producao_mil_t
baseline_ingenuo,22.500000000000014,22.500000000000014,34.72222222222224,,2,,produto_uf,UF,ARROZ,MG,producao_mil_t
regressao_linear,,,,,2,historico_insuficiente,produto_uf,UF,ARROZ,MG,producao_mil_t
random_forest,,,,,2,historico_insuficiente,produto_uf,UF,ARROZ,MG,producao_mil_t
xgboost,,,,,2,historico_insuficiente,produto_uf,UF,ARROZ,MG,producao_mil_t
exponential_smoothing,,,,,2,historico_insuficiente,produto_uf,UF,ARROZ,MG,producao_mil_t
baseline_ingenuo,33.800000000000004,33.800000000000004,55.77557755775578,,2,,produto_uf,UF,ARROZ,MS,producao_mil_t
regressao_linear,,,,,2,historico_insuficiente,produto_uf,UF,ARROZ,MS,producao_mil_t
random_forest,,,,,2,historico_insuficiente,produto_uf,UF,ARROZ,MS,producao_mil_t
xgboost,,,,,2,historico_insuficiente,produto_uf,UF,ARROZ,MS,producao_mil_t
exponential_smoothing,,,,,2,historico_insuficiente,produto_uf,UF,ARROZ,MS,producao_mil_t
baseline_ingenuo,202.5,202.5,60.52002390914525,,2,,produto_uf,UF,ARROZ,MT,producao_mil_t
regressao_linear,,,,,2,historico_insuficiente,produto_uf,UF,ARROZ,MT,producao_mil_t
random_forest,,,,,2,historico_insuficiente,produto_uf,UF,ARROZ,MT,producao_mil_t
xgboost,,,,,2,historico_insuficiente,produto_uf,UF,ARROZ,MT,producao_mil_t
exponential_smoothing,,,,,2,historico_insuficiente,produto_uf,UF,ARROZ,MT,producao_mil_t
baseline_ingenuo,1.3999999999999915,1.3999999999999915,1.24333925399644,,2,,produto_uf,UF,ARROZ,PA,producao_mil_t
regressao_linear,,,,,2,historico_insuficiente,produto_uf,UF,ARROZ,PA,producao_mil_t
random_forest,,,,,2,historico_insuficiente,produto_uf,UF,ARROZ,PA,producao_mil_t
xgboost,,,,,2,historico_insuficiente,produto_uf,UF,ARROZ,PA,producao_mil_t
exponential_smoothing,,,,,2,historico_insuficiente,produto_uf,UF,ARROZ,PA,producao_mil_t
baseline_ingenuo,1.2000000000000002,1.2000000000000002,25.531914893617024,,2,,produto_uf,UF,ARROZ,PB,producao_mil_t
regressao_linear,,,,,2,historico_insuficiente,produto_uf,UF,ARROZ,PB,producao_mil_t
random_forest,,,,,2,historico_insuficiente,produto_uf,UF,ARROZ,PB,producao_mil_t
xgboost,,,,,2,historico_insuficiente,produto_uf,UF,ARROZ,PB,producao_mil_t
exponential_smoothing,,,,,2,historico_insuficiente,produto_uf,UF,ARROZ,PB,producao_mil_t
baseline_ingenuo,0.0,0.0,,,2,,produto_uf,UF,ARROZ,PE,producao_mil_t
regressao_linear,,,,,2,historico_insuficiente,produto_uf,UF,ARROZ,PE,producao_mil_t
random_forest,,,,,2,historico_insuficiente,produto_uf,UF,ARROZ,PE,producao_mil_t
xgboost,,,,,2,historico_insuficiente,produto_uf,UF,ARROZ,PE,producao_mil_t
exponential_smoothing,,,,,2,historico_insuficiente,produto_uf,UF,ARROZ,PE,producao_mil_t
baseline_ingenuo,9.799999999999997,9.799999999999997,10.949720670391057,,2,,produto_uf,UF,ARROZ,PI,producao_mil_t
regressao_linear,,,,,2,historico_insuficiente,produto_uf,UF,ARROZ,PI,producao_mil_t
random_forest,,,,,2,historico_insuficiente,produto_uf,UF,ARROZ,PI,producao_mil_t
xgboost,,,,,2,historico_insuficiente,produto_uf,UF,ARROZ,PI,producao_mil_t
exponential_smoothing,,,,,2,historico_insuficiente,produto_uf,UF,ARROZ,PI,producao_mil_t
baseline_ingenuo,4.199999999999989,4.199999999999989,2.985074626865664,,2,,produto_uf,UF,ARROZ,PR,producao_mil_t
regressao_linear,,,,,2,historico_insuficiente,produto_uf,UF,ARROZ,PR,producao_mil_t
random_forest,,,,,2,historico_insuficiente,produto_uf,UF,ARROZ,PR,producao_mil_t
xgboost,,,,,2,historico_insuficiente,produto_uf,UF,ARROZ,PR,producao_mil_t
exponential_smoothing,,,,,2,historico_insuficiente,produto_uf,UF,ARROZ,PR,producao_mil_t
baseline_ingenuo,0.09999999999999998,0.09999999999999998,11.111111111111107,,2,,produto_uf,UF,ARROZ,RJ,producao_mil_t
regressao_linear,,,,,2,historico_insuficiente,produto_uf,UF,ARROZ,RJ,producao_mil_t
random_forest,,,,,2,historico_insuficiente,produto_uf,UF,ARROZ,RJ,producao_mil_t
xgboost,,,,,2,historico_insuficiente,produto_uf,UF,ARROZ,RJ,producao_mil_t
exponential_smoothing,,,,,2,historico_insuficiente,produto_uf,UF,ARROZ,RJ,producao_mil_t
baseline_ingenuo,0.19999999999999996,0.19999999999999996,15.38461538461538,,2,,produto_uf,UF,ARROZ,RN,producao_mil_t
regressao_linear,,,,,2,historico_insuficiente,produto_uf,UF,ARROZ,RN,producao_mil_t
random_forest,,,,,2,historico_insuficiente,produto_uf,UF,ARROZ,RN,producao_mil_t
xgboost,,,,,2,historico_insuficiente,produto_uf,UF,ARROZ,RN,producao_mil_t
exponential_smoothing,,,,,2,historico_insuficiente,produto_uf,UF,ARROZ,RN,producao_mil_t
baseline_ingenuo,70.0,70.0,75.75757575757575,,2,,produto_uf,UF,ARROZ,RO,producao_mil_t
regressao_linear,,,,,2,historico_insuficiente,produto_uf,UF,ARROZ,RO,producao_mil_t
random_forest,,,,,2,historico_insuficiente,produto_uf,UF,ARROZ,RO,producao_mil_t
xgboost,,,,,2,historico_insuficiente,produto_uf,UF,ARROZ,RO,producao_mil_t
exponential_smoothing,,,,,2,historico_insuficiente,produto_uf,UF,ARROZ,RO,producao_mil_t
baseline_ingenuo,1.0999999999999943,1.0999999999999943,1.1111111111111054,,2,,produto_uf,UF,ARROZ,RR,producao_mil_t
regressao_linear,,,,,2,historico_insuficiente,produto_uf,UF,ARROZ,RR,producao_mil_t
random_forest,,,,,2,historico_insuficiente,produto_uf,UF,ARROZ,RR,producao_mil_t
xgboost,,,,,2,historico_insuficiente,produto_uf,UF,ARROZ,RR,producao_mil_t
exponential_smoothing,,,,,2,historico_insuficiente,produto_uf,UF,ARROZ,RR,producao_mil_t
baseline_ingenuo,1189.300000000001,1189.300000000001,15.76505521016982,,2,,produto_uf,UF,ARROZ,RS,producao_mil_t
regressao_linear,,,,,2,historico_insuficiente,produto_uf,UF,ARROZ,RS,producao_mil_t
random_forest,,,,,2,historico_insuficiente,produto_uf,UF,ARROZ,RS,producao_mil_t
xgboost,,,,,2,historico_insuficiente,produto_uf,UF,ARROZ,RS,producao_mil_t
exponential_smoothing,,,,,2,historico_insuficiente,produto_uf,UF,ARROZ,RS,producao_mil_t
baseline_ingenuo,49.90000000000009,49.90000000000009,4.07313688678476,,2,,produto_uf,UF,ARROZ,SC,producao_mil_t
regressao_linear,,,,,2,historico_insuficiente,produto_uf,UF,ARROZ,SC,producao_mil_t
random_forest,,,,,2,historico_insuficiente,produto_uf,UF,ARROZ,SC,producao_mil_t
xgboost,,,,,2,historico_insuficiente,produto_uf,UF,ARROZ,SC,producao_mil_t
exponential_smoothing,,,,,2,historico_insuficiente,produto_uf,UF,ARROZ,SC,producao_mil_t
baseline_ingenuo,1.1000000000000014,1.1000000000000014,2.2044088176352736,,2,,produto_uf,UF,ARROZ,SE,producao_mil_t
regressao_linear,,,,,2,historico_insuficiente,produto_uf,UF,ARROZ,SE,producao_mil_t
random_forest,,,,,2,historico_insuficiente,produto_uf,UF,ARROZ,SE,producao_mil_t
xgboost,,,,,2,historico_insuficiente,produto_uf,UF,ARROZ,SE,producao_mil_t
exponential_smoothing,,,,,2,historico_insuficiente,produto_uf,UF,ARROZ,SE,producao_mil_t
baseline_ingenuo,0.7000000000000028,0.7000000000000028,1.2867647058823584,,2,,produto_uf,UF,ARROZ,SP,producao_mil_t
regressao_linear,,,,,2,historico_insuficiente,produto_uf,UF,ARROZ,SP,producao_mil_t
random_forest,,,,,2,historico_insuficiente,produto_uf,UF,ARROZ,SP,producao_mil_t
xgboost,,,,,2,historico_insuficiente,produto_uf,UF,ARROZ,SP,producao_mil_t
exponential_smoothing,,,,,2,historico_insuficiente,produto_uf,UF,ARROZ,SP,producao_mil_t
baseline_ingenuo,193.10000000000002,193.10000000000002,30.680012710517957,,2,,produto_uf,UF,ARROZ,TO,producao_mil_t
regressao_linear,,,,,2,historico_insuficiente,produto_uf,UF,ARROZ,TO,producao_mil_t
random_forest,,,,,2,historico_insuficiente,produto_uf,UF,ARROZ,TO,producao_mil_t
xgboost,,,,,2,historico_insuficiente,produto_uf,UF,ARROZ,TO,producao_mil_t
exponential_smoothing,,,,,2,historico_insuficiente,produto_uf,UF,ARROZ,TO,producao_mil_t
baseline_ingenuo,0.0,0.0,,,2,,produto_uf,UF,AVEIA,AC,producao_mil_t
regressao_linear,,,,,2,historico_insuficiente,produto_uf,UF,AVEIA,AC,producao_mil_t
random_forest,,,,,2,historico_insuficiente,produto_uf,UF,AVEIA,AC,producao_mil_t
xgboost,,,,,2,historico_insuficiente,produto_uf,UF,AVEIA,AC,producao_mil_t
exponential_smoothing,,,,,2,historico_insuficiente,produto_uf,UF,AVEIA,AC,producao_mil_t
baseline_ingenuo,0.0,0.0,,,2,,produto_uf,UF,AVEIA,AL,producao_mil_t
regressao_linear,,,,,2,historico_insuficiente,produto_uf,UF,AVEIA,AL,producao_mil_t
random_forest,,,,,2,historico_insuficiente,produto_uf,UF,AVEIA,AL,producao_mil_t
xgboost,,,,,2,historico_insuficiente,produto_uf,UF,AVEIA,AL,producao_mil_t
exponential_smoothing,,,,,2,historico_insuficiente,produto_uf,UF,AVEIA,AL,producao_mil_t
baseline_ingenuo,0.0,0.0,,,2,,produto_uf,UF,AVEIA,AM,producao_mil_t
regressao_linear,,,,,2,historico_insuficiente,produto_uf,UF,AVEIA,AM,producao_mil_t
random_forest,,,,,2,historico_insuficiente,produto_uf,UF,AVEIA,AM,producao_mil_t
xgboost,,,,,2,historico_insuficiente,produto_uf,UF,AVEIA,AM,producao_mil_t
exponential_smoothing,,,,,2,historico_insuficiente,produto_uf,UF,AVEIA,AM,producao_mil_t
baseline_ingenuo,0.0,0.0,,,2,,produto_uf,UF,AVEIA,AP,producao_mil_t
regressao_linear,,,,,2,historico_insuficiente,produto_uf,UF,AVEIA,AP,producao_mil_t
random_forest,,,,,2,historico_insuficiente,produto_uf,UF,AVEIA,AP,producao_mil_t
xgboost,,,,,2,historico_insuficiente,produto_uf,UF,AVEIA,AP,producao_mil_t
exponential_smoothing,,,,,2,historico_insuficiente,produto_uf,UF,AVEIA,AP,producao_mil_t
baseline_ingenuo,0.0,0.0,,,2,,produto_uf,UF,AVEIA,BA,producao_mil_t
regressao_linear,,,,,2,historico_insuficiente,produto_uf,UF,AVEIA,BA,producao_mil_t
random_forest,,,,,2,historico_insuficiente,produto_uf,UF,AVEIA,BA,producao_mil_t
xgboost,,,,,2,historico_insuficiente,produto_uf,UF,AVEIA,BA,producao_mil_t
exponential_smoothing,,,,,2,historico_insuficiente,produto_uf,UF,AVEIA,BA,producao_mil_t
baseline_ingenuo,0.0,0.0,,,2,,produto_uf,UF,AVEIA,CE,producao_mil_t
regressao_linear,,,,,2,historico_insuficiente,produto_uf,UF,AVEIA,CE,producao_mil_t
random_forest,,,,,2,historico_insuficiente,produto_uf,UF,AVEIA,CE,producao_mil_t
xgboost,,,,,2,historico_insuficiente,produto_uf,UF,AVEIA,CE,producao_mil_t
exponential_smoothing,,,,,2,historico_insuficiente,produto_uf,UF,AVEIA,CE,producao_mil_t
baseline_ingenuo,0.0,0.0,,,2,,produto_uf,UF,AVEIA,DF,producao_mil_t
regressao_linear,,,,,2,historico_insuficiente,produto_uf,UF,AVEIA,DF,producao_mil_t
random_forest,,,,,2,historico_insuficiente,produto_uf,UF,AVEIA,DF,producao_mil_t
xgboost,,,,,2,historico_insuficiente,produto_uf,UF,AVEIA,DF,producao_mil_t
exponential_smoothing,,,,,2,historico_insuficiente,produto_uf,UF,AVEIA,DF,producao_mil_t
baseline_ingenuo,0.0,0.0,,,2,,produto_uf,UF,AVEIA,ES,producao_mil_t
regressao_linear,,,,,2,historico_insuficiente,produto_uf,UF,AVEIA,ES,producao_mil_t
random_forest,,,,,2,historico_insuficiente,produto_uf,UF,AVEIA,ES,producao_mil_t
xgboost,,,,,2,historico_insuficiente,produto_uf,UF,AVEIA,ES,producao_mil_t
exponential_smoothing,,,,,2,historico_insuficiente,produto_uf,UF,AVEIA,ES,producao_mil_t
baseline_ingenuo,0.0,0.0,,,2,,produto_uf,UF,AVEIA,GO,producao_mil_t
regressao_linear,,,,,2,historico_insuficiente,produto_uf,UF,AVEIA,GO,producao_mil_t
random_forest,,,,,2,historico_insuficiente,produto_uf,UF,AVEIA,GO,producao_mil_t
xgboost,,,,,2,historico_insuficiente,produto_uf,UF,AVEIA,GO,producao_mil_t
exponential_smoothing,,,,,2,historico_insuficiente,produto_uf,UF,AVEIA,GO,producao_mil_t
baseline_ingenuo,0.0,0.0,,,2,,produto_uf,UF,AVEIA,MA,producao_mil_t
regressao_linear,,,,,2,historico_insuficiente,produto_uf,UF,AVEIA,MA,producao_mil_t
random_forest,,,,,2,historico_insuficiente,produto_uf,UF,AVEIA,MA,producao_mil_t
xgboost,,,,,2,historico_insuficiente,produto_uf,UF,AVEIA,MA,producao_mil_t
exponential_smoothing,,,,,2,historico_insuficiente,produto_uf,UF,AVEIA,MA,producao_mil_t
baseline_ingenuo,0.0,0.0,,,2,,produto_uf,UF,AVEIA,MG,producao_mil_t
regressao_linear,,,,,2,historico_insuficiente,produto_uf,UF,AVEIA,MG,producao_mil_t
random_forest,,,,,2,historico_insuficiente,produto_uf,UF,AVEIA,MG,producao_mil_t
xgboost,,,,,2,historico_insuficiente,produto_uf,UF,AVEIA,MG,producao_mil_t
exponential_smoothing,,,,,2,historico_insuficiente,produto_uf,UF,AVEIA,MG,producao_mil_t
baseline_ingenuo,9.700000000000003,9.700000000000003,17.798165137614685,,2,,produto_uf,UF,AVEIA,MS,producao_mil_t
regressao_linear,,,,,2,historico_insuficiente,produto_uf,UF,AVEIA,MS,producao_mil_t
random_forest,,,,,2,historico_insuficiente,produto_uf,UF,AVEIA,MS,producao_mil_t
xgboost,,,,,2,historico_insuficiente,produto_uf,UF,AVEIA,MS,producao_mil_t
exponential_smoothing,,,,,2,historico_insuficiente,produto_uf,UF,AVEIA,MS,producao_mil_t
baseline_ingenuo,0.0,0.0,,,2,,produto_uf,UF,AVEIA,MT,producao_mil_t
regressao_linear,,,,,2,historico_insuficiente,produto_uf,UF,AVEIA,MT,producao_mil_t
random_forest,,,,,2,historico_insuficiente,produto_uf,UF,AVEIA,MT,producao_mil_t
xgboost,,,,,2,historico_insuficiente,produto_uf,UF,AVEIA,MT,producao_mil_t
exponential_smoothing,,,,,2,historico_insuficiente,produto_uf,UF,AVEIA,MT,producao_mil_t
baseline_ingenuo,0.0,0.0,,,2,,produto_uf,UF,AVEIA,PA,producao_mil_t
regressao_linear,,,,,2,historico_insuficiente,produto_uf,UF,AVEIA,PA,producao_mil_t
random_forest,,,,,2,historico_insuficiente,produto_uf,UF,AVEIA,PA,producao_mil_t
xgboost,,,,,2,historico_insuficiente,produto_uf,UF,AVEIA,PA,producao_mil_t
exponential_smoothing,,,,,2,historico_insuficiente,produto_uf,UF,AVEIA,PA,producao_mil_t
baseline_ingenuo,0.0,0.0,,,2,,produto_uf,UF,AVEIA,PB,producao_mil_t
regressao_linear,,,,,2,historico_insuficiente,produto_uf,UF,AVEIA,PB,producao_mil_t
random_forest,,,,,2,historico_insuficiente,produto_uf,UF,AVEIA,PB,producao_mil_t
xgboost,,,,,2,historico_insuficiente,produto_uf,UF,AVEIA,PB,producao_mil_t
exponential_smoothing,,,,,2,historico_insuficiente,produto_uf,UF,AVEIA,PB,producao_mil_t
baseline_ingenuo,0.0,0.0,,,2,,produto_uf,UF,AVEIA,PE,producao_mil_t
regressao_linear,,,,,2,historico_insuficiente,produto_uf,UF,AVEIA,PE,producao_mil_t
random_forest,,,,,2,historico_insuficiente,produto_uf,UF,AVEIA,PE,producao_mil_t
xgboost,,,,,2,historico_insuficiente,produto_uf,UF,AVEIA,PE,producao_mil_t
exponential_smoothing,,,,,2,historico_insuficiente,produto_uf,UF,AVEIA,PE,producao_mil_t
baseline_ingenuo,0.0,0.0,,,2,,produto_uf,UF,AVEIA,PI,producao_mil_t
regressao_linear,,,,,2,historico_insuficiente,produto_uf,UF,AVEIA,PI,producao_mil_t
random_forest,,,,,2,historico_insuficiente,produto_uf,UF,AVEIA,PI,producao_mil_t
xgboost,,,,,2,historico_insuficiente,produto_uf,UF,AVEIA,PI,producao_mil_t
exponential_smoothing,,,,,2,historico_insuficiente,produto_uf,UF,AVEIA,PI,producao_mil_t
baseline_ingenuo,19.900000000000006,19.900000000000006,8.9237668161435,,2,,produto_uf,UF,AVEIA,PR,producao_mil_t
regressao_linear,,,,,2,historico_insuficiente,produto_uf,UF,AVEIA,PR,producao_mil_t
random_forest,,,,,2,historico_insuficiente,produto_uf,UF,AVEIA,PR,producao_mil_t
xgboost,,,,,2,historico_insuficiente,produto_uf,UF,AVEIA,PR,producao_mil_t
exponential_smoothing,,,,,2,historico_insuficiente,produto_uf,UF,AVEIA,PR,producao_mil_t
baseline_ingenuo,0.0,0.0,,,2,,produto_uf,UF,AVEIA,RJ,producao_mil_t
regressao_linear,,,,,2,historico_insuficiente,produto_uf,UF,AVEIA,RJ,producao_mil_t
random_forest,,,,,2,historico_insuficiente,produto_uf,UF,AVEIA,RJ,producao_mil_t
xgboost,,,,,2,historico_insuficiente,produto_uf,UF,AVEIA,RJ,producao_mil_t
exponential_smoothing,,,,,2,historico_insuficiente,produto_uf,UF,AVEIA,RJ,producao_mil_t
baseline_ingenuo,0.0,0.0,,,2,,produto_uf,UF,AVEIA,RN,producao_mil_t
regressao_linear,,,,,2,historico_insuficiente,produto_uf,UF,AVEIA,RN,producao_mil_t
random_forest,,,,,2,historico_insuficiente,produto_uf,UF,AVEIA,RN,producao_mil_t
xgboost,,,,,2,historico_insuficiente,produto_uf,UF,AVEIA,RN,producao_mil_t
exponential_smoothing,,,,,2,historico_insuficiente,produto_uf,UF,AVEIA,RN,producao_mil_t
baseline_ingenuo,0.0,0.0,,,2,,produto_uf,UF,AVEIA,RO,producao_mil_t
regressao_linear,,,,,2,historico_insuficiente,produto_uf,UF,AVEIA,RO,producao_mil_t
random_forest,,,,,2,historico_insuficiente,produto_uf,UF,AVEIA,RO,producao_mil_t
xgboost,,,,,2,historico_insuficiente,produto_uf,UF,AVEIA,RO,producao_mil_t
exponential_smoothing,,,,,2,historico_insuficiente,produto_uf,UF,AVEIA,RO,producao_mil_t
baseline_ingenuo,0.0,0.0,,,2,,produto_uf,UF,AVEIA,RR,producao_mil_t
regressao_linear,,,,,2,historico_insuficiente,produto_uf,UF,AVEIA,RR,producao_mil_t
random_forest,,,,,2,historico_insuficiente,produto_uf,UF,AVEIA,RR,producao_mil_t
xgboost,,,,,2,historico_insuficiente,produto_uf,UF,AVEIA,RR,producao_mil_t
exponential_smoothing,,,,,2,historico_insuficiente,produto_uf,UF,AVEIA,RR,producao_mil_t
baseline_ingenuo,116.0,116.0,13.34560515416475,,2,,produto_uf,UF,AVEIA,RS,producao_mil_t
regressao_linear,,,,,2,historico_insuficiente,produto_uf,UF,AVEIA,RS,producao_mil_t
random_forest,,,,,2,historico_insuficiente,produto_uf,UF,AVEIA,RS,producao_mil_t
xgboost,,,,,2,historico_insuficiente,produto_uf,UF,AVEIA,RS,producao_mil_t
exponential_smoothing,,,,,2,historico_insuficiente,produto_uf,UF,AVEIA,RS,producao_mil_t
baseline_ingenuo,0.0,0.0,,,2,,produto_uf,UF,AVEIA,SC,producao_mil_t
regressao_linear,,,,,2,historico_insuficiente,produto_uf,UF,AVEIA,SC,producao_mil_t
random_forest,,,,,2,historico_insuficiente,produto_uf,UF,AVEIA,SC,producao_mil_t
xgboost,,,,,2,historico_insuficiente,produto_uf,UF,AVEIA,SC,producao_mil_t
exponential_smoothing,,,,,2,historico_insuficiente,produto_uf,UF,AVEIA,SC,producao_mil_t
baseline_ingenuo,0.0,0.0,,,2,,produto_uf,UF,AVEIA,SE,producao_mil_t
regressao_linear,,,,,2,historico_insuficiente,produto_uf,UF,AVEIA,SE,producao_mil_t
random_forest,,,,,2,historico_insuficiente,produto_uf,UF,AVEIA,SE,producao_mil_t
xgboost,,,,,2,historico_insuficiente,produto_uf,UF,AVEIA,SE,producao_mil_t
exponential_smoothing,,,,,2,historico_insuficiente,produto_uf,UF,AVEIA,SE,producao_mil_t
baseline_ingenuo,0.0,0.0,,,2,,produto_uf,UF,AVEIA,SP,producao_mil_t
regressao_linear,,,,,2,historico_insuficiente,produto_uf,UF,AVEIA,SP,producao_mil_t
random_forest,,,,,2,historico_insuficiente,produto_uf,UF,AVEIA,SP,producao_mil_t
xgboost,,,,,2,historico_insuficiente,produto_uf,UF,AVEIA,SP,producao_mil_t
exponential_smoothing,,,,,2,historico_insuficiente,produto_uf,UF,AVEIA,SP,producao_mil_t
baseline_ingenuo,0.0,0.0,,,2,,produto_uf,UF,AVEIA,TO,producao_mil_t
regressao_linear,,,,,2,historico_insuficiente,produto_uf,UF,AVEIA,TO,producao_mil_t
random_forest,,,,,2,historico_insuficiente,produto_uf,UF,AVEIA,TO,producao_mil_t
xgboost,,,,,2,historico_insuficiente,produto_uf,UF,AVEIA,TO,producao_mil_t
exponential_smoothing,,,,,2,historico_insuficiente,produto_uf,UF,AVEIA,TO,producao_mil_t
baseline_ingenuo,0.0,0.0,,,2,,produto_uf,UF,CANOLA,AC,producao_mil_t
regressao_linear,,,,,2,historico_insuficiente,produto_uf,UF,CANOLA,AC,producao_mil_t
random_forest,,,,,2,historico_insuficiente,produto_uf,UF,CANOLA,AC,producao_mil_t
xgboost,,,,,2,historico_insuficiente,produto_uf,UF,CANOLA,AC,producao_mil_t
exponential_smoothing,,,,,2,historico_insuficiente,produto_uf,UF,CANOLA,AC,producao_mil_t
baseline_ingenuo,0.0,0.0,,,2,,produto_uf,UF,CANOLA,AL,producao_mil_t
regressao_linear,,,,,2,historico_insuficiente,produto_uf,UF,CANOLA,AL,producao_mil_t
random_forest,,,,,2,historico_insuficiente,produto_uf,UF,CANOLA,AL,producao_mil_t
xgboost,,,,,2,historico_insuficiente,produto_uf,UF,CANOLA,AL,producao_mil_t
exponential_smoothing,,,,,2,historico_insuficiente,produto_uf,UF,CANOLA,AL,producao_mil_t
baseline_ingenuo,0.0,0.0,,,2,,produto_uf,UF,CANOLA,AM,producao_mil_t
regressao_linear,,,,,2,historico_insuficiente,produto_uf,UF,CANOLA,AM,producao_mil_t
random_forest,,,,,2,historico_insuficiente,produto_uf,UF,CANOLA,AM,producao_mil_t
xgboost,,,,,2,historico_insuficiente,produto_uf,UF,CANOLA,AM,producao_mil_t
exponential_smoothing,,,,,2,historico_insuficiente,produto_uf,UF,CANOLA,AM,producao_mil_t
baseline_ingenuo,0.0,0.0,,,2,,produto_uf,UF,CANOLA,AP,producao_mil_t
regressao_linear,,,,,2,historico_insuficiente,produto_uf,UF,CANOLA,AP,producao_mil_t
random_forest,,,,,2,historico_insuficiente,produto_uf,UF,CANOLA,AP,producao_mil_t
xgboost,,,,,2,historico_insuficiente,produto_uf,UF,CANOLA,AP,producao_mil_t
exponential_smoothing,,,,,2,historico_insuficiente,produto_uf,UF,CANOLA,AP,producao_mil_t
baseline_ingenuo,0.0,0.0,,,2,,produto_uf,UF,CANOLA,BA,producao_mil_t
regressao_linear,,,,,2,historico_insuficiente,produto_uf,UF,CANOLA,BA,producao_mil_t
random_forest,,,,,2,historico_insuficiente,produto_uf,UF,CANOLA,BA,producao_mil_t
xgboost,,,,,2,historico_insuficiente,produto_uf,UF,CANOLA,BA,producao_mil_t
exponential_smoothing,,,,,2,historico_insuficiente,produto_uf,UF,CANOLA,BA,producao_mil_t
baseline_ingenuo,0.0,0.0,,,2,,produto_uf,UF,CANOLA,CE,producao_mil_t
regressao_linear,,,,,2,historico_insuficiente,produto_uf,UF,CANOLA,CE,producao_mil_t
random_forest,,,,,2,historico_insuficiente,produto_uf,UF,CANOLA,CE,producao_mil_t
xgboost,,,,,2,historico_insuficiente,produto_uf,UF,CANOLA,CE,producao_mil_t
exponential_smoothing,,,,,2,historico_insuficiente,produto_uf,UF,CANOLA,CE,producao_mil_t
baseline_ingenuo,0.0,0.0,,,2,,produto_uf,UF,CANOLA,DF,producao_mil_t
regressao_linear,,,,,2,historico_insuficiente,produto_uf,UF,CANOLA,DF,producao_mil_t
random_forest,,,,,2,historico_insuficiente,produto_uf,UF,CANOLA,DF,producao_mil_t
xgboost,,,,,2,historico_insuficiente,produto_uf,UF,CANOLA,DF,producao_mil_t
exponential_smoothing,,,,,2,historico_insuficiente,produto_uf,UF,CANOLA,DF,producao_mil_t
baseline_ingenuo,0.0,0.0,,,2,,produto_uf,UF,CANOLA,ES,producao_mil_t
regressao_linear,,,,,2,historico_insuficiente,produto_uf,UF,CANOLA,ES,producao_mil_t
random_forest,,,,,2,historico_insuficiente,produto_uf,UF,CANOLA,ES,producao_mil_t
xgboost,,,,,2,historico_insuficiente,produto_uf,UF,CANOLA,ES,producao_mil_t
exponential_smoothing,,,,,2,historico_insuficiente,produto_uf,UF,CANOLA,ES,producao_mil_t
baseline_ingenuo,0.0,0.0,,,2,,produto_uf,UF,CANOLA,GO,producao_mil_t
regressao_linear,,,,,2,historico_insuficiente,produto_uf,UF,CANOLA,GO,producao_mil_t
random_forest,,,,,2,historico_insuficiente,produto_uf,UF,CANOLA,GO,producao_mil_t
xgboost,,,,,2,historico_insuficiente,produto_uf,UF,CANOLA,GO,producao_mil_t
exponential_smoothing,,,,,2,historico_insuficiente,produto_uf,UF,CANOLA,GO,producao_mil_t
baseline_ingenuo,0.0,0.0,,,2,,produto_uf,UF,CANOLA,MA,producao_mil_t
regressao_linear,,,,,2,historico_insuficiente,produto_uf,UF,CANOLA,MA,producao_mil_t
random_forest,,,,,2,historico_insuficiente,produto_uf,UF,CANOLA,MA,producao_mil_t
xgboost,,,,,2,historico_insuficiente,produto_uf,UF,CANOLA,MA,producao_mil_t
exponential_smoothing,,,,,2,historico_insuficiente,produto_uf,UF,CANOLA,MA,producao_mil_t
baseline_ingenuo,0.0,0.0,,,2,,produto_uf,UF,CANOLA,MG,producao_mil_t
regressao_linear,,,,,2,historico_insuficiente,produto_uf,UF,CANOLA,MG,producao_mil_t
random_forest,,,,,2,historico_insuficiente,produto_uf,UF,CANOLA,MG,producao_mil_t
xgboost,,,,,2,historico_insuficiente,produto_uf,UF,CANOLA,MG,producao_mil_t
exponential_smoothing,,,,,2,historico_insuficiente,produto_uf,UF,CANOLA,MG,producao_mil_t
baseline_ingenuo,0.0,0.0,,,2,,produto_uf,UF,CANOLA,MS,producao_mil_t
regressao_linear,,,,,2,historico_insuficiente,produto_uf,UF,CANOLA,MS,producao_mil_t
random_forest,,,,,2,historico_insuficiente,produto_uf,UF,CANOLA,MS,producao_mil_t
xgboost,,,,,2,historico_insuficiente,produto_uf,UF,CANOLA,MS,producao_mil_t
exponential_smoothing,,,,,2,historico_insuficiente,produto_uf,UF,CANOLA,MS,producao_mil_t
baseline_ingenuo,0.0,0.0,,,2,,produto_uf,UF,CANOLA,MT,producao_mil_t
regressao_linear,,,,,2,historico_insuficiente,produto_uf,UF,CANOLA,MT,producao_mil_t
random_forest,,,,,2,historico_insuficiente,produto_uf,UF,CANOLA,MT,producao_mil_t
xgboost,,,,,2,historico_insuficiente,produto_uf,UF,CANOLA,MT,producao_mil_t
exponential_smoothing,,,,,2,historico_insuficiente,produto_uf,UF,CANOLA,MT,producao_mil_t
baseline_ingenuo,0.0,0.0,,,2,,produto_uf,UF,CANOLA,PA,producao_mil_t
regressao_linear,,,,,2,historico_insuficiente,produto_uf,UF,CANOLA,PA,producao_mil_t
random_forest,,,,,2,historico_insuficiente,produto_uf,UF,CANOLA,PA,producao_mil_t
xgboost,,,,,2,historico_insuficiente,produto_uf,UF,CANOLA,PA,producao_mil_t
exponential_smoothing,,,,,2,historico_insuficiente,produto_uf,UF,CANOLA,PA,producao_mil_t
baseline_ingenuo,0.0,0.0,,,2,,produto_uf,UF,CANOLA,PB,producao_mil_t
regressao_linear,,,,,2,historico_insuficiente,produto_uf,UF,CANOLA,PB,producao_mil_t
random_forest,,,,,2,historico_insuficiente,produto_uf,UF,CANOLA,PB,producao_mil_t
xgboost,,,,,2,historico_insuficiente,produto_uf,UF,CANOLA,PB,producao_mil_t
exponential_smoothing,,,,,2,historico_insuficiente,produto_uf,UF,CANOLA,PB,producao_mil_t
baseline_ingenuo,0.0,0.0,,,2,,produto_uf,UF,CANOLA,PE,producao_mil_t
regressao_linear,,,,,2,historico_insuficiente,produto_uf,UF,CANOLA,PE,producao_mil_t
random_forest,,,,,2,historico_insuficiente,produto_uf,UF,CANOLA,PE,producao_mil_t
xgboost,,,,,2,historico_insuficiente,produto_uf,UF,CANOLA,PE,producao_mil_t
exponential_smoothing,,,,,2,historico_insuficiente,produto_uf,UF,CANOLA,PE,producao_mil_t
baseline_ingenuo,0.0,0.0,,,2,,produto_uf,UF,CANOLA,PI,producao_mil_t
regressao_linear,,,,,2,historico_insuficiente,produto_uf,UF,CANOLA,PI,producao_mil_t
random_forest,,,,,2,historico_insuficiente,produto_uf,UF,CANOLA,PI,producao_mil_t
xgboost,,,,,2,historico_insuficiente,produto_uf,UF,CANOLA,PI,producao_mil_t
exponential_smoothing,,,,,2,historico_insuficiente,produto_uf,UF,CANOLA,PI,producao_mil_t
baseline_ingenuo,1.1999999999999997,1.1999999999999997,35.29411764705881,,2,,produto_uf,UF,CANOLA,PR,producao_mil_t
regressao_linear,,,,,2,historico_insuficiente,produto_uf,UF,CANOLA,PR,producao_mil_t
random_forest,,,,,2,historico_insuficiente,produto_uf,UF,CANOLA,PR,producao_mil_t
xgboost,,,,,2,historico_insuficiente,produto_uf,UF,CANOLA,PR,producao_mil_t
exponential_smoothing,,,,,2,historico_insuficiente,produto_uf,UF,CANOLA,PR,producao_mil_t
baseline_ingenuo,0.0,0.0,,,2,,produto_uf,UF,CANOLA,RJ,producao_mil_t
regressao_linear,,,,,2,historico_insuficiente,produto_uf,UF,CANOLA,RJ,producao_mil_t
random_forest,,,,,2,historico_insuficiente,produto_uf,UF,CANOLA,RJ,producao_mil_t
xgboost,,,,,2,historico_insuficiente,produto_uf,UF,CANOLA,RJ,producao_mil_t
exponential_smoothing,,,,,2,historico_insuficiente,produto_uf,UF,CANOLA,RJ,producao_mil_t
baseline_ingenuo,0.0,0.0,,,2,,produto_uf,UF,CANOLA,RN,producao_mil_t
regressao_linear,,,,,2,historico_insuficiente,produto_uf,UF,CANOLA,RN,producao_mil_t
random_forest,,,,,2,historico_insuficiente,produto_uf,UF,CANOLA,RN,producao_mil_t
xgboost,,,,,2,historico_insuficiente,produto_uf,UF,CANOLA,RN,producao_mil_t
exponential_smoothing,,,,,2,historico_insuficiente,produto_uf,UF,CANOLA,RN,producao_mil_t
baseline_ingenuo,0.0,0.0,,,2,,produto_uf,UF,CANOLA,RO,producao_mil_t
regressao_linear,,,,,2,historico_insuficiente,produto_uf,UF,CANOLA,RO,producao_mil_t
random_forest,,,,,2,historico_insuficiente,produto_uf,UF,CANOLA,RO,producao_mil_t
xgboost,,,,,2,historico_insuficiente,produto_uf,UF,CANOLA,RO,producao_mil_t
exponential_smoothing,,,,,2,historico_insuficiente,produto_uf,UF,CANOLA,RO,producao_mil_t
baseline_ingenuo,0.0,0.0,,,2,,produto_uf,UF,CANOLA,RR,producao_mil_t
regressao_linear,,,,,2,historico_insuficiente,produto_uf,UF,CANOLA,RR,producao_mil_t
random_forest,,,,,2,historico_insuficiente,produto_uf,UF,CANOLA,RR,producao_mil_t
xgboost,,,,,2,historico_insuficiente,produto_uf,UF,CANOLA,RR,producao_mil_t
exponential_smoothing,,,,,2,historico_insuficiente,produto_uf,UF,CANOLA,RR,producao_mil_t
baseline_ingenuo,102.90000000000003,102.90000000000003,23.222748815165883,,2,,produto_uf,UF,CANOLA,RS,producao_mil_t
regressao_linear,,,,,2,historico_insuficiente,produto_uf,UF,CANOLA,RS,producao_mil_t
random_forest,,,,,2,historico_insuficiente,produto_uf,UF,CANOLA,RS,producao_mil_t
xgboost,,,,,2,historico_insuficiente,produto_uf,UF,CANOLA,RS,producao_mil_t
exponential_smoothing,,,,,2,historico_insuficiente,produto_uf,UF,CANOLA,RS,producao_mil_t
baseline_ingenuo,0.0,0.0,,,2,,produto_uf,UF,CANOLA,SC,producao_mil_t
regressao_linear,,,,,2,historico_insuficiente,produto_uf,UF,CANOLA,SC,producao_mil_t
random_forest,,,,,2,historico_insuficiente,produto_uf,UF,CANOLA,SC,producao_mil_t
xgboost,,,,,2,historico_insuficiente,produto_uf,UF,CANOLA,SC,producao_mil_t
exponential_smoothing,,,,,2,historico_insuficiente,produto_uf,UF,CANOLA,SC,producao_mil_t
baseline_ingenuo,0.0,0.0,,,2,,produto_uf,UF,CANOLA,SE,producao_mil_t
regressao_linear,,,,,2,historico_insuficiente,produto_uf,UF,CANOLA,SE,producao_mil_t
random_forest,,,,,2,historico_insuficiente,produto_uf,UF,CANOLA,SE,producao_mil_t
xgboost,,,,,2,historico_insuficiente,produto_uf,UF,CANOLA,SE,producao_mil_t
exponential_smoothing,,,,,2,historico_insuficiente,produto_uf,UF,CANOLA,SE,producao_mil_t
baseline_ingenuo,0.0,0.0,,,2,,produto_uf,UF,CANOLA,SP,producao_mil_t
regressao_linear,,,,,2,historico_insuficiente,produto_uf,UF,CANOLA,SP,producao_mil_t
random_forest,,,,,2,historico_insuficiente,produto_uf,UF,CANOLA,SP,producao_mil_t
xgboost,,,,,2,historico_insuficiente,produto_uf,UF,CANOLA,SP,producao_mil_t
exponential_smoothing,,,,,2,historico_insuficiente,produto_uf,UF,CANOLA,SP,producao_mil_t
baseline_ingenuo,0.0,0.0,,,2,,produto_uf,UF,CANOLA,TO,producao_mil_t
regressao_linear,,,,,2,historico_insuficiente,produto_uf,UF,CANOLA,TO,producao_mil_t
random_forest,,,,,2,historico_insuficiente,produto_uf,UF,CANOLA,TO,producao_mil_t
xgboost,,,,,2,historico_insuficiente,produto_uf,UF,CANOLA,TO,producao_mil_t
exponential_smoothing,,,,,2,historico_insuficiente,produto_uf,UF,CANOLA,TO,producao_mil_t
baseline_ingenuo,0.0,0.0,,,2,,produto_uf,UF,CENTEIO,AC,producao_mil_t
regressao_linear,,,,,2,historico_insuficiente,produto_uf,UF,CENTEIO,AC,producao_mil_t
random_forest,,,,,2,historico_insuficiente,produto_uf,UF,CENTEIO,AC,producao_mil_t
xgboost,,,,,2,historico_insuficiente,produto_uf,UF,CENTEIO,AC,producao_mil_t
exponential_smoothing,,,,,2,historico_insuficiente,produto_uf,UF,CENTEIO,AC,producao_mil_t
baseline_ingenuo,0.0,0.0,,,2,,produto_uf,UF,CENTEIO,AL,producao_mil_t
regressao_linear,,,,,2,historico_insuficiente,produto_uf,UF,CENTEIO,AL,producao_mil_t
random_forest,,,,,2,historico_insuficiente,produto_uf,UF,CENTEIO,AL,producao_mil_t
xgboost,,,,,2,historico_insuficiente,produto_uf,UF,CENTEIO,AL,producao_mil_t
exponential_smoothing,,,,,2,historico_insuficiente,produto_uf,UF,CENTEIO,AL,producao_mil_t
baseline_ingenuo,0.0,0.0,,,2,,produto_uf,UF,CENTEIO,AM,producao_mil_t
regressao_linear,,,,,2,historico_insuficiente,produto_uf,UF,CENTEIO,AM,producao_mil_t
random_forest,,,,,2,historico_insuficiente,produto_uf,UF,CENTEIO,AM,producao_mil_t
xgboost,,,,,2,historico_insuficiente,produto_uf,UF,CENTEIO,AM,producao_mil_t
exponential_smoothing,,,,,2,historico_insuficiente,produto_uf,UF,CENTEIO,AM,producao_mil_t
baseline_ingenuo,0.0,0.0,,,2,,produto_uf,UF,CENTEIO,AP,producao_mil_t
regressao_linear,,,,,2,historico_insuficiente,produto_uf,UF,CENTEIO,AP,producao_mil_t
random_forest,,,,,2,historico_insuficiente,produto_uf,UF,CENTEIO,AP,producao_mil_t
xgboost,,,,,2,historico_insuficiente,produto_uf,UF,CENTEIO,AP,producao_mil_t
exponential_smoothing,,,,,2,historico_insuficiente,produto_uf,UF,CENTEIO,AP,producao_mil_t
baseline_ingenuo,0.0,0.0,,,2,,produto_uf,UF,CENTEIO,BA,producao_mil_t
regressao_linear,,,,,2,historico_insuficiente,produto_uf,UF,CENTEIO,BA,producao_mil_t
random_forest,,,,,2,historico_insuficiente,produto_uf,UF,CENTEIO,BA,producao_mil_t
xgboost,,,,,2,historico_insuficiente,produto_uf,UF,CENTEIO,BA,producao_mil_t
exponential_smoothing,,,,,2,historico_insuficiente,produto_uf,UF,CENTEIO,BA,producao_mil_t
baseline_ingenuo,0.0,0.0,,,2,,produto_uf,UF,CENTEIO,CE,producao_mil_t
regressao_linear,,,,,2,historico_insuficiente,produto_uf,UF,CENTEIO,CE,producao_mil_t
random_forest,,,,,2,historico_insuficiente,produto_uf,UF,CENTEIO,CE,producao_mil_t
xgboost,,,,,2,historico_insuficiente,produto_uf,UF,CENTEIO,CE,producao_mil_t
exponential_smoothing,,,,,2,historico_insuficiente,produto_uf,UF,CENTEIO,CE,producao_mil_t
baseline_ingenuo,0.0,0.0,,,2,,produto_uf,UF,CENTEIO,DF,producao_mil_t
regressao_linear,,,,,2,historico_insuficiente,produto_uf,UF,CENTEIO,DF,producao_mil_t
random_forest,,,,,2,historico_insuficiente,produto_uf,UF,CENTEIO,DF,producao_mil_t
xgboost,,,,,2,historico_insuficiente,produto_uf,UF,CENTEIO,DF,producao_mil_t
exponential_smoothing,,,,,2,historico_insuficiente,produto_uf,UF,CENTEIO,DF,producao_mil_t
baseline_ingenuo,0.0,0.0,,,2,,produto_uf,UF,CENTEIO,ES,producao_mil_t
regressao_linear,,,,,2,historico_insuficiente,produto_uf,UF,CENTEIO,ES,producao_mil_t
random_forest,,,,,2,historico_insuficiente,produto_uf,UF,CENTEIO,ES,producao_mil_t
xgboost,,,,,2,historico_insuficiente,produto_uf,UF,CENTEIO,ES,producao_mil_t
exponential_smoothing,,,,,2,historico_insuficiente,produto_uf,UF,CENTEIO,ES,producao_mil_t
baseline_ingenuo,0.0,0.0,,,2,,produto_uf,UF,CENTEIO,GO,producao_mil_t
regressao_linear,,,,,2,historico_insuficiente,produto_uf,UF,CENTEIO,GO,producao_mil_t
random_forest,,,,,2,historico_insuficiente,produto_uf,UF,CENTEIO,GO,producao_mil_t
xgboost,,,,,2,historico_insuficiente,produto_uf,UF,CENTEIO,GO,producao_mil_t
exponential_smoothing,,,,,2,historico_insuficiente,produto_uf,UF,CENTEIO,GO,producao_mil_t
baseline_ingenuo,0.0,0.0,,,2,,produto_uf,UF,CENTEIO,MA,producao_mil_t
regressao_linear,,,,,2,historico_insuficiente,produto_uf,UF,CENTEIO,MA,producao_mil_t
random_forest,,,,,2,historico_insuficiente,produto_uf,UF,CENTEIO,MA,producao_mil_t
xgboost,,,,,2,historico_insuficiente,produto_uf,UF,CENTEIO,MA,producao_mil_t
exponential_smoothing,,,,,2,historico_insuficiente,produto_uf,UF,CENTEIO,MA,producao_mil_t
baseline_ingenuo,0.0,0.0,,,2,,produto_uf,UF,CENTEIO,MG,producao_mil_t
regressao_linear,,,,,2,historico_insuficiente,produto_uf,UF,CENTEIO,MG,producao_mil_t
random_forest,,,,,2,historico_insuficiente,produto_uf,UF,CENTEIO,MG,producao_mil_t
xgboost,,,,,2,historico_insuficiente,produto_uf,UF,CENTEIO,MG,producao_mil_t
exponential_smoothing,,,,,2,historico_insuficiente,produto_uf,UF,CENTEIO,MG,producao_mil_t
baseline_ingenuo,0.0,0.0,,,2,,produto_uf,UF,CENTEIO,MS,producao_mil_t
regressao_linear,,,,,2,historico_insuficiente,produto_uf,UF,CENTEIO,MS,producao_mil_t
random_forest,,,,,2,historico_insuficiente,produto_uf,UF,CENTEIO,MS,producao_mil_t
xgboost,,,,,2,historico_insuficiente,produto_uf,UF,CENTEIO,MS,producao_mil_t
exponential_smoothing,,,,,2,historico_insuficiente,produto_uf,UF,CENTEIO,MS,producao_mil_t
baseline_ingenuo,0.0,0.0,,,2,,produto_uf,UF,CENTEIO,MT,producao_mil_t
regressao_linear,,,,,2,historico_insuficiente,produto_uf,UF,CENTEIO,MT,producao_mil_t
random_forest,,,,,2,historico_insuficiente,produto_uf,UF,CENTEIO,MT,producao_mil_t
xgboost,,,,,2,historico_insuficiente,produto_uf,UF,CENTEIO,MT,producao_mil_t
exponential_smoothing,,,,,2,historico_insuficiente,produto_uf,UF,CENTEIO,MT,producao_mil_t
baseline_ingenuo,0.0,0.0,,,2,,produto_uf,UF,CENTEIO,PA,producao_mil_t
regressao_linear,,,,,2,historico_insuficiente,produto_uf,UF,CENTEIO,PA,producao_mil_t
random_forest,,,,,2,historico_insuficiente,produto_uf,UF,CENTEIO,PA,producao_mil_t
xgboost,,,,,2,historico_insuficiente,produto_uf,UF,CENTEIO,PA,producao_mil_t
exponential_smoothing,,,,,2,historico_insuficiente,produto_uf,UF,CENTEIO,PA,producao_mil_t
baseline_ingenuo,0.0,0.0,,,2,,produto_uf,UF,CENTEIO,PB,producao_mil_t
regressao_linear,,,,,2,historico_insuficiente,produto_uf,UF,CENTEIO,PB,producao_mil_t
random_forest,,,,,2,historico_insuficiente,produto_uf,UF,CENTEIO,PB,producao_mil_t
xgboost,,,,,2,historico_insuficiente,produto_uf,UF,CENTEIO,PB,producao_mil_t
exponential_smoothing,,,,,2,historico_insuficiente,produto_uf,UF,CENTEIO,PB,producao_mil_t
baseline_ingenuo,0.0,0.0,,,2,,produto_uf,UF,CENTEIO,PE,producao_mil_t
regressao_linear,,,,,2,historico_insuficiente,produto_uf,UF,CENTEIO,PE,producao_mil_t
random_forest,,,,,2,historico_insuficiente,produto_uf,UF,CENTEIO,PE,producao_mil_t
xgboost,,,,,2,historico_insuficiente,produto_uf,UF,CENTEIO,PE,producao_mil_t
exponential_smoothing,,,,,2,historico_insuficiente,produto_uf,UF,CENTEIO,PE,producao_mil_t
baseline_ingenuo,0.0,0.0,,,2,,produto_uf,UF,CENTEIO,PI,producao_mil_t
regressao_linear,,,,,2,historico_insuficiente,produto_uf,UF,CENTEIO,PI,producao_mil_t
random_forest,,,,,2,historico_insuficiente,produto_uf,UF,CENTEIO,PI,producao_mil_t
xgboost,,,,,2,historico_insuficiente,produto_uf,UF,CENTEIO,PI,producao_mil_t
exponential_smoothing,,,,,2,historico_insuficiente,produto_uf,UF,CENTEIO,PI,producao_mil_t
baseline_ingenuo,0.2999999999999998,0.2999999999999998,6.382978723404251,,2,,produto_uf,UF,CENTEIO,PR,producao_mil_t
regressao_linear,,,,,2,historico_insuficiente,produto_uf,UF,CENTEIO,PR,producao_mil_t
random_forest,,,,,2,historico_insuficiente,produto_uf,UF,CENTEIO,PR,producao_mil_t
xgboost,,,,,2,historico_insuficiente,produto_uf,UF,CENTEIO,PR,producao_mil_t
exponential_smoothing,,,,,2,historico_insuficiente,produto_uf,UF,CENTEIO,PR,producao_mil_t
baseline_ingenuo,0.0,0.0,,,2,,produto_uf,UF,CENTEIO,RJ,producao_mil_t
regressao_linear,,,,,2,historico_insuficiente,produto_uf,UF,CENTEIO,RJ,producao_mil_t
random_forest,,,,,2,historico_insuficiente,produto_uf,UF,CENTEIO,RJ,producao_mil_t
xgboost,,,,,2,historico_insuficiente,produto_uf,UF,CENTEIO,RJ,producao_mil_t
exponential_smoothing,,,,,2,historico_insuficiente,produto_uf,UF,CENTEIO,RJ,producao_mil_t
baseline_ingenuo,0.0,0.0,,,2,,produto_uf,UF,CENTEIO,RN,producao_mil_t
regressao_linear,,,,,2,historico_insuficiente,produto_uf,UF,CENTEIO,RN,producao_mil_t
random_forest,,,,,2,historico_insuficiente,produto_uf,UF,CENTEIO,RN,producao_mil_t
xgboost,,,,,2,historico_insuficiente,produto_uf,UF,CENTEIO,RN,producao_mil_t
exponential_smoothing,,,,,2,historico_insuficiente,produto_uf,UF,CENTEIO,RN,producao_mil_t
baseline_ingenuo,0.0,0.0,,,2,,produto_uf,UF,CENTEIO,RO,producao_mil_t
regressao_linear,,,,,2,historico_insuficiente,produto_uf,UF,CENTEIO,RO,producao_mil_t
random_forest,,,,,2,historico_insuficiente,produto_uf,UF,CENTEIO,RO,producao_mil_t
xgboost,,,,,2,historico_insuficiente,produto_uf,UF,CENTEIO,RO,producao_mil_t
exponential_smoothing,,,,,2,historico_insuficiente,produto_uf,UF,CENTEIO,RO,producao_mil_t
baseline_ingenuo,0.0,0.0,,,2,,produto_uf,UF,CENTEIO,RR,producao_mil_t
regressao_linear,,,,,2,historico_insuficiente,produto_uf,UF,CENTEIO,RR,producao_mil_t
random_forest,,,,,2,historico_insuficiente,produto_uf,UF,CENTEIO,RR,producao_mil_t
xgboost,,,,,2,historico_insuficiente,produto_uf,UF,CENTEIO,RR,producao_mil_t
exponential_smoothing,,,,,2,historico_insuficiente,produto_uf,UF,CENTEIO,RR,producao_mil_t
baseline_ingenuo,0.0,0.0,,,2,,produto_uf,UF,CENTEIO,RS,producao_mil_t
regressao_linear,,,,,2,historico_insuficiente,produto_uf,UF,CENTEIO,RS,producao_mil_t
random_forest,,,,,2,historico_insuficiente,produto_uf,UF,CENTEIO,RS,producao_mil_t
xgboost,,,,,2,historico_insuficiente,produto_uf,UF,CENTEIO,RS,producao_mil_t
exponential_smoothing,,,,,2,historico_insuficiente,produto_uf,UF,CENTEIO,RS,producao_mil_t
baseline_ingenuo,0.0,0.0,,,2,,produto_uf,UF,CENTEIO,SC,producao_mil_t
regressao_linear,,,,,2,historico_insuficiente,produto_uf,UF,CENTEIO,SC,producao_mil_t
random_forest,,,,,2,historico_insuficiente,produto_uf,UF,CENTEIO,SC,producao_mil_t
xgboost,,,,,2,historico_insuficiente,produto_uf,UF,CENTEIO,SC,producao_mil_t
exponential_smoothing,,,,,2,historico_insuficiente,produto_uf,UF,CENTEIO,SC,producao_mil_t
baseline_ingenuo,0.0,0.0,,,2,,produto_uf,UF,CENTEIO,SE,producao_mil_t
regressao_linear,,,,,2,historico_insuficiente,produto_uf,UF,CENTEIO,SE,producao_mil_t
random_forest,,,,,2,historico_insuficiente,produto_uf,UF,CENTEIO,SE,producao_mil_t
xgboost,,,,,2,historico_insuficiente,produto_uf,UF,CENTEIO,SE,producao_mil_t
exponential_smoothing,,,,,2,historico_insuficiente,produto_uf,UF,CENTEIO,SE,producao_mil_t
baseline_ingenuo,0.0,0.0,,,2,,produto_uf,UF,CENTEIO,SP,producao_mil_t
regressao_linear,,,,,2,historico_insuficiente,produto_uf,UF,CENTEIO,SP,producao_mil_t
random_forest,,,,,2,historico_insuficiente,produto_uf,UF,CENTEIO,SP,producao_mil_t
xgboost,,,,,2,historico_insuficiente,produto_uf,UF,CENTEIO,SP,producao_mil_t
exponential_smoothing,,,,,2,historico_insuficiente,produto_uf,UF,CENTEIO,SP,producao_mil_t
baseline_ingenuo,0.0,0.0,,,2,,produto_uf,UF,CENTEIO,TO,producao_mil_t
regressao_linear,,,,,2,historico_insuficiente,produto_uf,UF,CENTEIO,TO,producao_mil_t
random_forest,,,,,2,historico_insuficiente,produto_uf,UF,CENTEIO,TO,producao_mil_t
xgboost,,,,,2,historico_insuficiente,produto_uf,UF,CENTEIO,TO,producao_mil_t
exponential_smoothing,,,,,2,historico_insuficiente,produto_uf,UF,CENTEIO,TO,producao_mil_t
baseline_ingenuo,0.0,0.0,,,2,,produto_uf,UF,CEVADA,AC,producao_mil_t
regressao_linear,,,,,2,historico_insuficiente,produto_uf,UF,CEVADA,AC,producao_mil_t
random_forest,,,,,2,historico_insuficiente,produto_uf,UF,CEVADA,AC,producao_mil_t
xgboost,,,,,2,historico_insuficiente,produto_uf,UF,CEVADA,AC,producao_mil_t
exponential_smoothing,,,,,2,historico_insuficiente,produto_uf,UF,CEVADA,AC,producao_mil_t
baseline_ingenuo,0.0,0.0,,,2,,produto_uf,UF,CEVADA,AL,producao_mil_t
regressao_linear,,,,,2,historico_insuficiente,produto_uf,UF,CEVADA,AL,producao_mil_t
random_forest,,,,,2,historico_insuficiente,produto_uf,UF,CEVADA,AL,producao_mil_t
xgboost,,,,,2,historico_insuficiente,produto_uf,UF,CEVADA,AL,producao_mil_t
exponential_smoothing,,,,,2,historico_insuficiente,produto_uf,UF,CEVADA,AL,producao_mil_t
baseline_ingenuo,0.0,0.0,,,2,,produto_uf,UF,CEVADA,AM,producao_mil_t
regressao_linear,,,,,2,historico_insuficiente,produto_uf,UF,CEVADA,AM,producao_mil_t
random_forest,,,,,2,historico_insuficiente,produto_uf,UF,CEVADA,AM,producao_mil_t
xgboost,,,,,2,historico_insuficiente,produto_uf,UF,CEVADA,AM,producao_mil_t
exponential_smoothing,,,,,2,historico_insuficiente,produto_uf,UF,CEVADA,AM,producao_mil_t
baseline_ingenuo,0.0,0.0,,,2,,produto_uf,UF,CEVADA,AP,producao_mil_t
regressao_linear,,,,,2,historico_insuficiente,produto_uf,UF,CEVADA,AP,producao_mil_t
random_forest,,,,,2,historico_insuficiente,produto_uf,UF,CEVADA,AP,producao_mil_t
xgboost,,,,,2,historico_insuficiente,produto_uf,UF,CEVADA,AP,producao_mil_t
exponential_smoothing,,,,,2,historico_insuficiente,produto_uf,UF,CEVADA,AP,producao_mil_t
baseline_ingenuo,0.0,0.0,,,2,,produto_uf,UF,CEVADA,BA,producao_mil_t
regressao_linear,,,,,2,historico_insuficiente,produto_uf,UF,CEVADA,BA,producao_mil_t
random_forest,,,,,2,historico_insuficiente,produto_uf,UF,CEVADA,BA,producao_mil_t
xgboost,,,,,2,historico_insuficiente,produto_uf,UF,CEVADA,BA,producao_mil_t
exponential_smoothing,,,,,2,historico_insuficiente,produto_uf,UF,CEVADA,BA,producao_mil_t
baseline_ingenuo,0.0,0.0,,,2,,produto_uf,UF,CEVADA,CE,producao_mil_t
regressao_linear,,,,,2,historico_insuficiente,produto_uf,UF,CEVADA,CE,producao_mil_t
random_forest,,,,,2,historico_insuficiente,produto_uf,UF,CEVADA,CE,producao_mil_t
xgboost,,,,,2,historico_insuficiente,produto_uf,UF,CEVADA,CE,producao_mil_t
exponential_smoothing,,,,,2,historico_insuficiente,produto_uf,UF,CEVADA,CE,producao_mil_t
baseline_ingenuo,0.0,0.0,,,2,,produto_uf,UF,CEVADA,DF,producao_mil_t
regressao_linear,,,,,2,historico_insuficiente,produto_uf,UF,CEVADA,DF,producao_mil_t
random_forest,,,,,2,historico_insuficiente,produto_uf,UF,CEVADA,DF,producao_mil_t
xgboost,,,,,2,historico_insuficiente,produto_uf,UF,CEVADA,DF,producao_mil_t
exponential_smoothing,,,,,2,historico_insuficiente,produto_uf,UF,CEVADA,DF,producao_mil_t
baseline_ingenuo,0.0,0.0,,,2,,produto_uf,UF,CEVADA,ES,producao_mil_t
regressao_linear,,,,,2,historico_insuficiente,produto_uf,UF,CEVADA,ES,producao_mil_t
random_forest,,,,,2,historico_insuficiente,produto_uf,UF,CEVADA,ES,producao_mil_t
xgboost,,,,,2,historico_insuficiente,produto_uf,UF,CEVADA,ES,producao_mil_t
exponential_smoothing,,,,,2,historico_insuficiente,produto_uf,UF,CEVADA,ES,producao_mil_t
baseline_ingenuo,0.0,0.0,,,2,,produto_uf,UF,CEVADA,GO,producao_mil_t
regressao_linear,,,,,2,historico_insuficiente,produto_uf,UF,CEVADA,GO,producao_mil_t
random_forest,,,,,2,historico_insuficiente,produto_uf,UF,CEVADA,GO,producao_mil_t
xgboost,,,,,2,historico_insuficiente,produto_uf,UF,CEVADA,GO,producao_mil_t
exponential_smoothing,,,,,2,historico_insuficiente,produto_uf,UF,CEVADA,GO,producao_mil_t
baseline_ingenuo,0.0,0.0,,,2,,produto_uf,UF,CEVADA,MA,producao_mil_t
regressao_linear,,,,,2,historico_insuficiente,produto_uf,UF,CEVADA,MA,producao_mil_t
random_forest,,,,,2,historico_insuficiente,produto_uf,UF,CEVADA,MA,producao_mil_t
xgboost,,,,,2,historico_insuficiente,produto_uf,UF,CEVADA,MA,producao_mil_t
exponential_smoothing,,,,,2,historico_insuficiente,produto_uf,UF,CEVADA,MA,producao_mil_t
baseline_ingenuo,0.0,0.0,,,2,,produto_uf,UF,CEVADA,MG,producao_mil_t
regressao_linear,,,,,2,historico_insuficiente,produto_uf,UF,CEVADA,MG,producao_mil_t
random_forest,,,,,2,historico_insuficiente,produto_uf,UF,CEVADA,MG,producao_mil_t
xgboost,,,,,2,historico_insuficiente,produto_uf,UF,CEVADA,MG,producao_mil_t
exponential_smoothing,,,,,2,historico_insuficiente,produto_uf,UF,CEVADA,MG,producao_mil_t
baseline_ingenuo,0.0,0.0,,,2,,produto_uf,UF,CEVADA,MS,producao_mil_t
regressao_linear,,,,,2,historico_insuficiente,produto_uf,UF,CEVADA,MS,producao_mil_t
random_forest,,,,,2,historico_insuficiente,produto_uf,UF,CEVADA,MS,producao_mil_t
xgboost,,,,,2,historico_insuficiente,produto_uf,UF,CEVADA,MS,producao_mil_t
exponential_smoothing,,,,,2,historico_insuficiente,produto_uf,UF,CEVADA,MS,producao_mil_t
baseline_ingenuo,0.0,0.0,,,2,,produto_uf,UF,CEVADA,MT,producao_mil_t
regressao_linear,,,,,2,historico_insuficiente,produto_uf,UF,CEVADA,MT,producao_mil_t
random_forest,,,,,2,historico_insuficiente,produto_uf,UF,CEVADA,MT,producao_mil_t
xgboost,,,,,2,historico_insuficiente,produto_uf,UF,CEVADA,MT,producao_mil_t
exponential_smoothing,,,,,2,historico_insuficiente,produto_uf,UF,CEVADA,MT,producao_mil_t
baseline_ingenuo,0.0,0.0,,,2,,produto_uf,UF,CEVADA,PA,producao_mil_t
regressao_linear,,,,,2,historico_insuficiente,produto_uf,UF,CEVADA,PA,producao_mil_t
random_forest,,,,,2,historico_insuficiente,produto_uf,UF,CEVADA,PA,producao_mil_t
xgboost,,,,,2,historico_insuficiente,produto_uf,UF,CEVADA,PA,producao_mil_t
exponential_smoothing,,,,,2,historico_insuficiente,produto_uf,UF,CEVADA,PA,producao_mil_t
baseline_ingenuo,0.0,0.0,,,2,,produto_uf,UF,CEVADA,PB,producao_mil_t
regressao_linear,,,,,2,historico_insuficiente,produto_uf,UF,CEVADA,PB,producao_mil_t
random_forest,,,,,2,historico_insuficiente,produto_uf,UF,CEVADA,PB,producao_mil_t
xgboost,,,,,2,historico_insuficiente,produto_uf,UF,CEVADA,PB,producao_mil_t
exponential_smoothing,,,,,2,historico_insuficiente,produto_uf,UF,CEVADA,PB,producao_mil_t
baseline_ingenuo,0.0,0.0,,,2,,produto_uf,UF,CEVADA,PE,producao_mil_t
regressao_linear,,,,,2,historico_insuficiente,produto_uf,UF,CEVADA,PE,producao_mil_t
random_forest,,,,,2,historico_insuficiente,produto_uf,UF,CEVADA,PE,producao_mil_t
xgboost,,,,,2,historico_insuficiente,produto_uf,UF,CEVADA,PE,producao_mil_t
exponential_smoothing,,,,,2,historico_insuficiente,produto_uf,UF,CEVADA,PE,producao_mil_t
baseline_ingenuo,0.0,0.0,,,2,,produto_uf,UF,CEVADA,PI,producao_mil_t
regressao_linear,,,,,2,historico_insuficiente,produto_uf,UF,CEVADA,PI,producao_mil_t
random_forest,,,,,2,historico_insuficiente,produto_uf,UF,CEVADA,PI,producao_mil_t
xgboost,,,,,2,historico_insuficiente,produto_uf,UF,CEVADA,PI,producao_mil_t
exponential_smoothing,,,,,2,historico_insuficiente,produto_uf,UF,CEVADA,PI,producao_mil_t
baseline_ingenuo,13.800000000000011,13.800000000000011,2.939297124600641,,2,,produto_uf,UF,CEVADA,PR,producao_mil_t
regressao_linear,,,,,2,historico_insuficiente,produto_uf,UF,CEVADA,PR,producao_mil_t
random_forest,,,,,2,historico_insuficiente,produto_uf,UF,CEVADA,PR,producao_mil_t
xgboost,,,,,2,historico_insuficiente,produto_uf,UF,CEVADA,PR,producao_mil_t
exponential_smoothing,,,,,2,historico_insuficiente,produto_uf,UF,CEVADA,PR,producao_mil_t
baseline_ingenuo,0.0,0.0,,,2,,produto_uf,UF,CEVADA,RJ,producao_mil_t
regressao_linear,,,,,2,historico_insuficiente,produto_uf,UF,CEVADA,RJ,producao_mil_t
random_forest,,,,,2,historico_insuficiente,produto_uf,UF,CEVADA,RJ,producao_mil_t
xgboost,,,,,2,historico_insuficiente,produto_uf,UF,CEVADA,RJ,producao_mil_t
exponential_smoothing,,,,,2,historico_insuficiente,produto_uf,UF,CEVADA,RJ,producao_mil_t
baseline_ingenuo,0.0,0.0,,,2,,produto_uf,UF,CEVADA,RN,producao_mil_t
regressao_linear,,,,,2,historico_insuficiente,produto_uf,UF,CEVADA,RN,producao_mil_t
random_forest,,,,,2,historico_insuficiente,produto_uf,UF,CEVADA,RN,producao_mil_t
xgboost,,,,,2,historico_insuficiente,produto_uf,UF,CEVADA,RN,producao_mil_t
exponential_smoothing,,,,,2,historico_insuficiente,produto_uf,UF,CEVADA,RN,producao_mil_t
baseline_ingenuo,0.0,0.0,,,2,,produto_uf,UF,CEVADA,RO,producao_mil_t
regressao_linear,,,,,2,historico_insuficiente,produto_uf,UF,CEVADA,RO,producao_mil_t
random_forest,,,,,2,historico_insuficiente,produto_uf,UF,CEVADA,RO,producao_mil_t
xgboost,,,,,2,historico_insuficiente,produto_uf,UF,CEVADA,RO,producao_mil_t
exponential_smoothing,,,,,2,historico_insuficiente,produto_uf,UF,CEVADA,RO,producao_mil_t
baseline_ingenuo,0.0,0.0,,,2,,produto_uf,UF,CEVADA,RR,producao_mil_t
regressao_linear,,,,,2,historico_insuficiente,produto_uf,UF,CEVADA,RR,producao_mil_t
random_forest,,,,,2,historico_insuficiente,produto_uf,UF,CEVADA,RR,producao_mil_t
xgboost,,,,,2,historico_insuficiente,produto_uf,UF,CEVADA,RR,producao_mil_t
exponential_smoothing,,,,,2,historico_insuficiente,produto_uf,UF,CEVADA,RR,producao_mil_t
baseline_ingenuo,8.5,8.5,8.357915437561456,,2,,produto_uf,UF,CEVADA,RS,producao_mil_t
regressao_linear,,,,,2,historico_insuficiente,produto_uf,UF,CEVADA,RS,producao_mil_t
random_forest,,,,,2,historico_insuficiente,produto_uf,UF,CEVADA,RS,producao_mil_t
xgboost,,,,,2,historico_insuficiente,produto_uf,UF,CEVADA,RS,producao_mil_t
exponential_smoothing,,,,,2,historico_insuficiente,produto_uf,UF,CEVADA,RS,producao_mil_t
baseline_ingenuo,0.0,0.0,,,2,,produto_uf,UF,CEVADA,SC,producao_mil_t
regressao_linear,,,,,2,historico_insuficiente,produto_uf,UF,CEVADA,SC,producao_mil_t
random_forest,,,,,2,historico_insuficiente,produto_uf,UF,CEVADA,SC,producao_mil_t
xgboost,,,,,2,historico_insuficiente,produto_uf,UF,CEVADA,SC,producao_mil_t
exponential_smoothing,,,,,2,historico_insuficiente,produto_uf,UF,CEVADA,SC,producao_mil_t
baseline_ingenuo,0.0,0.0,,,2,,produto_uf,UF,CEVADA,SE,producao_mil_t
regressao_linear,,,,,2,historico_insuficiente,produto_uf,UF,CEVADA,SE,producao_mil_t
random_forest,,,,,2,historico_insuficiente,produto_uf,UF,CEVADA,SE,producao_mil_t
xgboost,,,,,2,historico_insuficiente,produto_uf,UF,CEVADA,SE,producao_mil_t
exponential_smoothing,,,,,2,historico_insuficiente,produto_uf,UF,CEVADA,SE,producao_mil_t
baseline_ingenuo,0.0,0.0,0.0,,2,,produto_uf,UF,CEVADA,SP,producao_mil_t
regressao_linear,,,,,2,historico_insuficiente,produto_uf,UF,CEVADA,SP,producao_mil_t
random_forest,,,,,2,historico_insuficiente,produto_uf,UF,CEVADA,SP,producao_mil_t
xgboost,,,,,2,historico_insuficiente,produto_uf,UF,CEVADA,SP,producao_mil_t
exponential_smoothing,,,,,2,historico_insuficiente,produto_uf,UF,CEVADA,SP,producao_mil_t
baseline_ingenuo,0.0,0.0,,,2,,produto_uf,UF,CEVADA,TO,producao_mil_t
regressao_linear,,,,,2,historico_insuficiente,produto_uf,UF,CEVADA,TO,producao_mil_t
random_forest,,,,,2,historico_insuficiente,produto_uf,UF,CEVADA,TO,producao_mil_t
xgboost,,,,,2,historico_insuficiente,produto_uf,UF,CEVADA,TO,producao_mil_t
exponential_smoothing,,,,,2,historico_insuficiente,produto_uf,UF,CEVADA,TO,producao_mil_t
baseline_ingenuo,0.0,0.0,0.0,,2,,produto_uf,UF,FEIJÃO TOTAL,AC,producao_mil_t
regressao_linear,,,,,2,historico_insuficiente,produto_uf,UF,FEIJÃO TOTAL,AC,producao_mil_t
random_forest,,,,,2,historico_insuficiente,produto_uf,UF,FEIJÃO TOTAL,AC,producao_mil_t
xgboost,,,,,2,historico_insuficiente,produto_uf,UF,FEIJÃO TOTAL,AC,producao_mil_t
exponential_smoothing,,,,,2,historico_insuficiente,produto_uf,UF,FEIJÃO TOTAL,AC,producao_mil_t
baseline_ingenuo,0.5,0.5,4.0983606557377055,,2,,produto_uf,UF,FEIJÃO TOTAL,AL,producao_mil_t
regressao_linear,,,,,2,historico_insuficiente,produto_uf,UF,FEIJÃO TOTAL,AL,producao_mil_t
random_forest,,,,,2,historico_insuficiente,produto_uf,UF,FEIJÃO TOTAL,AL,producao_mil_t
xgboost,,,,,2,historico_insuficiente,produto_uf,UF,FEIJÃO TOTAL,AL,producao_mil_t
exponential_smoothing,,,,,2,historico_insuficiente,produto_uf,UF,FEIJÃO TOTAL,AL,producao_mil_t
baseline_ingenuo,0.0,0.0,0.0,,2,,produto_uf,UF,FEIJÃO TOTAL,AM,producao_mil_t
regressao_linear,,,,,2,historico_insuficiente,produto_uf,UF,FEIJÃO TOTAL,AM,producao_mil_t
random_forest,,,,,2,historico_insuficiente,produto_uf,UF,FEIJÃO TOTAL,AM,producao_mil_t
xgboost,,,,,2,historico_insuficiente,produto_uf,UF,FEIJÃO TOTAL,AM,producao_mil_t
exponential_smoothing,,,,,2,historico_insuficiente,produto_uf,UF,FEIJÃO TOTAL,AM,producao_mil_t
baseline_ingenuo,0.0,0.0,0.0,,2,,produto_uf,UF,FEIJÃO TOTAL,AP,producao_mil_t
regressao_linear,,,,,2,historico_insuficiente,produto_uf,UF,FEIJÃO TOTAL,AP,producao_mil_t
random_forest,,,,,2,historico_insuficiente,produto_uf,UF,FEIJÃO TOTAL,AP,producao_mil_t
xgboost,,,,,2,historico_insuficiente,produto_uf,UF,FEIJÃO TOTAL,AP,producao_mil_t
exponential_smoothing,,,,,2,historico_insuficiente,produto_uf,UF,FEIJÃO TOTAL,AP,producao_mil_t
baseline_ingenuo,67.90000000000003,67.90000000000003,18.924191750278716,,2,,produto_uf,UF,FEIJÃO TOTAL,BA,producao_mil_t
regressao_linear,,,,,2,historico_insuficiente,produto_uf,UF,FEIJÃO TOTAL,BA,producao_mil_t
random_forest,,,,,2,historico_insuficiente,produto_uf,UF,FEIJÃO TOTAL,BA,producao_mil_t
xgboost,,,,,2,historico_insuficiente,produto_uf,UF,FEIJÃO TOTAL,BA,producao_mil_t
exponential_smoothing,,,,,2,historico_insuficiente,produto_uf,UF,FEIJÃO TOTAL,BA,producao_mil_t
baseline_ingenuo,0.5,0.5,0.9541984732824428,,2,,produto_uf,UF,FEIJÃO TOTAL,CE,producao_mil_t
regressao_linear,,,,,2,historico_insuficiente,produto_uf,UF,FEIJÃO TOTAL,CE,producao_mil_t
random_forest,,,,,2,historico_insuficiente,produto_uf,UF,FEIJÃO TOTAL,CE,producao_mil_t
xgboost,,,,,2,historico_insuficiente,produto_uf,UF,FEIJÃO TOTAL,CE,producao_mil_t
exponential_smoothing,,,,,2,historico_insuficiente,produto_uf,UF,FEIJÃO TOTAL,CE,producao_mil_t
baseline_ingenuo,0.7999999999999972,0.7999999999999972,2.0942408376963275,,2,,produto_uf,UF,FEIJÃO TOTAL,DF,producao_mil_t
regressao_linear,,,,,2,historico_insuficiente,produto_uf,UF,FEIJÃO TOTAL,DF,producao_mil_t
random_forest,,,,,2,historico_insuficiente,produto_uf,UF,FEIJÃO TOTAL,DF,producao_mil_t
xgboost,,,,,2,historico_insuficiente,produto_uf,UF,FEIJÃO TOTAL,DF,producao_mil_t
exponential_smoothing,,,,,2,historico_insuficiente,produto_uf,UF,FEIJÃO TOTAL,DF,producao_mil_t
baseline_ingenuo,0.6999999999999993,0.6999999999999993,7.216494845360819,,2,,produto_uf,UF,FEIJÃO TOTAL,ES,producao_mil_t
regressao_linear,,,,,2,historico_insuficiente,produto_uf,UF,FEIJÃO TOTAL,ES,producao_mil_t
random_forest,,,,,2,historico_insuficiente,produto_uf,UF,FEIJÃO TOTAL,ES,producao_mil_t
xgboost,,,,,2,historico_insuficiente,produto_uf,UF,FEIJÃO TOTAL,ES,producao_mil_t
exponential_smoothing,,,,,2,historico_insuficiente,produto_uf,UF,FEIJÃO TOTAL,ES,producao_mil_t
baseline_ingenuo,2.099999999999966,2.099999999999966,0.7296733842946372,,2,,produto_uf,UF,FEIJÃO TOTAL,GO,producao_mil_t
regressao_linear,,,,,2,historico_insuficiente,produto_uf,UF,FEIJÃO TOTAL,GO,producao_mil_t
random_forest,,,,,2,historico_insuficiente,produto_uf,UF,FEIJÃO TOTAL,GO,producao_mil_t
xgboost,,,,,2,historico_insuficiente,produto_uf,UF,FEIJÃO TOTAL,GO,producao_mil_t
exponential_smoothing,,,,,2,historico_insuficiente,produto_uf,UF,FEIJÃO TOTAL,GO,producao_mil_t
baseline_ingenuo,0.6999999999999993,0.6999999999999993,2.250803858520898,,2,,produto_uf,UF,FEIJÃO TOTAL,MA,producao_mil_t
regressao_linear,,,,,2,historico_insuficiente,produto_uf,UF,FEIJÃO TOTAL,MA,producao_mil_t
random_forest,,,,,2,historico_insuficiente,produto_uf,UF,FEIJÃO TOTAL,MA,producao_mil_t
xgboost,,,,,2,historico_insuficiente,produto_uf,UF,FEIJÃO TOTAL,MA,producao_mil_t
exponential_smoothing,,,,,2,historico_insuficiente,produto_uf,UF,FEIJÃO TOTAL,MA,producao_mil_t
baseline_ingenuo,36.89999999999998,36.89999999999998,7.384430658395033,,2,,produto_uf,UF,FEIJÃO TOTAL,MG,producao_mil_t
regressao_linear,,,,,2,historico_insuficiente,produto_uf,UF,FEIJÃO TOTAL,MG,producao_mil_t
random_forest,,,,,2,historico_insuficiente,produto_uf,UF,FEIJÃO TOTAL,MG,producao_mil_t
xgboost,,,,,2,historico_insuficiente,produto_uf,UF,FEIJÃO TOTAL,MG,producao_mil_t
exponential_smoothing,,,,,2,historico_insuficiente,produto_uf,UF,FEIJÃO TOTAL,MG,producao_mil_t
baseline_ingenuo,1.8000000000000007,1.8000000000000007,15.126050420168072,,2,,produto_uf,UF,FEIJÃO TOTAL,MS,producao_mil_t
regressao_linear,,,,,2,historico_insuficiente,produto_uf,UF,FEIJÃO TOTAL,MS,producao_mil_t
random_forest,,,,,2,historico_insuficiente,produto_uf,UF,FEIJÃO TOTAL,MS,producao_mil_t
xgboost,,,,,2,historico_insuficiente,produto_uf,UF,FEIJÃO TOTAL,MS,producao_mil_t
exponential_smoothing,,,,,2,historico_insuficiente,produto_uf,UF,FEIJÃO TOTAL,MS,producao_mil_t
baseline_ingenuo,15.199999999999989,15.199999999999989,5.286956521739127,,2,,produto_uf,UF,FEIJÃO TOTAL,MT,producao_mil_t
regressao_linear,,,,,2,historico_insuficiente,produto_uf,UF,FEIJÃO TOTAL,MT,producao_mil_t
random_forest,,,,,2,historico_insuficiente,produto_uf,UF,FEIJÃO TOTAL,MT,producao_mil_t
xgboost,,,,,2,historico_insuficiente,produto_uf,UF,FEIJÃO TOTAL,MT,producao_mil_t
exponential_smoothing,,,,,2,historico_insuficiente,produto_uf,UF,FEIJÃO TOTAL,MT,producao_mil_t
baseline_ingenuo,3.5,3.5,22.0125786163522,,2,,produto_uf,UF,FEIJÃO TOTAL,PA,producao_mil_t
regressao_linear,,,,,2,historico_insuficiente,produto_uf,UF,FEIJÃO TOTAL,PA,producao_mil_t
random_forest,,,,,2,historico_insuficiente,produto_uf,UF,FEIJÃO TOTAL,PA,producao_mil_t
xgboost,,,,,2,historico_insuficiente,produto_uf,UF,FEIJÃO TOTAL,PA,producao_mil_t
exponential_smoothing,,,,,2,historico_insuficiente,produto_uf,UF,FEIJÃO TOTAL,PA,producao_mil_t
baseline_ingenuo,8.7,8.7,22.36503856041131,,2,,produto_uf,UF,FEIJÃO TOTAL,PB,producao_mil_t
regressao_linear,,,,,2,historico_insuficiente,produto_uf,UF,FEIJÃO TOTAL,PB,producao_mil_t
random_forest,,,,,2,historico_insuficiente,produto_uf,UF,FEIJÃO TOTAL,PB,producao_mil_t
xgboost,,,,,2,historico_insuficiente,produto_uf,UF,FEIJÃO TOTAL,PB,producao_mil_t
exponential_smoothing,,,,,2,historico_insuficiente,produto_uf,UF,FEIJÃO TOTAL,PB,producao_mil_t
baseline_ingenuo,6.900000000000006,6.900000000000006,5.943152454780367,,2,,produto_uf,UF,FEIJÃO TOTAL,PE,producao_mil_t
regressao_linear,,,,,2,historico_insuficiente,produto_uf,UF,FEIJÃO TOTAL,PE,producao_mil_t
random_forest,,,,,2,historico_insuficiente,produto_uf,UF,FEIJÃO TOTAL,PE,producao_mil_t
xgboost,,,,,2,historico_insuficiente,produto_uf,UF,FEIJÃO TOTAL,PE,producao_mil_t
exponential_smoothing,,,,,2,historico_insuficiente,produto_uf,UF,FEIJÃO TOTAL,PE,producao_mil_t
baseline_ingenuo,19.699999999999996,19.699999999999996,26.875852660300133,,2,,produto_uf,UF,FEIJÃO TOTAL,PI,producao_mil_t
regressao_linear,,,,,2,historico_insuficiente,produto_uf,UF,FEIJÃO TOTAL,PI,producao_mil_t
random_forest,,,,,2,historico_insuficiente,produto_uf,UF,FEIJÃO TOTAL,PI,producao_mil_t
xgboost,,,,,2,historico_insuficiente,produto_uf,UF,FEIJÃO TOTAL,PI,producao_mil_t
exponential_smoothing,,,,,2,historico_insuficiente,produto_uf,UF,FEIJÃO TOTAL,PI,producao_mil_t
baseline_ingenuo,204.30000000000007,204.30000000000007,31.124314442413176,,2,,produto_uf,UF,FEIJÃO TOTAL,PR,producao_mil_t
regressao_linear,,,,,2,historico_insuficiente,produto_uf,UF,FEIJÃO TOTAL,PR,producao_mil_t
random_forest,,,,,2,historico_insuficiente,produto_uf,UF,FEIJÃO TOTAL,PR,producao_mil_t
xgboost,,,,,2,historico_insuficiente,produto_uf,UF,FEIJÃO TOTAL,PR,producao_mil_t
exponential_smoothing,,,,,2,historico_insuficiente,produto_uf,UF,FEIJÃO TOTAL,PR,producao_mil_t
baseline_ingenuo,0.0,0.0,0.0,,2,,produto_uf,UF,FEIJÃO TOTAL,RJ,producao_mil_t
regressao_linear,,,,,2,historico_insuficiente,produto_uf,UF,FEIJÃO TOTAL,RJ,producao_mil_t
random_forest,,,,,2,historico_insuficiente,produto_uf,UF,FEIJÃO TOTAL,RJ,producao_mil_t
xgboost,,,,,2,historico_insuficiente,produto_uf,UF,FEIJÃO TOTAL,RJ,producao_mil_t
exponential_smoothing,,,,,2,historico_insuficiente,produto_uf,UF,FEIJÃO TOTAL,RJ,producao_mil_t
baseline_ingenuo,0.20000000000000018,0.20000000000000018,2.6666666666666687,,2,,produto_uf,UF,FEIJÃO TOTAL,RN,producao_mil_t
regressao_linear,,,,,2,historico_insuficiente,produto_uf,UF,FEIJÃO TOTAL,RN,producao_mil_t
random_forest,,,,,2,historico_insuficiente,produto_uf,UF,FEIJÃO TOTAL,RN,producao_mil_t
xgboost,,,,,2,historico_insuficiente,produto_uf,UF,FEIJÃO TOTAL,RN,producao_mil_t
exponential_smoothing,,,,,2,historico_insuficiente,produto_uf,UF,FEIJÃO TOTAL,RN,producao_mil_t
baseline_ingenuo,0.10000000000000009,0.10000000000000009,4.545454545454549,,2,,produto_uf,UF,FEIJÃO TOTAL,RO,producao_mil_t
regressao_linear,,,,,2,historico_insuficiente,produto_uf,UF,FEIJÃO TOTAL,RO,producao_mil_t
random_forest,,,,,2,historico_insuficiente,produto_uf,UF,FEIJÃO TOTAL,RO,producao_mil_t
xgboost,,,,,2,historico_insuficiente,produto_uf,UF,FEIJÃO TOTAL,RO,producao_mil_t
exponential_smoothing,,,,,2,historico_insuficiente,produto_uf,UF,FEIJÃO TOTAL,RO,producao_mil_t
baseline_ingenuo,0.0,0.0,0.0,,2,,produto_uf,UF,FEIJÃO TOTAL,RR,producao_mil_t
regressao_linear,,,,,2,historico_insuficiente,produto_uf,UF,FEIJÃO TOTAL,RR,producao_mil_t
random_forest,,,,,2,historico_insuficiente,produto_uf,UF,FEIJÃO TOTAL,RR,producao_mil_t
xgboost,,,,,2,historico_insuficiente,produto_uf,UF,FEIJÃO TOTAL,RR,producao_mil_t
exponential_smoothing,,,,,2,historico_insuficiente,produto_uf,UF,FEIJÃO TOTAL,RR,producao_mil_t
baseline_ingenuo,0.09999999999999432,0.09999999999999432,0.13586956521738358,,2,,produto_uf,UF,FEIJÃO TOTAL,RS,producao_mil_t
regressao_linear,,,,,2,historico_insuficiente,produto_uf,UF,FEIJÃO TOTAL,RS,producao_mil_t
random_forest,,,,,2,historico_insuficiente,produto_uf,UF,FEIJÃO TOTAL,RS,producao_mil_t
xgboost,,,,,2,historico_insuficiente,produto_uf,UF,FEIJÃO TOTAL,RS,producao_mil_t
exponential_smoothing,,,,,2,historico_insuficiente,produto_uf,UF,FEIJÃO TOTAL,RS,producao_mil_t
baseline_ingenuo,7.799999999999997,7.799999999999997,7.407407407407404,,2,,produto_uf,UF,FEIJÃO TOTAL,SC,producao_mil_t
regressao_linear,,,,,2,historico_insuficiente,produto_uf,UF,FEIJÃO TOTAL,SC,producao_mil_t
random_forest,,,,,2,historico_insuficiente,produto_uf,UF,FEIJÃO TOTAL,SC,producao_mil_t
xgboost,,,,,2,historico_insuficiente,produto_uf,UF,FEIJÃO TOTAL,SC,producao_mil_t
exponential_smoothing,,,,,2,historico_insuficiente,produto_uf,UF,FEIJÃO TOTAL,SC,producao_mil_t
baseline_ingenuo,0.6000000000000001,0.6000000000000001,33.333333333333336,,2,,produto_uf,UF,FEIJÃO TOTAL,SE,producao_mil_t
regressao_linear,,,,,2,historico_insuficiente,produto_uf,UF,FEIJÃO TOTAL,SE,producao_mil_t
random_forest,,,,,2,historico_insuficiente,produto_uf,UF,FEIJÃO TOTAL,SE,producao_mil_t
xgboost,,,,,2,historico_insuficiente,produto_uf,UF,FEIJÃO TOTAL,SE,producao_mil_t
exponential_smoothing,,,,,2,historico_insuficiente,produto_uf,UF,FEIJÃO TOTAL,SE,producao_mil_t
baseline_ingenuo,5.199999999999989,5.199999999999989,2.857142857142851,,2,,produto_uf,UF,FEIJÃO TOTAL,SP,producao_mil_t
regressao_linear,,,,,2,historico_insuficiente,produto_uf,UF,FEIJÃO TOTAL,SP,producao_mil_t
random_forest,,,,,2,historico_insuficiente,produto_uf,UF,FEIJÃO TOTAL,SP,producao_mil_t
xgboost,,,,,2,historico_insuficiente,produto_uf,UF,FEIJÃO TOTAL,SP,producao_mil_t
exponential_smoothing,,,,,2,historico_insuficiente,produto_uf,UF,FEIJÃO TOTAL,SP,producao_mil_t
baseline_ingenuo,0.0,0.0,0.0,,2,,produto_uf,UF,FEIJÃO TOTAL,TO,producao_mil_t
regressao_linear,,,,,2,historico_insuficiente,produto_uf,UF,FEIJÃO TOTAL,TO,producao_mil_t
random_forest,,,,,2,historico_insuficiente,produto_uf,UF,FEIJÃO TOTAL,TO,producao_mil_t
xgboost,,,,,2,historico_insuficiente,produto_uf,UF,FEIJÃO TOTAL,TO,producao_mil_t
exponential_smoothing,,,,,2,historico_insuficiente,produto_uf,UF,FEIJÃO TOTAL,TO,producao_mil_t
baseline_ingenuo,0.0,0.0,,,2,,produto_uf,UF,GERGELIM,AC,producao_mil_t
regressao_linear,,,,,2,historico_insuficiente,produto_uf,UF,GERGELIM,AC,producao_mil_t
random_forest,,,,,2,historico_insuficiente,produto_uf,UF,GERGELIM,AC,producao_mil_t
xgboost,,,,,2,historico_insuficiente,produto_uf,UF,GERGELIM,AC,producao_mil_t
exponential_smoothing,,,,,2,historico_insuficiente,produto_uf,UF,GERGELIM,AC,producao_mil_t
baseline_ingenuo,0.0,0.0,,,2,,produto_uf,UF,GERGELIM,AL,producao_mil_t
regressao_linear,,,,,2,historico_insuficiente,produto_uf,UF,GERGELIM,AL,producao_mil_t
random_forest,,,,,2,historico_insuficiente,produto_uf,UF,GERGELIM,AL,producao_mil_t
xgboost,,,,,2,historico_insuficiente,produto_uf,UF,GERGELIM,AL,producao_mil_t
exponential_smoothing,,,,,2,historico_insuficiente,produto_uf,UF,GERGELIM,AL,producao_mil_t
baseline_ingenuo,0.0,0.0,,,2,,produto_uf,UF,GERGELIM,AM,producao_mil_t
regressao_linear,,,,,2,historico_insuficiente,produto_uf,UF,GERGELIM,AM,producao_mil_t
random_forest,,,,,2,historico_insuficiente,produto_uf,UF,GERGELIM,AM,producao_mil_t
xgboost,,,,,2,historico_insuficiente,produto_uf,UF,GERGELIM,AM,producao_mil_t
exponential_smoothing,,,,,2,historico_insuficiente,produto_uf,UF,GERGELIM,AM,producao_mil_t
baseline_ingenuo,0.0,0.0,,,2,,produto_uf,UF,GERGELIM,AP,producao_mil_t
regressao_linear,,,,,2,historico_insuficiente,produto_uf,UF,GERGELIM,AP,producao_mil_t
random_forest,,,,,2,historico_insuficiente,produto_uf,UF,GERGELIM,AP,producao_mil_t
xgboost,,,,,2,historico_insuficiente,produto_uf,UF,GERGELIM,AP,producao_mil_t
exponential_smoothing,,,,,2,historico_insuficiente,produto_uf,UF,GERGELIM,AP,producao_mil_t
baseline_ingenuo,0.0,0.0,,,2,,produto_uf,UF,GERGELIM,BA,producao_mil_t
regressao_linear,,,,,2,historico_insuficiente,produto_uf,UF,GERGELIM,BA,producao_mil_t
random_forest,,,,,2,historico_insuficiente,produto_uf,UF,GERGELIM,BA,producao_mil_t
xgboost,,,,,2,historico_insuficiente,produto_uf,UF,GERGELIM,BA,producao_mil_t
exponential_smoothing,,,,,2,historico_insuficiente,produto_uf,UF,GERGELIM,BA,producao_mil_t
baseline_ingenuo,0.0,0.0,,,2,,produto_uf,UF,GERGELIM,CE,producao_mil_t
regressao_linear,,,,,2,historico_insuficiente,produto_uf,UF,GERGELIM,CE,producao_mil_t
random_forest,,,,,2,historico_insuficiente,produto_uf,UF,GERGELIM,CE,producao_mil_t
xgboost,,,,,2,historico_insuficiente,produto_uf,UF,GERGELIM,CE,producao_mil_t
exponential_smoothing,,,,,2,historico_insuficiente,produto_uf,UF,GERGELIM,CE,producao_mil_t
baseline_ingenuo,0.0,0.0,,,2,,produto_uf,UF,GERGELIM,DF,producao_mil_t
regressao_linear,,,,,2,historico_insuficiente,produto_uf,UF,GERGELIM,DF,producao_mil_t
random_forest,,,,,2,historico_insuficiente,produto_uf,UF,GERGELIM,DF,producao_mil_t
xgboost,,,,,2,historico_insuficiente,produto_uf,UF,GERGELIM,DF,producao_mil_t
exponential_smoothing,,,,,2,historico_insuficiente,produto_uf,UF,GERGELIM,DF,producao_mil_t
baseline_ingenuo,0.0,0.0,,,2,,produto_uf,UF,GERGELIM,ES,producao_mil_t
regressao_linear,,,,,2,historico_insuficiente,produto_uf,UF,GERGELIM,ES,producao_mil_t
random_forest,,,,,2,historico_insuficiente,produto_uf,UF,GERGELIM,ES,producao_mil_t
xgboost,,,,,2,historico_insuficiente,produto_uf,UF,GERGELIM,ES,producao_mil_t
exponential_smoothing,,,,,2,historico_insuficiente,produto_uf,UF,GERGELIM,ES,producao_mil_t
baseline_ingenuo,0.0,0.0,0.0,,2,,produto_uf,UF,GERGELIM,GO,producao_mil_t
regressao_linear,,,,,2,historico_insuficiente,produto_uf,UF,GERGELIM,GO,producao_mil_t
random_forest,,,,,2,historico_insuficiente,produto_uf,UF,GERGELIM,GO,producao_mil_t
xgboost,,,,,2,historico_insuficiente,produto_uf,UF,GERGELIM,GO,producao_mil_t
exponential_smoothing,,,,,2,historico_insuficiente,produto_uf,UF,GERGELIM,GO,producao_mil_t
baseline_ingenuo,0.0,0.0,,,2,,produto_uf,UF,GERGELIM,MA,producao_mil_t
regressao_linear,,,,,2,historico_insuficiente,produto_uf,UF,GERGELIM,MA,producao_mil_t
random_forest,,,,,2,historico_insuficiente,produto_uf,UF,GERGELIM,MA,producao_mil_t
xgboost,,,,,2,historico_insuficiente,produto_uf,UF,GERGELIM,MA,producao_mil_t
exponential_smoothing,,,,,2,historico_insuficiente,produto_uf,UF,GERGELIM,MA,producao_mil_t
baseline_ingenuo,0.0,0.0,,,2,,produto_uf,UF,GERGELIM,MG,producao_mil_t
regressao_linear,,,,,2,historico_insuficiente,produto_uf,UF,GERGELIM,MG,producao_mil_t
random_forest,,,,,2,historico_insuficiente,produto_uf,UF,GERGELIM,MG,producao_mil_t
xgboost,,,,,2,historico_insuficiente,produto_uf,UF,GERGELIM,MG,producao_mil_t
exponential_smoothing,,,,,2,historico_insuficiente,produto_uf,UF,GERGELIM,MG,producao_mil_t
baseline_ingenuo,0.0,0.0,,,2,,produto_uf,UF,GERGELIM,MS,producao_mil_t
regressao_linear,,,,,2,historico_insuficiente,produto_uf,UF,GERGELIM,MS,producao_mil_t
random_forest,,,,,2,historico_insuficiente,produto_uf,UF,GERGELIM,MS,producao_mil_t
xgboost,,,,,2,historico_insuficiente,produto_uf,UF,GERGELIM,MS,producao_mil_t
exponential_smoothing,,,,,2,historico_insuficiente,produto_uf,UF,GERGELIM,MS,producao_mil_t
baseline_ingenuo,0.0,0.0,0.0,,2,,produto_uf,UF,GERGELIM,MT,producao_mil_t
regressao_linear,,,,,2,historico_insuficiente,produto_uf,UF,GERGELIM,MT,producao_mil_t
random_forest,,,,,2,historico_insuficiente,produto_uf,UF,GERGELIM,MT,producao_mil_t
xgboost,,,,,2,historico_insuficiente,produto_uf,UF,GERGELIM,MT,producao_mil_t
exponential_smoothing,,,,,2,historico_insuficiente,produto_uf,UF,GERGELIM,MT,producao_mil_t
baseline_ingenuo,0.0,0.0,0.0,,2,,produto_uf,UF,GERGELIM,PA,producao_mil_t
regressao_linear,,,,,2,historico_insuficiente,produto_uf,UF,GERGELIM,PA,producao_mil_t
random_forest,,,,,2,historico_insuficiente,produto_uf,UF,GERGELIM,PA,producao_mil_t
xgboost,,,,,2,historico_insuficiente,produto_uf,UF,GERGELIM,PA,producao_mil_t
exponential_smoothing,,,,,2,historico_insuficiente,produto_uf,UF,GERGELIM,PA,producao_mil_t
baseline_ingenuo,0.0,0.0,,,2,,produto_uf,UF,GERGELIM,PB,producao_mil_t
regressao_linear,,,,,2,historico_insuficiente,produto_uf,UF,GERGELIM,PB,producao_mil_t
random_forest,,,,,2,historico_insuficiente,produto_uf,UF,GERGELIM,PB,producao_mil_t
xgboost,,,,,2,historico_insuficiente,produto_uf,UF,GERGELIM,PB,producao_mil_t
exponential_smoothing,,,,,2,historico_insuficiente,produto_uf,UF,GERGELIM,PB,producao_mil_t
baseline_ingenuo,0.0,0.0,,,2,,produto_uf,UF,GERGELIM,PE,producao_mil_t
regressao_linear,,,,,2,historico_insuficiente,produto_uf,UF,GERGELIM,PE,producao_mil_t
random_forest,,,,,2,historico_insuficiente,produto_uf,UF,GERGELIM,PE,producao_mil_t
xgboost,,,,,2,historico_insuficiente,produto_uf,UF,GERGELIM,PE,producao_mil_t
exponential_smoothing,,,,,2,historico_insuficiente,produto_uf,UF,GERGELIM,PE,producao_mil_t
baseline_ingenuo,0.0,0.0,,,2,,produto_uf,UF,GERGELIM,PI,producao_mil_t
regressao_linear,,,,,2,historico_insuficiente,produto_uf,UF,GERGELIM,PI,producao_mil_t
random_forest,,,,,2,historico_insuficiente,produto_uf,UF,GERGELIM,PI,producao_mil_t
xgboost,,,,,2,historico_insuficiente,produto_uf,UF,GERGELIM,PI,producao_mil_t
exponential_smoothing,,,,,2,historico_insuficiente,produto_uf,UF,GERGELIM,PI,producao_mil_t
baseline_ingenuo,0.0,0.0,,,2,,produto_uf,UF,GERGELIM,PR,producao_mil_t
regressao_linear,,,,,2,historico_insuficiente,produto_uf,UF,GERGELIM,PR,producao_mil_t
random_forest,,,,,2,historico_insuficiente,produto_uf,UF,GERGELIM,PR,producao_mil_t
xgboost,,,,,2,historico_insuficiente,produto_uf,UF,GERGELIM,PR,producao_mil_t
exponential_smoothing,,,,,2,historico_insuficiente,produto_uf,UF,GERGELIM,PR,producao_mil_t
baseline_ingenuo,0.0,0.0,,,2,,produto_uf,UF,GERGELIM,RJ,producao_mil_t
regressao_linear,,,,,2,historico_insuficiente,produto_uf,UF,GERGELIM,RJ,producao_mil_t
random_forest,,,,,2,historico_insuficiente,produto_uf,UF,GERGELIM,RJ,producao_mil_t
xgboost,,,,,2,historico_insuficiente,produto_uf,UF,GERGELIM,RJ,producao_mil_t
exponential_smoothing,,,,,2,historico_insuficiente,produto_uf,UF,GERGELIM,RJ,producao_mil_t
baseline_ingenuo,0.0,0.0,,,2,,produto_uf,UF,GERGELIM,RN,producao_mil_t
regressao_linear,,,,,2,historico_insuficiente,produto_uf,UF,GERGELIM,RN,producao_mil_t
random_forest,,,,,2,historico_insuficiente,produto_uf,UF,GERGELIM,RN,producao_mil_t
xgboost,,,,,2,historico_insuficiente,produto_uf,UF,GERGELIM,RN,producao_mil_t
exponential_smoothing,,,,,2,historico_insuficiente,produto_uf,UF,GERGELIM,RN,producao_mil_t
baseline_ingenuo,0.0,0.0,,,2,,produto_uf,UF,GERGELIM,RO,producao_mil_t
regressao_linear,,,,,2,historico_insuficiente,produto_uf,UF,GERGELIM,RO,producao_mil_t
random_forest,,,,,2,historico_insuficiente,produto_uf,UF,GERGELIM,RO,producao_mil_t
xgboost,,,,,2,historico_insuficiente,produto_uf,UF,GERGELIM,RO,producao_mil_t
exponential_smoothing,,,,,2,historico_insuficiente,produto_uf,UF,GERGELIM,RO,producao_mil_t
baseline_ingenuo,0.0,0.0,,,2,,produto_uf,UF,GERGELIM,RR,producao_mil_t
regressao_linear,,,,,2,historico_insuficiente,produto_uf,UF,GERGELIM,RR,producao_mil_t
random_forest,,,,,2,historico_insuficiente,produto_uf,UF,GERGELIM,RR,producao_mil_t
xgboost,,,,,2,historico_insuficiente,produto_uf,UF,GERGELIM,RR,producao_mil_t
exponential_smoothing,,,,,2,historico_insuficiente,produto_uf,UF,GERGELIM,RR,producao_mil_t
baseline_ingenuo,0.0,0.0,,,2,,produto_uf,UF,GERGELIM,RS,producao_mil_t
regressao_linear,,,,,2,historico_insuficiente,produto_uf,UF,GERGELIM,RS,producao_mil_t
random_forest,,,,,2,historico_insuficiente,produto_uf,UF,GERGELIM,RS,producao_mil_t
xgboost,,,,,2,historico_insuficiente,produto_uf,UF,GERGELIM,RS,producao_mil_t
exponential_smoothing,,,,,2,historico_insuficiente,produto_uf,UF,GERGELIM,RS,producao_mil_t
baseline_ingenuo,0.0,0.0,,,2,,produto_uf,UF,GERGELIM,SC,producao_mil_t
regressao_linear,,,,,2,historico_insuficiente,produto_uf,UF,GERGELIM,SC,producao_mil_t
random_forest,,,,,2,historico_insuficiente,produto_uf,UF,GERGELIM,SC,producao_mil_t
xgboost,,,,,2,historico_insuficiente,produto_uf,UF,GERGELIM,SC,producao_mil_t
exponential_smoothing,,,,,2,historico_insuficiente,produto_uf,UF,GERGELIM,SC,producao_mil_t
baseline_ingenuo,0.0,0.0,,,2,,produto_uf,UF,GERGELIM,SE,producao_mil_t
regressao_linear,,,,,2,historico_insuficiente,produto_uf,UF,GERGELIM,SE,producao_mil_t
random_forest,,,,,2,historico_insuficiente,produto_uf,UF,GERGELIM,SE,producao_mil_t
xgboost,,,,,2,historico_insuficiente,produto_uf,UF,GERGELIM,SE,producao_mil_t
exponential_smoothing,,,,,2,historico_insuficiente,produto_uf,UF,GERGELIM,SE,producao_mil_t
baseline_ingenuo,0.0,0.0,,,2,,produto_uf,UF,GERGELIM,SP,producao_mil_t
regressao_linear,,,,,2,historico_insuficiente,produto_uf,UF,GERGELIM,SP,producao_mil_t
random_forest,,,,,2,historico_insuficiente,produto_uf,UF,GERGELIM,SP,producao_mil_t
xgboost,,,,,2,historico_insuficiente,produto_uf,UF,GERGELIM,SP,producao_mil_t
exponential_smoothing,,,,,2,historico_insuficiente,produto_uf,UF,GERGELIM,SP,producao_mil_t
baseline_ingenuo,0.0,0.0,0.0,,2,,produto_uf,UF,GERGELIM,TO,producao_mil_t
regressao_linear,,,,,2,historico_insuficiente,produto_uf,UF,GERGELIM,TO,producao_mil_t
random_forest,,,,,2,historico_insuficiente,produto_uf,UF,GERGELIM,TO,producao_mil_t
xgboost,,,,,2,historico_insuficiente,produto_uf,UF,GERGELIM,TO,producao_mil_t
exponential_smoothing,,,,,2,historico_insuficiente,produto_uf,UF,GERGELIM,TO,producao_mil_t
baseline_ingenuo,0.0,0.0,,,2,,produto_uf,UF,GIRASSOL,AC,producao_mil_t
regressao_linear,,,,,2,historico_insuficiente,produto_uf,UF,GIRASSOL,AC,producao_mil_t
random_forest,,,,,2,historico_insuficiente,produto_uf,UF,GIRASSOL,AC,producao_mil_t
xgboost,,,,,2,historico_insuficiente,produto_uf,UF,GIRASSOL,AC,producao_mil_t
exponential_smoothing,,,,,2,historico_insuficiente,produto_uf,UF,GIRASSOL,AC,producao_mil_t
baseline_ingenuo,0.0,0.0,,,2,,produto_uf,UF,GIRASSOL,AL,producao_mil_t
regressao_linear,,,,,2,historico_insuficiente,produto_uf,UF,GIRASSOL,AL,producao_mil_t
random_forest,,,,,2,historico_insuficiente,produto_uf,UF,GIRASSOL,AL,producao_mil_t
xgboost,,,,,2,historico_insuficiente,produto_uf,UF,GIRASSOL,AL,producao_mil_t
exponential_smoothing,,,,,2,historico_insuficiente,produto_uf,UF,GIRASSOL,AL,producao_mil_t
baseline_ingenuo,0.0,0.0,,,2,,produto_uf,UF,GIRASSOL,AM,producao_mil_t
regressao_linear,,,,,2,historico_insuficiente,produto_uf,UF,GIRASSOL,AM,producao_mil_t
random_forest,,,,,2,historico_insuficiente,produto_uf,UF,GIRASSOL,AM,producao_mil_t
xgboost,,,,,2,historico_insuficiente,produto_uf,UF,GIRASSOL,AM,producao_mil_t
exponential_smoothing,,,,,2,historico_insuficiente,produto_uf,UF,GIRASSOL,AM,producao_mil_t
baseline_ingenuo,0.0,0.0,,,2,,produto_uf,UF,GIRASSOL,AP,producao_mil_t
regressao_linear,,,,,2,historico_insuficiente,produto_uf,UF,GIRASSOL,AP,producao_mil_t
random_forest,,,,,2,historico_insuficiente,produto_uf,UF,GIRASSOL,AP,producao_mil_t
xgboost,,,,,2,historico_insuficiente,produto_uf,UF,GIRASSOL,AP,producao_mil_t
exponential_smoothing,,,,,2,historico_insuficiente,produto_uf,UF,GIRASSOL,AP,producao_mil_t
baseline_ingenuo,0.0,0.0,,,2,,produto_uf,UF,GIRASSOL,BA,producao_mil_t
regressao_linear,,,,,2,historico_insuficiente,produto_uf,UF,GIRASSOL,BA,producao_mil_t
random_forest,,,,,2,historico_insuficiente,produto_uf,UF,GIRASSOL,BA,producao_mil_t
xgboost,,,,,2,historico_insuficiente,produto_uf,UF,GIRASSOL,BA,producao_mil_t
exponential_smoothing,,,,,2,historico_insuficiente,produto_uf,UF,GIRASSOL,BA,producao_mil_t
baseline_ingenuo,0.0,0.0,,,2,,produto_uf,UF,GIRASSOL,CE,producao_mil_t
regressao_linear,,,,,2,historico_insuficiente,produto_uf,UF,GIRASSOL,CE,producao_mil_t
random_forest,,,,,2,historico_insuficiente,produto_uf,UF,GIRASSOL,CE,producao_mil_t
xgboost,,,,,2,historico_insuficiente,produto_uf,UF,GIRASSOL,CE,producao_mil_t
exponential_smoothing,,,,,2,historico_insuficiente,produto_uf,UF,GIRASSOL,CE,producao_mil_t
baseline_ingenuo,0.0,0.0,0.0,,2,,produto_uf,UF,GIRASSOL,DF,producao_mil_t
regressao_linear,,,,,2,historico_insuficiente,produto_uf,UF,GIRASSOL,DF,producao_mil_t
random_forest,,,,,2,historico_insuficiente,produto_uf,UF,GIRASSOL,DF,producao_mil_t
xgboost,,,,,2,historico_insuficiente,produto_uf,UF,GIRASSOL,DF,producao_mil_t
exponential_smoothing,,,,,2,historico_insuficiente,produto_uf,UF,GIRASSOL,DF,producao_mil_t
baseline_ingenuo,0.0,0.0,,,2,,produto_uf,UF,GIRASSOL,ES,producao_mil_t
regressao_linear,,,,,2,historico_insuficiente,produto_uf,UF,GIRASSOL,ES,producao_mil_t
random_forest,,,,,2,historico_insuficiente,produto_uf,UF,GIRASSOL,ES,producao_mil_t
xgboost,,,,,2,historico_insuficiente,produto_uf,UF,GIRASSOL,ES,producao_mil_t
exponential_smoothing,,,,,2,historico_insuficiente,produto_uf,UF,GIRASSOL,ES,producao_mil_t
baseline_ingenuo,1.9000000000000057,1.9000000000000057,2.627939142461972,,2,,produto_uf,UF,GIRASSOL,GO,producao_mil_t
regressao_linear,,,,,2,historico_insuficiente,produto_uf,UF,GIRASSOL,GO,producao_mil_t
random_forest,,,,,2,historico_insuficiente,produto_uf,UF,GIRASSOL,GO,producao_mil_t
xgboost,,,,,2,historico_insuficiente,produto_uf,UF,GIRASSOL,GO,producao_mil_t
exponential_smoothing,,,,,2,historico_insuficiente,produto_uf,UF,GIRASSOL,GO,producao_mil_t
baseline_ingenuo,0.0,0.0,,,2,,produto_uf,UF,GIRASSOL,MA,producao_mil_t
regressao_linear,,,,,2,historico_insuficiente,produto_uf,UF,GIRASSOL,MA,producao_mil_t
random_forest,,,,,2,historico_insuficiente,produto_uf,UF,GIRASSOL,MA,producao_mil_t
xgboost,,,,,2,historico_insuficiente,produto_uf,UF,GIRASSOL,MA,producao_mil_t
exponential_smoothing,,,,,2,historico_insuficiente,produto_uf,UF,GIRASSOL,MA,producao_mil_t
baseline_ingenuo,0.0,0.0,0.0,,2,,produto_uf,UF,GIRASSOL,MG,producao_mil_t
regressao_linear,,,,,2,historico_insuficiente,produto_uf,UF,GIRASSOL,MG,producao_mil_t
random_forest,,,,,2,historico_insuficiente,produto_uf,UF,GIRASSOL,MG,producao_mil_t
xgboost,,,,,2,historico_insuficiente,produto_uf,UF,GIRASSOL,MG,producao_mil_t
exponential_smoothing,,,,,2,historico_insuficiente,produto_uf,UF,GIRASSOL,MG,producao_mil_t
baseline_ingenuo,0.0,0.0,0.0,,2,,produto_uf,UF,GIRASSOL,MS,producao_mil_t
regressao_linear,,,,,2,historico_insuficiente,produto_uf,UF,GIRASSOL,MS,producao_mil_t
random_forest,,,,,2,historico_insuficiente,produto_uf,UF,GIRASSOL,MS,producao_mil_t
xgboost,,,,,2,historico_insuficiente,produto_uf,UF,GIRASSOL,MS,producao_mil_t
exponential_smoothing,,,,,2,historico_insuficiente,produto_uf,UF,GIRASSOL,MS,producao_mil_t
baseline_ingenuo,0.0,0.0,0.0,,2,,produto_uf,UF,GIRASSOL,MT,producao_mil_t
regressao_linear,,,,,2,historico_insuficiente,produto_uf,UF,GIRASSOL,MT,producao_mil_t
random_forest,,,,,2,historico_insuficiente,produto_uf,UF,GIRASSOL,MT,producao_mil_t
xgboost,,,,,2,historico_insuficiente,produto_uf,UF,GIRASSOL,MT,producao_mil_t
exponential_smoothing,,,,,2,historico_insuficiente,produto_uf,UF,GIRASSOL,MT,producao_mil_t
baseline_ingenuo,0.0,0.0,,,2,,produto_uf,UF,GIRASSOL,PA,producao_mil_t
regressao_linear,,,,,2,historico_insuficiente,produto_uf,UF,GIRASSOL,PA,producao_mil_t
random_forest,,,,,2,historico_insuficiente,produto_uf,UF,GIRASSOL,PA,producao_mil_t
xgboost,,,,,2,historico_insuficiente,produto_uf,UF,GIRASSOL,PA,producao_mil_t
exponential_smoothing,,,,,2,historico_insuficiente,produto_uf,UF,GIRASSOL,PA,producao_mil_t
baseline_ingenuo,0.0,0.0,,,2,,produto_uf,UF,GIRASSOL,PB,producao_mil_t
regressao_linear,,,,,2,historico_insuficiente,produto_uf,UF,GIRASSOL,PB,producao_mil_t
random_forest,,,,,2,historico_insuficiente,produto_uf,UF,GIRASSOL,PB,producao_mil_t
xgboost,,,,,2,historico_insuficiente,produto_uf,UF,GIRASSOL,PB,producao_mil_t
exponential_smoothing,,,,,2,historico_insuficiente,produto_uf,UF,GIRASSOL,PB,producao_mil_t
baseline_ingenuo,0.0,0.0,,,2,,produto_uf,UF,GIRASSOL,PE,producao_mil_t
regressao_linear,,,,,2,historico_insuficiente,produto_uf,UF,GIRASSOL,PE,producao_mil_t
random_forest,,,,,2,historico_insuficiente,produto_uf,UF,GIRASSOL,PE,producao_mil_t
xgboost,,,,,2,historico_insuficiente,produto_uf,UF,GIRASSOL,PE,producao_mil_t
exponential_smoothing,,,,,2,historico_insuficiente,produto_uf,UF,GIRASSOL,PE,producao_mil_t
baseline_ingenuo,0.0,0.0,,,2,,produto_uf,UF,GIRASSOL,PI,producao_mil_t
regressao_linear,,,,,2,historico_insuficiente,produto_uf,UF,GIRASSOL,PI,producao_mil_t
random_forest,,,,,2,historico_insuficiente,produto_uf,UF,GIRASSOL,PI,producao_mil_t
xgboost,,,,,2,historico_insuficiente,produto_uf,UF,GIRASSOL,PI,producao_mil_t
exponential_smoothing,,,,,2,historico_insuficiente,produto_uf,UF,GIRASSOL,PI,producao_mil_t
baseline_ingenuo,0.0,0.0,,,2,,produto_uf,UF,GIRASSOL,PR,producao_mil_t
regressao_linear,,,,,2,historico_insuficiente,produto_uf,UF,GIRASSOL,PR,producao_mil_t
random_forest,,,,,2,historico_insuficiente,produto_uf,UF,GIRASSOL,PR,producao_mil_t
xgboost,,,,,2,historico_insuficiente,produto_uf,UF,GIRASSOL,PR,producao_mil_t
exponential_smoothing,,,,,2,historico_insuficiente,produto_uf,UF,GIRASSOL,PR,producao_mil_t
baseline_ingenuo,0.0,0.0,,,2,,produto_uf,UF,GIRASSOL,RJ,producao_mil_t
regressao_linear,,,,,2,historico_insuficiente,produto_uf,UF,GIRASSOL,RJ,producao_mil_t
random_forest,,,,,2,historico_insuficiente,produto_uf,UF,GIRASSOL,RJ,producao_mil_t
xgboost,,,,,2,historico_insuficiente,produto_uf,UF,GIRASSOL,RJ,producao_mil_t
exponential_smoothing,,,,,2,historico_insuficiente,produto_uf,UF,GIRASSOL,RJ,producao_mil_t
baseline_ingenuo,0.0,0.0,,,2,,produto_uf,UF,GIRASSOL,RN,producao_mil_t
regressao_linear,,,,,2,historico_insuficiente,produto_uf,UF,GIRASSOL,RN,producao_mil_t
random_forest,,,,,2,historico_insuficiente,produto_uf,UF,GIRASSOL,RN,producao_mil_t
xgboost,,,,,2,historico_insuficiente,produto_uf,UF,GIRASSOL,RN,producao_mil_t
exponential_smoothing,,,,,2,historico_insuficiente,produto_uf,UF,GIRASSOL,RN,producao_mil_t
baseline_ingenuo,0.0,0.0,,,2,,produto_uf,UF,GIRASSOL,RO,producao_mil_t
regressao_linear,,,,,2,historico_insuficiente,produto_uf,UF,GIRASSOL,RO,producao_mil_t
random_forest,,,,,2,historico_insuficiente,produto_uf,UF,GIRASSOL,RO,producao_mil_t
xgboost,,,,,2,historico_insuficiente,produto_uf,UF,GIRASSOL,RO,producao_mil_t
exponential_smoothing,,,,,2,historico_insuficiente,produto_uf,UF,GIRASSOL,RO,producao_mil_t
baseline_ingenuo,0.0,0.0,,,2,,produto_uf,UF,GIRASSOL,RR,producao_mil_t
regressao_linear,,,,,2,historico_insuficiente,produto_uf,UF,GIRASSOL,RR,producao_mil_t
random_forest,,,,,2,historico_insuficiente,produto_uf,UF,GIRASSOL,RR,producao_mil_t
xgboost,,,,,2,historico_insuficiente,produto_uf,UF,GIRASSOL,RR,producao_mil_t
exponential_smoothing,,,,,2,historico_insuficiente,produto_uf,UF,GIRASSOL,RR,producao_mil_t
baseline_ingenuo,4.0,4.0,35.08771929824561,,2,,produto_uf,UF,GIRASSOL,RS,producao_mil_t
regressao_linear,,,,,2,historico_insuficiente,produto_uf,UF,GIRASSOL,RS,producao_mil_t
random_forest,,,,,2,historico_insuficiente,produto_uf,UF,GIRASSOL,RS,producao_mil_t
xgboost,,,,,2,historico_insuficiente,produto_uf,UF,GIRASSOL,RS,producao_mil_t
exponential_smoothing,,,,,2,historico_insuficiente,produto_uf,UF,GIRASSOL,RS,producao_mil_t
baseline_ingenuo,0.0,0.0,,,2,,produto_uf,UF,GIRASSOL,SC,producao_mil_t
regressao_linear,,,,,2,historico_insuficiente,produto_uf,UF,GIRASSOL,SC,producao_mil_t
random_forest,,,,,2,historico_insuficiente,produto_uf,UF,GIRASSOL,SC,producao_mil_t
xgboost,,,,,2,historico_insuficiente,produto_uf,UF,GIRASSOL,SC,producao_mil_t
exponential_smoothing,,,,,2,historico_insuficiente,produto_uf,UF,GIRASSOL,SC,producao_mil_t
baseline_ingenuo,0.0,0.0,,,2,,produto_uf,UF,GIRASSOL,SE,producao_mil_t
regressao_linear,,,,,2,historico_insuficiente,produto_uf,UF,GIRASSOL,SE,producao_mil_t
random_forest,,,,,2,historico_insuficiente,produto_uf,UF,GIRASSOL,SE,producao_mil_t
xgboost,,,,,2,historico_insuficiente,produto_uf,UF,GIRASSOL,SE,producao_mil_t
exponential_smoothing,,,,,2,historico_insuficiente,produto_uf,UF,GIRASSOL,SE,producao_mil_t
baseline_ingenuo,0.0,0.0,,,2,,produto_uf,UF,GIRASSOL,SP,producao_mil_t
regressao_linear,,,,,2,historico_insuficiente,produto_uf,UF,GIRASSOL,SP,producao_mil_t
random_forest,,,,,2,historico_insuficiente,produto_uf,UF,GIRASSOL,SP,producao_mil_t
xgboost,,,,,2,historico_insuficiente,produto_uf,UF,GIRASSOL,SP,producao_mil_t
exponential_smoothing,,,,,2,historico_insuficiente,produto_uf,UF,GIRASSOL,SP,producao_mil_t
baseline_ingenuo,0.0,0.0,,,2,,produto_uf,UF,GIRASSOL,TO,producao_mil_t
regressao_linear,,,,,2,historico_insuficiente,produto_uf,UF,GIRASSOL,TO,producao_mil_t
random_forest,,,,,2,historico_insuficiente,produto_uf,UF,GIRASSOL,TO,producao_mil_t
xgboost,,,,,2,historico_insuficiente,produto_uf,UF,GIRASSOL,TO,producao_mil_t
exponential_smoothing,,,,,2,historico_insuficiente,produto_uf,UF,GIRASSOL,TO,producao_mil_t
baseline_ingenuo,0.0,0.0,,,2,,produto_uf,UF,MAMONA,AC,producao_mil_t
regressao_linear,,,,,2,historico_insuficiente,produto_uf,UF,MAMONA,AC,producao_mil_t
random_forest,,,,,2,historico_insuficiente,produto_uf,UF,MAMONA,AC,producao_mil_t
xgboost,,,,,2,historico_insuficiente,produto_uf,UF,MAMONA,AC,producao_mil_t
exponential_smoothing,,,,,2,historico_insuficiente,produto_uf,UF,MAMONA,AC,producao_mil_t
baseline_ingenuo,0.0,0.0,,,2,,produto_uf,UF,MAMONA,AL,producao_mil_t
regressao_linear,,,,,2,historico_insuficiente,produto_uf,UF,MAMONA,AL,producao_mil_t
random_forest,,,,,2,historico_insuficiente,produto_uf,UF,MAMONA,AL,producao_mil_t
xgboost,,,,,2,historico_insuficiente,produto_uf,UF,MAMONA,AL,producao_mil_t
exponential_smoothing,,,,,2,historico_insuficiente,produto_uf,UF,MAMONA,AL,producao_mil_t
baseline_ingenuo,0.0,0.0,,,2,,produto_uf,UF,MAMONA,AM,producao_mil_t
regressao_linear,,,,,2,historico_insuficiente,produto_uf,UF,MAMONA,AM,producao_mil_t
random_forest,,,,,2,historico_insuficiente,produto_uf,UF,MAMONA,AM,producao_mil_t
xgboost,,,,,2,historico_insuficiente,produto_uf,UF,MAMONA,AM,producao_mil_t
exponential_smoothing,,,,,2,historico_insuficiente,produto_uf,UF,MAMONA,AM,producao_mil_t
baseline_ingenuo,0.0,0.0,,,2,,produto_uf,UF,MAMONA,AP,producao_mil_t
regressao_linear,,,,,2,historico_insuficiente,produto_uf,UF,MAMONA,AP,producao_mil_t
random_forest,,,,,2,historico_insuficiente,produto_uf,UF,MAMONA,AP,producao_mil_t
xgboost,,,,,2,historico_insuficiente,produto_uf,UF,MAMONA,AP,producao_mil_t
exponential_smoothing,,,,,2,historico_insuficiente,produto_uf,UF,MAMONA,AP,producao_mil_t
baseline_ingenuo,47.30000000000001,47.30000000000001,32.11133740665309,,2,,produto_uf,UF,MAMONA,BA,producao_mil_t
regressao_linear,,,,,2,historico_insuficiente,produto_uf,UF,MAMONA,BA,producao_mil_t
random_forest,,,,,2,historico_insuficiente,produto_uf,UF,MAMONA,BA,producao_mil_t
xgboost,,,,,2,historico_insuficiente,produto_uf,UF,MAMONA,BA,producao_mil_t
exponential_smoothing,,,,,2,historico_insuficiente,produto_uf,UF,MAMONA,BA,producao_mil_t
baseline_ingenuo,0.0,0.0,0.0,,2,,produto_uf,UF,MAMONA,CE,producao_mil_t
regressao_linear,,,,,2,historico_insuficiente,produto_uf,UF,MAMONA,CE,producao_mil_t
random_forest,,,,,2,historico_insuficiente,produto_uf,UF,MAMONA,CE,producao_mil_t
xgboost,,,,,2,historico_insuficiente,produto_uf,UF,MAMONA,CE,producao_mil_t
exponential_smoothing,,,,,2,historico_insuficiente,produto_uf,UF,MAMONA,CE,producao_mil_t
baseline_ingenuo,0.0,0.0,,,2,,produto_uf,UF,MAMONA,DF,producao_mil_t
regressao_linear,,,,,2,historico_insuficiente,produto_uf,UF,MAMONA,DF,producao_mil_t
random_forest,,,,,2,historico_insuficiente,produto_uf,UF,MAMONA,DF,producao_mil_t
xgboost,,,,,2,historico_insuficiente,produto_uf,UF,MAMONA,DF,producao_mil_t
exponential_smoothing,,,,,2,historico_insuficiente,produto_uf,UF,MAMONA,DF,producao_mil_t
baseline_ingenuo,0.0,0.0,,,2,,produto_uf,UF,MAMONA,ES,producao_mil_t
regressao_linear,,,,,2,historico_insuficiente,produto_uf,UF,MAMONA,ES,producao_mil_t
random_forest,,,,,2,historico_insuficiente,produto_uf,UF,MAMONA,ES,producao_mil_t
xgboost,,,,,2,historico_insuficiente,produto_uf,UF,MAMONA,ES,producao_mil_t
exponential_smoothing,,,,,2,historico_insuficiente,produto_uf,UF,MAMONA,ES,producao_mil_t
baseline_ingenuo,0.0,0.0,,,2,,produto_uf,UF,MAMONA,GO,producao_mil_t
regressao_linear,,,,,2,historico_insuficiente,produto_uf,UF,MAMONA,GO,producao_mil_t
random_forest,,,,,2,historico_insuficiente,produto_uf,UF,MAMONA,GO,producao_mil_t
xgboost,,,,,2,historico_insuficiente,produto_uf,UF,MAMONA,GO,producao_mil_t
exponential_smoothing,,,,,2,historico_insuficiente,produto_uf,UF,MAMONA,GO,producao_mil_t
baseline_ingenuo,0.0,0.0,,,2,,produto_uf,UF,MAMONA,MA,producao_mil_t
regressao_linear,,,,,2,historico_insuficiente,produto_uf,UF,MAMONA,MA,producao_mil_t
random_forest,,,,,2,historico_insuficiente,produto_uf,UF,MAMONA,MA,producao_mil_t
xgboost,,,,,2,historico_insuficiente,produto_uf,UF,MAMONA,MA,producao_mil_t
exponential_smoothing,,,,,2,historico_insuficiente,produto_uf,UF,MAMONA,MA,producao_mil_t
baseline_ingenuo,0.0,0.0,,,2,,produto_uf,UF,MAMONA,MG,producao_mil_t
regressao_linear,,,,,2,historico_insuficiente,produto_uf,UF,MAMONA,MG,producao_mil_t
random_forest,,,,,2,historico_insuficiente,produto_uf,UF,MAMONA,MG,producao_mil_t
xgboost,,,,,2,historico_insuficiente,produto_uf,UF,MAMONA,MG,producao_mil_t
exponential_smoothing,,,,,2,historico_insuficiente,produto_uf,UF,MAMONA,MG,producao_mil_t
baseline_ingenuo,0.0,0.0,,,2,,produto_uf,UF,MAMONA,MS,producao_mil_t
regressao_linear,,,,,2,historico_insuficiente,produto_uf,UF,MAMONA,MS,producao_mil_t
random_forest,,,,,2,historico_insuficiente,produto_uf,UF,MAMONA,MS,producao_mil_t
xgboost,,,,,2,historico_insuficiente,produto_uf,UF,MAMONA,MS,producao_mil_t
exponential_smoothing,,,,,2,historico_insuficiente,produto_uf,UF,MAMONA,MS,producao_mil_t
baseline_ingenuo,0.0,0.0,,,2,,produto_uf,UF,MAMONA,MT,producao_mil_t
regressao_linear,,,,,2,historico_insuficiente,produto_uf,UF,MAMONA,MT,producao_mil_t
random_forest,,,,,2,historico_insuficiente,produto_uf,UF,MAMONA,MT,producao_mil_t
xgboost,,,,,2,historico_insuficiente,produto_uf,UF,MAMONA,MT,producao_mil_t
exponential_smoothing,,,,,2,historico_insuficiente,produto_uf,UF,MAMONA,MT,producao_mil_t
baseline_ingenuo,0.0,0.0,,,2,,produto_uf,UF,MAMONA,PA,producao_mil_t
regressao_linear,,,,,2,historico_insuficiente,produto_uf,UF,MAMONA,PA,producao_mil_t
random_forest,,,,,2,historico_insuficiente,produto_uf,UF,MAMONA,PA,producao_mil_t
xgboost,,,,,2,historico_insuficiente,produto_uf,UF,MAMONA,PA,producao_mil_t
exponential_smoothing,,,,,2,historico_insuficiente,produto_uf,UF,MAMONA,PA,producao_mil_t
baseline_ingenuo,0.0,0.0,,,2,,produto_uf,UF,MAMONA,PB,producao_mil_t
regressao_linear,,,,,2,historico_insuficiente,produto_uf,UF,MAMONA,PB,producao_mil_t
random_forest,,,,,2,historico_insuficiente,produto_uf,UF,MAMONA,PB,producao_mil_t
xgboost,,,,,2,historico_insuficiente,produto_uf,UF,MAMONA,PB,producao_mil_t
exponential_smoothing,,,,,2,historico_insuficiente,produto_uf,UF,MAMONA,PB,producao_mil_t
baseline_ingenuo,0.0,0.0,,,2,,produto_uf,UF,MAMONA,PE,producao_mil_t
regressao_linear,,,,,2,historico_insuficiente,produto_uf,UF,MAMONA,PE,producao_mil_t
random_forest,,,,,2,historico_insuficiente,produto_uf,UF,MAMONA,PE,producao_mil_t
xgboost,,,,,2,historico_insuficiente,produto_uf,UF,MAMONA,PE,producao_mil_t
exponential_smoothing,,,,,2,historico_insuficiente,produto_uf,UF,MAMONA,PE,producao_mil_t
baseline_ingenuo,0.0,0.0,,,2,,produto_uf,UF,MAMONA,PI,producao_mil_t
regressao_linear,,,,,2,historico_insuficiente,produto_uf,UF,MAMONA,PI,producao_mil_t
random_forest,,,,,2,historico_insuficiente,produto_uf,UF,MAMONA,PI,producao_mil_t
xgboost,,,,,2,historico_insuficiente,produto_uf,UF,MAMONA,PI,producao_mil_t
exponential_smoothing,,,,,2,historico_insuficiente,produto_uf,UF,MAMONA,PI,producao_mil_t
baseline_ingenuo,0.0,0.0,,,2,,produto_uf,UF,MAMONA,PR,producao_mil_t
regressao_linear,,,,,2,historico_insuficiente,produto_uf,UF,MAMONA,PR,producao_mil_t
random_forest,,,,,2,historico_insuficiente,produto_uf,UF,MAMONA,PR,producao_mil_t
xgboost,,,,,2,historico_insuficiente,produto_uf,UF,MAMONA,PR,producao_mil_t
exponential_smoothing,,,,,2,historico_insuficiente,produto_uf,UF,MAMONA,PR,producao_mil_t
baseline_ingenuo,0.0,0.0,,,2,,produto_uf,UF,MAMONA,RJ,producao_mil_t
regressao_linear,,,,,2,historico_insuficiente,produto_uf,UF,MAMONA,RJ,producao_mil_t
random_forest,,,,,2,historico_insuficiente,produto_uf,UF,MAMONA,RJ,producao_mil_t
xgboost,,,,,2,historico_insuficiente,produto_uf,UF,MAMONA,RJ,producao_mil_t
exponential_smoothing,,,,,2,historico_insuficiente,produto_uf,UF,MAMONA,RJ,producao_mil_t
baseline_ingenuo,0.0,0.0,,,2,,produto_uf,UF,MAMONA,RN,producao_mil_t
regressao_linear,,,,,2,historico_insuficiente,produto_uf,UF,MAMONA,RN,producao_mil_t
random_forest,,,,,2,historico_insuficiente,produto_uf,UF,MAMONA,RN,producao_mil_t
xgboost,,,,,2,historico_insuficiente,produto_uf,UF,MAMONA,RN,producao_mil_t
exponential_smoothing,,,,,2,historico_insuficiente,produto_uf,UF,MAMONA,RN,producao_mil_t
baseline_ingenuo,0.0,0.0,,,2,,produto_uf,UF,MAMONA,RO,producao_mil_t
regressao_linear,,,,,2,historico_insuficiente,produto_uf,UF,MAMONA,RO,producao_mil_t
random_forest,,,,,2,historico_insuficiente,produto_uf,UF,MAMONA,RO,producao_mil_t
xgboost,,,,,2,historico_insuficiente,produto_uf,UF,MAMONA,RO,producao_mil_t
exponential_smoothing,,,,,2,historico_insuficiente,produto_uf,UF,MAMONA,RO,producao_mil_t
baseline_ingenuo,0.0,0.0,,,2,,produto_uf,UF,MAMONA,RR,producao_mil_t
regressao_linear,,,,,2,historico_insuficiente,produto_uf,UF,MAMONA,RR,producao_mil_t
random_forest,,,,,2,historico_insuficiente,produto_uf,UF,MAMONA,RR,producao_mil_t
xgboost,,,,,2,historico_insuficiente,produto_uf,UF,MAMONA,RR,producao_mil_t
exponential_smoothing,,,,,2,historico_insuficiente,produto_uf,UF,MAMONA,RR,producao_mil_t
baseline_ingenuo,0.0,0.0,,,2,,produto_uf,UF,MAMONA,RS,producao_mil_t
regressao_linear,,,,,2,historico_insuficiente,produto_uf,UF,MAMONA,RS,producao_mil_t
random_forest,,,,,2,historico_insuficiente,produto_uf,UF,MAMONA,RS,producao_mil_t
xgboost,,,,,2,historico_insuficiente,produto_uf,UF,MAMONA,RS,producao_mil_t
exponential_smoothing,,,,,2,historico_insuficiente,produto_uf,UF,MAMONA,RS,producao_mil_t
baseline_ingenuo,0.0,0.0,,,2,,produto_uf,UF,MAMONA,SC,producao_mil_t
regressao_linear,,,,,2,historico_insuficiente,produto_uf,UF,MAMONA,SC,producao_mil_t
random_forest,,,,,2,historico_insuficiente,produto_uf,UF,MAMONA,SC,producao_mil_t
xgboost,,,,,2,historico_insuficiente,produto_uf,UF,MAMONA,SC,producao_mil_t
exponential_smoothing,,,,,2,historico_insuficiente,produto_uf,UF,MAMONA,SC,producao_mil_t
baseline_ingenuo,0.0,0.0,,,2,,produto_uf,UF,MAMONA,SE,producao_mil_t
regressao_linear,,,,,2,historico_insuficiente,produto_uf,UF,MAMONA,SE,producao_mil_t
random_forest,,,,,2,historico_insuficiente,produto_uf,UF,MAMONA,SE,producao_mil_t
xgboost,,,,,2,historico_insuficiente,produto_uf,UF,MAMONA,SE,producao_mil_t
exponential_smoothing,,,,,2,historico_insuficiente,produto_uf,UF,MAMONA,SE,producao_mil_t
baseline_ingenuo,0.0,0.0,,,2,,produto_uf,UF,MAMONA,SP,producao_mil_t
regressao_linear,,,,,2,historico_insuficiente,produto_uf,UF,MAMONA,SP,producao_mil_t
random_forest,,,,,2,historico_insuficiente,produto_uf,UF,MAMONA,SP,producao_mil_t
xgboost,,,,,2,historico_insuficiente,produto_uf,UF,MAMONA,SP,producao_mil_t
exponential_smoothing,,,,,2,historico_insuficiente,produto_uf,UF,MAMONA,SP,producao_mil_t
baseline_ingenuo,0.0,0.0,,,2,,produto_uf,UF,MAMONA,TO,producao_mil_t
regressao_linear,,,,,2,historico_insuficiente,produto_uf,UF,MAMONA,TO,producao_mil_t
random_forest,,,,,2,historico_insuficiente,produto_uf,UF,MAMONA,TO,producao_mil_t
xgboost,,,,,2,historico_insuficiente,produto_uf,UF,MAMONA,TO,producao_mil_t
exponential_smoothing,,,,,2,historico_insuficiente,produto_uf,UF,MAMONA,TO,producao_mil_t
baseline_ingenuo,7.400000000000006,7.400000000000006,5.030591434398373,,2,,produto_uf,UF,MILHO TOTAL,AC,producao_mil_t
regressao_linear,,,,,2,historico_insuficiente,produto_uf,UF,MILHO TOTAL,AC,producao_mil_t
random_forest,,,,,2,historico_insuficiente,produto_uf,UF,MILHO TOTAL,AC,producao_mil_t
xgboost,,,,,2,historico_insuficiente,produto_uf,UF,MILHO TOTAL,AC,producao_mil_t
exponential_smoothing,,,,,2,historico_insuficiente,produto_uf,UF,MILHO TOTAL,AC,producao_mil_t
baseline_ingenuo,61.19999999999999,61.19999999999999,59.999999999999986,,2,,produto_uf,UF,MILHO TOTAL,AL,producao_mil_t
regressao_linear,,,,,2,historico_insuficiente,produto_uf,UF,MILHO TOTAL,AL,producao_mil_t
random_forest,,,,,2,historico_insuficiente,produto_uf,UF,MILHO TOTAL,AL,producao_mil_t
xgboost,,,,,2,historico_insuficiente,produto_uf,UF,MILHO TOTAL,AL,producao_mil_t
exponential_smoothing,,,,,2,historico_insuficiente,produto_uf,UF,MILHO TOTAL,AL,producao_mil_t
baseline_ingenuo,0.3000000000000007,0.3000000000000007,1.1904761904761934,,2,,produto_uf,UF,MILHO TOTAL,AM,producao_mil_t
regressao_linear,,,,,2,historico_insuficiente,produto_uf,UF,MILHO TOTAL,AM,producao_mil_t
random_forest,,,,,2,historico_insuficiente,produto_uf,UF,MILHO TOTAL,AM,producao_mil_t
xgboost,,,,,2,historico_insuficiente,produto_uf,UF,MILHO TOTAL,AM,producao_mil_t
exponential_smoothing,,,,,2,historico_insuficiente,produto_uf,UF,MILHO TOTAL,AM,producao_mil_t
baseline_ingenuo,0.10000000000000009,0.10000000000000009,5.000000000000004,,2,,produto_uf,UF,MILHO TOTAL,AP,producao_mil_t
regressao_linear,,,,,2,historico_insuficiente,produto_uf,UF,MILHO TOTAL,AP,producao_mil_t
random_forest,,,,,2,historico_insuficiente,produto_uf,UF,MILHO TOTAL,AP,producao_mil_t
xgboost,,,,,2,historico_insuficiente,produto_uf,UF,MILHO TOTAL,AP,producao_mil_t
exponential_smoothing,,,,,2,historico_insuficiente,produto_uf,UF,MILHO TOTAL,AP,producao_mil_t
baseline_ingenuo,84.5,84.5,3.1084461447910536,,2,,produto_uf,UF,MILHO TOTAL,BA,producao_mil_t
regressao_linear,,,,,2,historico_insuficiente,produto_uf,UF,MILHO TOTAL,BA,producao_mil_t
random_forest,,,,,2,historico_insuficiente,produto_uf,UF,MILHO TOTAL,BA,producao_mil_t
xgboost,,,,,2,historico_insuficiente,produto_uf,UF,MILHO TOTAL,BA,producao_mil_t
exponential_smoothing,,,,,2,historico_insuficiente,produto_uf,UF,MILHO TOTAL,BA,producao_mil_t
baseline_ingenuo,223.70000000000005,223.70000000000005,44.8206772189942,,2,,produto_uf,UF,MILHO TOTAL,CE,producao_mil_t
regressao_linear,,,,,2,historico_insuficiente,produto_uf,UF,MILHO TOTAL,CE,producao_mil_t
random_forest,,,,,2,historico_insuficiente,produto_uf,UF,MILHO TOTAL,CE,producao_mil_t
xgboost,,,,,2,historico_insuficiente,produto_uf,UF,MILHO TOTAL,CE,producao_mil_t
exponential_smoothing,,,,,2,historico_insuficiente,produto_uf,UF,MILHO TOTAL,CE,producao_mil_t
baseline_ingenuo,19.0,19.0,4.7907211296016134,,2,,produto_uf,UF,MILHO TOTAL,DF,producao_mil_t
regressao_linear,,,,,2,historico_insuficiente,produto_uf,UF,MILHO TOTAL,DF,producao_mil_t
random_forest,,,,,2,historico_insuficiente,produto_uf,UF,MILHO TOTAL,DF,producao_mil_t
xgboost,,,,,2,historico_insuficiente,produto_uf,UF,MILHO TOTAL,DF,producao_mil_t
exponential_smoothing,,,,,2,historico_insuficiente,produto_uf,UF,MILHO TOTAL,DF,producao_mil_t
baseline_ingenuo,3.8999999999999986,3.8999999999999986,6.724137931034481,,2,,produto_uf,UF,MILHO TOTAL,ES,producao_mil_t
regressao_linear,,,,,2,historico_insuficiente,produto_uf,UF,MILHO TOTAL,ES,producao_mil_t
random_forest,,,,,2,historico_insuficiente,produto_uf,UF,MILHO TOTAL,ES,producao_mil_t
xgboost,,,,,2,historico_insuficiente,produto_uf,UF,MILHO TOTAL,ES,producao_mil_t
exponential_smoothing,,,,,2,historico_insuficiente,produto_uf,UF,MILHO TOTAL,ES,producao_mil_t
baseline_ingenuo,720.7000000000007,720.7000000000007,5.3205861725296275,,2,,produto_uf,UF,MILHO TOTAL,GO,producao_mil_t
regressao_linear,,,,,2,historico_insuficiente,produto_uf,UF,MILHO TOTAL,GO,producao_mil_t
random_forest,,,,,2,historico_insuficiente,produto_uf,UF,MILHO TOTAL,GO,producao_mil_t
xgboost,,,,,2,historico_insuficiente,produto_uf,UF,MILHO TOTAL,GO,producao_mil_t
exponential_smoothing,,,,,2,historico_insuficiente,produto_uf,UF,MILHO TOTAL,GO,producao_mil_t
baseline_ingenuo,360.7000000000003,360.7000000000003,11.819641511288799,,2,,produto_uf,UF,MILHO TOTAL,MA,producao_mil_t
regressao_linear,,,,,2,historico_insuficiente,produto_uf,UF,MILHO TOTAL,MA,producao_mil_t
random_forest,,,,,2,historico_insuficiente,produto_uf,UF,MILHO TOTAL,MA,producao_mil_t
xgboost,,,,,2,historico_insuficiente,produto_uf,UF,MILHO TOTAL,MA,producao_mil_t
exponential_smoothing,,,,,2,historico_insuficiente,produto_uf,UF,MILHO TOTAL,MA,producao_mil_t
baseline_ingenuo,551.8000000000002,551.8000000000002,7.724937352130029,,2,,produto_uf,UF,MILHO TOTAL,MG,producao_mil_t
regressao_linear,,,,,2,historico_insuficiente,produto_uf,UF,MILHO TOTAL,MG,producao_mil_t
random_forest,,,,,2,historico_insuficiente,produto_uf,UF,MILHO TOTAL,MG,producao_mil_t
xgboost,,,,,2,historico_insuficiente,produto_uf,UF,MILHO TOTAL,MG,producao_mil_t
exponential_smoothing,,,,,2,historico_insuficiente,produto_uf,UF,MILHO TOTAL,MG,producao_mil_t
baseline_ingenuo,964.0,964.0,7.813323174932525,,2,,produto_uf,UF,MILHO TOTAL,MS,producao_mil_t
regressao_linear,,,,,2,historico_insuficiente,produto_uf,UF,MILHO TOTAL,MS,producao_mil_t
random_forest,,,,,2,historico_insuficiente,produto_uf,UF,MILHO TOTAL,MS,producao_mil_t
xgboost,,,,,2,historico_insuficiente,produto_uf,UF,MILHO TOTAL,MS,producao_mil_t
exponential_smoothing,,,,,2,historico_insuficiente,produto_uf,UF,MILHO TOTAL,MS,producao_mil_t
baseline_ingenuo,1349.8999999999942,1349.8999999999942,2.491220105450998,,2,,produto_uf,UF,MILHO TOTAL,MT,producao_mil_t
regressao_linear,,,,,2,historico_insuficiente,produto_uf,UF,MILHO TOTAL,MT,producao_mil_t
random_forest,,,,,2,historico_insuficiente,produto_uf,UF,MILHO TOTAL,MT,producao_mil_t
xgboost,,,,,2,historico_insuficiente,produto_uf,UF,MILHO TOTAL,MT,producao_mil_t
exponential_smoothing,,,,,2,historico_insuficiente,produto_uf,UF,MILHO TOTAL,MT,producao_mil_t
baseline_ingenuo,104.09999999999991,104.09999999999991,5.077058134998044,,2,,produto_uf,UF,MILHO TOTAL,PA,producao_mil_t
regressao_linear,,,,,2,historico_insuficiente,produto_uf,UF,MILHO TOTAL,PA,producao_mil_t
random_forest,,,,,2,historico_insuficiente,produto_uf,UF,MILHO TOTAL,PA,producao_mil_t
xgboost,,,,,2,historico_insuficiente,produto_uf,UF,MILHO TOTAL,PA,producao_mil_t
exponential_smoothing,,,,,2,historico_insuficiente,produto_uf,UF,MILHO TOTAL,PA,producao_mil_t
baseline_ingenuo,22.999999999999993,22.999999999999993,30.423280423280417,,2,,produto_uf,UF,MILHO TOTAL,PB,producao_mil_t
regressao_linear,,,,,2,historico_insuficiente,produto_uf,UF,MILHO TOTAL,PB,producao_mil_t
random_forest,,,,,2,historico_insuficiente,produto_uf,UF,MILHO TOTAL,PB,producao_mil_t
xgboost,,,,,2,historico_insuficiente,produto_uf,UF,MILHO TOTAL,PB,producao_mil_t
exponential_smoothing,,,,,2,historico_insuficiente,produto_uf,UF,MILHO TOTAL,PB,producao_mil_t
baseline_ingenuo,1.3999999999999773,1.3999999999999773,0.6241640659830483,,2,,produto_uf,UF,MILHO TOTAL,PE,producao_mil_t
regressao_linear,,,,,2,historico_insuficiente,produto_uf,UF,MILHO TOTAL,PE,producao_mil_t
random_forest,,,,,2,historico_insuficiente,produto_uf,UF,MILHO TOTAL,PE,producao_mil_t
xgboost,,,,,2,historico_insuficiente,produto_uf,UF,MILHO TOTAL,PE,producao_mil_t
exponential_smoothing,,,,,2,historico_insuficiente,produto_uf,UF,MILHO TOTAL,PE,producao_mil_t
baseline_ingenuo,159.29999999999995,159.29999999999995,9.044455799693406,,2,,produto_uf,UF,MILHO TOTAL,PI,producao_mil_t
regressao_linear,,,,,2,historico_insuficiente,produto_uf,UF,MILHO TOTAL,PI,producao_mil_t
random_forest,,,,,2,historico_insuficiente,produto_uf,UF,MILHO TOTAL,PI,producao_mil_t
xgboost,,,,,2,historico_insuficiente,produto_uf,UF,MILHO TOTAL,PI,producao_mil_t
exponential_smoothing,,,,,2,historico_insuficiente,produto_uf,UF,MILHO TOTAL,PI,producao_mil_t
baseline_ingenuo,176.90000000000146,176.90000000000146,0.8682549498876101,,2,,produto_uf,UF,MILHO TOTAL,PR,producao_mil_t
regressao_linear,,,,,2,historico_insuficiente,produto_uf,UF,MILHO TOTAL,PR,producao_mil_t
random_forest,,,,,2,historico_insuficiente,produto_uf,UF,MILHO TOTAL,PR,producao_mil_t
xgboost,,,,,2,historico_insuficiente,produto_uf,UF,MILHO TOTAL,PR,producao_mil_t
exponential_smoothing,,,,,2,historico_insuficiente,produto_uf,UF,MILHO TOTAL,PR,producao_mil_t
baseline_ingenuo,0.40000000000000036,0.40000000000000036,6.060606060606066,,2,,produto_uf,UF,MILHO TOTAL,RJ,producao_mil_t
regressao_linear,,,,,2,historico_insuficiente,produto_uf,UF,MILHO TOTAL,RJ,producao_mil_t
random_forest,,,,,2,historico_insuficiente,produto_uf,UF,MILHO TOTAL,RJ,producao_mil_t
xgboost,,,,,2,historico_insuficiente,produto_uf,UF,MILHO TOTAL,RJ,producao_mil_t
exponential_smoothing,,,,,2,historico_insuficiente,produto_uf,UF,MILHO TOTAL,RJ,producao_mil_t
baseline_ingenuo,11.299999999999997,11.299999999999997,35.423197492163,,2,,produto_uf,UF,MILHO TOTAL,RN,producao_mil_t
regressao_linear,,,,,2,historico_insuficiente,produto_uf,UF,MILHO TOTAL,RN,producao_mil_t
random_forest,,,,,2,historico_insuficiente,produto_uf,UF,MILHO TOTAL,RN,producao_mil_t
xgboost,,,,,2,historico_insuficiente,produto_uf,UF,MILHO TOTAL,RN,producao_mil_t
exponential_smoothing,,,,,2,historico_insuficiente,produto_uf,UF,MILHO TOTAL,RN,producao_mil_t
baseline_ingenuo,158.0999999999999,158.0999999999999,5.729298786011956,,2,,produto_uf,UF,MILHO TOTAL,RO,producao_mil_t
regressao_linear,,,,,2,historico_insuficiente,produto_uf,UF,MILHO TOTAL,RO,producao_mil_t
random_forest,,,,,2,historico_insuficiente,produto_uf,UF,MILHO TOTAL,RO,producao_mil_t
xgboost,,,,,2,historico_insuficiente,produto_uf,UF,MILHO TOTAL,RO,producao_mil_t
exponential_smoothing,,,,,2,historico_insuficiente,produto_uf,UF,MILHO TOTAL,RO,producao_mil_t
baseline_ingenuo,0.0,0.0,0.0,,2,,produto_uf,UF,MILHO TOTAL,RR,producao_mil_t
regressao_linear,,,,,2,historico_insuficiente,produto_uf,UF,MILHO TOTAL,RR,producao_mil_t
random_forest,,,,,2,historico_insuficiente,produto_uf,UF,MILHO TOTAL,RR,producao_mil_t
xgboost,,,,,2,historico_insuficiente,produto_uf,UF,MILHO TOTAL,RR,producao_mil_t
exponential_smoothing,,,,,2,historico_insuficiente,produto_uf,UF,MILHO TOTAL,RR,producao_mil_t
baseline_ingenuo,4.200000000000728,4.200000000000728,0.07739938080496697,,2,,produto_uf,UF,MILHO TOTAL,RS,producao_mil_t
regressao_linear,,,,,2,historico_insuficiente,produto_uf,UF,MILHO TOTAL,RS,producao_mil_t
random_forest,,,,,2,historico_insuficiente,produto_uf,UF,MILHO TOTAL,RS,producao_mil_t
xgboost,,,,,2,historico_insuficiente,produto_uf,UF,MILHO TOTAL,RS,producao_mil_t
exponential_smoothing,,,,,2,historico_insuficiente,produto_uf,UF,MILHO TOTAL,RS,producao_mil_t
baseline_ingenuo,1.099999999999909,1.099999999999909,0.03534023003276711,,2,,produto_uf,UF,MILHO TOTAL,SC,producao_mil_t
regressao_linear,,,,,2,historico_insuficiente,produto_uf,UF,MILHO TOTAL,SC,producao_mil_t
random_forest,,,,,2,historico_insuficiente,produto_uf,UF,MILHO TOTAL,SC,producao_mil_t
xgboost,,,,,2,historico_insuficiente,produto_uf,UF,MILHO TOTAL,SC,producao_mil_t
exponential_smoothing,,,,,2,historico_insuficiente,produto_uf,UF,MILHO TOTAL,SC,producao_mil_t
baseline_ingenuo,150.9000000000001,150.9000000000001,13.609307359307369,,2,,produto_uf,UF,MILHO TOTAL,SE,producao_mil_t
regressao_linear,,,,,2,historico_insuficiente,produto_uf,UF,MILHO TOTAL,SE,producao_mil_t
random_forest,,,,,2,historico_insuficiente,produto_uf,UF,MILHO TOTAL,SE,producao_mil_t
xgboost,,,,,2,historico_insuficiente,produto_uf,UF,MILHO TOTAL,SE,producao_mil_t
exponential_smoothing,,,,,2,historico_insuficiente,produto_uf,UF,MILHO TOTAL,SE,producao_mil_t
baseline_ingenuo,16.299999999999272,16.299999999999272,0.3691206775515586,,2,,produto_uf,UF,MILHO TOTAL,SP,producao_mil_t
regressao_linear,,,,,2,historico_insuficiente,produto_uf,UF,MILHO TOTAL,SP,producao_mil_t
random_forest,,,,,2,historico_insuficiente,produto_uf,UF,MILHO TOTAL,SP,producao_mil_t
xgboost,,,,,2,historico_insuficiente,produto_uf,UF,MILHO TOTAL,SP,producao_mil_t
exponential_smoothing,,,,,2,historico_insuficiente,produto_uf,UF,MILHO TOTAL,SP,producao_mil_t
baseline_ingenuo,104.80000000000018,104.80000000000018,3.786400751499392,,2,,produto_uf,UF,MILHO TOTAL,TO,producao_mil_t
regressao_linear,,,,,2,historico_insuficiente,produto_uf,UF,MILHO TOTAL,TO,producao_mil_t
random_forest,,,,,2,historico_insuficiente,produto_uf,UF,MILHO TOTAL,TO,producao_mil_t
xgboost,,,,,2,historico_insuficiente,produto_uf,UF,MILHO TOTAL,TO,producao_mil_t
exponential_smoothing,,,,,2,historico_insuficiente,produto_uf,UF,MILHO TOTAL,TO,producao_mil_t
baseline_ingenuo,18.900000000000006,18.900000000000006,22.71634615384616,,2,,produto_uf,UF,SOJA,AC,producao_mil_t
regressao_linear,,,,,2,historico_insuficiente,produto_uf,UF,SOJA,AC,producao_mil_t
random_forest,,,,,2,historico_insuficiente,produto_uf,UF,SOJA,AC,producao_mil_t
xgboost,,,,,2,historico_insuficiente,produto_uf,UF,SOJA,AC,producao_mil_t
exponential_smoothing,,,,,2,historico_insuficiente,produto_uf,UF,SOJA,AC,producao_mil_t
baseline_ingenuo,8.099999999999998,8.099999999999998,31.517509727626454,,2,,produto_uf,UF,SOJA,AL,producao_mil_t
regressao_linear,,,,,2,historico_insuficiente,produto_uf,UF,SOJA,AL,producao_mil_t
random_forest,,,,,2,historico_insuficiente,produto_uf,UF,SOJA,AL,producao_mil_t
xgboost,,,,,2,historico_insuficiente,produto_uf,UF,SOJA,AL,producao_mil_t
exponential_smoothing,,,,,2,historico_insuficiente,produto_uf,UF,SOJA,AL,producao_mil_t
baseline_ingenuo,9.200000000000003,9.200000000000003,16.97416974169742,,2,,produto_uf,UF,SOJA,AM,producao_mil_t
regressao_linear,,,,,2,historico_insuficiente,produto_uf,UF,SOJA,AM,producao_mil_t
random_forest,,,,,2,historico_insuficiente,produto_uf,UF,SOJA,AM,producao_mil_t
xgboost,,,,,2,historico_insuficiente,produto_uf,UF,SOJA,AM,producao_mil_t
exponential_smoothing,,,,,2,historico_insuficiente,produto_uf,UF,SOJA,AM,producao_mil_t
baseline_ingenuo,5.600000000000001,5.600000000000001,17.610062893081764,,2,,produto_uf,UF,SOJA,AP,producao_mil_t
regressao_linear,,,,,2,historico_insuficiente,produto_uf,UF,SOJA,AP,producao_mil_t
random_forest,,,,,2,historico_insuficiente,produto_uf,UF,SOJA,AP,producao_mil_t
xgboost,,,,,2,historico_insuficiente,produto_uf,UF,SOJA,AP,producao_mil_t
exponential_smoothing,,,,,2,historico_insuficiente,produto_uf,UF,SOJA,AP,producao_mil_t
baseline_ingenuo,399.0,399.0,4.315986457105152,,2,,produto_uf,UF,SOJA,BA,producao_mil_t
regressao_linear,,,,,2,historico_insuficiente,produto_uf,UF,SOJA,BA,producao_mil_t
random_forest,,,,,2,historico_insuficiente,produto_uf,UF,SOJA,BA,producao_mil_t
xgboost,,,,,2,historico_insuficiente,produto_uf,UF,SOJA,BA,producao_mil_t
exponential_smoothing,,,,,2,historico_insuficiente,produto_uf,UF,SOJA,BA,producao_mil_t
baseline_ingenuo,0.7999999999999989,0.7999999999999989,5.970149253731335,,2,,produto_uf,UF,SOJA,CE,producao_mil_t
regressao_linear,,,,,2,historico_insuficiente,produto_uf,UF,SOJA,CE,producao_mil_t
random_forest,,,,,2,historico_insuficiente,produto_uf,UF,SOJA,CE,producao_mil_t
xgboost,,,,,2,historico_insuficiente,produto_uf,UF,SOJA,CE,producao_mil_t
exponential_smoothing,,,,,2,historico_insuficiente,produto_uf,UF,SOJA,CE,producao_mil_t
baseline_ingenuo,16.0,16.0,4.504504504504505,,2,,produto_uf,UF,SOJA,DF,producao_mil_t
regressao_linear,,,,,2,historico_insuficiente,produto_uf,UF,SOJA,DF,producao_mil_t
random_forest,,,,,2,historico_insuficiente,produto_uf,UF,SOJA,DF,producao_mil_t
xgboost,,,,,2,historico_insuficiente,produto_uf,UF,SOJA,DF,producao_mil_t
exponential_smoothing,,,,,2,historico_insuficiente,produto_uf,UF,SOJA,DF,producao_mil_t
baseline_ingenuo,0.0,0.0,,,2,,produto_uf,UF,SOJA,ES,producao_mil_t
regressao_linear,,,,,2,historico_insuficiente,produto_uf,UF,SOJA,ES,producao_mil_t
random_forest,,,,,2,historico_insuficiente,produto_uf,UF,SOJA,ES,producao_mil_t
xgboost,,,,,2,historico_insuficiente,produto_uf,UF,SOJA,ES,producao_mil_t
exponential_smoothing,,,,,2,historico_insuficiente,produto_uf,UF,SOJA,ES,producao_mil_t
baseline_ingenuo,845.5999999999985,845.5999999999985,4.253542522849705,,2,,produto_uf,UF,SOJA,GO,producao_mil_t
regressao_linear,,,,,2,historico_insuficiente,produto_uf,UF,SOJA,GO,producao_mil_t
random_forest,,,,,2,historico_insuficiente,produto_uf,UF,SOJA,GO,producao_mil_t
xgboost,,,,,2,historico_insuficiente,produto_uf,UF,SOJA,GO,producao_mil_t
exponential_smoothing,,,,,2,historico_insuficiente,produto_uf,UF,SOJA,GO,producao_mil_t
baseline_ingenuo,366.1999999999998,366.1999999999998,7.009283184993775,,2,,produto_uf,UF,SOJA,MA,producao_mil_t
regressao_linear,,,,,2,historico_insuficiente,produto_uf,UF,SOJA,MA,producao_mil_t
random_forest,,,,,2,historico_insuficiente,produto_uf,UF,SOJA,MA,producao_mil_t
xgboost,,,,,2,historico_insuficiente,produto_uf,UF,SOJA,MA,producao_mil_t
exponential_smoothing,,,,,2,historico_insuficiente,produto_uf,UF,SOJA,MA,producao_mil_t
baseline_ingenuo,205.70000000000073,205.70000000000073,2.290441831462684,,2,,produto_uf,UF,SOJA,MG,producao_mil_t
regressao_linear,,,,,2,historico_insuficiente,produto_uf,UF,SOJA,MG,producao_mil_t
random_forest,,,,,2,historico_insuficiente,produto_uf,UF,SOJA,MG,producao_mil_t
xgboost,,,,,2,historico_insuficiente,produto_uf,UF,SOJA,MG,producao_mil_t
exponential_smoothing,,,,,2,historico_insuficiente,produto_uf,UF,SOJA,MG,producao_mil_t
baseline_ingenuo,1508.2999999999993,1508.2999999999993,9.600646705367142,,2,,produto_uf,UF,SOJA,MS,producao_mil_t
regressao_linear,,,,,2,historico_insuficiente,produto_uf,UF,SOJA,MS,producao_mil_t
random_forest,,,,,2,historico_insuficiente,produto_uf,UF,SOJA,MS,producao_mil_t
xgboost,,,,,2,historico_insuficiente,produto_uf,UF,SOJA,MS,producao_mil_t
exponential_smoothing,,,,,2,historico_insuficiente,produto_uf,UF,SOJA,MS,producao_mil_t
baseline_ingenuo,1458.699999999997,1458.699999999997,2.9260141857628796,,2,,produto_uf,UF,SOJA,MT,producao_mil_t
regressao_linear,,,,,2,historico_insuficiente,produto_uf,UF,SOJA,MT,producao_mil_t
random_forest,,,,,2,historico_insuficiente,produto_uf,UF,SOJA,MT,producao_mil_t
xgboost,,,,,2,historico_insuficiente,produto_uf,UF,SOJA,MT,producao_mil_t
exponential_smoothing,,,,,2,historico_insuficiente,produto_uf,UF,SOJA,MT,producao_mil_t
baseline_ingenuo,503.3000000000002,503.3000000000002,10.065798684026323,,2,,produto_uf,UF,SOJA,PA,producao_mil_t
regressao_linear,,,,,2,historico_insuficiente,produto_uf,UF,SOJA,PA,producao_mil_t
random_forest,,,,,2,historico_insuficiente,produto_uf,UF,SOJA,PA,producao_mil_t
xgboost,,,,,2,historico_insuficiente,produto_uf,UF,SOJA,PA,producao_mil_t
exponential_smoothing,,,,,2,historico_insuficiente,produto_uf,UF,SOJA,PA,producao_mil_t
baseline_ingenuo,0.0,0.0,,,2,,produto_uf,UF,SOJA,PB,producao_mil_t
regressao_linear,,,,,2,historico_insuficiente,produto_uf,UF,SOJA,PB,producao_mil_t
random_forest,,,,,2,historico_insuficiente,produto_uf,UF,SOJA,PB,producao_mil_t
xgboost,,,,,2,historico_insuficiente,produto_uf,UF,SOJA,PB,producao_mil_t
exponential_smoothing,,,,,2,historico_insuficiente,produto_uf,UF,SOJA,PB,producao_mil_t
baseline_ingenuo,0.0,0.0,0.0,,2,,produto_uf,UF,SOJA,PE,producao_mil_t
regressao_linear,,,,,2,historico_insuficiente,produto_uf,UF,SOJA,PE,producao_mil_t
random_forest,,,,,2,historico_insuficiente,produto_uf,UF,SOJA,PE,producao_mil_t
xgboost,,,,,2,historico_insuficiente,produto_uf,UF,SOJA,PE,producao_mil_t
exponential_smoothing,,,,,2,historico_insuficiente,produto_uf,UF,SOJA,PE,producao_mil_t
baseline_ingenuo,303.5,303.5,7.436173861910128,,2,,produto_uf,UF,SOJA,PI,producao_mil_t
regressao_linear,,,,,2,historico_insuficiente,produto_uf,UF,SOJA,PI,producao_mil_t
random_forest,,,,,2,historico_insuficiente,produto_uf,UF,SOJA,PI,producao_mil_t
xgboost,,,,,2,historico_insuficiente,produto_uf,UF,SOJA,PI,producao_mil_t
exponential_smoothing,,,,,2,historico_insuficiente,produto_uf,UF,SOJA,PI,producao_mil_t
baseline_ingenuo,498.0,498.0,2.432044382368167,,2,,produto_uf,UF,SOJA,PR,producao_mil_t
regressao_linear,,,,,2,historico_insuficiente,produto_uf,UF,SOJA,PR,producao_mil_t
random_forest,,,,,2,historico_insuficiente,produto_uf,UF,SOJA,PR,producao_mil_t
xgboost,,,,,2,historico_insuficiente,produto_uf,UF,SOJA,PR,producao_mil_t
exponential_smoothing,,,,,2,historico_insuficiente,produto_uf,UF,SOJA,PR,producao_mil_t
baseline_ingenuo,0.0,0.0,,,2,,produto_uf,UF,SOJA,RJ,producao_mil_t
regressao_linear,,,,,2,historico_insuficiente,produto_uf,UF,SOJA,RJ,producao_mil_t
random_forest,,,,,2,historico_insuficiente,produto_uf,UF,SOJA,RJ,producao_mil_t
xgboost,,,,,2,historico_insuficiente,produto_uf,UF,SOJA,RJ,producao_mil_t
exponential_smoothing,,,,,2,historico_insuficiente,produto_uf,UF,SOJA,RJ,producao_mil_t
baseline_ingenuo,0.0,0.0,,,2,,produto_uf,UF,SOJA,RN,producao_mil_t
regressao_linear,,,,,2,historico_insuficiente,produto_uf,UF,SOJA,RN,producao_mil_t
random_forest,,,,,2,historico_insuficiente,produto_uf,UF,SOJA,RN,producao_mil_t
xgboost,,,,,2,historico_insuficiente,produto_uf,UF,SOJA,RN,producao_mil_t
exponential_smoothing,,,,,2,historico_insuficiente,produto_uf,UF,SOJA,RN,producao_mil_t
baseline_ingenuo,47.70000000000027,47.70000000000027,1.7752800625255971,,2,,produto_uf,UF,SOJA,RO,producao_mil_t
regressao_linear,,,,,2,historico_insuficiente,produto_uf,UF,SOJA,RO,producao_mil_t
random_forest,,,,,2,historico_insuficiente,produto_uf,UF,SOJA,RO,producao_mil_t
xgboost,,,,,2,historico_insuficiente,produto_uf,UF,SOJA,RO,producao_mil_t
exponential_smoothing,,,,,2,historico_insuficiente,produto_uf,UF,SOJA,RO,producao_mil_t
baseline_ingenuo,10.5,10.5,2.1902377972465583,,2,,produto_uf,UF,SOJA,RR,producao_mil_t
regressao_linear,,,,,2,historico_insuficiente,produto_uf,UF,SOJA,RR,producao_mil_t
random_forest,,,,,2,historico_insuficiente,produto_uf,UF,SOJA,RR,producao_mil_t
xgboost,,,,,2,historico_insuficiente,produto_uf,UF,SOJA,RR,producao_mil_t
exponential_smoothing,,,,,2,historico_insuficiente,produto_uf,UF,SOJA,RR,producao_mil_t
baseline_ingenuo,4764.5999999999985,4764.5999999999985,22.275103086517866,,2,,produto_uf,UF,SOJA,RS,producao_mil_t
regressao_linear,,,,,2,historico_insuficiente,produto_uf,UF,SOJA,RS,producao_mil_t
random_forest,,,,,2,historico_insuficiente,produto_uf,UF,SOJA,RS,producao_mil_t
xgboost,,,,,2,historico_insuficiente,produto_uf,UF,SOJA,RS,producao_mil_t
exponential_smoothing,,,,,2,historico_insuficiente,produto_uf,UF,SOJA,RS,producao_mil_t
baseline_ingenuo,106.0,106.0,3.399288073629862,,2,,produto_uf,UF,SOJA,SC,producao_mil_t
regressao_linear,,,,,2,historico_insuficiente,produto_uf,UF,SOJA,SC,producao_mil_t
random_forest,,,,,2,historico_insuficiente,produto_uf,UF,SOJA,SC,producao_mil_t
xgboost,,,,,2,historico_insuficiente,produto_uf,UF,SOJA,SC,producao_mil_t
exponential_smoothing,,,,,2,historico_insuficiente,produto_uf,UF,SOJA,SC,producao_mil_t
baseline_ingenuo,0.0,0.0,,,2,,produto_uf,UF,SOJA,SE,producao_mil_t
regressao_linear,,,,,2,historico_insuficiente,produto_uf,UF,SOJA,SE,producao_mil_t
random_forest,,,,,2,historico_insuficiente,produto_uf,UF,SOJA,SE,producao_mil_t
xgboost,,,,,2,historico_insuficiente,produto_uf,UF,SOJA,SE,producao_mil_t
exponential_smoothing,,,,,2,historico_insuficiente,produto_uf,UF,SOJA,SE,producao_mil_t
baseline_ingenuo,0.6000000000003638,0.6000000000003638,0.011367942402432054,,2,,produto_uf,UF,SOJA,SP,producao_mil_t
regressao_linear,,,,,2,historico_insuficiente,produto_uf,UF,SOJA,SP,producao_mil_t
random_forest,,,,,2,historico_insuficiente,produto_uf,UF,SOJA,SP,producao_mil_t
xgboost,,,,,2,historico_insuficiente,produto_uf,UF,SOJA,SP,producao_mil_t
exponential_smoothing,,,,,2,historico_insuficiente,produto_uf,UF,SOJA,SP,producao_mil_t
baseline_ingenuo,661.8000000000002,661.8000000000002,11.001579253594883,,2,,produto_uf,UF,SOJA,TO,producao_mil_t
regressao_linear,,,,,2,historico_insuficiente,produto_uf,UF,SOJA,TO,producao_mil_t
random_forest,,,,,2,historico_insuficiente,produto_uf,UF,SOJA,TO,producao_mil_t
xgboost,,,,,2,historico_insuficiente,produto_uf,UF,SOJA,TO,producao_mil_t
exponential_smoothing,,,,,2,historico_insuficiente,produto_uf,UF,SOJA,TO,producao_mil_t
baseline_ingenuo,0.0,0.0,,,2,,produto_uf,UF,SORGO,AC,producao_mil_t
regressao_linear,,,,,2,historico_insuficiente,produto_uf,UF,SORGO,AC,producao_mil_t
random_forest,,,,,2,historico_insuficiente,produto_uf,UF,SORGO,AC,producao_mil_t
xgboost,,,,,2,historico_insuficiente,produto_uf,UF,SORGO,AC,producao_mil_t
exponential_smoothing,,,,,2,historico_insuficiente,produto_uf,UF,SORGO,AC,producao_mil_t
baseline_ingenuo,0.0,0.0,,,2,,produto_uf,UF,SORGO,AL,producao_mil_t
regressao_linear,,,,,2,historico_insuficiente,produto_uf,UF,SORGO,AL,producao_mil_t
random_forest,,,,,2,historico_insuficiente,produto_uf,UF,SORGO,AL,producao_mil_t
xgboost,,,,,2,historico_insuficiente,produto_uf,UF,SORGO,AL,producao_mil_t
exponential_smoothing,,,,,2,historico_insuficiente,produto_uf,UF,SORGO,AL,producao_mil_t
baseline_ingenuo,0.0,0.0,,,2,,produto_uf,UF,SORGO,AM,producao_mil_t
regressao_linear,,,,,2,historico_insuficiente,produto_uf,UF,SORGO,AM,producao_mil_t
random_forest,,,,,2,historico_insuficiente,produto_uf,UF,SORGO,AM,producao_mil_t
xgboost,,,,,2,historico_insuficiente,produto_uf,UF,SORGO,AM,producao_mil_t
exponential_smoothing,,,,,2,historico_insuficiente,produto_uf,UF,SORGO,AM,producao_mil_t
baseline_ingenuo,0.0,0.0,,,2,,produto_uf,UF,SORGO,AP,producao_mil_t
regressao_linear,,,,,2,historico_insuficiente,produto_uf,UF,SORGO,AP,producao_mil_t
random_forest,,,,,2,historico_insuficiente,produto_uf,UF,SORGO,AP,producao_mil_t
xgboost,,,,,2,historico_insuficiente,produto_uf,UF,SORGO,AP,producao_mil_t
exponential_smoothing,,,,,2,historico_insuficiente,produto_uf,UF,SORGO,AP,producao_mil_t
baseline_ingenuo,16.299999999999955,16.299999999999955,2.041838907678812,,2,,produto_uf,UF,SORGO,BA,producao_mil_t
regressao_linear,,,,,2,historico_insuficiente,produto_uf,UF,SORGO,BA,producao_mil_t
random_forest,,,,,2,historico_insuficiente,produto_uf,UF,SORGO,BA,producao_mil_t
xgboost,,,,,2,historico_insuficiente,produto_uf,UF,SORGO,BA,producao_mil_t
exponential_smoothing,,,,,2,historico_insuficiente,produto_uf,UF,SORGO,BA,producao_mil_t
baseline_ingenuo,0.0,0.0,,,2,,produto_uf,UF,SORGO,CE,producao_mil_t
regressao_linear,,,,,2,historico_insuficiente,produto_uf,UF,SORGO,CE,producao_mil_t
random_forest,,,,,2,historico_insuficiente,produto_uf,UF,SORGO,CE,producao_mil_t
xgboost,,,,,2,historico_insuficiente,produto_uf,UF,SORGO,CE,producao_mil_t
exponential_smoothing,,,,,2,historico_insuficiente,produto_uf,UF,SORGO,CE,producao_mil_t
baseline_ingenuo,17.599999999999994,17.599999999999994,20.299884659746244,,2,,produto_uf,UF,SORGO,DF,producao_mil_t
regressao_linear,,,,,2,historico_insuficiente,produto_uf,UF,SORGO,DF,producao_mil_t
random_forest,,,,,2,historico_insuficiente,produto_uf,UF,SORGO,DF,producao_mil_t
xgboost,,,,,2,historico_insuficiente,produto_uf,UF,SORGO,DF,producao_mil_t
exponential_smoothing,,,,,2,historico_insuficiente,produto_uf,UF,SORGO,DF,producao_mil_t
baseline_ingenuo,0.0,0.0,,,2,,produto_uf,UF,SORGO,ES,producao_mil_t
regressao_linear,,,,,2,historico_insuficiente,produto_uf,UF,SORGO,ES,producao_mil_t
random_forest,,,,,2,historico_insuficiente,produto_uf,UF,SORGO,ES,producao_mil_t
xgboost,,,,,2,historico_insuficiente,produto_uf,UF,SORGO,ES,producao_mil_t
exponential_smoothing,,,,,2,historico_insuficiente,produto_uf,UF,SORGO,ES,producao_mil_t
baseline_ingenuo,116.0,116.0,6.834786707518266,,2,,produto_uf,UF,SORGO,GO,producao_mil_t
regressao_linear,,,,,2,historico_insuficiente,produto_uf,UF,SORGO,GO,producao_mil_t
random_forest,,,,,2,historico_insuficiente,produto_uf,UF,SORGO,GO,producao_mil_t
xgboost,,,,,2,historico_insuficiente,produto_uf,UF,SORGO,GO,producao_mil_t
exponential_smoothing,,,,,2,historico_insuficiente,produto_uf,UF,SORGO,GO,producao_mil_t
baseline_ingenuo,72.49999999999999,72.49999999999999,36.764705882352935,,2,,produto_uf,UF,SORGO,MA,producao_mil_t
regressao_linear,,,,,2,historico_insuficiente,produto_uf,UF,SORGO,MA,producao_mil_t
random_forest,,,,,2,historico_insuficiente,produto_uf,UF,SORGO,MA,producao_mil_t
xgboost,,,,,2,historico_insuficiente,produto_uf,UF,SORGO,MA,producao_mil_t
exponential_smoothing,,,,,2,historico_insuficiente,produto_uf,UF,SORGO,MA,producao_mil_t
baseline_ingenuo,86.59999999999991,86.59999999999991,5.511360020365297,,2,,produto_uf,UF,SORGO,MG,producao_mil_t
regressao_linear,,,,,2,historico_insuficiente,produto_uf,UF,SORGO,MG,producao_mil_t
random_forest,,,,,2,historico_insuficiente,produto_uf,UF,SORGO,MG,producao_mil_t
xgboost,,,,,2,historico_insuficiente,produto_uf,UF,SORGO,MG,producao_mil_t
exponential_smoothing,,,,,2,historico_insuficiente,produto_uf,UF,SORGO,MG,producao_mil_t
baseline_ingenuo,88.79999999999995,88.79999999999995,13.590449954086312,,2,,produto_uf,UF,SORGO,MS,producao_mil_t
regressao_linear,,,,,2,historico_insuficiente,produto_uf,UF,SORGO,MS,producao_mil_t
random_forest,,,,,2,historico_insuficiente,produto_uf,UF,SORGO,MS,producao_mil_t
xgboost,,,,,2,historico_insuficiente,produto_uf,UF,SORGO,MS,producao_mil_t
exponential_smoothing,,,,,2,historico_insuficiente,produto_uf,UF,SORGO,MS,producao_mil_t
baseline_ingenuo,46.099999999999966,46.099999999999966,11.860046308206835,,2,,produto_uf,UF,SORGO,MT,producao_mil_t
regressao_linear,,,,,2,historico_insuficiente,produto_uf,UF,SORGO,MT,producao_mil_t
random_forest,,,,,2,historico_insuficiente,produto_uf,UF,SORGO,MT,producao_mil_t
xgboost,,,,,2,historico_insuficiente,produto_uf,UF,SORGO,MT,producao_mil_t
exponential_smoothing,,,,,2,historico_insuficiente,produto_uf,UF,SORGO,MT,producao_mil_t
baseline_ingenuo,24.099999999999994,24.099999999999994,10.316780821917806,,2,,produto_uf,UF,SORGO,PA,producao_mil_t
regressao_linear,,,,,2,historico_insuficiente,produto_uf,UF,SORGO,PA,producao_mil_t
random_forest,,,,,2,historico_insuficiente,produto_uf,UF,SORGO,PA,producao_mil_t
xgboost,,,,,2,historico_insuficiente,produto_uf,UF,SORGO,PA,producao_mil_t
exponential_smoothing,,,,,2,historico_insuficiente,produto_uf,UF,SORGO,PA,producao_mil_t
baseline_ingenuo,0.0,0.0,,,2,,produto_uf,UF,SORGO,PB,producao_mil_t
regressao_linear,,,,,2,historico_insuficiente,produto_uf,UF,SORGO,PB,producao_mil_t
random_forest,,,,,2,historico_insuficiente,produto_uf,UF,SORGO,PB,producao_mil_t
xgboost,,,,,2,historico_insuficiente,produto_uf,UF,SORGO,PB,producao_mil_t
exponential_smoothing,,,,,2,historico_insuficiente,produto_uf,UF,SORGO,PB,producao_mil_t
baseline_ingenuo,0.0,0.0,,,2,,produto_uf,UF,SORGO,PE,producao_mil_t
regressao_linear,,,,,2,historico_insuficiente,produto_uf,UF,SORGO,PE,producao_mil_t
random_forest,,,,,2,historico_insuficiente,produto_uf,UF,SORGO,PE,producao_mil_t
xgboost,,,,,2,historico_insuficiente,produto_uf,UF,SORGO,PE,producao_mil_t
exponential_smoothing,,,,,2,historico_insuficiente,produto_uf,UF,SORGO,PE,producao_mil_t
baseline_ingenuo,23.80000000000001,23.80000000000001,7.014441497200121,,2,,produto_uf,UF,SORGO,PI,producao_mil_t
regressao_linear,,,,,2,historico_insuficiente,produto_uf,UF,SORGO,PI,producao_mil_t
random_forest,,,,,2,historico_insuficiente,produto_uf,UF,SORGO,PI,producao_mil_t
xgboost,,,,,2,historico_insuficiente,produto_uf,UF,SORGO,PI,producao_mil_t
exponential_smoothing,,,,,2,historico_insuficiente,produto_uf,UF,SORGO,PI,producao_mil_t
baseline_ingenuo,0.0,0.0,0.0,,2,,produto_uf,UF,SORGO,PR,producao_mil_t
regressao_linear,,,,,2,historico_insuficiente,produto_uf,UF,SORGO,PR,producao_mil_t
random_forest,,,,,2,historico_insuficiente,produto_uf,UF,SORGO,PR,producao_mil_t
xgboost,,,,,2,historico_insuficiente,produto_uf,UF,SORGO,PR,producao_mil_t
exponential_smoothing,,,,,2,historico_insuficiente,produto_uf,UF,SORGO,PR,producao_mil_t
baseline_ingenuo,0.0,0.0,,,2,,produto_uf,UF,SORGO,RJ,producao_mil_t
regressao_linear,,,,,2,historico_insuficiente,produto_uf,UF,SORGO,RJ,producao_mil_t
random_forest,,,,,2,historico_insuficiente,produto_uf,UF,SORGO,RJ,producao_mil_t
xgboost,,,,,2,historico_insuficiente,produto_uf,UF,SORGO,RJ,producao_mil_t
exponential_smoothing,,,,,2,historico_insuficiente,produto_uf,UF,SORGO,RJ,producao_mil_t
baseline_ingenuo,0.0,0.0,,,2,,produto_uf,UF,SORGO,RN,producao_mil_t
regressao_linear,,,,,2,historico_insuficiente,produto_uf,UF,SORGO,RN,producao_mil_t
random_forest,,,,,2,historico_insuficiente,produto_uf,UF,SORGO,RN,producao_mil_t
xgboost,,,,,2,historico_insuficiente,produto_uf,UF,SORGO,RN,producao_mil_t
exponential_smoothing,,,,,2,historico_insuficiente,produto_uf,UF,SORGO,RN,producao_mil_t
baseline_ingenuo,0.0,0.0,,,2,,produto_uf,UF,SORGO,RO,producao_mil_t
regressao_linear,,,,,2,historico_insuficiente,produto_uf,UF,SORGO,RO,producao_mil_t
random_forest,,,,,2,historico_insuficiente,produto_uf,UF,SORGO,RO,producao_mil_t
xgboost,,,,,2,historico_insuficiente,produto_uf,UF,SORGO,RO,producao_mil_t
exponential_smoothing,,,,,2,historico_insuficiente,produto_uf,UF,SORGO,RO,producao_mil_t
baseline_ingenuo,0.0,0.0,,,2,,produto_uf,UF,SORGO,RR,producao_mil_t
regressao_linear,,,,,2,historico_insuficiente,produto_uf,UF,SORGO,RR,producao_mil_t
random_forest,,,,,2,historico_insuficiente,produto_uf,UF,SORGO,RR,producao_mil_t
xgboost,,,,,2,historico_insuficiente,produto_uf,UF,SORGO,RR,producao_mil_t
exponential_smoothing,,,,,2,historico_insuficiente,produto_uf,UF,SORGO,RR,producao_mil_t
baseline_ingenuo,15.5,15.5,100.0,,2,,produto_uf,UF,SORGO,RS,producao_mil_t
regressao_linear,,,,,2,historico_insuficiente,produto_uf,UF,SORGO,RS,producao_mil_t
random_forest,,,,,2,historico_insuficiente,produto_uf,UF,SORGO,RS,producao_mil_t
xgboost,,,,,2,historico_insuficiente,produto_uf,UF,SORGO,RS,producao_mil_t
exponential_smoothing,,,,,2,historico_insuficiente,produto_uf,UF,SORGO,RS,producao_mil_t
baseline_ingenuo,0.0,0.0,,,2,,produto_uf,UF,SORGO,SC,producao_mil_t
regressao_linear,,,,,2,historico_insuficiente,produto_uf,UF,SORGO,SC,producao_mil_t
random_forest,,,,,2,historico_insuficiente,produto_uf,UF,SORGO,SC,producao_mil_t
xgboost,,,,,2,historico_insuficiente,produto_uf,UF,SORGO,SC,producao_mil_t
exponential_smoothing,,,,,2,historico_insuficiente,produto_uf,UF,SORGO,SC,producao_mil_t
baseline_ingenuo,0.0,0.0,,,2,,produto_uf,UF,SORGO,SE,producao_mil_t
regressao_linear,,,,,2,historico_insuficiente,produto_uf,UF,SORGO,SE,producao_mil_t
random_forest,,,,,2,historico_insuficiente,produto_uf,UF,SORGO,SE,producao_mil_t
xgboost,,,,,2,historico_insuficiente,produto_uf,UF,SORGO,SE,producao_mil_t
exponential_smoothing,,,,,2,historico_insuficiente,produto_uf,UF,SORGO,SE,producao_mil_t
baseline_ingenuo,96.89999999999998,96.89999999999998,17.865044247787605,,2,,produto_uf,UF,SORGO,SP,producao_mil_t
regressao_linear,,,,,2,historico_insuficiente,produto_uf,UF,SORGO,SP,producao_mil_t
random_forest,,,,,2,historico_insuficiente,produto_uf,UF,SORGO,SP,producao_mil_t
xgboost,,,,,2,historico_insuficiente,produto_uf,UF,SORGO,SP,producao_mil_t
exponential_smoothing,,,,,2,historico_insuficiente,produto_uf,UF,SORGO,SP,producao_mil_t
baseline_ingenuo,23.30000000000001,23.30000000000001,13.722025912838639,,2,,produto_uf,UF,SORGO,TO,producao_mil_t
regressao_linear,,,,,2,historico_insuficiente,produto_uf,UF,SORGO,TO,producao_mil_t
random_forest,,,,,2,historico_insuficiente,produto_uf,UF,SORGO,TO,producao_mil_t
xgboost,,,,,2,historico_insuficiente,produto_uf,UF,SORGO,TO,producao_mil_t
exponential_smoothing,,,,,2,historico_insuficiente,produto_uf,UF,SORGO,TO,producao_mil_t
baseline_ingenuo,0.0,0.0,,,2,,produto_uf,UF,TRIGO,AC,producao_mil_t
regressao_linear,,,,,2,historico_insuficiente,produto_uf,UF,TRIGO,AC,producao_mil_t
random_forest,,,,,2,historico_insuficiente,produto_uf,UF,TRIGO,AC,producao_mil_t
xgboost,,,,,2,historico_insuficiente,produto_uf,UF,TRIGO,AC,producao_mil_t
exponential_smoothing,,,,,2,historico_insuficiente,produto_uf,UF,TRIGO,AC,producao_mil_t
baseline_ingenuo,0.0,0.0,,,2,,produto_uf,UF,TRIGO,AL,producao_mil_t
regressao_linear,,,,,2,historico_insuficiente,produto_uf,UF,TRIGO,AL,producao_mil_t
random_forest,,,,,2,historico_insuficiente,produto_uf,UF,TRIGO,AL,producao_mil_t
xgboost,,,,,2,historico_insuficiente,produto_uf,UF,TRIGO,AL,producao_mil_t
exponential_smoothing,,,,,2,historico_insuficiente,produto_uf,UF,TRIGO,AL,producao_mil_t
baseline_ingenuo,0.0,0.0,,,2,,produto_uf,UF,TRIGO,AM,producao_mil_t
regressao_linear,,,,,2,historico_insuficiente,produto_uf,UF,TRIGO,AM,producao_mil_t
random_forest,,,,,2,historico_insuficiente,produto_uf,UF,TRIGO,AM,producao_mil_t
xgboost,,,,,2,historico_insuficiente,produto_uf,UF,TRIGO,AM,producao_mil_t
exponential_smoothing,,,,,2,historico_insuficiente,produto_uf,UF,TRIGO,AM,producao_mil_t
baseline_ingenuo,0.0,0.0,,,2,,produto_uf,UF,TRIGO,AP,producao_mil_t
regressao_linear,,,,,2,historico_insuficiente,produto_uf,UF,TRIGO,AP,producao_mil_t
random_forest,,,,,2,historico_insuficiente,produto_uf,UF,TRIGO,AP,producao_mil_t
xgboost,,,,,2,historico_insuficiente,produto_uf,UF,TRIGO,AP,producao_mil_t
exponential_smoothing,,,,,2,historico_insuficiente,produto_uf,UF,TRIGO,AP,producao_mil_t
baseline_ingenuo,0.0,0.0,0.0,,2,,produto_uf,UF,TRIGO,BA,producao_mil_t
regressao_linear,,,,,2,historico_insuficiente,produto_uf,UF,TRIGO,BA,producao_mil_t
random_forest,,,,,2,historico_insuficiente,produto_uf,UF,TRIGO,BA,producao_mil_t
xgboost,,,,,2,historico_insuficiente,produto_uf,UF,TRIGO,BA,producao_mil_t
exponential_smoothing,,,,,2,historico_insuficiente,produto_uf,UF,TRIGO,BA,producao_mil_t
baseline_ingenuo,0.0,0.0,,,2,,produto_uf,UF,TRIGO,CE,producao_mil_t
regressao_linear,,,,,2,historico_insuficiente,produto_uf,UF,TRIGO,CE,producao_mil_t
random_forest,,,,,2,historico_insuficiente,produto_uf,UF,TRIGO,CE,producao_mil_t
xgboost,,,,,2,historico_insuficiente,produto_uf,UF,TRIGO,CE,producao_mil_t
exponential_smoothing,,,,,2,historico_insuficiente,produto_uf,UF,TRIGO,CE,producao_mil_t
baseline_ingenuo,2.0,2.0,6.329113924050632,,2,,produto_uf,UF,TRIGO,DF,producao_mil_t
regressao_linear,,,,,2,historico_insuficiente,produto_uf,UF,TRIGO,DF,producao_mil_t
random_forest,,,,,2,historico_insuficiente,produto_uf,UF,TRIGO,DF,producao_mil_t
xgboost,,,,,2,historico_insuficiente,produto_uf,UF,TRIGO,DF,producao_mil_t
exponential_smoothing,,,,,2,historico_insuficiente,produto_uf,UF,TRIGO,DF,producao_mil_t
baseline_ingenuo,0.0,0.0,,,2,,produto_uf,UF,TRIGO,ES,producao_mil_t
regressao_linear,,,,,2,historico_insuficiente,produto_uf,UF,TRIGO,ES,producao_mil_t
random_forest,,,,,2,historico_insuficiente,produto_uf,UF,TRIGO,ES,producao_mil_t
xgboost,,,,,2,historico_insuficiente,produto_uf,UF,TRIGO,ES,producao_mil_t
exponential_smoothing,,,,,2,historico_insuficiente,produto_uf,UF,TRIGO,ES,producao_mil_t
baseline_ingenuo,0.5,0.5,0.26666666666666666,,2,,produto_uf,UF,TRIGO,GO,producao_mil_t
regressao_linear,,,,,2,historico_insuficiente,produto_uf,UF,TRIGO,GO,producao_mil_t
random_forest,,,,,2,historico_insuficiente,produto_uf,UF,TRIGO,GO,producao_mil_t
xgboost,,,,,2,historico_insuficiente,produto_uf,UF,TRIGO,GO,producao_mil_t
exponential_smoothing,,,,,2,historico_insuficiente,produto_uf,UF,TRIGO,GO,producao_mil_t
baseline_ingenuo,0.0,0.0,,,2,,produto_uf,UF,TRIGO,MA,producao_mil_t
regressao_linear,,,,,2,historico_insuficiente,produto_uf,UF,TRIGO,MA,producao_mil_t
random_forest,,,,,2,historico_insuficiente,produto_uf,UF,TRIGO,MA,producao_mil_t
xgboost,,,,,2,historico_insuficiente,produto_uf,UF,TRIGO,MA,producao_mil_t
exponential_smoothing,,,,,2,historico_insuficiente,produto_uf,UF,TRIGO,MA,producao_mil_t
baseline_ingenuo,37.80000000000001,37.80000000000001,9.79528375226743,,2,,produto_uf,UF,TRIGO,MG,producao_mil_t
regressao_linear,,,,,2,historico_insuficiente,produto_uf,UF,TRIGO,MG,producao_mil_t
random_forest,,,,,2,historico_insuficiente,produto_uf,UF,TRIGO,MG,producao_mil_t
xgboost,,,,,2,historico_insuficiente,produto_uf,UF,TRIGO,MG,producao_mil_t
exponential_smoothing,,,,,2,historico_insuficiente,produto_uf,UF,TRIGO,MG,producao_mil_t
baseline_ingenuo,6.700000000000003,6.700000000000003,8.427672955974847,,2,,produto_uf,UF,TRIGO,MS,producao_mil_t
regressao_linear,,,,,2,historico_insuficiente,produto_uf,UF,TRIGO,MS,producao_mil_t
random_forest,,,,,2,historico_insuficiente,produto_uf,UF,TRIGO,MS,producao_mil_t
xgboost,,,,,2,historico_insuficiente,produto_uf,UF,TRIGO,MS,producao_mil_t
exponential_smoothing,,,,,2,historico_insuficiente,produto_uf,UF,TRIGO,MS,producao_mil_t
baseline_ingenuo,0.0,0.0,,,2,,produto_uf,UF,TRIGO,MT,producao_mil_t
regressao_linear,,,,,2,historico_insuficiente,produto_uf,UF,TRIGO,MT,producao_mil_t
random_forest,,,,,2,historico_insuficiente,produto_uf,UF,TRIGO,MT,producao_mil_t
xgboost,,,,,2,historico_insuficiente,produto_uf,UF,TRIGO,MT,producao_mil_t
exponential_smoothing,,,,,2,historico_insuficiente,produto_uf,UF,TRIGO,MT,producao_mil_t
baseline_ingenuo,0.0,0.0,,,2,,produto_uf,UF,TRIGO,PA,producao_mil_t
regressao_linear,,,,,2,historico_insuficiente,produto_uf,UF,TRIGO,PA,producao_mil_t
random_forest,,,,,2,historico_insuficiente,produto_uf,UF,TRIGO,PA,producao_mil_t
xgboost,,,,,2,historico_insuficiente,produto_uf,UF,TRIGO,PA,producao_mil_t
exponential_smoothing,,,,,2,historico_insuficiente,produto_uf,UF,TRIGO,PA,producao_mil_t
baseline_ingenuo,0.0,0.0,,,2,,produto_uf,UF,TRIGO,PB,producao_mil_t
regressao_linear,,,,,2,historico_insuficiente,produto_uf,UF,TRIGO,PB,producao_mil_t
random_forest,,,,,2,historico_insuficiente,produto_uf,UF,TRIGO,PB,producao_mil_t
xgboost,,,,,2,historico_insuficiente,produto_uf,UF,TRIGO,PB,producao_mil_t
exponential_smoothing,,,,,2,historico_insuficiente,produto_uf,UF,TRIGO,PB,producao_mil_t
baseline_ingenuo,0.0,0.0,,,2,,produto_uf,UF,TRIGO,PE,producao_mil_t
regressao_linear,,,,,2,historico_insuficiente,produto_uf,UF,TRIGO,PE,producao_mil_t
random_forest,,,,,2,historico_insuficiente,produto_uf,UF,TRIGO,PE,producao_mil_t
xgboost,,,,,2,historico_insuficiente,produto_uf,UF,TRIGO,PE,producao_mil_t
exponential_smoothing,,,,,2,historico_insuficiente,produto_uf,UF,TRIGO,PE,producao_mil_t
baseline_ingenuo,0.0,0.0,,,2,,produto_uf,UF,TRIGO,PI,producao_mil_t
regressao_linear,,,,,2,historico_insuficiente,produto_uf,UF,TRIGO,PI,producao_mil_t
random_forest,,,,,2,historico_insuficiente,produto_uf,UF,TRIGO,PI,producao_mil_t
xgboost,,,,,2,historico_insuficiente,produto_uf,UF,TRIGO,PI,producao_mil_t
exponential_smoothing,,,,,2,historico_insuficiente,produto_uf,UF,TRIGO,PI,producao_mil_t
baseline_ingenuo,340.6999999999998,340.6999999999998,14.020576131687235,,2,,produto_uf,UF,TRIGO,PR,producao_mil_t
regressao_linear,,,,,2,historico_insuficiente,produto_uf,UF,TRIGO,PR,producao_mil_t
random_forest,,,,,2,historico_insuficiente,produto_uf,UF,TRIGO,PR,producao_mil_t
xgboost,,,,,2,historico_insuficiente,produto_uf,UF,TRIGO,PR,producao_mil_t
exponential_smoothing,,,,,2,historico_insuficiente,produto_uf,UF,TRIGO,PR,producao_mil_t
baseline_ingenuo,0.0,0.0,,,2,,produto_uf,UF,TRIGO,RJ,producao_mil_t
regressao_linear,,,,,2,historico_insuficiente,produto_uf,UF,TRIGO,RJ,producao_mil_t
random_forest,,,,,2,historico_insuficiente,produto_uf,UF,TRIGO,RJ,producao_mil_t
xgboost,,,,,2,historico_insuficiente,produto_uf,UF,TRIGO,RJ,producao_mil_t
exponential_smoothing,,,,,2,historico_insuficiente,produto_uf,UF,TRIGO,RJ,producao_mil_t
baseline_ingenuo,0.0,0.0,,,2,,produto_uf,UF,TRIGO,RN,producao_mil_t
regressao_linear,,,,,2,historico_insuficiente,produto_uf,UF,TRIGO,RN,producao_mil_t
random_forest,,,,,2,historico_insuficiente,produto_uf,UF,TRIGO,RN,producao_mil_t
xgboost,,,,,2,historico_insuficiente,produto_uf,UF,TRIGO,RN,producao_mil_t
exponential_smoothing,,,,,2,historico_insuficiente,produto_uf,UF,TRIGO,RN,producao_mil_t
baseline_ingenuo,0.0,0.0,,,2,,produto_uf,UF,TRIGO,RO,producao_mil_t
regressao_linear,,,,,2,historico_insuficiente,produto_uf,UF,TRIGO,RO,producao_mil_t
random_forest,,,,,2,historico_insuficiente,produto_uf,UF,TRIGO,RO,producao_mil_t
xgboost,,,,,2,historico_insuficiente,produto_uf,UF,TRIGO,RO,producao_mil_t
exponential_smoothing,,,,,2,historico_insuficiente,produto_uf,UF,TRIGO,RO,producao_mil_t
baseline_ingenuo,0.0,0.0,,,2,,produto_uf,UF,TRIGO,RR,producao_mil_t
regressao_linear,,,,,2,historico_insuficiente,produto_uf,UF,TRIGO,RR,producao_mil_t
random_forest,,,,,2,historico_insuficiente,produto_uf,UF,TRIGO,RR,producao_mil_t
xgboost,,,,,2,historico_insuficiente,produto_uf,UF,TRIGO,RR,producao_mil_t
exponential_smoothing,,,,,2,historico_insuficiente,produto_uf,UF,TRIGO,RR,producao_mil_t
baseline_ingenuo,548.7000000000003,548.7000000000003,18.083844176389174,,2,,produto_uf,UF,TRIGO,RS,producao_mil_t
regressao_linear,,,,,2,historico_insuficiente,produto_uf,UF,TRIGO,RS,producao_mil_t
random_forest,,,,,2,historico_insuficiente,produto_uf,UF,TRIGO,RS,producao_mil_t
xgboost,,,,,2,historico_insuficiente,produto_uf,UF,TRIGO,RS,producao_mil_t
exponential_smoothing,,,,,2,historico_insuficiente,produto_uf,UF,TRIGO,RS,producao_mil_t
baseline_ingenuo,32.39999999999998,32.39999999999998,8.639999999999993,,2,,produto_uf,UF,TRIGO,SC,producao_mil_t
regressao_linear,,,,,2,historico_insuficiente,produto_uf,UF,TRIGO,SC,producao_mil_t
random_forest,,,,,2,historico_insuficiente,produto_uf,UF,TRIGO,SC,producao_mil_t
xgboost,,,,,2,historico_insuficiente,produto_uf,UF,TRIGO,SC,producao_mil_t
exponential_smoothing,,,,,2,historico_insuficiente,produto_uf,UF,TRIGO,SC,producao_mil_t
baseline_ingenuo,0.0,0.0,,,2,,produto_uf,UF,TRIGO,SE,producao_mil_t
regressao_linear,,,,,2,historico_insuficiente,produto_uf,UF,TRIGO,SE,producao_mil_t
random_forest,,,,,2,historico_insuficiente,produto_uf,UF,TRIGO,SE,producao_mil_t
xgboost,,,,,2,historico_insuficiente,produto_uf,UF,TRIGO,SE,producao_mil_t
exponential_smoothing,,,,,2,historico_insuficiente,produto_uf,UF,TRIGO,SE,producao_mil_t
baseline_ingenuo,3.7999999999999545,3.7999999999999545,1.082312731415538,,2,,produto_uf,UF,TRIGO,SP,producao_mil_t
regressao_linear,,,,,2,historico_insuficiente,produto_uf,UF,TRIGO,SP,producao_mil_t
random_forest,,,,,2,historico_insuficiente,produto_uf,UF,TRIGO,SP,producao_mil_t
xgboost,,,,,2,historico_insuficiente,produto_uf,UF,TRIGO,SP,producao_mil_t
exponential_smoothing,,,,,2,historico_insuficiente,produto_uf,UF,TRIGO,SP,producao_mil_t
baseline_ingenuo,0.0,0.0,,,2,,produto_uf,UF,TRIGO,TO,producao_mil_t
regressao_linear,,,,,2,historico_insuficiente,produto_uf,UF,TRIGO,TO,producao_mil_t
random_forest,,,,,2,historico_insuficiente,produto_uf,UF,TRIGO,TO,producao_mil_t
xgboost,,,,,2,historico_insuficiente,produto_uf,UF,TRIGO,TO,producao_mil_t
exponential_smoothing,,,,,2,historico_insuficiente,produto_uf,UF,TRIGO,TO,producao_mil_t
baseline_ingenuo,0.0,0.0,,,2,,produto_uf,UF,TRITICALE,AC,producao_mil_t
regressao_linear,,,,,2,historico_insuficiente,produto_uf,UF,TRITICALE,AC,producao_mil_t
random_forest,,,,,2,historico_insuficiente,produto_uf,UF,TRITICALE,AC,producao_mil_t
xgboost,,,,,2,historico_insuficiente,produto_uf,UF,TRITICALE,AC,producao_mil_t
exponential_smoothing,,,,,2,historico_insuficiente,produto_uf,UF,TRITICALE,AC,producao_mil_t
baseline_ingenuo,0.0,0.0,,,2,,produto_uf,UF,TRITICALE,AL,producao_mil_t
regressao_linear,,,,,2,historico_insuficiente,produto_uf,UF,TRITICALE,AL,producao_mil_t
random_forest,,,,,2,historico_insuficiente,produto_uf,UF,TRITICALE,AL,producao_mil_t
xgboost,,,,,2,historico_insuficiente,produto_uf,UF,TRITICALE,AL,producao_mil_t
exponential_smoothing,,,,,2,historico_insuficiente,produto_uf,UF,TRITICALE,AL,producao_mil_t
baseline_ingenuo,0.0,0.0,,,2,,produto_uf,UF,TRITICALE,AM,producao_mil_t
regressao_linear,,,,,2,historico_insuficiente,produto_uf,UF,TRITICALE,AM,producao_mil_t
random_forest,,,,,2,historico_insuficiente,produto_uf,UF,TRITICALE,AM,producao_mil_t
xgboost,,,,,2,historico_insuficiente,produto_uf,UF,TRITICALE,AM,producao_mil_t
exponential_smoothing,,,,,2,historico_insuficiente,produto_uf,UF,TRITICALE,AM,producao_mil_t
baseline_ingenuo,0.0,0.0,,,2,,produto_uf,UF,TRITICALE,AP,producao_mil_t
regressao_linear,,,,,2,historico_insuficiente,produto_uf,UF,TRITICALE,AP,producao_mil_t
random_forest,,,,,2,historico_insuficiente,produto_uf,UF,TRITICALE,AP,producao_mil_t
xgboost,,,,,2,historico_insuficiente,produto_uf,UF,TRITICALE,AP,producao_mil_t
exponential_smoothing,,,,,2,historico_insuficiente,produto_uf,UF,TRITICALE,AP,producao_mil_t
baseline_ingenuo,0.0,0.0,,,2,,produto_uf,UF,TRITICALE,BA,producao_mil_t
regressao_linear,,,,,2,historico_insuficiente,produto_uf,UF,TRITICALE,BA,producao_mil_t
random_forest,,,,,2,historico_insuficiente,produto_uf,UF,TRITICALE,BA,producao_mil_t
xgboost,,,,,2,historico_insuficiente,produto_uf,UF,TRITICALE,BA,producao_mil_t
exponential_smoothing,,,,,2,historico_insuficiente,produto_uf,UF,TRITICALE,BA,producao_mil_t
baseline_ingenuo,0.0,0.0,,,2,,produto_uf,UF,TRITICALE,CE,producao_mil_t
regressao_linear,,,,,2,historico_insuficiente,produto_uf,UF,TRITICALE,CE,producao_mil_t
random_forest,,,,,2,historico_insuficiente,produto_uf,UF,TRITICALE,CE,producao_mil_t
xgboost,,,,,2,historico_insuficiente,produto_uf,UF,TRITICALE,CE,producao_mil_t
exponential_smoothing,,,,,2,historico_insuficiente,produto_uf,UF,TRITICALE,CE,producao_mil_t
baseline_ingenuo,0.0,0.0,,,2,,produto_uf,UF,TRITICALE,DF,producao_mil_t
regressao_linear,,,,,2,historico_insuficiente,produto_uf,UF,TRITICALE,DF,producao_mil_t
random_forest,,,,,2,historico_insuficiente,produto_uf,UF,TRITICALE,DF,producao_mil_t
xgboost,,,,,2,historico_insuficiente,produto_uf,UF,TRITICALE,DF,producao_mil_t
exponential_smoothing,,,,,2,historico_insuficiente,produto_uf,UF,TRITICALE,DF,producao_mil_t
baseline_ingenuo,0.0,0.0,,,2,,produto_uf,UF,TRITICALE,ES,producao_mil_t
regressao_linear,,,,,2,historico_insuficiente,produto_uf,UF,TRITICALE,ES,producao_mil_t
random_forest,,,,,2,historico_insuficiente,produto_uf,UF,TRITICALE,ES,producao_mil_t
xgboost,,,,,2,historico_insuficiente,produto_uf,UF,TRITICALE,ES,producao_mil_t
exponential_smoothing,,,,,2,historico_insuficiente,produto_uf,UF,TRITICALE,ES,producao_mil_t
baseline_ingenuo,0.0,0.0,,,2,,produto_uf,UF,TRITICALE,GO,producao_mil_t
regressao_linear,,,,,2,historico_insuficiente,produto_uf,UF,TRITICALE,GO,producao_mil_t
random_forest,,,,,2,historico_insuficiente,produto_uf,UF,TRITICALE,GO,producao_mil_t
xgboost,,,,,2,historico_insuficiente,produto_uf,UF,TRITICALE,GO,producao_mil_t
exponential_smoothing,,,,,2,historico_insuficiente,produto_uf,UF,TRITICALE,GO,producao_mil_t
baseline_ingenuo,0.0,0.0,,,2,,produto_uf,UF,TRITICALE,MA,producao_mil_t
regressao_linear,,,,,2,historico_insuficiente,produto_uf,UF,TRITICALE,MA,producao_mil_t
random_forest,,,,,2,historico_insuficiente,produto_uf,UF,TRITICALE,MA,producao_mil_t
xgboost,,,,,2,historico_insuficiente,produto_uf,UF,TRITICALE,MA,producao_mil_t
exponential_smoothing,,,,,2,historico_insuficiente,produto_uf,UF,TRITICALE,MA,producao_mil_t
baseline_ingenuo,0.0,0.0,,,2,,produto_uf,UF,TRITICALE,MG,producao_mil_t
regressao_linear,,,,,2,historico_insuficiente,produto_uf,UF,TRITICALE,MG,producao_mil_t
random_forest,,,,,2,historico_insuficiente,produto_uf,UF,TRITICALE,MG,producao_mil_t
xgboost,,,,,2,historico_insuficiente,produto_uf,UF,TRITICALE,MG,producao_mil_t
exponential_smoothing,,,,,2,historico_insuficiente,produto_uf,UF,TRITICALE,MG,producao_mil_t
baseline_ingenuo,0.0,0.0,,,2,,produto_uf,UF,TRITICALE,MS,producao_mil_t
regressao_linear,,,,,2,historico_insuficiente,produto_uf,UF,TRITICALE,MS,producao_mil_t
random_forest,,,,,2,historico_insuficiente,produto_uf,UF,TRITICALE,MS,producao_mil_t
xgboost,,,,,2,historico_insuficiente,produto_uf,UF,TRITICALE,MS,producao_mil_t
exponential_smoothing,,,,,2,historico_insuficiente,produto_uf,UF,TRITICALE,MS,producao_mil_t
baseline_ingenuo,0.0,0.0,,,2,,produto_uf,UF,TRITICALE,MT,producao_mil_t
regressao_linear,,,,,2,historico_insuficiente,produto_uf,UF,TRITICALE,MT,producao_mil_t
random_forest,,,,,2,historico_insuficiente,produto_uf,UF,TRITICALE,MT,producao_mil_t
xgboost,,,,,2,historico_insuficiente,produto_uf,UF,TRITICALE,MT,producao_mil_t
exponential_smoothing,,,,,2,historico_insuficiente,produto_uf,UF,TRITICALE,MT,producao_mil_t
baseline_ingenuo,0.0,0.0,,,2,,produto_uf,UF,TRITICALE,PA,producao_mil_t
regressao_linear,,,,,2,historico_insuficiente,produto_uf,UF,TRITICALE,PA,producao_mil_t
random_forest,,,,,2,historico_insuficiente,produto_uf,UF,TRITICALE,PA,producao_mil_t
xgboost,,,,,2,historico_insuficiente,produto_uf,UF,TRITICALE,PA,producao_mil_t
exponential_smoothing,,,,,2,historico_insuficiente,produto_uf,UF,TRITICALE,PA,producao_mil_t
baseline_ingenuo,0.0,0.0,,,2,,produto_uf,UF,TRITICALE,PB,producao_mil_t
regressao_linear,,,,,2,historico_insuficiente,produto_uf,UF,TRITICALE,PB,producao_mil_t
random_forest,,,,,2,historico_insuficiente,produto_uf,UF,TRITICALE,PB,producao_mil_t
xgboost,,,,,2,historico_insuficiente,produto_uf,UF,TRITICALE,PB,producao_mil_t
exponential_smoothing,,,,,2,historico_insuficiente,produto_uf,UF,TRITICALE,PB,producao_mil_t
baseline_ingenuo,0.0,0.0,,,2,,produto_uf,UF,TRITICALE,PE,producao_mil_t
regressao_linear,,,,,2,historico_insuficiente,produto_uf,UF,TRITICALE,PE,producao_mil_t
random_forest,,,,,2,historico_insuficiente,produto_uf,UF,TRITICALE,PE,producao_mil_t
xgboost,,,,,2,historico_insuficiente,produto_uf,UF,TRITICALE,PE,producao_mil_t
exponential_smoothing,,,,,2,historico_insuficiente,produto_uf,UF,TRITICALE,PE,producao_mil_t
baseline_ingenuo,0.0,0.0,,,2,,produto_uf,UF,TRITICALE,PI,producao_mil_t
regressao_linear,,,,,2,historico_insuficiente,produto_uf,UF,TRITICALE,PI,producao_mil_t
random_forest,,,,,2,historico_insuficiente,produto_uf,UF,TRITICALE,PI,producao_mil_t
xgboost,,,,,2,historico_insuficiente,produto_uf,UF,TRITICALE,PI,producao_mil_t
exponential_smoothing,,,,,2,historico_insuficiente,produto_uf,UF,TRITICALE,PI,producao_mil_t
baseline_ingenuo,1.8000000000000007,1.8000000000000007,9.625668449197864,,2,,produto_uf,UF,TRITICALE,PR,producao_mil_t
regressao_linear,,,,,2,historico_insuficiente,produto_uf,UF,TRITICALE,PR,producao_mil_t
random_forest,,,,,2,historico_insuficiente,produto_uf,UF,TRITICALE,PR,producao_mil_t
xgboost,,,,,2,historico_insuficiente,produto_uf,UF,TRITICALE,PR,producao_mil_t
exponential_smoothing,,,,,2,historico_insuficiente,produto_uf,UF,TRITICALE,PR,producao_mil_t
baseline_ingenuo,0.0,0.0,,,2,,produto_uf,UF,TRITICALE,RJ,producao_mil_t
regressao_linear,,,,,2,historico_insuficiente,produto_uf,UF,TRITICALE,RJ,producao_mil_t
random_forest,,,,,2,historico_insuficiente,produto_uf,UF,TRITICALE,RJ,producao_mil_t
xgboost,,,,,2,historico_insuficiente,produto_uf,UF,TRITICALE,RJ,producao_mil_t
exponential_smoothing,,,,,2,historico_insuficiente,produto_uf,UF,TRITICALE,RJ,producao_mil_t
baseline_ingenuo,0.0,0.0,,,2,,produto_uf,UF,TRITICALE,RN,producao_mil_t
regressao_linear,,,,,2,historico_insuficiente,produto_uf,UF,TRITICALE,RN,producao_mil_t
random_forest,,,,,2,historico_insuficiente,produto_uf,UF,TRITICALE,RN,producao_mil_t
xgboost,,,,,2,historico_insuficiente,produto_uf,UF,TRITICALE,RN,producao_mil_t
exponential_smoothing,,,,,2,historico_insuficiente,produto_uf,UF,TRITICALE,RN,producao_mil_t
baseline_ingenuo,0.0,0.0,,,2,,produto_uf,UF,TRITICALE,RO,producao_mil_t
regressao_linear,,,,,2,historico_insuficiente,produto_uf,UF,TRITICALE,RO,producao_mil_t
random_forest,,,,,2,historico_insuficiente,produto_uf,UF,TRITICALE,RO,producao_mil_t
xgboost,,,,,2,historico_insuficiente,produto_uf,UF,TRITICALE,RO,producao_mil_t
exponential_smoothing,,,,,2,historico_insuficiente,produto_uf,UF,TRITICALE,RO,producao_mil_t
baseline_ingenuo,0.0,0.0,,,2,,produto_uf,UF,TRITICALE,RR,producao_mil_t
regressao_linear,,,,,2,historico_insuficiente,produto_uf,UF,TRITICALE,RR,producao_mil_t
random_forest,,,,,2,historico_insuficiente,produto_uf,UF,TRITICALE,RR,producao_mil_t
xgboost,,,,,2,historico_insuficiente,produto_uf,UF,TRITICALE,RR,producao_mil_t
exponential_smoothing,,,,,2,historico_insuficiente,produto_uf,UF,TRITICALE,RR,producao_mil_t
baseline_ingenuo,1.0999999999999996,1.0999999999999996,10.999999999999996,,2,,produto_uf,UF,TRITICALE,RS,producao_mil_t
regressao_linear,,,,,2,historico_insuficiente,produto_uf,UF,TRITICALE,RS,producao_mil_t
random_forest,,,,,2,historico_insuficiente,produto_uf,UF,TRITICALE,RS,producao_mil_t
xgboost,,,,,2,historico_insuficiente,produto_uf,UF,TRITICALE,RS,producao_mil_t
exponential_smoothing,,,,,2,historico_insuficiente,produto_uf,UF,TRITICALE,RS,producao_mil_t
baseline_ingenuo,0.0,0.0,,,2,,produto_uf,UF,TRITICALE,SC,producao_mil_t
regressao_linear,,,,,2,historico_insuficiente,produto_uf,UF,TRITICALE,SC,producao_mil_t
random_forest,,,,,2,historico_insuficiente,produto_uf,UF,TRITICALE,SC,producao_mil_t
xgboost,,,,,2,historico_insuficiente,produto_uf,UF,TRITICALE,SC,producao_mil_t
exponential_smoothing,,,,,2,historico_insuficiente,produto_uf,UF,TRITICALE,SC,producao_mil_t
baseline_ingenuo,0.0,0.0,,,2,,produto_uf,UF,TRITICALE,SE,producao_mil_t
regressao_linear,,,,,2,historico_insuficiente,produto_uf,UF,TRITICALE,SE,producao_mil_t
random_forest,,,,,2,historico_insuficiente,produto_uf,UF,TRITICALE,SE,producao_mil_t
xgboost,,,,,2,historico_insuficiente,produto_uf,UF,TRITICALE,SE,producao_mil_t
exponential_smoothing,,,,,2,historico_insuficiente,produto_uf,UF,TRITICALE,SE,producao_mil_t
baseline_ingenuo,0.09999999999999964,0.09999999999999964,2.0408163265306047,,2,,produto_uf,UF,TRITICALE,SP,producao_mil_t
regressao_linear,,,,,2,historico_insuficiente,produto_uf,UF,TRITICALE,SP,producao_mil_t
random_forest,,,,,2,historico_insuficiente,produto_uf,UF,TRITICALE,SP,producao_mil_t
xgboost,,,,,2,historico_insuficiente,produto_uf,UF,TRITICALE,SP,producao_mil_t
exponential_smoothing,,,,,2,historico_insuficiente,produto_uf,UF,TRITICALE,SP,producao_mil_t
baseline_ingenuo,0.0,0.0,,,2,,produto_uf,UF,TRITICALE,TO,producao_mil_t
regressao_linear,,,,,2,historico_insuficiente,produto_uf,UF,TRITICALE,TO,producao_mil_t
random_forest,,,,,2,historico_insuficiente,produto_uf,UF,TRITICALE,TO,producao_mil_t
xgboost,,,,,2,historico_insuficiente,produto_uf,UF,TRITICALE,TO,producao_mil_t
exponential_smoothing,,,,,2,historico_insuficiente,produto_uf,UF,TRITICALE,TO,producao_mil_t
baseline_ingenuo,4220.900000000023,4220.900000000023,2.4110087634619406,,2,,uf,REGIAO,TODAS,CENTRO-OESTE,producao_mil_t
regressao_linear,,,,,2,historico_insuficiente,uf,REGIAO,TODAS,CENTRO-OESTE,producao_mil_t
random_forest,,,,,2,historico_insuficiente,uf,REGIAO,TODAS,CENTRO-OESTE,producao_mil_t
xgboost,,,,,2,historico_insuficiente,uf,REGIAO,TODAS,CENTRO-OESTE,producao_mil_t
exponential_smoothing,,,,,2,historico_insuficiente,uf,REGIAO,TODAS,CENTRO-OESTE,producao_mil_t
baseline_ingenuo,638.2000000000007,638.2000000000007,1.9912810470731124,,2,,uf,REGIAO,TODAS,NORDESTE,producao_mil_t
regressao_linear,,,,,2,historico_insuficiente,uf,REGIAO,TODAS,NORDESTE,producao_mil_t
random_forest,,,,,2,historico_insuficiente,uf,REGIAO,TODAS,NORDESTE,producao_mil_t
xgboost,,,,,2,historico_insuficiente,uf,REGIAO,TODAS,NORDESTE,producao_mil_t
exponential_smoothing,,,,,2,historico_insuficiente,uf,REGIAO,TODAS,NORDESTE,producao_mil_t
baseline_ingenuo,1218.2999999999993,1218.2999999999993,5.101203386565949,,2,,uf,REGIAO,TODAS,NORTE,producao_mil_t
regressao_linear,,,,,2,historico_insuficiente,uf,REGIAO,TODAS,NORTE,producao_mil_t
random_forest,,,,,2,historico_insuficiente,uf,REGIAO,TODAS,NORTE,producao_mil_t
xgboost,,,,,2,historico_insuficiente,uf,REGIAO,TODAS,NORTE,producao_mil_t
exponential_smoothing,,,,,2,historico_insuficiente,uf,REGIAO,TODAS,NORTE,producao_mil_t
baseline_ingenuo,562.0,562.0,1.8297070189775129,,2,,uf,REGIAO,TODAS,SUDESTE,producao_mil_t
regressao_linear,,,,,2,historico_insuficiente,uf,REGIAO,TODAS,SUDESTE,producao_mil_t
random_forest,,,,,2,historico_insuficiente,uf,REGIAO,TODAS,SUDESTE,producao_mil_t
xgboost,,,,,2,historico_insuficiente,uf,REGIAO,TODAS,SUDESTE,producao_mil_t
exponential_smoothing,,,,,2,historico_insuficiente,uf,REGIAO,TODAS,SUDESTE,producao_mil_t
baseline_ingenuo,2919.399999999994,2919.399999999994,3.1850142645959756,,2,,uf,REGIAO,TODAS,SUL,producao_mil_t
regressao_linear,,,,,2,historico_insuficiente,uf,REGIAO,TODAS,SUL,producao_mil_t
random_forest,,,,,2,historico_insuficiente,uf,REGIAO,TODAS,SUL,producao_mil_t
xgboost,,,,,2,historico_insuficiente,uf,REGIAO,TODAS,SUL,producao_mil_t
exponential_smoothing,,,,,2,historico_insuficiente,uf,REGIAO,TODAS,SUL,producao_mil_t
baseline_ingenuo,1117.0,1117.0,0.3160939772013894,,2,,uf,TOTAL_BRASIL,TODAS,BRASIL,producao_mil_t
regressao_linear,,,,,2,historico_insuficiente,uf,TOTAL_BRASIL,TODAS,BRASIL,producao_mil_t
random_forest,,,,,2,historico_insuficiente,uf,TOTAL_BRASIL,TODAS,BRASIL,producao_mil_t
xgboost,,,,,2,historico_insuficiente,uf,TOTAL_BRASIL,TODAS,BRASIL,producao_mil_t
exponential_smoothing,,,,,2,historico_insuficiente,uf,TOTAL_BRASIL,TODAS,BRASIL,producao_mil_t
baseline_ingenuo,26.0,26.0,10.93815734118637,,2,,uf,UF,TODAS,AC,producao_mil_t
regressao_linear,,,,,2,historico_insuficiente,uf,UF,TODAS,AC,producao_mil_t
random_forest,,,,,2,historico_insuficiente,uf,UF,TODAS,AC,producao_mil_t
xgboost,,,,,2,historico_insuficiente,uf,UF,TODAS,AC,producao_mil_t
exponential_smoothing,,,,,2,historico_insuficiente,uf,UF,TODAS,AC,producao_mil_t
baseline_ingenuo,52.5,52.5,32.87413901064496,,2,,uf,UF,TODAS,AL,producao_mil_t
regressao_linear,,,,,2,historico_insuficiente,uf,UF,TODAS,AL,producao_mil_t
random_forest,,,,,2,historico_insuficiente,uf,UF,TODAS,AL,producao_mil_t
xgboost,,,,,2,historico_insuficiente,uf,UF,TODAS,AL,producao_mil_t
exponential_smoothing,,,,,2,historico_insuficiente,uf,UF,TODAS,AL,producao_mil_t
baseline_ingenuo,15.0,15.0,14.77832512315271,,2,,uf,UF,TODAS,AM,producao_mil_t
regressao_linear,,,,,2,historico_insuficiente,uf,UF,TODAS,AM,producao_mil_t
random_forest,,,,,2,historico_insuficiente,uf,UF,TODAS,AM,producao_mil_t
xgboost,,,,,2,historico_insuficiente,uf,UF,TODAS,AM,producao_mil_t
exponential_smoothing,,,,,2,historico_insuficiente,uf,UF,TODAS,AM,producao_mil_t
baseline_ingenuo,5.399999999999999,5.399999999999999,15.254237288135588,,2,,uf,UF,TODAS,AP,producao_mil_t
regressao_linear,,,,,2,historico_insuficiente,uf,UF,TODAS,AP,producao_mil_t
random_forest,,,,,2,historico_insuficiente,uf,UF,TODAS,AP,producao_mil_t
xgboost,,,,,2,historico_insuficiente,uf,UF,TODAS,AP,producao_mil_t
exponential_smoothing,,,,,2,historico_insuficiente,uf,UF,TODAS,AP,producao_mil_t
baseline_ingenuo,397.5,397.5,2.7585967590825495,,2,,uf,UF,TODAS,BA,producao_mil_t
regressao_linear,,,,,2,historico_insuficiente,uf,UF,TODAS,BA,producao_mil_t
random_forest,,,,,2,historico_insuficiente,uf,UF,TODAS,BA,producao_mil_t
xgboost,,,,,2,historico_insuficiente,uf,UF,TODAS,BA,producao_mil_t
exponential_smoothing,,,,,2,historico_insuficiente,uf,UF,TODAS,BA,producao_mil_t
baseline_ingenuo,223.70000000000005,223.70000000000005,38.58093891207617,,2,,uf,UF,TODAS,CE,producao_mil_t
regressao_linear,,,,,2,historico_insuficiente,uf,UF,TODAS,CE,producao_mil_t
random_forest,,,,,2,historico_insuficiente,uf,UF,TODAS,CE,producao_mil_t
xgboost,,,,,2,historico_insuficiente,uf,UF,TODAS,CE,producao_mil_t
exponential_smoothing,,,,,2,historico_insuficiente,uf,UF,TODAS,CE,producao_mil_t
baseline_ingenuo,19.399999999999977,19.399999999999977,2.126959763183859,,2,,uf,UF,TODAS,DF,producao_mil_t
regressao_linear,,,,,2,historico_insuficiente,uf,UF,TODAS,DF,producao_mil_t
random_forest,,,,,2,historico_insuficiente,uf,UF,TODAS,DF,producao_mil_t
xgboost,,,,,2,historico_insuficiente,uf,UF,TODAS,DF,producao_mil_t
exponential_smoothing,,,,,2,historico_insuficiente,uf,UF,TODAS,DF,producao_mil_t
baseline_ingenuo,3.200000000000003,3.200000000000003,4.698972099853162,,2,,uf,UF,TODAS,ES,producao_mil_t
regressao_linear,,,,,2,historico_insuficiente,uf,UF,TODAS,ES,producao_mil_t
random_forest,,,,,2,historico_insuficiente,uf,UF,TODAS,ES,producao_mil_t
xgboost,,,,,2,historico_insuficiente,uf,UF,TODAS,ES,producao_mil_t
exponential_smoothing,,,,,2,historico_insuficiente,uf,UF,TODAS,ES,producao_mil_t
baseline_ingenuo,1482.0,1482.0,4.130077947557485,,2,,uf,UF,TODAS,GO,producao_mil_t
regressao_linear,,,,,2,historico_insuficiente,uf,UF,TODAS,GO,producao_mil_t
random_forest,,,,,2,historico_insuficiente,uf,UF,TODAS,GO,producao_mil_t
xgboost,,,,,2,historico_insuficiente,uf,UF,TODAS,GO,producao_mil_t
exponential_smoothing,,,,,2,historico_insuficiente,uf,UF,TODAS,GO,producao_mil_t
baseline_ingenuo,10.899999999999636,10.899999999999636,0.12381720491179031,,2,,uf,UF,TODAS,MA,producao_mil_t
regressao_linear,,,,,2,historico_insuficiente,uf,UF,TODAS,MA,producao_mil_t
random_forest,,,,,2,historico_insuficiente,uf,UF,TODAS,MA,producao_mil_t
xgboost,,,,,2,historico_insuficiente,uf,UF,TODAS,MA,producao_mil_t
exponential_smoothing,,,,,2,historico_insuficiente,uf,UF,TODAS,MA,producao_mil_t
baseline_ingenuo,418.1000000000022,418.1000000000022,2.2207821870003888,,2,,uf,UF,TODAS,MG,producao_mil_t
regressao_linear,,,,,2,historico_insuficiente,uf,UF,TODAS,MG,producao_mil_t
random_forest,,,,,2,historico_insuficiente,uf,UF,TODAS,MG,producao_mil_t
xgboost,,,,,2,historico_insuficiente,uf,UF,TODAS,MG,producao_mil_t
exponential_smoothing,,,,,2,historico_insuficiente,uf,UF,TODAS,MG,producao_mil_t
baseline_ingenuo,587.5,587.5,2.0130962619800643,,2,,uf,UF,TODAS,MS,producao_mil_t
regressao_linear,,,,,2,historico_insuficiente,uf,UF,TODAS,MS,producao_mil_t
random_forest,,,,,2,historico_insuficiente,uf,UF,TODAS,MS,producao_mil_t
xgboost,,,,,2,historico_insuficiente,uf,UF,TODAS,MS,producao_mil_t
exponential_smoothing,,,,,2,historico_insuficiente,uf,UF,TODAS,MS,producao_mil_t
baseline_ingenuo,3307.0,3307.0,3.0314780540972626,,2,,uf,UF,TODAS,MT,producao_mil_t
regressao_linear,,,,,2,historico_insuficiente,uf,UF,TODAS,MT,producao_mil_t
random_forest,,,,,2,historico_insuficiente,uf,UF,TODAS,MT,producao_mil_t
xgboost,,,,,2,historico_insuficiente,uf,UF,TODAS,MT,producao_mil_t
exponential_smoothing,,,,,2,historico_insuficiente,uf,UF,TODAS,MT,producao_mil_t
baseline_ingenuo,428.1999999999998,428.1999999999998,5.732108912746645,,2,,uf,UF,TODAS,PA,producao_mil_t
regressao_linear,,,,,2,historico_insuficiente,uf,UF,TODAS,PA,producao_mil_t
random_forest,,,,,2,historico_insuficiente,uf,UF,TODAS,PA,producao_mil_t
xgboost,,,,,2,historico_insuficiente,uf,UF,TODAS,PA,producao_mil_t
exponential_smoothing,,,,,2,historico_insuficiente,uf,UF,TODAS,PA,producao_mil_t
baseline_ingenuo,33.0,33.0,27.500000000000004,,2,,uf,UF,TODAS,PB,producao_mil_t
regressao_linear,,,,,2,historico_insuficiente,uf,UF,TODAS,PB,producao_mil_t
random_forest,,,,,2,historico_insuficiente,uf,UF,TODAS,PB,producao_mil_t
xgboost,,,,,2,historico_insuficiente,uf,UF,TODAS,PB,producao_mil_t
exponential_smoothing,,,,,2,historico_insuficiente,uf,UF,TODAS,PB,producao_mil_t
baseline_ingenuo,8.300000000000011,8.300000000000011,2.421236872812139,,2,,uf,UF,TODAS,PE,producao_mil_t
regressao_linear,,,,,2,historico_insuficiente,uf,UF,TODAS,PE,producao_mil_t
random_forest,,,,,2,historico_insuficiente,uf,UF,TODAS,PE,producao_mil_t
xgboost,,,,,2,historico_insuficiente,uf,UF,TODAS,PE,producao_mil_t
exponential_smoothing,,,,,2,historico_insuficiente,uf,UF,TODAS,PE,producao_mil_t
baseline_ingenuo,174.19999999999982,174.19999999999982,2.7082491216069124,,2,,uf,UF,TODAS,PI,producao_mil_t
regressao_linear,,,,,2,historico_insuficiente,uf,UF,TODAS,PI,producao_mil_t
random_forest,,,,,2,historico_insuficiente,uf,UF,TODAS,PI,producao_mil_t
xgboost,,,,,2,historico_insuficiente,uf,UF,TODAS,PI,producao_mil_t
exponential_smoothing,,,,,2,historico_insuficiente,uf,UF,TODAS,PI,producao_mil_t
baseline_ingenuo,95.09999999999854,95.09999999999854,0.21225120186405777,,2,,uf,UF,TODAS,PR,producao_mil_t
regressao_linear,,,,,2,historico_insuficiente,uf,UF,TODAS,PR,producao_mil_t
random_forest,,,,,2,historico_insuficiente,uf,UF,TODAS,PR,producao_mil_t
xgboost,,,,,2,historico_insuficiente,uf,UF,TODAS,PR,producao_mil_t
exponential_smoothing,,,,,2,historico_insuficiente,uf,UF,TODAS,PR,producao_mil_t
baseline_ingenuo,0.29999999999999893,0.29999999999999893,3.370786516853921,,2,,uf,UF,TODAS,RJ,producao_mil_t
regressao_linear,,,,,2,historico_insuficiente,uf,UF,TODAS,RJ,producao_mil_t
random_forest,,,,,2,historico_insuficiente,uf,UF,TODAS,RJ,producao_mil_t
xgboost,,,,,2,historico_insuficiente,uf,UF,TODAS,RJ,producao_mil_t
exponential_smoothing,,,,,2,historico_insuficiente,uf,UF,TODAS,RJ,producao_mil_t
baseline_ingenuo,11.099999999999998,11.099999999999998,26.491646778042956,,2,,uf,UF,TODAS,RN,producao_mil_t
regressao_linear,,,,,2,historico_insuficiente,uf,UF,TODAS,RN,producao_mil_t
random_forest,,,,,2,historico_insuficiente,uf,UF,TODAS,RN,producao_mil_t
xgboost,,,,,2,historico_insuficiente,uf,UF,TODAS,RN,producao_mil_t
exponential_smoothing,,,,,2,historico_insuficiente,uf,UF,TODAS,RN,producao_mil_t
baseline_ingenuo,134.19999999999982,134.19999999999982,2.411977210230231,,2,,uf,UF,TODAS,RO,producao_mil_t
regressao_linear,,,,,2,historico_insuficiente,uf,UF,TODAS,RO,producao_mil_t
random_forest,,,,,2,historico_insuficiente,uf,UF,TODAS,RO,producao_mil_t
xgboost,,,,,2,historico_insuficiente,uf,UF,TODAS,RO,producao_mil_t
exponential_smoothing,,,,,2,historico_insuficiente,uf,UF,TODAS,RO,producao_mil_t
baseline_ingenuo,9.400000000000091,9.400000000000091,1.3396038192960082,,2,,uf,UF,TODAS,RR,producao_mil_t
regressao_linear,,,,,2,historico_insuficiente,uf,UF,TODAS,RR,producao_mil_t
random_forest,,,,,2,historico_insuficiente,uf,UF,TODAS,RR,producao_mil_t
xgboost,,,,,2,historico_insuficiente,uf,UF,TODAS,RR,producao_mil_t
exponential_smoothing,,,,,2,historico_insuficiente,uf,UF,TODAS,RR,producao_mil_t
baseline_ingenuo,3019.300000000003,3019.300000000003,7.7579473159501395,,2,,uf,UF,TODAS,RS,producao_mil_t
regressao_linear,,,,,2,historico_insuficiente,uf,UF,TODAS,RS,producao_mil_t
random_forest,,,,,2,historico_insuficiente,uf,UF,TODAS,RS,producao_mil_t
xgboost,,,,,2,historico_insuficiente,uf,UF,TODAS,RS,producao_mil_t
exponential_smoothing,,,,,2,historico_insuficiente,uf,UF,TODAS,RS,producao_mil_t
baseline_ingenuo,195.0,195.0,2.457064375086627,,2,,uf,UF,TODAS,SC,producao_mil_t
regressao_linear,,,,,2,historico_insuficiente,uf,UF,TODAS,SC,producao_mil_t
random_forest,,,,,2,historico_insuficiente,uf,UF,TODAS,SC,producao_mil_t
xgboost,,,,,2,historico_insuficiente,uf,UF,TODAS,SC,producao_mil_t
exponential_smoothing,,,,,2,historico_insuficiente,uf,UF,TODAS,SC,producao_mil_t
baseline_ingenuo,151.4000000000001,151.4000000000001,13.046100818612674,,2,,uf,UF,TODAS,SE,producao_mil_t
regressao_linear,,,,,2,historico_insuficiente,uf,UF,TODAS,SE,producao_mil_t
random_forest,,,,,2,historico_insuficiente,uf,UF,TODAS,SE,producao_mil_t
xgboost,,,,,2,historico_insuficiente,uf,UF,TODAS,SE,producao_mil_t
exponential_smoothing,,,,,2,historico_insuficiente,uf,UF,TODAS,SE,producao_mil_t
baseline_ingenuo,147.39999999999964,147.39999999999964,1.2479257678891904,,2,,uf,UF,TODAS,SP,producao_mil_t
regressao_linear,,,,,2,historico_insuficiente,uf,UF,TODAS,SP,producao_mil_t
random_forest,,,,,2,historico_insuficiente,uf,UF,TODAS,SP,producao_mil_t
xgboost,,,,,2,historico_insuficiente,uf,UF,TODAS,SP,producao_mil_t
exponential_smoothing,,,,,2,historico_insuficiente,uf,UF,TODAS,SP,producao_mil_t
baseline_ingenuo,600.1000000000004,600.1000000000004,6.1408894619430665,,2,,uf,UF,TODAS,TO,producao_mil_t
regressao_linear,,,,,2,historico_insuficiente,uf,UF,TODAS,TO,producao_mil_t
random_forest,,,,,2,historico_insuficiente,uf,UF,TODAS,TO,producao_mil_t
xgboost,,,,,2,historico_insuficiente,uf,UF,TODAS,TO,producao_mil_t
exponential_smoothing,,,,,2,historico_insuficiente,uf,UF,TODAS,TO,producao_mil_t
baseline_ingenuo,99.64731545271889,99.64731545271889,3.727900759833676,,2,,produto,PRODUTO,ALGODÃO - CAROÇO (1),BRASIL,produtividade_kg_ha
regressao_linear,,,,,2,historico_insuficiente,produto,PRODUTO,ALGODÃO - CAROÇO (1),BRASIL,produtividade_kg_ha
random_forest,,,,,2,historico_insuficiente,produto,PRODUTO,ALGODÃO - CAROÇO (1),BRASIL,produtividade_kg_ha
xgboost,,,,,2,historico_insuficiente,produto,PRODUTO,ALGODÃO - CAROÇO (1),BRASIL,produtividade_kg_ha
exponential_smoothing,,,,,2,historico_insuficiente,produto,PRODUTO,ALGODÃO - CAROÇO (1),BRASIL,produtividade_kg_ha
baseline_ingenuo,69.96051689953333,69.96051689953333,3.712447210762436,,2,,produto,PRODUTO,ALGODÃO - PLUMA,BRASIL,produtividade_kg_ha
regressao_linear,,,,,2,historico_insuficiente,produto,PRODUTO,ALGODÃO - PLUMA,BRASIL,produtividade_kg_ha
random_forest,,,,,2,historico_insuficiente,produto,PRODUTO,ALGODÃO - PLUMA,BRASIL,produtividade_kg_ha
xgboost,,,,,2,historico_insuficiente,produto,PRODUTO,ALGODÃO - PLUMA,BRASIL,produtividade_kg_ha
exponential_smoothing,,,,,2,historico_insuficiente,produto,PRODUTO,ALGODÃO - PLUMA,BRASIL,produtividade_kg_ha
baseline_ingenuo,145.73809625628473,145.73809625628473,3.3519912611545903,,2,,produto,PRODUTO,AMENDOIM 1ª SAFRA,BRASIL,produtividade_kg_ha
regressao_linear,,,,,2,historico_insuficiente,produto,PRODUTO,AMENDOIM 1ª SAFRA,BRASIL,produtividade_kg_ha
random_forest,,,,,2,historico_insuficiente,produto,PRODUTO,AMENDOIM 1ª SAFRA,BRASIL,produtividade_kg_ha
xgboost,,,,,2,historico_insuficiente,produto,PRODUTO,AMENDOIM 1ª SAFRA,BRASIL,produtividade_kg_ha
exponential_smoothing,,,,,2,historico_insuficiente,produto,PRODUTO,AMENDOIM 1ª SAFRA,BRASIL,produtividade_kg_ha
baseline_ingenuo,5.452054794520791,5.452054794520791,0.3269128095609821,,2,,produto,PRODUTO,AMENDOIM 2ª SAFRA,BRASIL,produtividade_kg_ha
regressao_linear,,,,,2,historico_insuficiente,produto,PRODUTO,AMENDOIM 2ª SAFRA,BRASIL,produtividade_kg_ha
random_forest,,,,,2,historico_insuficiente,produto,PRODUTO,AMENDOIM 2ª SAFRA,BRASIL,produtividade_kg_ha
xgboost,,,,,2,historico_insuficiente,produto,PRODUTO,AMENDOIM 2ª SAFRA,BRASIL,produtividade_kg_ha
exponential_smoothing,,,,,2,historico_insuficiente,produto,PRODUTO,AMENDOIM 2ª SAFRA,BRASIL,produtividade_kg_ha
baseline_ingenuo,142.30909172970678,142.30909172970678,3.326333941176646,,2,,produto,PRODUTO,AMENDOIM TOTAL,BRASIL,produtividade_kg_ha
regressao_linear,,,,,2,historico_insuficiente,produto,PRODUTO,AMENDOIM TOTAL,BRASIL,produtividade_kg_ha
random_forest,,,,,2,historico_insuficiente,produto,PRODUTO,AMENDOIM TOTAL,BRASIL,produtividade_kg_ha
xgboost,,,,,2,historico_insuficiente,produto,PRODUTO,AMENDOIM TOTAL,BRASIL,produtividade_kg_ha
exponential_smoothing,,,,,2,historico_insuficiente,produto,PRODUTO,AMENDOIM TOTAL,BRASIL,produtividade_kg_ha
baseline_ingenuo,235.5567906970091,235.5567906970091,3.366541046507191,,2,,produto,PRODUTO,ARROZ,BRASIL,produtividade_kg_ha
regressao_linear,,,,,2,historico_insuficiente,produto,PRODUTO,ARROZ,BRASIL,produtividade_kg_ha
random_forest,,,,,2,historico_insuficiente,produto,PRODUTO,ARROZ,BRASIL,produtividade_kg_ha
xgboost,,,,,2,historico_insuficiente,produto,PRODUTO,ARROZ,BRASIL,produtividade_kg_ha
exponential_smoothing,,,,,2,historico_insuficiente,produto,PRODUTO,ARROZ,BRASIL,produtividade_kg_ha
baseline_ingenuo,483.3399370113657,483.3399370113657,6.051001358411262,,2,,produto,PRODUTO,ARROZ IRRIGADO,BRASIL,produtividade_kg_ha
regressao_linear,,,,,2,historico_insuficiente,produto,PRODUTO,ARROZ IRRIGADO,BRASIL,produtividade_kg_ha
random_forest,,,,,2,historico_insuficiente,produto,PRODUTO,ARROZ IRRIGADO,BRASIL,produtividade_kg_ha
xgboost,,,,,2,historico_insuficiente,produto,PRODUTO,ARROZ IRRIGADO,BRASIL,produtividade_kg_ha
exponential_smoothing,,,,,2,historico_insuficiente,produto,PRODUTO,ARROZ IRRIGADO,BRASIL,produtividade_kg_ha
baseline_ingenuo,168.17933350228031,168.17933350228031,6.079192239303819,,2,,produto,PRODUTO,ARROZ SEQUEIRO,BRASIL,produtividade_kg_ha
regressao_linear,,,,,2,historico_insuficiente,produto,PRODUTO,ARROZ SEQUEIRO,BRASIL,produtividade_kg_ha
random_forest,,,,,2,historico_insuficiente,produto,PRODUTO,ARROZ SEQUEIRO,BRASIL,produtividade_kg_ha
xgboost,,,,,2,historico_insuficiente,produto,PRODUTO,ARROZ SEQUEIRO,BRASIL,produtividade_kg_ha
exponential_smoothing,,,,,2,historico_insuficiente,produto,PRODUTO,ARROZ SEQUEIRO,BRASIL,produtividade_kg_ha
baseline_ingenuo,115.0,115.0,5.104305370616955,,2,,produto,PRODUTO,AVEIA,BRASIL,produtividade_kg_ha
regressao_linear,,,,,2,historico_insuficiente,produto,PRODUTO,AVEIA,BRASIL,produtividade_kg_ha
random_forest,,,,,2,historico_insuficiente,produto,PRODUTO,AVEIA,BRASIL,produtividade_kg_ha
xgboost,,,,,2,historico_insuficiente,produto,PRODUTO,AVEIA,BRASIL,produtividade_kg_ha
exponential_smoothing,,,,,2,historico_insuficiente,produto,PRODUTO,AVEIA,BRASIL,produtividade_kg_ha
baseline_ingenuo,7.0,7.0,0.43209876543209874,,2,,produto,PRODUTO,CANOLA,BRASIL,produtividade_kg_ha
regressao_linear,,,,,2,historico_insuficiente,produto,PRODUTO,CANOLA,BRASIL,produtividade_kg_ha
random_forest,,,,,2,historico_insuficiente,produto,PRODUTO,CANOLA,BRASIL,produtividade_kg_ha
xgboost,,,,,2,historico_insuficiente,produto,PRODUTO,CANOLA,BRASIL,produtividade_kg_ha
exponential_smoothing,,,,,2,historico_insuficiente,produto,PRODUTO,CANOLA,BRASIL,produtividade_kg_ha
baseline_ingenuo,26.538768710001477,26.538768710001477,3.8202469353117876,,2,,produto,PRODUTO,CAUPI,BRASIL,produtividade_kg_ha
regressao_linear,,,,,2,historico_insuficiente,produto,PRODUTO,CAUPI,BRASIL,produtividade_kg_ha
random_forest,,,,,2,historico_insuficiente,produto,PRODUTO,CAUPI,BRASIL,produtividade_kg_ha
xgboost,,,,,2,historico_insuficiente,produto,PRODUTO,CAUPI,BRASIL,produtividade_kg_ha
exponential_smoothing,,,,,2,historico_insuficiente,produto,PRODUTO,CAUPI,BRASIL,produtividade_kg_ha
baseline_ingenuo,143.0,143.0,6.389633601429848,,2,,produto,PRODUTO,CENTEIO,BRASIL,produtividade_kg_ha
regressao_linear,,,,,2,historico_insuficiente,produto,PRODUTO,CENTEIO,BRASIL,produtividade_kg_ha
random_forest,,,,,2,historico_insuficiente,produto,PRODUTO,CENTEIO,BRASIL,produtividade_kg_ha
xgboost,,,,,2,historico_insuficiente,produto,PRODUTO,CENTEIO,BRASIL,produtividade_kg_ha
exponential_smoothing,,,,,2,historico_insuficiente,produto,PRODUTO,CENTEIO,BRASIL,produtividade_kg_ha
baseline_ingenuo,460.0,460.0,11.800923550538737,,2,,produto,PRODUTO,CEVADA,BRASIL,produtividade_kg_ha
regressao_linear,,,,,2,historico_insuficiente,produto,PRODUTO,CEVADA,BRASIL,produtividade_kg_ha
random_forest,,,,,2,historico_insuficiente,produto,PRODUTO,CEVADA,BRASIL,produtividade_kg_ha
xgboost,,,,,2,historico_insuficiente,produto,PRODUTO,CEVADA,BRASIL,produtividade_kg_ha
exponential_smoothing,,,,,2,historico_insuficiente,produto,PRODUTO,CEVADA,BRASIL,produtividade_kg_ha
baseline_ingenuo,79.18534104261994,79.18534104261994,4.39450706625138,,2,,produto,PRODUTO,CORES,BRASIL,produtividade_kg_ha
regressao_linear,,,,,2,historico_insuficiente,produto,PRODUTO,CORES,BRASIL,produtividade_kg_ha
random_forest,,,,,2,historico_insuficiente,produto,PRODUTO,CORES,BRASIL,produtividade_kg_ha
xgboost,,,,,2,historico_insuficiente,produto,PRODUTO,CORES,BRASIL,produtividade_kg_ha
exponential_smoothing,,,,,2,historico_insuficiente,produto,PRODUTO,CORES,BRASIL,produtividade_kg_ha
baseline_ingenuo,32.449701181124965,32.449701181124965,2.699550761974231,,2,,produto,PRODUTO,FEIJÃO 1ª SAFRA,BRASIL,produtividade_kg_ha
regressao_linear,,,,,2,historico_insuficiente,produto,PRODUTO,FEIJÃO 1ª SAFRA,BRASIL,produtividade_kg_ha
random_forest,,,,,2,historico_insuficiente,produto,PRODUTO,FEIJÃO 1ª SAFRA,BRASIL,produtividade_kg_ha
xgboost,,,,,2,historico_insuficiente,produto,PRODUTO,FEIJÃO 1ª SAFRA,BRASIL,produtividade_kg_ha
exponential_smoothing,,,,,2,historico_insuficiente,produto,PRODUTO,FEIJÃO 1ª SAFRA,BRASIL,produtividade_kg_ha
baseline_ingenuo,5.706820038785736,5.706820038785736,0.6027011054481046,,2,,produto,PRODUTO,FEIJÃO 2ª SAFRA,BRASIL,produtividade_kg_ha
regressao_linear,,,,,2,historico_insuficiente,produto,PRODUTO,FEIJÃO 2ª SAFRA,BRASIL,produtividade_kg_ha
random_forest,,,,,2,historico_insuficiente,produto,PRODUTO,FEIJÃO 2ª SAFRA,BRASIL,produtividade_kg_ha
xgboost,,,,,2,historico_insuficiente,produto,PRODUTO,FEIJÃO 2ª SAFRA,BRASIL,produtividade_kg_ha
exponential_smoothing,,,,,2,historico_insuficiente,produto,PRODUTO,FEIJÃO 2ª SAFRA,BRASIL,produtividade_kg_ha
baseline_ingenuo,80.57388746740116,80.57388746740116,4.895482634295051,,2,,produto,PRODUTO,FEIJÃO 3ª SAFRA,BRASIL,produtividade_kg_ha
regressao_linear,,,,,2,historico_insuficiente,produto,PRODUTO,FEIJÃO 3ª SAFRA,BRASIL,produtividade_kg_ha
random_forest,,,,,2,historico_insuficiente,produto,PRODUTO,FEIJÃO 3ª SAFRA,BRASIL,produtividade_kg_ha
xgboost,,,,,2,historico_insuficiente,produto,PRODUTO,FEIJÃO 3ª SAFRA,BRASIL,produtividade_kg_ha
exponential_smoothing,,,,,2,historico_insuficiente,produto,PRODUTO,FEIJÃO 3ª SAFRA,BRASIL,produtividade_kg_ha
baseline_ingenuo,4.3213406720758485,4.3213406720758485,0.3788737991254574,,2,,produto,PRODUTO,FEIJÃO TOTAL,BRASIL,produtividade_kg_ha
regressao_linear,,,,,2,historico_insuficiente,produto,PRODUTO,FEIJÃO TOTAL,BRASIL,produtividade_kg_ha
random_forest,,,,,2,historico_insuficiente,produto,PRODUTO,FEIJÃO TOTAL,BRASIL,produtividade_kg_ha
xgboost,,,,,2,historico_insuficiente,produto,PRODUTO,FEIJÃO TOTAL,BRASIL,produtividade_kg_ha
exponential_smoothing,,,,,2,historico_insuficiente,produto,PRODUTO,FEIJÃO TOTAL,BRASIL,produtividade_kg_ha
baseline_ingenuo,0.0,0.0,0.0,,2,,produto,PRODUTO,GERGELIM,BRASIL,produtividade_kg_ha
regressao_linear,,,,,2,historico_insuficiente,produto,PRODUTO,GERGELIM,BRASIL,produtividade_kg_ha
random_forest,,,,,2,historico_insuficiente,produto,PRODUTO,GERGELIM,BRASIL,produtividade_kg_ha
xgboost,,,,,2,historico_insuficiente,produto,PRODUTO,GERGELIM,BRASIL,produtividade_kg_ha
exponential_smoothing,,,,,2,historico_insuficiente,produto,PRODUTO,GERGELIM,BRASIL,produtividade_kg_ha
baseline_ingenuo,15.425499212502473,15.425499212502473,0.9600393028244336,,2,,produto,PRODUTO,GIRASSOL,BRASIL,produtividade_kg_ha
regressao_linear,,,,,2,historico_insuficiente,produto,PRODUTO,GIRASSOL,BRASIL,produtividade_kg_ha
random_forest,,,,,2,historico_insuficiente,produto,PRODUTO,GIRASSOL,BRASIL,produtividade_kg_ha
xgboost,,,,,2,historico_insuficiente,produto,PRODUTO,GIRASSOL,BRASIL,produtividade_kg_ha
exponential_smoothing,,,,,2,historico_insuficiente,produto,PRODUTO,GIRASSOL,BRASIL,produtividade_kg_ha
baseline_ingenuo,498.5003851556485,498.5003851556485,25.75333937772851,,2,,produto,PRODUTO,MAMONA,BRASIL,produtividade_kg_ha
regressao_linear,,,,,2,historico_insuficiente,produto,PRODUTO,MAMONA,BRASIL,produtividade_kg_ha
random_forest,,,,,2,historico_insuficiente,produto,PRODUTO,MAMONA,BRASIL,produtividade_kg_ha
xgboost,,,,,2,historico_insuficiente,produto,PRODUTO,MAMONA,BRASIL,produtividade_kg_ha
exponential_smoothing,,,,,2,historico_insuficiente,produto,PRODUTO,MAMONA,BRASIL,produtividade_kg_ha
baseline_ingenuo,6.75360672289662,6.75360672289662,0.10228241135410857,,2,,produto,PRODUTO,MILHO 1ª SAFRA,BRASIL,produtividade_kg_ha
regressao_linear,,,,,2,historico_insuficiente,produto,PRODUTO,MILHO 1ª SAFRA,BRASIL,produtividade_kg_ha
random_forest,,,,,2,historico_insuficiente,produto,PRODUTO,MILHO 1ª SAFRA,BRASIL,produtividade_kg_ha
xgboost,,,,,2,historico_insuficiente,produto,PRODUTO,MILHO 1ª SAFRA,BRASIL,produtividade_kg_ha
exponential_smoothing,,,,,2,historico_insuficiente,produto,PRODUTO,MILHO 1ª SAFRA,BRASIL,produtividade_kg_ha
baseline_ingenuo,389.99198710039855,389.99198710039855,6.3869503817747715,,2,,produto,PRODUTO,MILHO 2ª SAFRA,BRASIL,produtividade_kg_ha
regressao_linear,,,,,2,historico_insuficiente,produto,PRODUTO,MILHO 2ª SAFRA,BRASIL,produtividade_kg_ha
random_forest,,,,,2,historico_insuficiente,produto,PRODUTO,MILHO 2ª SAFRA,BRASIL,produtividade_kg_ha
xgboost,,,,,2,historico_insuficiente,produto,PRODUTO,MILHO 2ª SAFRA,BRASIL,produtividade_kg_ha
exponential_smoothing,,,,,2,historico_insuficiente,produto,PRODUTO,MILHO 2ª SAFRA,BRASIL,produtividade_kg_ha
baseline_ingenuo,485.5263929255043,485.5263929255043,11.483360183339952,,2,,produto,PRODUTO,MILHO 3ª SAFRA,BRASIL,produtividade_kg_ha
regressao_linear,,,,,2,historico_insuficiente,produto,PRODUTO,MILHO 3ª SAFRA,BRASIL,produtividade_kg_ha
random_forest,,,,,2,historico_insuficiente,produto,PRODUTO,MILHO 3ª SAFRA,BRASIL,produtividade_kg_ha
xgboost,,,,,2,historico_insuficiente,produto,PRODUTO,MILHO 3ª SAFRA,BRASIL,produtividade_kg_ha
exponential_smoothing,,,,,2,historico_insuficiente,produto,PRODUTO,MILHO 3ª SAFRA,BRASIL,produtividade_kg_ha
baseline_ingenuo,317.594322592201,317.594322592201,5.167279732432782,,2,,produto,PRODUTO,MILHO TOTAL,BRASIL,produtividade_kg_ha
regressao_linear,,,,,2,historico_insuficiente,produto,PRODUTO,MILHO TOTAL,BRASIL,produtividade_kg_ha
random_forest,,,,,2,historico_insuficiente,produto,PRODUTO,MILHO TOTAL,BRASIL,produtividade_kg_ha
xgboost,,,,,2,historico_insuficiente,produto,PRODUTO,MILHO TOTAL,BRASIL,produtividade_kg_ha
exponential_smoothing,,,,,2,historico_insuficiente,produto,PRODUTO,MILHO TOTAL,BRASIL,produtividade_kg_ha
baseline_ingenuo,122.68085106383,122.68085106383,10.71043800230334,,2,,produto,PRODUTO,PRETO,BRASIL,produtividade_kg_ha
regressao_linear,,,,,2,historico_insuficiente,produto,PRODUTO,PRETO,BRASIL,produtividade_kg_ha
random_forest,,,,,2,historico_insuficiente,produto,PRODUTO,PRETO,BRASIL,produtividade_kg_ha
xgboost,,,,,2,historico_insuficiente,produto,PRODUTO,PRETO,BRASIL,produtividade_kg_ha
exponential_smoothing,,,,,2,historico_insuficiente,produto,PRODUTO,PRETO,BRASIL,produtividade_kg_ha
baseline_ingenuo,52.918176338303965,52.918176338303965,1.440042827543399,,2,,produto,PRODUTO,SOJA,BRASIL,produtividade_kg_ha
regressao_linear,,,,,2,historico_insuficiente,produto,PRODUTO,SOJA,BRASIL,produtividade_kg_ha
random_forest,,,,,2,historico_insuficiente,produto,PRODUTO,SOJA,BRASIL,produtividade_kg_ha
xgboost,,,,,2,historico_insuficiente,produto,PRODUTO,SOJA,BRASIL,produtividade_kg_ha
exponential_smoothing,,,,,2,historico_insuficiente,produto,PRODUTO,SOJA,BRASIL,produtividade_kg_ha
baseline_ingenuo,68.30210744398164,68.30210744398164,1.8606701140976887,,2,,produto,PRODUTO,SORGO,BRASIL,produtividade_kg_ha
regressao_linear,,,,,2,historico_insuficiente,produto,PRODUTO,SORGO,BRASIL,produtividade_kg_ha
random_forest,,,,,2,historico_insuficiente,produto,PRODUTO,SORGO,BRASIL,produtividade_kg_ha
xgboost,,,,,2,historico_insuficiente,produto,PRODUTO,SORGO,BRASIL,produtividade_kg_ha
exponential_smoothing,,,,,2,historico_insuficiente,produto,PRODUTO,SORGO,BRASIL,produtividade_kg_ha
baseline_ingenuo,241.0,241.0,8.09267965077233,,2,,produto,PRODUTO,TRIGO,BRASIL,produtividade_kg_ha
regressao_linear,,,,,2,historico_insuficiente,produto,PRODUTO,TRIGO,BRASIL,produtividade_kg_ha
random_forest,,,,,2,historico_insuficiente,produto,PRODUTO,TRIGO,BRASIL,produtividade_kg_ha
xgboost,,,,,2,historico_insuficiente,produto,PRODUTO,TRIGO,BRASIL,produtividade_kg_ha
exponential_smoothing,,,,,2,historico_insuficiente,produto,PRODUTO,TRIGO,BRASIL,produtividade_kg_ha
baseline_ingenuo,264.0,264.0,8.958262639972855,,2,,produto,PRODUTO,TRITICALE,BRASIL,produtividade_kg_ha
regressao_linear,,,,,2,historico_insuficiente,produto,PRODUTO,TRITICALE,BRASIL,produtividade_kg_ha
random_forest,,,,,2,historico_insuficiente,produto,PRODUTO,TRITICALE,BRASIL,produtividade_kg_ha
xgboost,,,,,2,historico_insuficiente,produto,PRODUTO,TRITICALE,BRASIL,produtividade_kg_ha
exponential_smoothing,,,,,2,historico_insuficiente,produto,PRODUTO,TRITICALE,BRASIL,produtividade_kg_ha
baseline_ingenuo,127.5793397121206,127.5793397121206,4.792812905277574,,2,,produto_uf,REGIAO,ALGODÃO - CAROÇO (1),CENTRO-OESTE,produtividade_kg_ha
regressao_linear,,,,,2,historico_insuficiente,produto_uf,REGIAO,ALGODÃO - CAROÇO (1),CENTRO-OESTE,produtividade_kg_ha
random_forest,,,,,2,historico_insuficiente,produto_uf,REGIAO,ALGODÃO - CAROÇO (1),CENTRO-OESTE,produtividade_kg_ha
xgboost,,,,,2,historico_insuficiente,produto_uf,REGIAO,ALGODÃO - CAROÇO (1),CENTRO-OESTE,produtividade_kg_ha
exponential_smoothing,,,,,2,historico_insuficiente,produto_uf,REGIAO,ALGODÃO - CAROÇO (1),CENTRO-OESTE,produtividade_kg_ha
baseline_ingenuo,49.24195616107909,49.24195616107909,1.8119813549741757,,2,,produto_uf,REGIAO,ALGODÃO - CAROÇO (1),NORDESTE,produtividade_kg_ha
regressao_linear,,,,,2,historico_insuficiente,produto_uf,REGIAO,ALGODÃO - CAROÇO (1),NORDESTE,produtividade_kg_ha
random_forest,,,,,2,historico_insuficiente,produto_uf,REGIAO,ALGODÃO - CAROÇO (1),NORDESTE,produtividade_kg_ha
xgboost,,,,,2,historico_insuficiente,produto_uf,REGIAO,ALGODÃO - CAROÇO (1),NORDESTE,produtividade_kg_ha
exponential_smoothing,,,,,2,historico_insuficiente,produto_uf,REGIAO,ALGODÃO - CAROÇO (1),NORDESTE,produtividade_kg_ha
baseline_ingenuo,31.012662704413287,31.012662704413287,1.1714906005439214,,2,,produto_uf,REGIAO,ALGODÃO - CAROÇO (1),NORTE,produtividade_kg_ha
regressao_linear,,,,,2,historico_insuficiente,produto_uf,REGIAO,ALGODÃO - CAROÇO (1),NORTE,produtividade_kg_ha
random_forest,,,,,2,historico_insuficiente,produto_uf,REGIAO,ALGODÃO - CAROÇO (1),NORTE,produtividade_kg_ha
xgboost,,,,,2,historico_insuficiente,produto_uf,REGIAO,ALGODÃO - CAROÇO (1),NORTE,produtividade_kg_ha
exponential_smoothing,,,,,2,historico_insuficiente,produto_uf,REGIAO,ALGODÃO - CAROÇO (1),NORTE,produtividade_kg_ha
baseline_ingenuo,210.4900498198317,210.4900498198317,8.025894536487202,,2,,produto_uf,REGIAO,ALGODÃO - CAROÇO (1),SUDESTE,produtividade_kg_ha
regressao_linear,,,,,2,historico_insuficiente,produto_uf,REGIAO,ALGODÃO - CAROÇO (1),SUDESTE,produtividade_kg_ha
random_forest,,,,,2,historico_insuficiente,produto_uf,REGIAO,ALGODÃO - CAROÇO (1),SUDESTE,produtividade_kg_ha
xgboost,,,,,2,historico_insuficiente,produto_uf,REGIAO,ALGODÃO - CAROÇO (1),SUDESTE,produtividade_kg_ha
exponential_smoothing,,,,,2,historico_insuficiente,produto_uf,REGIAO,ALGODÃO - CAROÇO (1),SUDESTE,produtividade_kg_ha
baseline_ingenuo,0.0,0.0,0.0,,2,,produto_uf,REGIAO,ALGODÃO - CAROÇO (1),SUL,produtividade_kg_ha
regressao_linear,,,,,2,historico_insuficiente,produto_uf,REGIAO,ALGODÃO - CAROÇO (1),SUL,produtividade_kg_ha
random_forest,,,,,2,historico_insuficiente,produto_uf,REGIAO,ALGODÃO - CAROÇO (1),SUL,produtividade_kg_ha
xgboost,,,,,2,historico_insuficiente,produto_uf,REGIAO,ALGODÃO - CAROÇO (1),SUL,produtividade_kg_ha
exponential_smoothing,,,,,2,historico_insuficiente,produto_uf,REGIAO,ALGODÃO - CAROÇO (1),SUL,produtividade_kg_ha
baseline_ingenuo,89.44789516285982,89.44789516285982,4.796819513079192,,2,,produto_uf,REGIAO,ALGODÃO - PLUMA,CENTRO-OESTE,produtividade_kg_ha
regressao_linear,,,,,2,historico_insuficiente,produto_uf,REGIAO,ALGODÃO - PLUMA,CENTRO-OESTE,produtividade_kg_ha
random_forest,,,,,2,historico_insuficiente,produto_uf,REGIAO,ALGODÃO - PLUMA,CENTRO-OESTE,produtividade_kg_ha
xgboost,,,,,2,historico_insuficiente,produto_uf,REGIAO,ALGODÃO - PLUMA,CENTRO-OESTE,produtividade_kg_ha
exponential_smoothing,,,,,2,historico_insuficiente,produto_uf,REGIAO,ALGODÃO - PLUMA,CENTRO-OESTE,produtividade_kg_ha
baseline_ingenuo,35.34028757861961,35.34028757861961,1.807142719007892,,2,,produto_uf,REGIAO,ALGODÃO - PLUMA,NORDESTE,produtividade_kg_ha
regressao_linear,,,,,2,historico_insuficiente,produto_uf,REGIAO,ALGODÃO - PLUMA,NORDESTE,produtividade_kg_ha
random_forest,,,,,2,historico_insuficiente,produto_uf,REGIAO,ALGODÃO - PLUMA,NORDESTE,produtividade_kg_ha
xgboost,,,,,2,historico_insuficiente,produto_uf,REGIAO,ALGODÃO - PLUMA,NORDESTE,produtividade_kg_ha
exponential_smoothing,,,,,2,historico_insuficiente,produto_uf,REGIAO,ALGODÃO - PLUMA,NORDESTE,produtividade_kg_ha
baseline_ingenuo,15.334690909091023,15.334690909091023,0.8949970626886822,,2,,produto_uf,REGIAO,ALGODÃO - PLUMA,NORTE,produtividade_kg_ha
regressao_linear,,,,,2,historico_insuficiente,produto_uf,REGIAO,ALGODÃO - PLUMA,NORTE,produtividade_kg_ha
random_forest,,,,,2,historico_insuficiente,produto_uf,REGIAO,ALGODÃO - PLUMA,NORTE,produtividade_kg_ha
xgboost,,,,,2,historico_insuficiente,produto_uf,REGIAO,ALGODÃO - PLUMA,NORTE,produtividade_kg_ha
exponential_smoothing,,,,,2,historico_insuficiente,produto_uf,REGIAO,ALGODÃO - PLUMA,NORTE,produtividade_kg_ha
baseline_ingenuo,151.97786795296497,151.97786795296497,7.993226471857473,,2,,produto_uf,REGIAO,ALGODÃO - PLUMA,SUDESTE,produtividade_kg_ha
regressao_linear,,,,,2,historico_insuficiente,produto_uf,REGIAO,ALGODÃO - PLUMA,SUDESTE,produtividade_kg_ha
random_forest,,,,,2,historico_insuficiente,produto_uf,REGIAO,ALGODÃO - PLUMA,SUDESTE,produtividade_kg_ha
xgboost,,,,,2,historico_insuficiente,produto_uf,REGIAO,ALGODÃO - PLUMA,SUDESTE,produtividade_kg_ha
exponential_smoothing,,,,,2,historico_insuficiente,produto_uf,REGIAO,ALGODÃO - PLUMA,SUDESTE,produtividade_kg_ha
baseline_ingenuo,0.0,0.0,0.0,,2,,produto_uf,REGIAO,ALGODÃO - PLUMA,SUL,produtividade_kg_ha
regressao_linear,,,,,2,historico_insuficiente,produto_uf,REGIAO,ALGODÃO - PLUMA,SUL,produtividade_kg_ha
random_forest,,,,,2,historico_insuficiente,produto_uf,REGIAO,ALGODÃO - PLUMA,SUL,produtividade_kg_ha
xgboost,,,,,2,historico_insuficiente,produto_uf,REGIAO,ALGODÃO - PLUMA,SUL,produtividade_kg_ha
exponential_smoothing,,,,,2,historico_insuficiente,produto_uf,REGIAO,ALGODÃO - PLUMA,SUL,produtividade_kg_ha
baseline_ingenuo,23.0,23.0,0.5794910556815319,,2,,produto_uf,REGIAO,AMENDOIM TOTAL,CENTRO-OESTE,produtividade_kg_ha
regressao_linear,,,,,2,historico_insuficiente,produto_uf,REGIAO,AMENDOIM TOTAL,CENTRO-OESTE,produtividade_kg_ha
random_forest,,,,,2,historico_insuficiente,produto_uf,REGIAO,AMENDOIM TOTAL,CENTRO-OESTE,produtividade_kg_ha
xgboost,,,,,2,historico_insuficiente,produto_uf,REGIAO,AMENDOIM TOTAL,CENTRO-OESTE,produtividade_kg_ha
exponential_smoothing,,,,,2,historico_insuficiente,produto_uf,REGIAO,AMENDOIM TOTAL,CENTRO-OESTE,produtividade_kg_ha
baseline_ingenuo,13.333333333333258,13.333333333333258,1.3585891574134474,,2,,produto_uf,REGIAO,AMENDOIM TOTAL,NORDESTE,produtividade_kg_ha
regressao_linear,,,,,2,historico_insuficiente,produto_uf,REGIAO,AMENDOIM TOTAL,NORDESTE,produtividade_kg_ha
random_forest,,,,,2,historico_insuficiente,produto_uf,REGIAO,AMENDOIM TOTAL,NORDESTE,produtividade_kg_ha
xgboost,,,,,2,historico_insuficiente,produto_uf,REGIAO,AMENDOIM TOTAL,NORDESTE,produtividade_kg_ha
exponential_smoothing,,,,,2,historico_insuficiente,produto_uf,REGIAO,AMENDOIM TOTAL,NORDESTE,produtividade_kg_ha
baseline_ingenuo,0.0,0.0,0.0,,2,,produto_uf,REGIAO,AMENDOIM TOTAL,NORTE,produtividade_kg_ha
regressao_linear,,,,,2,historico_insuficiente,produto_uf,REGIAO,AMENDOIM TOTAL,NORTE,produtividade_kg_ha
random_forest,,,,,2,historico_insuficiente,produto_uf,REGIAO,AMENDOIM TOTAL,NORTE,produtividade_kg_ha
xgboost,,,,,2,historico_insuficiente,produto_uf,REGIAO,AMENDOIM TOTAL,NORTE,produtividade_kg_ha
exponential_smoothing,,,,,2,historico_insuficiente,produto_uf,REGIAO,AMENDOIM TOTAL,NORTE,produtividade_kg_ha
baseline_ingenuo,178.5015867480388,178.5015867480388,4.051383415634165,,2,,produto_uf,REGIAO,AMENDOIM TOTAL,SUDESTE,produtividade_kg_ha
regressao_linear,,,,,2,historico_insuficiente,produto_uf,REGIAO,AMENDOIM TOTAL,SUDESTE,produtividade_kg_ha
random_forest,,,,,2,historico_insuficiente,produto_uf,REGIAO,AMENDOIM TOTAL,SUDESTE,produtividade_kg_ha
xgboost,,,,,2,historico_insuficiente,produto_uf,REGIAO,AMENDOIM TOTAL,SUDESTE,produtividade_kg_ha
exponential_smoothing,,,,,2,historico_insuficiente,produto_uf,REGIAO,AMENDOIM TOTAL,SUDESTE,produtividade_kg_ha
baseline_ingenuo,100.0,100.0,3.4614053305642094,,2,,produto_uf,REGIAO,AMENDOIM TOTAL,SUL,produtividade_kg_ha
regressao_linear,,,,,2,historico_insuficiente,produto_uf,REGIAO,AMENDOIM TOTAL,SUL,produtividade_kg_ha
random_forest,,,,,2,historico_insuficiente,produto_uf,REGIAO,AMENDOIM TOTAL,SUL,produtividade_kg_ha
xgboost,,,,,2,historico_insuficiente,produto_uf,REGIAO,AMENDOIM TOTAL,SUL,produtividade_kg_ha
exponential_smoothing,,,,,2,historico_insuficiente,produto_uf,REGIAO,AMENDOIM TOTAL,SUL,produtividade_kg_ha
baseline_ingenuo,73.00597119775193,73.00597119775193,1.725637516492718,,2,,produto_uf,REGIAO,ARROZ,CENTRO-OESTE,produtividade_kg_ha
regressao_linear,,,,,2,historico_insuficiente,produto_uf,REGIAO,ARROZ,CENTRO-OESTE,produtividade_kg_ha
random_forest,,,,,2,historico_insuficiente,produto_uf,REGIAO,ARROZ,CENTRO-OESTE,produtividade_kg_ha
xgboost,,,,,2,historico_insuficiente,produto_uf,REGIAO,ARROZ,CENTRO-OESTE,produtividade_kg_ha
exponential_smoothing,,,,,2,historico_insuficiente,produto_uf,REGIAO,ARROZ,CENTRO-OESTE,produtividade_kg_ha
baseline_ingenuo,32.86065339385823,32.86065339385823,1.1648726360366357,,2,,produto_uf,REGIAO,ARROZ,NORDESTE,produtividade_kg_ha
regressao_linear,,,,,2,historico_insuficiente,produto_uf,REGIAO,ARROZ,NORDESTE,produtividade_kg_ha
random_forest,,,,,2,historico_insuficiente,produto_uf,REGIAO,ARROZ,NORDESTE,produtividade_kg_ha
xgboost,,,,,2,historico_insuficiente,produto_uf,REGIAO,ARROZ,NORDESTE,produtividade_kg_ha
exponential_smoothing,,,,,2,historico_insuficiente,produto_uf,REGIAO,ARROZ,NORDESTE,produtividade_kg_ha
baseline_ingenuo,197.93962222873597,197.93962222873597,4.056155873469091,,2,,produto_uf,REGIAO,ARROZ,NORTE,produtividade_kg_ha
regressao_linear,,,,,2,historico_insuficiente,produto_uf,REGIAO,ARROZ,NORTE,produtividade_kg_ha
random_forest,,,,,2,historico_insuficiente,produto_uf,REGIAO,ARROZ,NORTE,produtividade_kg_ha
xgboost,,,,,2,historico_insuficiente,produto_uf,REGIAO,ARROZ,NORTE,produtividade_kg_ha
exponential_smoothing,,,,,2,historico_insuficiente,produto_uf,REGIAO,ARROZ,NORTE,produtividade_kg_ha
baseline_ingenuo,163.0227118869043,163.0227118869043,3.345689400165127,,2,,produto_uf,REGIAO,ARROZ,SUDESTE,produtividade_kg_ha
regressao_linear,,,,,2,historico_insuficiente,produto_uf,REGIAO,ARROZ,SUDESTE,produtividade_kg_ha
random_forest,,,,,2,historico_insuficiente,produto_uf,REGIAO,ARROZ,SUDESTE,produtividade_kg_ha
xgboost,,,,,2,historico_insuficiente,produto_uf,REGIAO,ARROZ,SUDESTE,produtividade_kg_ha
exponential_smoothing,,,,,2,historico_insuficiente,produto_uf,REGIAO,ARROZ,SUDESTE,produtividade_kg_ha
baseline_ingenuo,610.9207449315745,610.9207449315745,7.355944037432917,,2,,produto_uf,REGIAO,ARROZ,SUL,produtividade_kg_ha
regressao_linear,,,,,2,historico_insuficiente,produto_uf,REGIAO,ARROZ,SUL,produtividade_kg_ha
random_forest,,,,,2,historico_insuficiente,produto_uf,REGIAO,ARROZ,SUL,produtividade_kg_ha
xgboost,,,,,2,historico_insuficiente,produto_uf,REGIAO,ARROZ,SUL,produtividade_kg_ha
exponential_smoothing,,,,,2,historico_insuficiente,produto_uf,REGIAO,ARROZ,SUL,produtividade_kg_ha
baseline_ingenuo,162.0,162.0,11.352487736510161,,2,,produto_uf,REGIAO,AVEIA,CENTRO-OESTE,produtividade_kg_ha
regressao_linear,,,,,2,historico_insuficiente,produto_uf,REGIAO,AVEIA,CENTRO-OESTE,produtividade_kg_ha
random_forest,,,,,2,historico_insuficiente,produto_uf,REGIAO,AVEIA,CENTRO-OESTE,produtividade_kg_ha
xgboost,,,,,2,historico_insuficiente,produto_uf,REGIAO,AVEIA,CENTRO-OESTE,produtividade_kg_ha
exponential_smoothing,,,,,2,historico_insuficiente,produto_uf,REGIAO,AVEIA,CENTRO-OESTE,produtividade_kg_ha
baseline_ingenuo,0.0,0.0,,,2,,produto_uf,REGIAO,AVEIA,NORDESTE,produtividade_kg_ha
regressao_linear,,,,,2,historico_insuficiente,produto_uf,REGIAO,AVEIA,NORDESTE,produtividade_kg_ha
random_forest,,,,,2,historico_insuficiente,produto_uf,REGIAO,AVEIA,NORDESTE,produtividade_kg_ha
xgboost,,,,,2,historico_insuficiente,produto_uf,REGIAO,AVEIA,NORDESTE,produtividade_kg_ha
exponential_smoothing,,,,,2,historico_insuficiente,produto_uf,REGIAO,AVEIA,NORDESTE,produtividade_kg_ha
baseline_ingenuo,0.0,0.0,,,2,,produto_uf,REGIAO,AVEIA,NORTE,produtividade_kg_ha
regressao_linear,,,,,2,historico_insuficiente,produto_uf,REGIAO,AVEIA,NORTE,produtividade_kg_ha
random_forest,,,,,2,historico_insuficiente,produto_uf,REGIAO,AVEIA,NORTE,produtividade_kg_ha
xgboost,,,,,2,historico_insuficiente,produto_uf,REGIAO,AVEIA,NORTE,produtividade_kg_ha
exponential_smoothing,,,,,2,historico_insuficiente,produto_uf,REGIAO,AVEIA,NORTE,produtividade_kg_ha
baseline_ingenuo,0.0,0.0,,,2,,produto_uf,REGIAO,AVEIA,SUDESTE,produtividade_kg_ha
regressao_linear,,,,,2,historico_insuficiente,produto_uf,REGIAO,AVEIA,SUDESTE,produtividade_kg_ha
random_forest,,,,,2,historico_insuficiente,produto_uf,REGIAO,AVEIA,SUDESTE,produtividade_kg_ha
xgboost,,,,,2,historico_insuficiente,produto_uf,REGIAO,AVEIA,SUDESTE,produtividade_kg_ha
exponential_smoothing,,,,,2,historico_insuficiente,produto_uf,REGIAO,AVEIA,SUDESTE,produtividade_kg_ha
baseline_ingenuo,110.0,110.0,4.741379310344827,,2,,produto_uf,REGIAO,AVEIA,SUL,produtividade_kg_ha
regressao_linear,,,,,2,historico_insuficiente,produto_uf,REGIAO,AVEIA,SUL,produtividade_kg_ha
random_forest,,,,,2,historico_insuficiente,produto_uf,REGIAO,AVEIA,SUL,produtividade_kg_ha
xgboost,,,,,2,historico_insuficiente,produto_uf,REGIAO,AVEIA,SUL,produtividade_kg_ha
exponential_smoothing,,,,,2,historico_insuficiente,produto_uf,REGIAO,AVEIA,SUL,produtividade_kg_ha
baseline_ingenuo,0.0,0.0,,,2,,produto_uf,REGIAO,CANOLA,CENTRO-OESTE,produtividade_kg_ha
regressao_linear,,,,,2,historico_insuficiente,produto_uf,REGIAO,CANOLA,CENTRO-OESTE,produtividade_kg_ha
random_forest,,,,,2,historico_insuficiente,produto_uf,REGIAO,CANOLA,CENTRO-OESTE,produtividade_kg_ha
xgboost,,,,,2,historico_insuficiente,produto_uf,REGIAO,CANOLA,CENTRO-OESTE,produtividade_kg_ha
exponential_smoothing,,,,,2,historico_insuficiente,produto_uf,REGIAO,CANOLA,CENTRO-OESTE,produtividade_kg_ha
baseline_ingenuo,0.0,0.0,,,2,,produto_uf,REGIAO,CANOLA,NORDESTE,produtividade_kg_ha
regressao_linear,,,,,2,historico_insuficiente,produto_uf,REGIAO,CANOLA,NORDESTE,produtividade_kg_ha
random_forest,,,,,2,historico_insuficiente,produto_uf,REGIAO,CANOLA,NORDESTE,produtividade_kg_ha
xgboost,,,,,2,historico_insuficiente,produto_uf,REGIAO,CANOLA,NORDESTE,produtividade_kg_ha
exponential_smoothing,,,,,2,historico_insuficiente,produto_uf,REGIAO,CANOLA,NORDESTE,produtividade_kg_ha
baseline_ingenuo,0.0,0.0,,,2,,produto_uf,REGIAO,CANOLA,NORTE,produtividade_kg_ha
regressao_linear,,,,,2,historico_insuficiente,produto_uf,REGIAO,CANOLA,NORTE,produtividade_kg_ha
random_forest,,,,,2,historico_insuficiente,produto_uf,REGIAO,CANOLA,NORTE,produtividade_kg_ha
xgboost,,,,,2,historico_insuficiente,produto_uf,REGIAO,CANOLA,NORTE,produtividade_kg_ha
exponential_smoothing,,,,,2,historico_insuficiente,produto_uf,REGIAO,CANOLA,NORTE,produtividade_kg_ha
baseline_ingenuo,0.0,0.0,,,2,,produto_uf,REGIAO,CANOLA,SUDESTE,produtividade_kg_ha
regressao_linear,,,,,2,historico_insuficiente,produto_uf,REGIAO,CANOLA,SUDESTE,produtividade_kg_ha
random_forest,,,,,2,historico_insuficiente,produto_uf,REGIAO,CANOLA,SUDESTE,produtividade_kg_ha
xgboost,,,,,2,historico_insuficiente,produto_uf,REGIAO,CANOLA,SUDESTE,produtividade_kg_ha
exponential_smoothing,,,,,2,historico_insuficiente,produto_uf,REGIAO,CANOLA,SUDESTE,produtividade_kg_ha
baseline_ingenuo,7.0,7.0,0.43209876543209874,,2,,produto_uf,REGIAO,CANOLA,SUL,produtividade_kg_ha
regressao_linear,,,,,2,historico_insuficiente,produto_uf,REGIAO,CANOLA,SUL,produtividade_kg_ha
random_forest,,,,,2,historico_insuficiente,produto_uf,REGIAO,CANOLA,SUL,produtividade_kg_ha
xgboost,,,,,2,historico_insuficiente,produto_uf,REGIAO,CANOLA,SUL,produtividade_kg_ha
exponential_smoothing,,,,,2,historico_insuficiente,produto_uf,REGIAO,CANOLA,SUL,produtividade_kg_ha
baseline_ingenuo,0.0,0.0,,,2,,produto_uf,REGIAO,CENTEIO,CENTRO-OESTE,produtividade_kg_ha
regressao_linear,,,,,2,historico_insuficiente,produto_uf,REGIAO,CENTEIO,CENTRO-OESTE,produtividade_kg_ha
random_forest,,,,,2,historico_insuficiente,produto_uf,REGIAO,CENTEIO,CENTRO-OESTE,produtividade_kg_ha
xgboost,,,,,2,historico_insuficiente,produto_uf,REGIAO,CENTEIO,CENTRO-OESTE,produtividade_kg_ha
exponential_smoothing,,,,,2,historico_insuficiente,produto_uf,REGIAO,CENTEIO,CENTRO-OESTE,produtividade_kg_ha
baseline_ingenuo,0.0,0.0,,,2,,produto_uf,REGIAO,CENTEIO,NORDESTE,produtividade_kg_ha
regressao_linear,,,,,2,historico_insuficiente,produto_uf,REGIAO,CENTEIO,NORDESTE,produtividade_kg_ha
random_forest,,,,,2,historico_insuficiente,produto_uf,REGIAO,CENTEIO,NORDESTE,produtividade_kg_ha
xgboost,,,,,2,historico_insuficiente,produto_uf,REGIAO,CENTEIO,NORDESTE,produtividade_kg_ha
exponential_smoothing,,,,,2,historico_insuficiente,produto_uf,REGIAO,CENTEIO,NORDESTE,produtividade_kg_ha
baseline_ingenuo,0.0,0.0,,,2,,produto_uf,REGIAO,CENTEIO,NORTE,produtividade_kg_ha
regressao_linear,,,,,2,historico_insuficiente,produto_uf,REGIAO,CENTEIO,NORTE,produtividade_kg_ha
random_forest,,,,,2,historico_insuficiente,produto_uf,REGIAO,CENTEIO,NORTE,produtividade_kg_ha
xgboost,,,,,2,historico_insuficiente,produto_uf,REGIAO,CENTEIO,NORTE,produtividade_kg_ha
exponential_smoothing,,,,,2,historico_insuficiente,produto_uf,REGIAO,CENTEIO,NORTE,produtividade_kg_ha
baseline_ingenuo,0.0,0.0,,,2,,produto_uf,REGIAO,CENTEIO,SUDESTE,produtividade_kg_ha
regressao_linear,,,,,2,historico_insuficiente,produto_uf,REGIAO,CENTEIO,SUDESTE,produtividade_kg_ha
random_forest,,,,,2,historico_insuficiente,produto_uf,REGIAO,CENTEIO,SUDESTE,produtividade_kg_ha
xgboost,,,,,2,historico_insuficiente,produto_uf,REGIAO,CENTEIO,SUDESTE,produtividade_kg_ha
exponential_smoothing,,,,,2,historico_insuficiente,produto_uf,REGIAO,CENTEIO,SUDESTE,produtividade_kg_ha
baseline_ingenuo,143.0,143.0,6.389633601429848,,2,,produto_uf,REGIAO,CENTEIO,SUL,produtividade_kg_ha
regressao_linear,,,,,2,historico_insuficiente,produto_uf,REGIAO,CENTEIO,SUL,produtividade_kg_ha
random_forest,,,,,2,historico_insuficiente,produto_uf,REGIAO,CENTEIO,SUL,produtividade_kg_ha
xgboost,,,,,2,historico_insuficiente,produto_uf,REGIAO,CENTEIO,SUL,produtividade_kg_ha
exponential_smoothing,,,,,2,historico_insuficiente,produto_uf,REGIAO,CENTEIO,SUL,produtividade_kg_ha
baseline_ingenuo,0.0,0.0,,,2,,produto_uf,REGIAO,CEVADA,CENTRO-OESTE,produtividade_kg_ha
regressao_linear,,,,,2,historico_insuficiente,produto_uf,REGIAO,CEVADA,CENTRO-OESTE,produtividade_kg_ha
random_forest,,,,,2,historico_insuficiente,produto_uf,REGIAO,CEVADA,CENTRO-OESTE,produtividade_kg_ha
xgboost,,,,,2,historico_insuficiente,produto_uf,REGIAO,CEVADA,CENTRO-OESTE,produtividade_kg_ha
exponential_smoothing,,,,,2,historico_insuficiente,produto_uf,REGIAO,CEVADA,CENTRO-OESTE,produtividade_kg_ha
baseline_ingenuo,0.0,0.0,,,2,,produto_uf,REGIAO,CEVADA,NORDESTE,produtividade_kg_ha
regressao_linear,,,,,2,historico_insuficiente,produto_uf,REGIAO,CEVADA,NORDESTE,produtividade_kg_ha
random_forest,,,,,2,historico_insuficiente,produto_uf,REGIAO,CEVADA,NORDESTE,produtividade_kg_ha
xgboost,,,,,2,historico_insuficiente,produto_uf,REGIAO,CEVADA,NORDESTE,produtividade_kg_ha
exponential_smoothing,,,,,2,historico_insuficiente,produto_uf,REGIAO,CEVADA,NORDESTE,produtividade_kg_ha
baseline_ingenuo,0.0,0.0,,,2,,produto_uf,REGIAO,CEVADA,NORTE,produtividade_kg_ha
regressao_linear,,,,,2,historico_insuficiente,produto_uf,REGIAO,CEVADA,NORTE,produtividade_kg_ha
random_forest,,,,,2,historico_insuficiente,produto_uf,REGIAO,CEVADA,NORTE,produtividade_kg_ha
xgboost,,,,,2,historico_insuficiente,produto_uf,REGIAO,CEVADA,NORTE,produtividade_kg_ha
exponential_smoothing,,,,,2,historico_insuficiente,produto_uf,REGIAO,CEVADA,NORTE,produtividade_kg_ha
baseline_ingenuo,0.0,0.0,0.0,,2,,produto_uf,REGIAO,CEVADA,SUDESTE,produtividade_kg_ha
regressao_linear,,,,,2,historico_insuficiente,produto_uf,REGIAO,CEVADA,SUDESTE,produtividade_kg_ha
random_forest,,,,,2,historico_insuficiente,produto_uf,REGIAO,CEVADA,SUDESTE,produtividade_kg_ha
xgboost,,,,,2,historico_insuficiente,produto_uf,REGIAO,CEVADA,SUDESTE,produtividade_kg_ha
exponential_smoothing,,,,,2,historico_insuficiente,produto_uf,REGIAO,CEVADA,SUDESTE,produtividade_kg_ha
baseline_ingenuo,475.0,475.0,12.123532414497193,,2,,produto_uf,REGIAO,CEVADA,SUL,produtividade_kg_ha
regressao_linear,,,,,2,historico_insuficiente,produto_uf,REGIAO,CEVADA,SUL,produtividade_kg_ha
random_forest,,,,,2,historico_insuficiente,produto_uf,REGIAO,CEVADA,SUL,produtividade_kg_ha
xgboost,,,,,2,historico_insuficiente,produto_uf,REGIAO,CEVADA,SUL,produtividade_kg_ha
exponential_smoothing,,,,,2,historico_insuficiente,produto_uf,REGIAO,CEVADA,SUL,produtividade_kg_ha
baseline_ingenuo,21.59538099864676,21.59538099864676,1.0335133700231882,,2,,produto_uf,REGIAO,FEIJÃO TOTAL,CENTRO-OESTE,produtividade_kg_ha
regressao_linear,,,,,2,historico_insuficiente,produto_uf,REGIAO,FEIJÃO TOTAL,CENTRO-OESTE,produtividade_kg_ha
random_forest,,,,,2,historico_insuficiente,produto_uf,REGIAO,FEIJÃO TOTAL,CENTRO-OESTE,produtividade_kg_ha
xgboost,,,,,2,historico_insuficiente,produto_uf,REGIAO,FEIJÃO TOTAL,CENTRO-OESTE,produtividade_kg_ha
exponential_smoothing,,,,,2,historico_insuficiente,produto_uf,REGIAO,FEIJÃO TOTAL,CENTRO-OESTE,produtividade_kg_ha
baseline_ingenuo,67.59071347606897,67.59071347606897,12.805788927936094,,2,,produto_uf,REGIAO,FEIJÃO TOTAL,NORDESTE,produtividade_kg_ha
regressao_linear,,,,,2,historico_insuficiente,produto_uf,REGIAO,FEIJÃO TOTAL,NORDESTE,produtividade_kg_ha
random_forest,,,,,2,historico_insuficiente,produto_uf,REGIAO,FEIJÃO TOTAL,NORDESTE,produtividade_kg_ha
xgboost,,,,,2,historico_insuficiente,produto_uf,REGIAO,FEIJÃO TOTAL,NORDESTE,produtividade_kg_ha
exponential_smoothing,,,,,2,historico_insuficiente,produto_uf,REGIAO,FEIJÃO TOTAL,NORDESTE,produtividade_kg_ha
baseline_ingenuo,64.98783906502968,64.98783906502968,6.3549083498887615,,2,,produto_uf,REGIAO,FEIJÃO TOTAL,NORTE,produtividade_kg_ha
regressao_linear,,,,,2,historico_insuficiente,produto_uf,REGIAO,FEIJÃO TOTAL,NORTE,produtividade_kg_ha
random_forest,,,,,2,historico_insuficiente,produto_uf,REGIAO,FEIJÃO TOTAL,NORTE,produtividade_kg_ha
xgboost,,,,,2,historico_insuficiente,produto_uf,REGIAO,FEIJÃO TOTAL,NORTE,produtividade_kg_ha
exponential_smoothing,,,,,2,historico_insuficiente,produto_uf,REGIAO,FEIJÃO TOTAL,NORTE,produtividade_kg_ha
baseline_ingenuo,109.36399940408091,109.36399940408091,5.920982267043066,,2,,produto_uf,REGIAO,FEIJÃO TOTAL,SUDESTE,produtividade_kg_ha
regressao_linear,,,,,2,historico_insuficiente,produto_uf,REGIAO,FEIJÃO TOTAL,SUDESTE,produtividade_kg_ha
random_forest,,,,,2,historico_insuficiente,produto_uf,REGIAO,FEIJÃO TOTAL,SUDESTE,produtividade_kg_ha
xgboost,,,,,2,historico_insuficiente,produto_uf,REGIAO,FEIJÃO TOTAL,SUDESTE,produtividade_kg_ha
exponential_smoothing,,,,,2,historico_insuficiente,produto_uf,REGIAO,FEIJÃO TOTAL,SUDESTE,produtividade_kg_ha
baseline_ingenuo,78.9933759363505,78.9933759363505,4.699336364886903,,2,,produto_uf,REGIAO,FEIJÃO TOTAL,SUL,produtividade_kg_ha
regressao_linear,,,,,2,historico_insuficiente,produto_uf,REGIAO,FEIJÃO TOTAL,SUL,produtividade_kg_ha
random_forest,,,,,2,historico_insuficiente,produto_uf,REGIAO,FEIJÃO TOTAL,SUL,produtividade_kg_ha
xgboost,,,,,2,historico_insuficiente,produto_uf,REGIAO,FEIJÃO TOTAL,SUL,produtividade_kg_ha
exponential_smoothing,,,,,2,historico_insuficiente,produto_uf,REGIAO,FEIJÃO TOTAL,SUL,produtividade_kg_ha
baseline_ingenuo,0.0,0.0,0.0,,2,,produto_uf,REGIAO,GERGELIM,CENTRO-OESTE,produtividade_kg_ha
regressao_linear,,,,,2,historico_insuficiente,produto_uf,REGIAO,GERGELIM,CENTRO-OESTE,produtividade_kg_ha
random_forest,,,,,2,historico_insuficiente,produto_uf,REGIAO,GERGELIM,CENTRO-OESTE,produtividade_kg_ha
xgboost,,,,,2,historico_insuficiente,produto_uf,REGIAO,GERGELIM,CENTRO-OESTE,produtividade_kg_ha
exponential_smoothing,,,,,2,historico_insuficiente,produto_uf,REGIAO,GERGELIM,CENTRO-OESTE,produtividade_kg_ha
baseline_ingenuo,0.0,0.0,,,2,,produto_uf,REGIAO,GERGELIM,NORDESTE,produtividade_kg_ha
regressao_linear,,,,,2,historico_insuficiente,produto_uf,REGIAO,GERGELIM,NORDESTE,produtividade_kg_ha
random_forest,,,,,2,historico_insuficiente,produto_uf,REGIAO,GERGELIM,NORDESTE,produtividade_kg_ha
xgboost,,,,,2,historico_insuficiente,produto_uf,REGIAO,GERGELIM,NORDESTE,produtividade_kg_ha
exponential_smoothing,,,,,2,historico_insuficiente,produto_uf,REGIAO,GERGELIM,NORDESTE,produtividade_kg_ha
baseline_ingenuo,0.0,0.0,0.0,,2,,produto_uf,REGIAO,GERGELIM,NORTE,produtividade_kg_ha
regressao_linear,,,,,2,historico_insuficiente,produto_uf,REGIAO,GERGELIM,NORTE,produtividade_kg_ha
random_forest,,,,,2,historico_insuficiente,produto_uf,REGIAO,GERGELIM,NORTE,produtividade_kg_ha
xgboost,,,,,2,historico_insuficiente,produto_uf,REGIAO,GERGELIM,NORTE,produtividade_kg_ha
exponential_smoothing,,,,,2,historico_insuficiente,produto_uf,REGIAO,GERGELIM,NORTE,produtividade_kg_ha
baseline_ingenuo,0.0,0.0,,,2,,produto_uf,REGIAO,GERGELIM,SUDESTE,produtividade_kg_ha
regressao_linear,,,,,2,historico_insuficiente,produto_uf,REGIAO,GERGELIM,SUDESTE,produtividade_kg_ha
random_forest,,,,,2,historico_insuficiente,produto_uf,REGIAO,GERGELIM,SUDESTE,produtividade_kg_ha
xgboost,,,,,2,historico_insuficiente,produto_uf,REGIAO,GERGELIM,SUDESTE,produtividade_kg_ha
exponential_smoothing,,,,,2,historico_insuficiente,produto_uf,REGIAO,GERGELIM,SUDESTE,produtividade_kg_ha
baseline_ingenuo,0.0,0.0,,,2,,produto_uf,REGIAO,GERGELIM,SUL,produtividade_kg_ha
regressao_linear,,,,,2,historico_insuficiente,produto_uf,REGIAO,GERGELIM,SUL,produtividade_kg_ha
random_forest,,,,,2,historico_insuficiente,produto_uf,REGIAO,GERGELIM,SUL,produtividade_kg_ha
xgboost,,,,,2,historico_insuficiente,produto_uf,REGIAO,GERGELIM,SUL,produtividade_kg_ha
exponential_smoothing,,,,,2,historico_insuficiente,produto_uf,REGIAO,GERGELIM,SUL,produtividade_kg_ha
baseline_ingenuo,35.9464627151051,35.9464627151051,2.313757875084147,,2,,produto_uf,REGIAO,GIRASSOL,CENTRO-OESTE,produtividade_kg_ha
regressao_linear,,,,,2,historico_insuficiente,produto_uf,REGIAO,GIRASSOL,CENTRO-OESTE,produtividade_kg_ha
random_forest,,,,,2,historico_insuficiente,produto_uf,REGIAO,GIRASSOL,CENTRO-OESTE,produtividade_kg_ha
xgboost,,,,,2,historico_insuficiente,produto_uf,REGIAO,GIRASSOL,CENTRO-OESTE,produtividade_kg_ha
exponential_smoothing,,,,,2,historico_insuficiente,produto_uf,REGIAO,GIRASSOL,CENTRO-OESTE,produtividade_kg_ha
baseline_ingenuo,0.0,0.0,,,2,,produto_uf,REGIAO,GIRASSOL,NORDESTE,produtividade_kg_ha
regressao_linear,,,,,2,historico_insuficiente,produto_uf,REGIAO,GIRASSOL,NORDESTE,produtividade_kg_ha
random_forest,,,,,2,historico_insuficiente,produto_uf,REGIAO,GIRASSOL,NORDESTE,produtividade_kg_ha
xgboost,,,,,2,historico_insuficiente,produto_uf,REGIAO,GIRASSOL,NORDESTE,produtividade_kg_ha
exponential_smoothing,,,,,2,historico_insuficiente,produto_uf,REGIAO,GIRASSOL,NORDESTE,produtividade_kg_ha
baseline_ingenuo,0.0,0.0,,,2,,produto_uf,REGIAO,GIRASSOL,NORTE,produtividade_kg_ha
regressao_linear,,,,,2,historico_insuficiente,produto_uf,REGIAO,GIRASSOL,NORTE,produtividade_kg_ha
random_forest,,,,,2,historico_insuficiente,produto_uf,REGIAO,GIRASSOL,NORTE,produtividade_kg_ha
xgboost,,,,,2,historico_insuficiente,produto_uf,REGIAO,GIRASSOL,NORTE,produtividade_kg_ha
exponential_smoothing,,,,,2,historico_insuficiente,produto_uf,REGIAO,GIRASSOL,NORTE,produtividade_kg_ha
baseline_ingenuo,0.0,0.0,0.0,,2,,produto_uf,REGIAO,GIRASSOL,SUDESTE,produtividade_kg_ha
regressao_linear,,,,,2,historico_insuficiente,produto_uf,REGIAO,GIRASSOL,SUDESTE,produtividade_kg_ha
random_forest,,,,,2,historico_insuficiente,produto_uf,REGIAO,GIRASSOL,SUDESTE,produtividade_kg_ha
xgboost,,,,,2,historico_insuficiente,produto_uf,REGIAO,GIRASSOL,SUDESTE,produtividade_kg_ha
exponential_smoothing,,,,,2,historico_insuficiente,produto_uf,REGIAO,GIRASSOL,SUDESTE,produtividade_kg_ha
baseline_ingenuo,93.0,93.0,4.91283676703645,,2,,produto_uf,REGIAO,GIRASSOL,SUL,produtividade_kg_ha
regressao_linear,,,,,2,historico_insuficiente,produto_uf,REGIAO,GIRASSOL,SUL,produtividade_kg_ha
random_forest,,,,,2,historico_insuficiente,produto_uf,REGIAO,GIRASSOL,SUL,produtividade_kg_ha
xgboost,,,,,2,historico_insuficiente,produto_uf,REGIAO,GIRASSOL,SUL,produtividade_kg_ha
exponential_smoothing,,,,,2,historico_insuficiente,produto_uf,REGIAO,GIRASSOL,SUL,produtividade_kg_ha
baseline_ingenuo,0.0,0.0,,,2,,produto_uf,REGIAO,MAMONA,CENTRO-OESTE,produtividade_kg_ha
regressao_linear,,,,,2,historico_insuficiente,produto_uf,REGIAO,MAMONA,CENTRO-OESTE,produtividade_kg_ha
random_forest,,,,,2,historico_insuficiente,produto_uf,REGIAO,MAMONA,CENTRO-OESTE,produtividade_kg_ha
xgboost,,,,,2,historico_insuficiente,produto_uf,REGIAO,MAMONA,CENTRO-OESTE,produtividade_kg_ha
exponential_smoothing,,,,,2,historico_insuficiente,produto_uf,REGIAO,MAMONA,CENTRO-OESTE,produtividade_kg_ha
baseline_ingenuo,498.5003851556485,498.5003851556485,25.75333937772851,,2,,produto_uf,REGIAO,MAMONA,NORDESTE,produtividade_kg_ha
regressao_linear,,,,,2,historico_insuficiente,produto_uf,REGIAO,MAMONA,NORDESTE,produtividade_kg_ha
random_forest,,,,,2,historico_insuficiente,produto_uf,REGIAO,MAMONA,NORDESTE,produtividade_kg_ha
xgboost,,,,,2,historico_insuficiente,produto_uf,REGIAO,MAMONA,NORDESTE,produtividade_kg_ha
exponential_smoothing,,,,,2,historico_insuficiente,produto_uf,REGIAO,MAMONA,NORDESTE,produtividade_kg_ha
baseline_ingenuo,0.0,0.0,,,2,,produto_uf,REGIAO,MAMONA,NORTE,produtividade_kg_ha
regressao_linear,,,,,2,historico_insuficiente,produto_uf,REGIAO,MAMONA,NORTE,produtividade_kg_ha
random_forest,,,,,2,historico_insuficiente,produto_uf,REGIAO,MAMONA,NORTE,produtividade_kg_ha
xgboost,,,,,2,historico_insuficiente,produto_uf,REGIAO,MAMONA,NORTE,produtividade_kg_ha
exponential_smoothing,,,,,2,historico_insuficiente,produto_uf,REGIAO,MAMONA,NORTE,produtividade_kg_ha
baseline_ingenuo,0.0,0.0,,,2,,produto_uf,REGIAO,MAMONA,SUDESTE,produtividade_kg_ha
regressao_linear,,,,,2,historico_insuficiente,produto_uf,REGIAO,MAMONA,SUDESTE,produtividade_kg_ha
random_forest,,,,,2,historico_insuficiente,produto_uf,REGIAO,MAMONA,SUDESTE,produtividade_kg_ha
xgboost,,,,,2,historico_insuficiente,produto_uf,REGIAO,MAMONA,SUDESTE,produtividade_kg_ha
exponential_smoothing,,,,,2,historico_insuficiente,produto_uf,REGIAO,MAMONA,SUDESTE,produtividade_kg_ha
baseline_ingenuo,0.0,0.0,,,2,,produto_uf,REGIAO,MAMONA,SUL,produtividade_kg_ha
regressao_linear,,,,,2,historico_insuficiente,produto_uf,REGIAO,MAMONA,SUL,produtividade_kg_ha
random_forest,,,,,2,historico_insuficiente,produto_uf,REGIAO,MAMONA,SUL,produtividade_kg_ha
xgboost,,,,,2,historico_insuficiente,produto_uf,REGIAO,MAMONA,SUL,produtividade_kg_ha
exponential_smoothing,,,,,2,historico_insuficiente,produto_uf,REGIAO,MAMONA,SUL,produtividade_kg_ha
baseline_ingenuo,460.08034971436246,460.08034971436246,6.697056241983991,,2,,produto_uf,REGIAO,MILHO TOTAL,CENTRO-OESTE,produtividade_kg_ha
regressao_linear,,,,,2,historico_insuficiente,produto_uf,REGIAO,MILHO TOTAL,CENTRO-OESTE,produtividade_kg_ha
random_forest,,,,,2,historico_insuficiente,produto_uf,REGIAO,MILHO TOTAL,CENTRO-OESTE,produtividade_kg_ha
xgboost,,,,,2,historico_insuficiente,produto_uf,REGIAO,MILHO TOTAL,CENTRO-OESTE,produtividade_kg_ha
exponential_smoothing,,,,,2,historico_insuficiente,produto_uf,REGIAO,MILHO TOTAL,CENTRO-OESTE,produtividade_kg_ha
baseline_ingenuo,84.5865235355759,84.5865235355759,2.554541912061585,,2,,produto_uf,REGIAO,MILHO TOTAL,NORDESTE,produtividade_kg_ha
regressao_linear,,,,,2,historico_insuficiente,produto_uf,REGIAO,MILHO TOTAL,NORDESTE,produtividade_kg_ha
random_forest,,,,,2,historico_insuficiente,produto_uf,REGIAO,MILHO TOTAL,NORDESTE,produtividade_kg_ha
xgboost,,,,,2,historico_insuficiente,produto_uf,REGIAO,MILHO TOTAL,NORDESTE,produtividade_kg_ha
exponential_smoothing,,,,,2,historico_insuficiente,produto_uf,REGIAO,MILHO TOTAL,NORDESTE,produtividade_kg_ha
baseline_ingenuo,291.7498237201107,291.7498237201107,6.233781403313284,,2,,produto_uf,REGIAO,MILHO TOTAL,NORTE,produtividade_kg_ha
regressao_linear,,,,,2,historico_insuficiente,produto_uf,REGIAO,MILHO TOTAL,NORTE,produtividade_kg_ha
random_forest,,,,,2,historico_insuficiente,produto_uf,REGIAO,MILHO TOTAL,NORTE,produtividade_kg_ha
xgboost,,,,,2,historico_insuficiente,produto_uf,REGIAO,MILHO TOTAL,NORTE,produtividade_kg_ha
exponential_smoothing,,,,,2,historico_insuficiente,produto_uf,REGIAO,MILHO TOTAL,NORTE,produtividade_kg_ha
baseline_ingenuo,27.404594931925203,27.404594931925203,0.45547695973199054,,2,,produto_uf,REGIAO,MILHO TOTAL,SUDESTE,produtividade_kg_ha
regressao_linear,,,,,2,historico_insuficiente,produto_uf,REGIAO,MILHO TOTAL,SUDESTE,produtividade_kg_ha
random_forest,,,,,2,historico_insuficiente,produto_uf,REGIAO,MILHO TOTAL,SUDESTE,produtividade_kg_ha
xgboost,,,,,2,historico_insuficiente,produto_uf,REGIAO,MILHO TOTAL,SUDESTE,produtividade_kg_ha
exponential_smoothing,,,,,2,historico_insuficiente,produto_uf,REGIAO,MILHO TOTAL,SUDESTE,produtividade_kg_ha
baseline_ingenuo,360.9591467607688,360.9591467607688,5.377848524023321,,2,,produto_uf,REGIAO,MILHO TOTAL,SUL,produtividade_kg_ha
regressao_linear,,,,,2,historico_insuficiente,produto_uf,REGIAO,MILHO TOTAL,SUL,produtividade_kg_ha
random_forest,,,,,2,historico_insuficiente,produto_uf,REGIAO,MILHO TOTAL,SUL,produtividade_kg_ha
xgboost,,,,,2,historico_insuficiente,produto_uf,REGIAO,MILHO TOTAL,SUL,produtividade_kg_ha
exponential_smoothing,,,,,2,historico_insuficiente,produto_uf,REGIAO,MILHO TOTAL,SUL,produtividade_kg_ha
baseline_ingenuo,134.8556908519904,134.8556908519904,3.554226618925618,,2,,produto_uf,REGIAO,SOJA,CENTRO-OESTE,produtividade_kg_ha
regressao_linear,,,,,2,historico_insuficiente,produto_uf,REGIAO,SOJA,CENTRO-OESTE,produtividade_kg_ha
random_forest,,,,,2,historico_insuficiente,produto_uf,REGIAO,SOJA,CENTRO-OESTE,produtividade_kg_ha
xgboost,,,,,2,historico_insuficiente,produto_uf,REGIAO,SOJA,CENTRO-OESTE,produtividade_kg_ha
exponential_smoothing,,,,,2,historico_insuficiente,produto_uf,REGIAO,SOJA,CENTRO-OESTE,produtividade_kg_ha
baseline_ingenuo,39.06154157472338,39.06154157472338,1.054456648994509,,2,,produto_uf,REGIAO,SOJA,NORDESTE,produtividade_kg_ha
regressao_linear,,,,,2,historico_insuficiente,produto_uf,REGIAO,SOJA,NORDESTE,produtividade_kg_ha
random_forest,,,,,2,historico_insuficiente,produto_uf,REGIAO,SOJA,NORDESTE,produtividade_kg_ha
xgboost,,,,,2,historico_insuficiente,produto_uf,REGIAO,SOJA,NORDESTE,produtividade_kg_ha
exponential_smoothing,,,,,2,historico_insuficiente,produto_uf,REGIAO,SOJA,NORDESTE,produtividade_kg_ha
baseline_ingenuo,51.31706306488741,51.31706306488741,1.4284027909507124,,2,,produto_uf,REGIAO,SOJA,NORTE,produtividade_kg_ha
regressao_linear,,,,,2,historico_insuficiente,produto_uf,REGIAO,SOJA,NORTE,produtividade_kg_ha
random_forest,,,,,2,historico_insuficiente,produto_uf,REGIAO,SOJA,NORTE,produtividade_kg_ha
xgboost,,,,,2,historico_insuficiente,produto_uf,REGIAO,SOJA,NORTE,produtividade_kg_ha
exponential_smoothing,,,,,2,historico_insuficiente,produto_uf,REGIAO,SOJA,NORTE,produtividade_kg_ha
baseline_ingenuo,124.59071805882695,124.59071805882695,3.266811475780125,,2,,produto_uf,REGIAO,SOJA,SUDESTE,produtividade_kg_ha
regressao_linear,,,,,2,historico_insuficiente,produto_uf,REGIAO,SOJA,SUDESTE,produtividade_kg_ha
random_forest,,,,,2,historico_insuficiente,produto_uf,REGIAO,SOJA,SUDESTE,produtividade_kg_ha
xgboost,,,,,2,historico_insuficiente,produto_uf,REGIAO,SOJA,SUDESTE,produtividade_kg_ha
exponential_smoothing,,,,,2,historico_insuficiente,produto_uf,REGIAO,SOJA,SUDESTE,produtividade_kg_ha
baseline_ingenuo,438.775868266066,438.775868266066,12.747737381301594,,2,,produto_uf,REGIAO,SOJA,SUL,produtividade_kg_ha
regressao_linear,,,,,2,historico_insuficiente,produto_uf,REGIAO,SOJA,SUL,produtividade_kg_ha
random_forest,,,,,2,historico_insuficiente,produto_uf,REGIAO,SOJA,SUL,produtividade_kg_ha
xgboost,,,,,2,historico_insuficiente,produto_uf,REGIAO,SOJA,SUL,produtividade_kg_ha
exponential_smoothing,,,,,2,historico_insuficiente,produto_uf,REGIAO,SOJA,SUL,produtividade_kg_ha
baseline_ingenuo,153.49495260884714,153.49495260884714,3.982984262278285,,2,,produto_uf,REGIAO,SORGO,CENTRO-OESTE,produtividade_kg_ha
regressao_linear,,,,,2,historico_insuficiente,produto_uf,REGIAO,SORGO,CENTRO-OESTE,produtividade_kg_ha
random_forest,,,,,2,historico_insuficiente,produto_uf,REGIAO,SORGO,CENTRO-OESTE,produtividade_kg_ha
xgboost,,,,,2,historico_insuficiente,produto_uf,REGIAO,SORGO,CENTRO-OESTE,produtividade_kg_ha
exponential_smoothing,,,,,2,historico_insuficiente,produto_uf,REGIAO,SORGO,CENTRO-OESTE,produtividade_kg_ha
baseline_ingenuo,83.61260417586936,83.61260417586936,2.3634300207308776,,2,,produto_uf,REGIAO,SORGO,NORDESTE,produtividade_kg_ha
regressao_linear,,,,,2,historico_insuficiente,produto_uf,REGIAO,SORGO,NORDESTE,produtividade_kg_ha
random_forest,,,,,2,historico_insuficiente,produto_uf,REGIAO,SORGO,NORDESTE,produtividade_kg_ha
xgboost,,,,,2,historico_insuficiente,produto_uf,REGIAO,SORGO,NORDESTE,produtividade_kg_ha
exponential_smoothing,,,,,2,historico_insuficiente,produto_uf,REGIAO,SORGO,NORDESTE,produtividade_kg_ha
baseline_ingenuo,8.502009879066009,8.502009879066009,0.3256246825561459,,2,,produto_uf,REGIAO,SORGO,NORTE,produtividade_kg_ha
regressao_linear,,,,,2,historico_insuficiente,produto_uf,REGIAO,SORGO,NORTE,produtividade_kg_ha
random_forest,,,,,2,historico_insuficiente,produto_uf,REGIAO,SORGO,NORTE,produtividade_kg_ha
xgboost,,,,,2,historico_insuficiente,produto_uf,REGIAO,SORGO,NORTE,produtividade_kg_ha
exponential_smoothing,,,,,2,historico_insuficiente,produto_uf,REGIAO,SORGO,NORTE,produtividade_kg_ha
baseline_ingenuo,46.595726299107355,46.595726299107355,1.2168942220944459,,2,,produto_uf,REGIAO,SORGO,SUDESTE,produtividade_kg_ha
regressao_linear,,,,,2,historico_insuficiente,produto_uf,REGIAO,SORGO,SUDESTE,produtividade_kg_ha
random_forest,,,,,2,historico_insuficiente,produto_uf,REGIAO,SORGO,SUDESTE,produtividade_kg_ha
xgboost,,,,,2,historico_insuficiente,produto_uf,REGIAO,SORGO,SUDESTE,produtividade_kg_ha
exponential_smoothing,,,,,2,historico_insuficiente,produto_uf,REGIAO,SORGO,SUDESTE,produtividade_kg_ha
baseline_ingenuo,321.2727272727275,321.2727272727275,12.704918032786894,,2,,produto_uf,REGIAO,SORGO,SUL,produtividade_kg_ha
regressao_linear,,,,,2,historico_insuficiente,produto_uf,REGIAO,SORGO,SUL,produtividade_kg_ha
random_forest,,,,,2,historico_insuficiente,produto_uf,REGIAO,SORGO,SUL,produtividade_kg_ha
xgboost,,,,,2,historico_insuficiente,produto_uf,REGIAO,SORGO,SUL,produtividade_kg_ha
exponential_smoothing,,,,,2,historico_insuficiente,produto_uf,REGIAO,SORGO,SUL,produtividade_kg_ha
baseline_ingenuo,5.0,5.0,0.14637002341920377,,2,,produto_uf,REGIAO,TRIGO,CENTRO-OESTE,produtividade_kg_ha
regressao_linear,,,,,2,historico_insuficiente,produto_uf,REGIAO,TRIGO,CENTRO-OESTE,produtividade_kg_ha
random_forest,,,,,2,historico_insuficiente,produto_uf,REGIAO,TRIGO,CENTRO-OESTE,produtividade_kg_ha
xgboost,,,,,2,historico_insuficiente,produto_uf,REGIAO,TRIGO,CENTRO-OESTE,produtividade_kg_ha
exponential_smoothing,,,,,2,historico_insuficiente,produto_uf,REGIAO,TRIGO,CENTRO-OESTE,produtividade_kg_ha
baseline_ingenuo,0.0,0.0,0.0,,2,,produto_uf,REGIAO,TRIGO,NORDESTE,produtividade_kg_ha
regressao_linear,,,,,2,historico_insuficiente,produto_uf,REGIAO,TRIGO,NORDESTE,produtividade_kg_ha
random_forest,,,,,2,historico_insuficiente,produto_uf,REGIAO,TRIGO,NORDESTE,produtividade_kg_ha
xgboost,,,,,2,historico_insuficiente,produto_uf,REGIAO,TRIGO,NORDESTE,produtividade_kg_ha
exponential_smoothing,,,,,2,historico_insuficiente,produto_uf,REGIAO,TRIGO,NORDESTE,produtividade_kg_ha
baseline_ingenuo,0.0,0.0,,,2,,produto_uf,REGIAO,TRIGO,NORTE,produtividade_kg_ha
regressao_linear,,,,,2,historico_insuficiente,produto_uf,REGIAO,TRIGO,NORTE,produtividade_kg_ha
random_forest,,,,,2,historico_insuficiente,produto_uf,REGIAO,TRIGO,NORTE,produtividade_kg_ha
xgboost,,,,,2,historico_insuficiente,produto_uf,REGIAO,TRIGO,NORTE,produtividade_kg_ha
exponential_smoothing,,,,,2,historico_insuficiente,produto_uf,REGIAO,TRIGO,NORTE,produtividade_kg_ha
baseline_ingenuo,82.0,82.0,2.8832630098452885,,2,,produto_uf,REGIAO,TRIGO,SUDESTE,produtividade_kg_ha
regressao_linear,,,,,2,historico_insuficiente,produto_uf,REGIAO,TRIGO,SUDESTE,produtividade_kg_ha
random_forest,,,,,2,historico_insuficiente,produto_uf,REGIAO,TRIGO,SUDESTE,produtividade_kg_ha
xgboost,,,,,2,historico_insuficiente,produto_uf,REGIAO,TRIGO,SUDESTE,produtividade_kg_ha
exponential_smoothing,,,,,2,historico_insuficiente,produto_uf,REGIAO,TRIGO,SUDESTE,produtividade_kg_ha
baseline_ingenuo,272.0,272.0,9.161333782418323,,2,,produto_uf,REGIAO,TRIGO,SUL,produtividade_kg_ha
regressao_linear,,,,,2,historico_insuficiente,produto_uf,REGIAO,TRIGO,SUL,produtividade_kg_ha
random_forest,,,,,2,historico_insuficiente,produto_uf,REGIAO,TRIGO,SUL,produtividade_kg_ha
xgboost,,,,,2,historico_insuficiente,produto_uf,REGIAO,TRIGO,SUL,produtividade_kg_ha
exponential_smoothing,,,,,2,historico_insuficiente,produto_uf,REGIAO,TRIGO,SUL,produtividade_kg_ha
baseline_ingenuo,0.0,0.0,,,2,,produto_uf,REGIAO,TRITICALE,CENTRO-OESTE,produtividade_kg_ha
regressao_linear,,,,,2,historico_insuficiente,produto_uf,REGIAO,TRITICALE,CENTRO-OESTE,produtividade_kg_ha
random_forest,,,,,2,historico_insuficiente,produto_uf,REGIAO,TRITICALE,CENTRO-OESTE,produtividade_kg_ha
xgboost,,,,,2,historico_insuficiente,produto_uf,REGIAO,TRITICALE,CENTRO-OESTE,produtividade_kg_ha
exponential_smoothing,,,,,2,historico_insuficiente,produto_uf,REGIAO,TRITICALE,CENTRO-OESTE,produtividade_kg_ha
baseline_ingenuo,0.0,0.0,,,2,,produto_uf,REGIAO,TRITICALE,NORDESTE,produtividade_kg_ha
regressao_linear,,,,,2,historico_insuficiente,produto_uf,REGIAO,TRITICALE,NORDESTE,produtividade_kg_ha
random_forest,,,,,2,historico_insuficiente,produto_uf,REGIAO,TRITICALE,NORDESTE,produtividade_kg_ha
xgboost,,,,,2,historico_insuficiente,produto_uf,REGIAO,TRITICALE,NORDESTE,produtividade_kg_ha
exponential_smoothing,,,,,2,historico_insuficiente,produto_uf,REGIAO,TRITICALE,NORDESTE,produtividade_kg_ha
baseline_ingenuo,0.0,0.0,,,2,,produto_uf,REGIAO,TRITICALE,NORTE,produtividade_kg_ha
regressao_linear,,,,,2,historico_insuficiente,produto_uf,REGIAO,TRITICALE,NORTE,produtividade_kg_ha
random_forest,,,,,2,historico_insuficiente,produto_uf,REGIAO,TRITICALE,NORTE,produtividade_kg_ha
xgboost,,,,,2,historico_insuficiente,produto_uf,REGIAO,TRITICALE,NORTE,produtividade_kg_ha
exponential_smoothing,,,,,2,historico_insuficiente,produto_uf,REGIAO,TRITICALE,NORTE,produtividade_kg_ha
baseline_ingenuo,56.0,56.0,2.0573108008817047,,2,,produto_uf,REGIAO,TRITICALE,SUDESTE,produtividade_kg_ha
regressao_linear,,,,,2,historico_insuficiente,produto_uf,REGIAO,TRITICALE,SUDESTE,produtividade_kg_ha
random_forest,,,,,2,historico_insuficiente,produto_uf,REGIAO,TRITICALE,SUDESTE,produtividade_kg_ha
xgboost,,,,,2,historico_insuficiente,produto_uf,REGIAO,TRITICALE,SUDESTE,produtividade_kg_ha
exponential_smoothing,,,,,2,historico_insuficiente,produto_uf,REGIAO,TRITICALE,SUDESTE,produtividade_kg_ha
baseline_ingenuo,302.0,302.0,10.100334448160535,,2,,produto_uf,REGIAO,TRITICALE,SUL,produtividade_kg_ha
regressao_linear,,,,,2,historico_insuficiente,produto_uf,REGIAO,TRITICALE,SUL,produtividade_kg_ha
random_forest,,,,,2,historico_insuficiente,produto_uf,REGIAO,TRITICALE,SUL,produtividade_kg_ha
xgboost,,,,,2,historico_insuficiente,produto_uf,REGIAO,TRITICALE,SUL,produtividade_kg_ha
exponential_smoothing,,,,,2,historico_insuficiente,produto_uf,REGIAO,TRITICALE,SUL,produtividade_kg_ha
baseline_ingenuo,99.64731545271889,99.64731545271889,3.727900759833676,,2,,produto_uf,TOTAL_BRASIL,ALGODÃO - CAROÇO (1),BRASIL,produtividade_kg_ha
regressao_linear,,,,,2,historico_insuficiente,produto_uf,TOTAL_BRASIL,ALGODÃO - CAROÇO (1),BRASIL,produtividade_kg_ha
random_forest,,,,,2,historico_insuficiente,produto_uf,TOTAL_BRASIL,ALGODÃO - CAROÇO (1),BRASIL,produtividade_kg_ha
xgboost,,,,,2,historico_insuficiente,produto_uf,TOTAL_BRASIL,ALGODÃO - CAROÇO (1),BRASIL,produtividade_kg_ha
exponential_smoothing,,,,,2,historico_insuficiente,produto_uf,TOTAL_BRASIL,ALGODÃO - CAROÇO (1),BRASIL,produtividade_kg_ha
baseline_ingenuo,69.96051689953333,69.96051689953333,3.712447210762436,,2,,produto_uf,TOTAL_BRASIL,ALGODÃO - PLUMA,BRASIL,produtividade_kg_ha
regressao_linear,,,,,2,historico_insuficiente,produto_uf,TOTAL_BRASIL,ALGODÃO - PLUMA,BRASIL,produtividade_kg_ha
random_forest,,,,,2,historico_insuficiente,produto_uf,TOTAL_BRASIL,ALGODÃO - PLUMA,BRASIL,produtividade_kg_ha
xgboost,,,,,2,historico_insuficiente,produto_uf,TOTAL_BRASIL,ALGODÃO - PLUMA,BRASIL,produtividade_kg_ha
exponential_smoothing,,,,,2,historico_insuficiente,produto_uf,TOTAL_BRASIL,ALGODÃO - PLUMA,BRASIL,produtividade_kg_ha
baseline_ingenuo,142.30909172970678,142.30909172970678,3.326333941176646,,2,,produto_uf,TOTAL_BRASIL,AMENDOIM TOTAL,BRASIL,produtividade_kg_ha
regressao_linear,,,,,2,historico_insuficiente,produto_uf,TOTAL_BRASIL,AMENDOIM TOTAL,BRASIL,produtividade_kg_ha
random_forest,,,,,2,historico_insuficiente,produto_uf,TOTAL_BRASIL,AMENDOIM TOTAL,BRASIL,produtividade_kg_ha
xgboost,,,,,2,historico_insuficiente,produto_uf,TOTAL_BRASIL,AMENDOIM TOTAL,BRASIL,produtividade_kg_ha
exponential_smoothing,,,,,2,historico_insuficiente,produto_uf,TOTAL_BRASIL,AMENDOIM TOTAL,BRASIL,produtividade_kg_ha
baseline_ingenuo,235.5567906970091,235.5567906970091,3.366541046507191,,2,,produto_uf,TOTAL_BRASIL,ARROZ,BRASIL,produtividade_kg_ha
regressao_linear,,,,,2,historico_insuficiente,produto_uf,TOTAL_BRASIL,ARROZ,BRASIL,produtividade_kg_ha
random_forest,,,,,2,historico_insuficiente,produto_uf,TOTAL_BRASIL,ARROZ,BRASIL,produtividade_kg_ha
xgboost,,,,,2,historico_insuficiente,produto_uf,TOTAL_BRASIL,ARROZ,BRASIL,produtividade_kg_ha
exponential_smoothing,,,,,2,historico_insuficiente,produto_uf,TOTAL_BRASIL,ARROZ,BRASIL,produtividade_kg_ha
baseline_ingenuo,115.0,115.0,5.104305370616955,,2,,produto_uf,TOTAL_BRASIL,AVEIA,BRASIL,produtividade_kg_ha
regressao_linear,,,,,2,historico_insuficiente,produto_uf,TOTAL_BRASIL,AVEIA,BRASIL,produtividade_kg_ha
random_forest,,,,,2,historico_insuficiente,produto_uf,TOTAL_BRASIL,AVEIA,BRASIL,produtividade_kg_ha
xgboost,,,,,2,historico_insuficiente,produto_uf,TOTAL_BRASIL,AVEIA,BRASIL,produtividade_kg_ha
exponential_smoothing,,,,,2,historico_insuficiente,produto_uf,TOTAL_BRASIL,AVEIA,BRASIL,produtividade_kg_ha
baseline_ingenuo,7.0,7.0,0.43209876543209874,,2,,produto_uf,TOTAL_BRASIL,CANOLA,BRASIL,produtividade_kg_ha
regressao_linear,,,,,2,historico_insuficiente,produto_uf,TOTAL_BRASIL,CANOLA,BRASIL,produtividade_kg_ha
random_forest,,,,,2,historico_insuficiente,produto_uf,TOTAL_BRASIL,CANOLA,BRASIL,produtividade_kg_ha
xgboost,,,,,2,historico_insuficiente,produto_uf,TOTAL_BRASIL,CANOLA,BRASIL,produtividade_kg_ha
exponential_smoothing,,,,,2,historico_insuficiente,produto_uf,TOTAL_BRASIL,CANOLA,BRASIL,produtividade_kg_ha
baseline_ingenuo,143.0,143.0,6.389633601429848,,2,,produto_uf,TOTAL_BRASIL,CENTEIO,BRASIL,produtividade_kg_ha
regressao_linear,,,,,2,historico_insuficiente,produto_uf,TOTAL_BRASIL,CENTEIO,BRASIL,produtividade_kg_ha
random_forest,,,,,2,historico_insuficiente,produto_uf,TOTAL_BRASIL,CENTEIO,BRASIL,produtividade_kg_ha
xgboost,,,,,2,historico_insuficiente,produto_uf,TOTAL_BRASIL,CENTEIO,BRASIL,produtividade_kg_ha
exponential_smoothing,,,,,2,historico_insuficiente,produto_uf,TOTAL_BRASIL,CENTEIO,BRASIL,produtividade_kg_ha
baseline_ingenuo,460.0,460.0,11.800923550538737,,2,,produto_uf,TOTAL_BRASIL,CEVADA,BRASIL,produtividade_kg_ha
regressao_linear,,,,,2,historico_insuficiente,produto_uf,TOTAL_BRASIL,CEVADA,BRASIL,produtividade_kg_ha
random_forest,,,,,2,historico_insuficiente,produto_uf,TOTAL_BRASIL,CEVADA,BRASIL,produtividade_kg_ha
xgboost,,,,,2,historico_insuficiente,produto_uf,TOTAL_BRASIL,CEVADA,BRASIL,produtividade_kg_ha
exponential_smoothing,,,,,2,historico_insuficiente,produto_uf,TOTAL_BRASIL,CEVADA,BRASIL,produtividade_kg_ha
baseline_ingenuo,4.3213406720758485,4.3213406720758485,0.3788737991254574,,2,,produto_uf,TOTAL_BRASIL,FEIJÃO TOTAL,BRASIL,produtividade_kg_ha
regressao_linear,,,,,2,historico_insuficiente,produto_uf,TOTAL_BRASIL,FEIJÃO TOTAL,BRASIL,produtividade_kg_ha
random_forest,,,,,2,historico_insuficiente,produto_uf,TOTAL_BRASIL,FEIJÃO TOTAL,BRASIL,produtividade_kg_ha
xgboost,,,,,2,historico_insuficiente,produto_uf,TOTAL_BRASIL,FEIJÃO TOTAL,BRASIL,produtividade_kg_ha
exponential_smoothing,,,,,2,historico_insuficiente,produto_uf,TOTAL_BRASIL,FEIJÃO TOTAL,BRASIL,produtividade_kg_ha
baseline_ingenuo,0.0,0.0,0.0,,2,,produto_uf,TOTAL_BRASIL,GERGELIM,BRASIL,produtividade_kg_ha
regressao_linear,,,,,2,historico_insuficiente,produto_uf,TOTAL_BRASIL,GERGELIM,BRASIL,produtividade_kg_ha
random_forest,,,,,2,historico_insuficiente,produto_uf,TOTAL_BRASIL,GERGELIM,BRASIL,produtividade_kg_ha
xgboost,,,,,2,historico_insuficiente,produto_uf,TOTAL_BRASIL,GERGELIM,BRASIL,produtividade_kg_ha
exponential_smoothing,,,,,2,historico_insuficiente,produto_uf,TOTAL_BRASIL,GERGELIM,BRASIL,produtividade_kg_ha
baseline_ingenuo,15.425499212502473,15.425499212502473,0.9600393028244336,,2,,produto_uf,TOTAL_BRASIL,GIRASSOL,BRASIL,produtividade_kg_ha
regressao_linear,,,,,2,historico_insuficiente,produto_uf,TOTAL_BRASIL,GIRASSOL,BRASIL,produtividade_kg_ha
random_forest,,,,,2,historico_insuficiente,produto_uf,TOTAL_BRASIL,GIRASSOL,BRASIL,produtividade_kg_ha
xgboost,,,,,2,historico_insuficiente,produto_uf,TOTAL_BRASIL,GIRASSOL,BRASIL,produtividade_kg_ha
exponential_smoothing,,,,,2,historico_insuficiente,produto_uf,TOTAL_BRASIL,GIRASSOL,BRASIL,produtividade_kg_ha
baseline_ingenuo,498.5003851556485,498.5003851556485,25.75333937772851,,2,,produto_uf,TOTAL_BRASIL,MAMONA,BRASIL,produtividade_kg_ha
regressao_linear,,,,,2,historico_insuficiente,produto_uf,TOTAL_BRASIL,MAMONA,BRASIL,produtividade_kg_ha
random_forest,,,,,2,historico_insuficiente,produto_uf,TOTAL_BRASIL,MAMONA,BRASIL,produtividade_kg_ha
xgboost,,,,,2,historico_insuficiente,produto_uf,TOTAL_BRASIL,MAMONA,BRASIL,produtividade_kg_ha
exponential_smoothing,,,,,2,historico_insuficiente,produto_uf,TOTAL_BRASIL,MAMONA,BRASIL,produtividade_kg_ha
baseline_ingenuo,317.594322592201,317.594322592201,5.167279732432782,,2,,produto_uf,TOTAL_BRASIL,MILHO TOTAL,BRASIL,produtividade_kg_ha
regressao_linear,,,,,2,historico_insuficiente,produto_uf,TOTAL_BRASIL,MILHO TOTAL,BRASIL,produtividade_kg_ha
random_forest,,,,,2,historico_insuficiente,produto_uf,TOTAL_BRASIL,MILHO TOTAL,BRASIL,produtividade_kg_ha
xgboost,,,,,2,historico_insuficiente,produto_uf,TOTAL_BRASIL,MILHO TOTAL,BRASIL,produtividade_kg_ha
exponential_smoothing,,,,,2,historico_insuficiente,produto_uf,TOTAL_BRASIL,MILHO TOTAL,BRASIL,produtividade_kg_ha
baseline_ingenuo,52.918176338303965,52.918176338303965,1.440042827543399,,2,,produto_uf,TOTAL_BRASIL,SOJA,BRASIL,produtividade_kg_ha
regressao_linear,,,,,2,historico_insuficiente,produto_uf,TOTAL_BRASIL,SOJA,BRASIL,produtividade_kg_ha
random_forest,,,,,2,historico_insuficiente,produto_uf,TOTAL_BRASIL,SOJA,BRASIL,produtividade_kg_ha
xgboost,,,,,2,historico_insuficiente,produto_uf,TOTAL_BRASIL,SOJA,BRASIL,produtividade_kg_ha
exponential_smoothing,,,,,2,historico_insuficiente,produto_uf,TOTAL_BRASIL,SOJA,BRASIL,produtividade_kg_ha
baseline_ingenuo,68.30210744398164,68.30210744398164,1.8606701140976887,,2,,produto_uf,TOTAL_BRASIL,SORGO,BRASIL,produtividade_kg_ha
regressao_linear,,,,,2,historico_insuficiente,produto_uf,TOTAL_BRASIL,SORGO,BRASIL,produtividade_kg_ha
random_forest,,,,,2,historico_insuficiente,produto_uf,TOTAL_BRASIL,SORGO,BRASIL,produtividade_kg_ha
xgboost,,,,,2,historico_insuficiente,produto_uf,TOTAL_BRASIL,SORGO,BRASIL,produtividade_kg_ha
exponential_smoothing,,,,,2,historico_insuficiente,produto_uf,TOTAL_BRASIL,SORGO,BRASIL,produtividade_kg_ha
baseline_ingenuo,241.0,241.0,8.09267965077233,,2,,produto_uf,TOTAL_BRASIL,TRIGO,BRASIL,produtividade_kg_ha
regressao_linear,,,,,2,historico_insuficiente,produto_uf,TOTAL_BRASIL,TRIGO,BRASIL,produtividade_kg_ha
random_forest,,,,,2,historico_insuficiente,produto_uf,TOTAL_BRASIL,TRIGO,BRASIL,produtividade_kg_ha
xgboost,,,,,2,historico_insuficiente,produto_uf,TOTAL_BRASIL,TRIGO,BRASIL,produtividade_kg_ha
exponential_smoothing,,,,,2,historico_insuficiente,produto_uf,TOTAL_BRASIL,TRIGO,BRASIL,produtividade_kg_ha
baseline_ingenuo,264.0,264.0,8.958262639972855,,2,,produto_uf,TOTAL_BRASIL,TRITICALE,BRASIL,produtividade_kg_ha
regressao_linear,,,,,2,historico_insuficiente,produto_uf,TOTAL_BRASIL,TRITICALE,BRASIL,produtividade_kg_ha
random_forest,,,,,2,historico_insuficiente,produto_uf,TOTAL_BRASIL,TRITICALE,BRASIL,produtividade_kg_ha
xgboost,,,,,2,historico_insuficiente,produto_uf,TOTAL_BRASIL,TRITICALE,BRASIL,produtividade_kg_ha
exponential_smoothing,,,,,2,historico_insuficiente,produto_uf,TOTAL_BRASIL,TRITICALE,BRASIL,produtividade_kg_ha
baseline_ingenuo,0.0,0.0,,,2,,produto_uf,UF,ALGODÃO - CAROÇO (1),AC,produtividade_kg_ha
regressao_linear,,,,,2,historico_insuficiente,produto_uf,UF,ALGODÃO - CAROÇO (1),AC,produtividade_kg_ha
random_forest,,,,,2,historico_insuficiente,produto_uf,UF,ALGODÃO - CAROÇO (1),AC,produtividade_kg_ha
xgboost,,,,,2,historico_insuficiente,produto_uf,UF,ALGODÃO - CAROÇO (1),AC,produtividade_kg_ha
exponential_smoothing,,,,,2,historico_insuficiente,produto_uf,UF,ALGODÃO - CAROÇO (1),AC,produtividade_kg_ha
baseline_ingenuo,0.0,0.0,,,2,,produto_uf,UF,ALGODÃO - CAROÇO (1),AL,produtividade_kg_ha
regressao_linear,,,,,2,historico_insuficiente,produto_uf,UF,ALGODÃO - CAROÇO (1),AL,produtividade_kg_ha
random_forest,,,,,2,historico_insuficiente,produto_uf,UF,ALGODÃO - CAROÇO (1),AL,produtividade_kg_ha
xgboost,,,,,2,historico_insuficiente,produto_uf,UF,ALGODÃO - CAROÇO (1),AL,produtividade_kg_ha
exponential_smoothing,,,,,2,historico_insuficiente,produto_uf,UF,ALGODÃO - CAROÇO (1),AL,produtividade_kg_ha
baseline_ingenuo,0.0,0.0,,,2,,produto_uf,UF,ALGODÃO - CAROÇO (1),AM,produtividade_kg_ha
regressao_linear,,,,,2,historico_insuficiente,produto_uf,UF,ALGODÃO - CAROÇO (1),AM,produtividade_kg_ha
random_forest,,,,,2,historico_insuficiente,produto_uf,UF,ALGODÃO - CAROÇO (1),AM,produtividade_kg_ha
xgboost,,,,,2,historico_insuficiente,produto_uf,UF,ALGODÃO - CAROÇO (1),AM,produtividade_kg_ha
exponential_smoothing,,,,,2,historico_insuficiente,produto_uf,UF,ALGODÃO - CAROÇO (1),AM,produtividade_kg_ha
baseline_ingenuo,0.0,0.0,,,2,,produto_uf,UF,ALGODÃO - CAROÇO (1),AP,produtividade_kg_ha
regressao_linear,,,,,2,historico_insuficiente,produto_uf,UF,ALGODÃO - CAROÇO (1),AP,produtividade_kg_ha
random_forest,,,,,2,historico_insuficiente,produto_uf,UF,ALGODÃO - CAROÇO (1),AP,produtividade_kg_ha
xgboost,,,,,2,historico_insuficiente,produto_uf,UF,ALGODÃO - CAROÇO (1),AP,produtividade_kg_ha
exponential_smoothing,,,,,2,historico_insuficiente,produto_uf,UF,ALGODÃO - CAROÇO (1),AP,produtividade_kg_ha
baseline_ingenuo,45.820000000000164,45.820000000000164,1.6621081422259685,,2,,produto_uf,UF,ALGODÃO - CAROÇO (1),BA,produtividade_kg_ha
regressao_linear,,,,,2,historico_insuficiente,produto_uf,UF,ALGODÃO - CAROÇO (1),BA,produtividade_kg_ha
random_forest,,,,,2,historico_insuficiente,produto_uf,UF,ALGODÃO - CAROÇO (1),BA,produtividade_kg_ha
xgboost,,,,,2,historico_insuficiente,produto_uf,UF,ALGODÃO - CAROÇO (1),BA,produtividade_kg_ha
exponential_smoothing,,,,,2,historico_insuficiente,produto_uf,UF,ALGODÃO - CAROÇO (1),BA,produtividade_kg_ha
baseline_ingenuo,520.0000000000002,520.0000000000002,30.888030888030897,,2,,produto_uf,UF,ALGODÃO - CAROÇO (1),CE,produtividade_kg_ha
regressao_linear,,,,,2,historico_insuficiente,produto_uf,UF,ALGODÃO - CAROÇO (1),CE,produtividade_kg_ha
random_forest,,,,,2,historico_insuficiente,produto_uf,UF,ALGODÃO - CAROÇO (1),CE,produtividade_kg_ha
xgboost,,,,,2,historico_insuficiente,produto_uf,UF,ALGODÃO - CAROÇO (1),CE,produtividade_kg_ha
exponential_smoothing,,,,,2,historico_insuficiente,produto_uf,UF,ALGODÃO - CAROÇO (1),CE,produtividade_kg_ha
baseline_ingenuo,0.0,0.0,,,2,,produto_uf,UF,ALGODÃO - CAROÇO (1),DF,produtividade_kg_ha
regressao_linear,,,,,2,historico_insuficiente,produto_uf,UF,ALGODÃO - CAROÇO (1),DF,produtividade_kg_ha
random_forest,,,,,2,historico_insuficiente,produto_uf,UF,ALGODÃO - CAROÇO (1),DF,produtividade_kg_ha
xgboost,,,,,2,historico_insuficiente,produto_uf,UF,ALGODÃO - CAROÇO (1),DF,produtividade_kg_ha
exponential_smoothing,,,,,2,historico_insuficiente,produto_uf,UF,ALGODÃO - CAROÇO (1),DF,produtividade_kg_ha
baseline_ingenuo,0.0,0.0,,,2,,produto_uf,UF,ALGODÃO - CAROÇO (1),ES,produtividade_kg_ha
regressao_linear,,,,,2,historico_insuficiente,produto_uf,UF,ALGODÃO - CAROÇO (1),ES,produtividade_kg_ha
random_forest,,,,,2,historico_insuficiente,produto_uf,UF,ALGODÃO - CAROÇO (1),ES,produtividade_kg_ha
xgboost,,,,,2,historico_insuficiente,produto_uf,UF,ALGODÃO - CAROÇO (1),ES,produtividade_kg_ha
exponential_smoothing,,,,,2,historico_insuficiente,produto_uf,UF,ALGODÃO - CAROÇO (1),ES,produtividade_kg_ha
baseline_ingenuo,13.799999999999727,13.799999999999727,0.5020737830167986,,2,,produto_uf,UF,ALGODÃO - CAROÇO (1),GO,produtividade_kg_ha
regressao_linear,,,,,2,historico_insuficiente,produto_uf,UF,ALGODÃO - CAROÇO (1),GO,produtividade_kg_ha
random_forest,,,,,2,historico_insuficiente,produto_uf,UF,ALGODÃO - CAROÇO (1),GO,produtividade_kg_ha
xgboost,,,,,2,historico_insuficiente,produto_uf,UF,ALGODÃO - CAROÇO (1),GO,produtividade_kg_ha
exponential_smoothing,,,,,2,historico_insuficiente,produto_uf,UF,ALGODÃO - CAROÇO (1),GO,produtividade_kg_ha
baseline_ingenuo,26.595000000000255,26.595000000000255,1.0344827586206995,,2,,produto_uf,UF,ALGODÃO - CAROÇO (1),MA,produtividade_kg_ha
regressao_linear,,,,,2,historico_insuficiente,produto_uf,UF,ALGODÃO - CAROÇO (1),MA,produtividade_kg_ha
random_forest,,,,,2,historico_insuficiente,produto_uf,UF,ALGODÃO - CAROÇO (1),MA,produtividade_kg_ha
xgboost,,,,,2,historico_insuficiente,produto_uf,UF,ALGODÃO - CAROÇO (1),MA,produtividade_kg_ha
exponential_smoothing,,,,,2,historico_insuficiente,produto_uf,UF,ALGODÃO - CAROÇO (1),MA,produtividade_kg_ha
baseline_ingenuo,250.10700000000043,250.10700000000043,9.267660401814663,,2,,produto_uf,UF,ALGODÃO - CAROÇO (1),MG,produtividade_kg_ha
regressao_linear,,,,,2,historico_insuficiente,produto_uf,UF,ALGODÃO - CAROÇO (1),MG,produtividade_kg_ha
random_forest,,,,,2,historico_insuficiente,produto_uf,UF,ALGODÃO - CAROÇO (1),MG,produtividade_kg_ha
xgboost,,,,,2,historico_insuficiente,produto_uf,UF,ALGODÃO - CAROÇO (1),MG,produtividade_kg_ha
exponential_smoothing,,,,,2,historico_insuficiente,produto_uf,UF,ALGODÃO - CAROÇO (1),MG,produtividade_kg_ha
baseline_ingenuo,139.20000000000027,139.20000000000027,4.724409448818907,,2,,produto_uf,UF,ALGODÃO - CAROÇO (1),MS,produtividade_kg_ha
regressao_linear,,,,,2,historico_insuficiente,produto_uf,UF,ALGODÃO - CAROÇO (1),MS,produtividade_kg_ha
random_forest,,,,,2,historico_insuficiente,produto_uf,UF,ALGODÃO - CAROÇO (1),MS,produtividade_kg_ha
xgboost,,,,,2,historico_insuficiente,produto_uf,UF,ALGODÃO - CAROÇO (1),MS,produtividade_kg_ha
exponential_smoothing,,,,,2,historico_insuficiente,produto_uf,UF,ALGODÃO - CAROÇO (1),MS,produtividade_kg_ha
baseline_ingenuo,130.5360000000005,130.5360000000005,4.9191225348992,,2,,produto_uf,UF,ALGODÃO - CAROÇO (1),MT,produtividade_kg_ha
regressao_linear,,,,,2,historico_insuficiente,produto_uf,UF,ALGODÃO - CAROÇO (1),MT,produtividade_kg_ha
random_forest,,,,,2,historico_insuficiente,produto_uf,UF,ALGODÃO - CAROÇO (1),MT,produtividade_kg_ha
xgboost,,,,,2,historico_insuficiente,produto_uf,UF,ALGODÃO - CAROÇO (1),MT,produtividade_kg_ha
exponential_smoothing,,,,,2,historico_insuficiente,produto_uf,UF,ALGODÃO - CAROÇO (1),MT,produtividade_kg_ha
baseline_ingenuo,0.0,0.0,0.0,,2,,produto_uf,UF,ALGODÃO - CAROÇO (1),PA,produtividade_kg_ha
regressao_linear,,,,,2,historico_insuficiente,produto_uf,UF,ALGODÃO - CAROÇO (1),PA,produtividade_kg_ha
random_forest,,,,,2,historico_insuficiente,produto_uf,UF,ALGODÃO - CAROÇO (1),PA,produtividade_kg_ha
xgboost,,,,,2,historico_insuficiente,produto_uf,UF,ALGODÃO - CAROÇO (1),PA,produtividade_kg_ha
exponential_smoothing,,,,,2,historico_insuficiente,produto_uf,UF,ALGODÃO - CAROÇO (1),PA,produtividade_kg_ha
baseline_ingenuo,291.2,291.2,44.43359375,,2,,produto_uf,UF,ALGODÃO - CAROÇO (1),PB,produtividade_kg_ha
regressao_linear,,,,,2,historico_insuficiente,produto_uf,UF,ALGODÃO - CAROÇO (1),PB,produtividade_kg_ha
random_forest,,,,,2,historico_insuficiente,produto_uf,UF,ALGODÃO - CAROÇO (1),PB,produtividade_kg_ha
xgboost,,,,,2,historico_insuficiente,produto_uf,UF,ALGODÃO - CAROÇO (1),PB,produtividade_kg_ha
exponential_smoothing,,,,,2,historico_insuficiente,produto_uf,UF,ALGODÃO - CAROÇO (1),PB,produtividade_kg_ha
baseline_ingenuo,0.0,0.0,,,2,,produto_uf,UF,ALGODÃO - CAROÇO (1),PE,produtividade_kg_ha
regressao_linear,,,,,2,historico_insuficiente,produto_uf,UF,ALGODÃO - CAROÇO (1),PE,produtividade_kg_ha
random_forest,,,,,2,historico_insuficiente,produto_uf,UF,ALGODÃO - CAROÇO (1),PE,produtividade_kg_ha
xgboost,,,,,2,historico_insuficiente,produto_uf,UF,ALGODÃO - CAROÇO (1),PE,produtividade_kg_ha
exponential_smoothing,,,,,2,historico_insuficiente,produto_uf,UF,ALGODÃO - CAROÇO (1),PE,produtividade_kg_ha
baseline_ingenuo,177.5900000000006,177.5900000000006,7.032710280373856,,2,,produto_uf,UF,ALGODÃO - CAROÇO (1),PI,produtividade_kg_ha
regressao_linear,,,,,2,historico_insuficiente,produto_uf,UF,ALGODÃO - CAROÇO (1),PI,produtividade_kg_ha
random_forest,,,,,2,historico_insuficiente,produto_uf,UF,ALGODÃO - CAROÇO (1),PI,produtividade_kg_ha
xgboost,,,,,2,historico_insuficiente,produto_uf,UF,ALGODÃO - CAROÇO (1),PI,produtividade_kg_ha
exponential_smoothing,,,,,2,historico_insuficiente,produto_uf,UF,ALGODÃO - CAROÇO (1),PI,produtividade_kg_ha
baseline_ingenuo,0.0,0.0,0.0,,2,,produto_uf,UF,ALGODÃO - CAROÇO (1),PR,produtividade_kg_ha
regressao_linear,,,,,2,historico_insuficiente,produto_uf,UF,ALGODÃO - CAROÇO (1),PR,produtividade_kg_ha
random_forest,,,,,2,historico_insuficiente,produto_uf,UF,ALGODÃO - CAROÇO (1),PR,produtividade_kg_ha
xgboost,,,,,2,historico_insuficiente,produto_uf,UF,ALGODÃO - CAROÇO (1),PR,produtividade_kg_ha
exponential_smoothing,,,,,2,historico_insuficiente,produto_uf,UF,ALGODÃO - CAROÇO (1),PR,produtividade_kg_ha
baseline_ingenuo,0.0,0.0,,,2,,produto_uf,UF,ALGODÃO - CAROÇO (1),RJ,produtividade_kg_ha
regressao_linear,,,,,2,historico_insuficiente,produto_uf,UF,ALGODÃO - CAROÇO (1),RJ,produtividade_kg_ha
random_forest,,,,,2,historico_insuficiente,produto_uf,UF,ALGODÃO - CAROÇO (1),RJ,produtividade_kg_ha
xgboost,,,,,2,historico_insuficiente,produto_uf,UF,ALGODÃO - CAROÇO (1),RJ,produtividade_kg_ha
exponential_smoothing,,,,,2,historico_insuficiente,produto_uf,UF,ALGODÃO - CAROÇO (1),RJ,produtividade_kg_ha
baseline_ingenuo,0.6200000000003456,0.6200000000003456,0.055035773252644866,,2,,produto_uf,UF,ALGODÃO - CAROÇO (1),RN,produtividade_kg_ha
regressao_linear,,,,,2,historico_insuficiente,produto_uf,UF,ALGODÃO - CAROÇO (1),RN,produtividade_kg_ha
random_forest,,,,,2,historico_insuficiente,produto_uf,UF,ALGODÃO - CAROÇO (1),RN,produtividade_kg_ha
xgboost,,,,,2,historico_insuficiente,produto_uf,UF,ALGODÃO - CAROÇO (1),RN,produtividade_kg_ha
exponential_smoothing,,,,,2,historico_insuficiente,produto_uf,UF,ALGODÃO - CAROÇO (1),RN,produtividade_kg_ha
baseline_ingenuo,189.0999999999999,189.0999999999999,7.270560190703214,,2,,produto_uf,UF,ALGODÃO - CAROÇO (1),RO,produtividade_kg_ha
regressao_linear,,,,,2,historico_insuficiente,produto_uf,UF,ALGODÃO - CAROÇO (1),RO,produtividade_kg_ha
random_forest,,,,,2,historico_insuficiente,produto_uf,UF,ALGODÃO - CAROÇO (1),RO,produtividade_kg_ha
xgboost,,,,,2,historico_insuficiente,produto_uf,UF,ALGODÃO - CAROÇO (1),RO,produtividade_kg_ha
exponential_smoothing,,,,,2,historico_insuficiente,produto_uf,UF,ALGODÃO - CAROÇO (1),RO,produtividade_kg_ha
baseline_ingenuo,0.0,0.0,,,2,,produto_uf,UF,ALGODÃO - CAROÇO (1),RR,produtividade_kg_ha
regressao_linear,,,,,2,historico_insuficiente,produto_uf,UF,ALGODÃO - CAROÇO (1),RR,produtividade_kg_ha
random_forest,,,,,2,historico_insuficiente,produto_uf,UF,ALGODÃO - CAROÇO (1),RR,produtividade_kg_ha
xgboost,,,,,2,historico_insuficiente,produto_uf,UF,ALGODÃO - CAROÇO (1),RR,produtividade_kg_ha
exponential_smoothing,,,,,2,historico_insuficiente,produto_uf,UF,ALGODÃO - CAROÇO (1),RR,produtividade_kg_ha
baseline_ingenuo,0.0,0.0,,,2,,produto_uf,UF,ALGODÃO - CAROÇO (1),RS,produtividade_kg_ha
regressao_linear,,,,,2,historico_insuficiente,produto_uf,UF,ALGODÃO - CAROÇO (1),RS,produtividade_kg_ha
random_forest,,,,,2,historico_insuficiente,produto_uf,UF,ALGODÃO - CAROÇO (1),RS,produtividade_kg_ha
xgboost,,,,,2,historico_insuficiente,produto_uf,UF,ALGODÃO - CAROÇO (1),RS,produtividade_kg_ha
exponential_smoothing,,,,,2,historico_insuficiente,produto_uf,UF,ALGODÃO - CAROÇO (1),RS,produtividade_kg_ha
baseline_ingenuo,0.0,0.0,,,2,,produto_uf,UF,ALGODÃO - CAROÇO (1),SC,produtividade_kg_ha
regressao_linear,,,,,2,historico_insuficiente,produto_uf,UF,ALGODÃO - CAROÇO (1),SC,produtividade_kg_ha
random_forest,,,,,2,historico_insuficiente,produto_uf,UF,ALGODÃO - CAROÇO (1),SC,produtividade_kg_ha
xgboost,,,,,2,historico_insuficiente,produto_uf,UF,ALGODÃO - CAROÇO (1),SC,produtividade_kg_ha
exponential_smoothing,,,,,2,historico_insuficiente,produto_uf,UF,ALGODÃO - CAROÇO (1),SC,produtividade_kg_ha
baseline_ingenuo,0.0,0.0,,,2,,produto_uf,UF,ALGODÃO - CAROÇO (1),SE,produtividade_kg_ha
regressao_linear,,,,,2,historico_insuficiente,produto_uf,UF,ALGODÃO - CAROÇO (1),SE,produtividade_kg_ha
random_forest,,,,,2,historico_insuficiente,produto_uf,UF,ALGODÃO - CAROÇO (1),SE,produtividade_kg_ha
xgboost,,,,,2,historico_insuficiente,produto_uf,UF,ALGODÃO - CAROÇO (1),SE,produtividade_kg_ha
exponential_smoothing,,,,,2,historico_insuficiente,produto_uf,UF,ALGODÃO - CAROÇO (1),SE,produtividade_kg_ha
baseline_ingenuo,1.6739999999999782,1.6739999999999782,0.07627765064835904,,2,,produto_uf,UF,ALGODÃO - CAROÇO (1),SP,produtividade_kg_ha
regressao_linear,,,,,2,historico_insuficiente,produto_uf,UF,ALGODÃO - CAROÇO (1),SP,produtividade_kg_ha
random_forest,,,,,2,historico_insuficiente,produto_uf,UF,ALGODÃO - CAROÇO (1),SP,produtividade_kg_ha
xgboost,,,,,2,historico_insuficiente,produto_uf,UF,ALGODÃO - CAROÇO (1),SP,produtividade_kg_ha
exponential_smoothing,,,,,2,historico_insuficiente,produto_uf,UF,ALGODÃO - CAROÇO (1),SP,produtividade_kg_ha
baseline_ingenuo,63.000000000000455,63.000000000000455,2.3521505376344254,,2,,produto_uf,UF,ALGODÃO - CAROÇO (1),TO,produtividade_kg_ha
regressao_linear,,,,,2,historico_insuficiente,produto_uf,UF,ALGODÃO - CAROÇO (1),TO,produtividade_kg_ha
random_forest,,,,,2,historico_insuficiente,produto_uf,UF,ALGODÃO - CAROÇO (1),TO,produtividade_kg_ha
xgboost,,,,,2,historico_insuficiente,produto_uf,UF,ALGODÃO - CAROÇO (1),TO,produtividade_kg_ha
exponential_smoothing,,,,,2,historico_insuficiente,produto_uf,UF,ALGODÃO - CAROÇO (1),TO,produtividade_kg_ha
baseline_ingenuo,0.0,0.0,,,2,,produto_uf,UF,ALGODÃO - PLUMA,AC,produtividade_kg_ha
regressao_linear,,,,,2,historico_insuficiente,produto_uf,UF,ALGODÃO - PLUMA,AC,produtividade_kg_ha
random_forest,,,,,2,historico_insuficiente,produto_uf,UF,ALGODÃO - PLUMA,AC,produtividade_kg_ha
xgboost,,,,,2,historico_insuficiente,produto_uf,UF,ALGODÃO - PLUMA,AC,produtividade_kg_ha
exponential_smoothing,,,,,2,historico_insuficiente,produto_uf,UF,ALGODÃO - PLUMA,AC,produtividade_kg_ha
baseline_ingenuo,0.0,0.0,,,2,,produto_uf,UF,ALGODÃO - PLUMA,AL,produtividade_kg_ha
regressao_linear,,,,,2,historico_insuficiente,produto_uf,UF,ALGODÃO - PLUMA,AL,produtividade_kg_ha
random_forest,,,,,2,historico_insuficiente,produto_uf,UF,ALGODÃO - PLUMA,AL,produtividade_kg_ha
xgboost,,,,,2,historico_insuficiente,produto_uf,UF,ALGODÃO - PLUMA,AL,produtividade_kg_ha
exponential_smoothing,,,,,2,historico_insuficiente,produto_uf,UF,ALGODÃO - PLUMA,AL,produtividade_kg_ha
baseline_ingenuo,0.0,0.0,,,2,,produto_uf,UF,ALGODÃO - PLUMA,AM,produtividade_kg_ha
regressao_linear,,,,,2,historico_insuficiente,produto_uf,UF,ALGODÃO - PLUMA,AM,produtividade_kg_ha
random_forest,,,,,2,historico_insuficiente,produto_uf,UF,ALGODÃO - PLUMA,AM,produtividade_kg_ha
xgboost,,,,,2,historico_insuficiente,produto_uf,UF,ALGODÃO - PLUMA,AM,produtividade_kg_ha
exponential_smoothing,,,,,2,historico_insuficiente,produto_uf,UF,ALGODÃO - PLUMA,AM,produtividade_kg_ha
baseline_ingenuo,0.0,0.0,,,2,,produto_uf,UF,ALGODÃO - PLUMA,AP,produtividade_kg_ha
regressao_linear,,,,,2,historico_insuficiente,produto_uf,UF,ALGODÃO - PLUMA,AP,produtividade_kg_ha
random_forest,,,,,2,historico_insuficiente,produto_uf,UF,ALGODÃO - PLUMA,AP,produtividade_kg_ha
xgboost,,,,,2,historico_insuficiente,produto_uf,UF,ALGODÃO - PLUMA,AP,produtividade_kg_ha
exponential_smoothing,,,,,2,historico_insuficiente,produto_uf,UF,ALGODÃO - PLUMA,AP,produtividade_kg_ha
baseline_ingenuo,32.74000000000001,32.74000000000001,1.640066925150031,,2,,produto_uf,UF,ALGODÃO - PLUMA,BA,produtividade_kg_ha
regressao_linear,,,,,2,historico_insuficiente,produto_uf,UF,ALGODÃO - PLUMA,BA,produtividade_kg_ha
random_forest,,,,,2,historico_insuficiente,produto_uf,UF,ALGODÃO - PLUMA,BA,produtividade_kg_ha
xgboost,,,,,2,historico_insuficiente,produto_uf,UF,ALGODÃO - PLUMA,BA,produtividade_kg_ha
exponential_smoothing,,,,,2,historico_insuficiente,produto_uf,UF,ALGODÃO - PLUMA,BA,produtividade_kg_ha
baseline_ingenuo,280.0,280.0,30.888030888030887,,2,,produto_uf,UF,ALGODÃO - PLUMA,CE,produtividade_kg_ha
regressao_linear,,,,,2,historico_insuficiente,produto_uf,UF,ALGODÃO - PLUMA,CE,produtividade_kg_ha
random_forest,,,,,2,historico_insuficiente,produto_uf,UF,ALGODÃO - PLUMA,CE,produtividade_kg_ha
xgboost,,,,,2,historico_insuficiente,produto_uf,UF,ALGODÃO - PLUMA,CE,produtividade_kg_ha
exponential_smoothing,,,,,2,historico_insuficiente,produto_uf,UF,ALGODÃO - PLUMA,CE,produtividade_kg_ha
baseline_ingenuo,0.0,0.0,,,2,,produto_uf,UF,ALGODÃO - PLUMA,DF,produtividade_kg_ha
regressao_linear,,,,,2,historico_insuficiente,produto_uf,UF,ALGODÃO - PLUMA,DF,produtividade_kg_ha
random_forest,,,,,2,historico_insuficiente,produto_uf,UF,ALGODÃO - PLUMA,DF,produtividade_kg_ha
xgboost,,,,,2,historico_insuficiente,produto_uf,UF,ALGODÃO - PLUMA,DF,produtividade_kg_ha
exponential_smoothing,,,,,2,historico_insuficiente,produto_uf,UF,ALGODÃO - PLUMA,DF,produtividade_kg_ha
baseline_ingenuo,0.0,0.0,,,2,,produto_uf,UF,ALGODÃO - PLUMA,ES,produtividade_kg_ha
regressao_linear,,,,,2,historico_insuficiente,produto_uf,UF,ALGODÃO - PLUMA,ES,produtividade_kg_ha
random_forest,,,,,2,historico_insuficiente,produto_uf,UF,ALGODÃO - PLUMA,ES,produtividade_kg_ha
xgboost,,,,,2,historico_insuficiente,produto_uf,UF,ALGODÃO - PLUMA,ES,produtividade_kg_ha
exponential_smoothing,,,,,2,historico_insuficiente,produto_uf,UF,ALGODÃO - PLUMA,ES,produtividade_kg_ha
baseline_ingenuo,9.200000000000273,9.200000000000273,0.5020737830168234,,2,,produto_uf,UF,ALGODÃO - PLUMA,GO,produtividade_kg_ha
regressao_linear,,,,,2,historico_insuficiente,produto_uf,UF,ALGODÃO - PLUMA,GO,produtividade_kg_ha
random_forest,,,,,2,historico_insuficiente,produto_uf,UF,ALGODÃO - PLUMA,GO,produtividade_kg_ha
xgboost,,,,,2,historico_insuficiente,produto_uf,UF,ALGODÃO - PLUMA,GO,produtividade_kg_ha
exponential_smoothing,,,,,2,historico_insuficiente,produto_uf,UF,ALGODÃO - PLUMA,GO,produtividade_kg_ha
baseline_ingenuo,18.404999999999973,18.404999999999973,1.0344827586206882,,2,,produto_uf,UF,ALGODÃO - PLUMA,MA,produtividade_kg_ha
regressao_linear,,,,,2,historico_insuficiente,produto_uf,UF,ALGODÃO - PLUMA,MA,produtividade_kg_ha
random_forest,,,,,2,historico_insuficiente,produto_uf,UF,ALGODÃO - PLUMA,MA,produtividade_kg_ha
xgboost,,,,,2,historico_insuficiente,produto_uf,UF,ALGODÃO - PLUMA,MA,produtividade_kg_ha
exponential_smoothing,,,,,2,historico_insuficiente,produto_uf,UF,ALGODÃO - PLUMA,MA,produtividade_kg_ha
baseline_ingenuo,178.89299999999957,178.89299999999957,9.267660401814625,,2,,produto_uf,UF,ALGODÃO - PLUMA,MG,produtividade_kg_ha
regressao_linear,,,,,2,historico_insuficiente,produto_uf,UF,ALGODÃO - PLUMA,MG,produtividade_kg_ha
random_forest,,,,,2,historico_insuficiente,produto_uf,UF,ALGODÃO - PLUMA,MG,produtividade_kg_ha
xgboost,,,,,2,historico_insuficiente,produto_uf,UF,ALGODÃO - PLUMA,MG,produtividade_kg_ha
exponential_smoothing,,,,,2,historico_insuficiente,produto_uf,UF,ALGODÃO - PLUMA,MG,produtividade_kg_ha
baseline_ingenuo,100.80000000000018,100.80000000000018,4.724409448818907,,2,,produto_uf,UF,ALGODÃO - PLUMA,MS,produtividade_kg_ha
regressao_linear,,,,,2,historico_insuficiente,produto_uf,UF,ALGODÃO - PLUMA,MS,produtividade_kg_ha
random_forest,,,,,2,historico_insuficiente,produto_uf,UF,ALGODÃO - PLUMA,MS,produtividade_kg_ha
xgboost,,,,,2,historico_insuficiente,produto_uf,UF,ALGODÃO - PLUMA,MS,produtividade_kg_ha
exponential_smoothing,,,,,2,historico_insuficiente,produto_uf,UF,ALGODÃO - PLUMA,MS,produtividade_kg_ha
baseline_ingenuo,91.46399999999994,91.46399999999994,4.919122534899177,,2,,produto_uf,UF,ALGODÃO - PLUMA,MT,produtividade_kg_ha
regressao_linear,,,,,2,historico_insuficiente,produto_uf,UF,ALGODÃO - PLUMA,MT,produtividade_kg_ha
random_forest,,,,,2,historico_insuficiente,produto_uf,UF,ALGODÃO - PLUMA,MT,produtividade_kg_ha
xgboost,,,,,2,historico_insuficiente,produto_uf,UF,ALGODÃO - PLUMA,MT,produtividade_kg_ha
exponential_smoothing,,,,,2,historico_insuficiente,produto_uf,UF,ALGODÃO - PLUMA,MT,produtividade_kg_ha
baseline_ingenuo,0.0,0.0,0.0,,2,,produto_uf,UF,ALGODÃO - PLUMA,PA,produtividade_kg_ha
regressao_linear,,,,,2,historico_insuficiente,produto_uf,UF,ALGODÃO - PLUMA,PA,produtividade_kg_ha
random_forest,,,,,2,historico_insuficiente,produto_uf,UF,ALGODÃO - PLUMA,PA,produtividade_kg_ha
xgboost,,,,,2,historico_insuficiente,produto_uf,UF,ALGODÃO - PLUMA,PA,produtividade_kg_ha
exponential_smoothing,,,,,2,historico_insuficiente,produto_uf,UF,ALGODÃO - PLUMA,PA,produtividade_kg_ha
baseline_ingenuo,163.79999999999998,163.79999999999998,44.43359374999999,,2,,produto_uf,UF,ALGODÃO - PLUMA,PB,produtividade_kg_ha
regressao_linear,,,,,2,historico_insuficiente,produto_uf,UF,ALGODÃO - PLUMA,PB,produtividade_kg_ha
random_forest,,,,,2,historico_insuficiente,produto_uf,UF,ALGODÃO - PLUMA,PB,produtividade_kg_ha
xgboost,,,,,2,historico_insuficiente,produto_uf,UF,ALGODÃO - PLUMA,PB,produtividade_kg_ha
exponential_smoothing,,,,,2,historico_insuficiente,produto_uf,UF,ALGODÃO - PLUMA,PB,produtividade_kg_ha
baseline_ingenuo,0.0,0.0,,,2,,produto_uf,UF,ALGODÃO - PLUMA,PE,produtividade_kg_ha
regressao_linear,,,,,2,historico_insuficiente,produto_uf,UF,ALGODÃO - PLUMA,PE,produtividade_kg_ha
random_forest,,,,,2,historico_insuficiente,produto_uf,UF,ALGODÃO - PLUMA,PE,produtividade_kg_ha
xgboost,,,,,2,historico_insuficiente,produto_uf,UF,ALGODÃO - PLUMA,PE,produtividade_kg_ha
exponential_smoothing,,,,,2,historico_insuficiente,produto_uf,UF,ALGODÃO - PLUMA,PE,produtividade_kg_ha
baseline_ingenuo,123.41000000000008,123.41000000000008,7.032710280373837,,2,,produto_uf,UF,ALGODÃO - PLUMA,PI,produtividade_kg_ha
regressao_linear,,,,,2,historico_insuficiente,produto_uf,UF,ALGODÃO - PLUMA,PI,produtividade_kg_ha
random_forest,,,,,2,historico_insuficiente,produto_uf,UF,ALGODÃO - PLUMA,PI,produtividade_kg_ha
xgboost,,,,,2,historico_insuficiente,produto_uf,UF,ALGODÃO - PLUMA,PI,produtividade_kg_ha
exponential_smoothing,,,,,2,historico_insuficiente,produto_uf,UF,ALGODÃO - PLUMA,PI,produtividade_kg_ha
baseline_ingenuo,0.0,0.0,0.0,,2,,produto_uf,UF,ALGODÃO - PLUMA,PR,produtividade_kg_ha
regressao_linear,,,,,2,historico_insuficiente,produto_uf,UF,ALGODÃO - PLUMA,PR,produtividade_kg_ha
random_forest,,,,,2,historico_insuficiente,produto_uf,UF,ALGODÃO - PLUMA,PR,produtividade_kg_ha
xgboost,,,,,2,historico_insuficiente,produto_uf,UF,ALGODÃO - PLUMA,PR,produtividade_kg_ha
exponential_smoothing,,,,,2,historico_insuficiente,produto_uf,UF,ALGODÃO - PLUMA,PR,produtividade_kg_ha
baseline_ingenuo,0.0,0.0,,,2,,produto_uf,UF,ALGODÃO - PLUMA,RJ,produtividade_kg_ha
regressao_linear,,,,,2,historico_insuficiente,produto_uf,UF,ALGODÃO - PLUMA,RJ,produtividade_kg_ha
random_forest,,,,,2,historico_insuficiente,produto_uf,UF,ALGODÃO - PLUMA,RJ,produtividade_kg_ha
xgboost,,,,,2,historico_insuficiente,produto_uf,UF,ALGODÃO - PLUMA,RJ,produtividade_kg_ha
exponential_smoothing,,,,,2,historico_insuficiente,produto_uf,UF,ALGODÃO - PLUMA,RJ,produtividade_kg_ha
baseline_ingenuo,0.38000000000010914,0.38000000000010914,0.05503577325263,,2,,produto_uf,UF,ALGODÃO - PLUMA,RN,produtividade_kg_ha
regressao_linear,,,,,2,historico_insuficiente,produto_uf,UF,ALGODÃO - PLUMA,RN,produtividade_kg_ha
random_forest,,,,,2,historico_insuficiente,produto_uf,UF,ALGODÃO - PLUMA,RN,produtividade_kg_ha
xgboost,,,,,2,historico_insuficiente,produto_uf,UF,ALGODÃO - PLUMA,RN,produtividade_kg_ha
exponential_smoothing,,,,,2,historico_insuficiente,produto_uf,UF,ALGODÃO - PLUMA,RN,produtividade_kg_ha
baseline_ingenuo,115.89999999999986,115.89999999999986,7.270560190703209,,2,,produto_uf,UF,ALGODÃO - PLUMA,RO,produtividade_kg_ha
regressao_linear,,,,,2,historico_insuficiente,produto_uf,UF,ALGODÃO - PLUMA,RO,produtividade_kg_ha
random_forest,,,,,2,historico_insuficiente,produto_uf,UF,ALGODÃO - PLUMA,RO,produtividade_kg_ha
xgboost,,,,,2,historico_insuficiente,produto_uf,UF,ALGODÃO - PLUMA,RO,produtividade_kg_ha
exponential_smoothing,,,,,2,historico_insuficiente,produto_uf,UF,ALGODÃO - PLUMA,RO,produtividade_kg_ha
baseline_ingenuo,0.0,0.0,,,2,,produto_uf,UF,ALGODÃO - PLUMA,RR,produtividade_kg_ha
regressao_linear,,,,,2,historico_insuficiente,produto_uf,UF,ALGODÃO - PLUMA,RR,produtividade_kg_ha
random_forest,,,,,2,historico_insuficiente,produto_uf,UF,ALGODÃO - PLUMA,RR,produtividade_kg_ha
xgboost,,,,,2,historico_insuficiente,produto_uf,UF,ALGODÃO - PLUMA,RR,produtividade_kg_ha
exponential_smoothing,,,,,2,historico_insuficiente,produto_uf,UF,ALGODÃO - PLUMA,RR,produtividade_kg_ha
baseline_ingenuo,0.0,0.0,,,2,,produto_uf,UF,ALGODÃO - PLUMA,RS,produtividade_kg_ha
regressao_linear,,,,,2,historico_insuficiente,produto_uf,UF,ALGODÃO - PLUMA,RS,produtividade_kg_ha
random_forest,,,,,2,historico_insuficiente,produto_uf,UF,ALGODÃO - PLUMA,RS,produtividade_kg_ha
xgboost,,,,,2,historico_insuficiente,produto_uf,UF,ALGODÃO - PLUMA,RS,produtividade_kg_ha
exponential_smoothing,,,,,2,historico_insuficiente,produto_uf,UF,ALGODÃO - PLUMA,RS,produtividade_kg_ha
baseline_ingenuo,0.0,0.0,,,2,,produto_uf,UF,ALGODÃO - PLUMA,SC,produtividade_kg_ha
regressao_linear,,,,,2,historico_insuficiente,produto_uf,UF,ALGODÃO - PLUMA,SC,produtividade_kg_ha
random_forest,,,,,2,historico_insuficiente,produto_uf,UF,ALGODÃO - PLUMA,SC,produtividade_kg_ha
xgboost,,,,,2,historico_insuficiente,produto_uf,UF,ALGODÃO - PLUMA,SC,produtividade_kg_ha
exponential_smoothing,,,,,2,historico_insuficiente,produto_uf,UF,ALGODÃO - PLUMA,SC,produtividade_kg_ha
baseline_ingenuo,0.0,0.0,,,2,,produto_uf,UF,ALGODÃO - PLUMA,SE,produtividade_kg_ha
regressao_linear,,,,,2,historico_insuficiente,produto_uf,UF,ALGODÃO - PLUMA,SE,produtividade_kg_ha
random_forest,,,,,2,historico_insuficiente,produto_uf,UF,ALGODÃO - PLUMA,SE,produtividade_kg_ha
xgboost,,,,,2,historico_insuficiente,produto_uf,UF,ALGODÃO - PLUMA,SE,produtividade_kg_ha
exponential_smoothing,,,,,2,historico_insuficiente,produto_uf,UF,ALGODÃO - PLUMA,SE,produtividade_kg_ha
baseline_ingenuo,1.3259999999997945,1.3259999999997945,0.07627765064834821,,2,,produto_uf,UF,ALGODÃO - PLUMA,SP,produtividade_kg_ha
regressao_linear,,,,,2,historico_insuficiente,produto_uf,UF,ALGODÃO - PLUMA,SP,produtividade_kg_ha
random_forest,,,,,2,historico_insuficiente,produto_uf,UF,ALGODÃO - PLUMA,SP,produtividade_kg_ha
xgboost,,,,,2,historico_insuficiente,produto_uf,UF,ALGODÃO - PLUMA,SP,produtividade_kg_ha
exponential_smoothing,,,,,2,historico_insuficiente,produto_uf,UF,ALGODÃO - PLUMA,SP,produtividade_kg_ha
baseline_ingenuo,42.0,42.0,2.3521505376344085,,2,,produto_uf,UF,ALGODÃO - PLUMA,TO,produtividade_kg_ha
regressao_linear,,,,,2,historico_insuficiente,produto_uf,UF,ALGODÃO - PLUMA,TO,produtividade_kg_ha
random_forest,,,,,2,historico_insuficiente,produto_uf,UF,ALGODÃO - PLUMA,TO,produtividade_kg_ha
xgboost,,,,,2,historico_insuficiente,produto_uf,UF,ALGODÃO - PLUMA,TO,produtividade_kg_ha
exponential_smoothing,,,,,2,historico_insuficiente,produto_uf,UF,ALGODÃO - PLUMA,TO,produtividade_kg_ha
baseline_ingenuo,0.0,0.0,,,2,,produto_uf,UF,AMENDOIM TOTAL,AC,produtividade_kg_ha
regressao_linear,,,,,2,historico_insuficiente,produto_uf,UF,AMENDOIM TOTAL,AC,produtividade_kg_ha
random_forest,,,,,2,historico_insuficiente,produto_uf,UF,AMENDOIM TOTAL,AC,produtividade_kg_ha
xgboost,,,,,2,historico_insuficiente,produto_uf,UF,AMENDOIM TOTAL,AC,produtividade_kg_ha
exponential_smoothing,,,,,2,historico_insuficiente,produto_uf,UF,AMENDOIM TOTAL,AC,produtividade_kg_ha
baseline_ingenuo,0.0,0.0,,,2,,produto_uf,UF,AMENDOIM TOTAL,AL,produtividade_kg_ha
regressao_linear,,,,,2,historico_insuficiente,produto_uf,UF,AMENDOIM TOTAL,AL,produtividade_kg_ha
random_forest,,,,,2,historico_insuficiente,produto_uf,UF,AMENDOIM TOTAL,AL,produtividade_kg_ha
xgboost,,,,,2,historico_insuficiente,produto_uf,UF,AMENDOIM TOTAL,AL,produtividade_kg_ha
exponential_smoothing,,,,,2,historico_insuficiente,produto_uf,UF,AMENDOIM TOTAL,AL,produtividade_kg_ha
baseline_ingenuo,0.0,0.0,,,2,,produto_uf,UF,AMENDOIM TOTAL,AM,produtividade_kg_ha
regressao_linear,,,,,2,historico_insuficiente,produto_uf,UF,AMENDOIM TOTAL,AM,produtividade_kg_ha
random_forest,,,,,2,historico_insuficiente,produto_uf,UF,AMENDOIM TOTAL,AM,produtividade_kg_ha
xgboost,,,,,2,historico_insuficiente,produto_uf,UF,AMENDOIM TOTAL,AM,produtividade_kg_ha
exponential_smoothing,,,,,2,historico_insuficiente,produto_uf,UF,AMENDOIM TOTAL,AM,produtividade_kg_ha
baseline_ingenuo,0.0,0.0,,,2,,produto_uf,UF,AMENDOIM TOTAL,AP,produtividade_kg_ha
regressao_linear,,,,,2,historico_insuficiente,produto_uf,UF,AMENDOIM TOTAL,AP,produtividade_kg_ha
random_forest,,,,,2,historico_insuficiente,produto_uf,UF,AMENDOIM TOTAL,AP,produtividade_kg_ha
xgboost,,,,,2,historico_insuficiente,produto_uf,UF,AMENDOIM TOTAL,AP,produtividade_kg_ha
exponential_smoothing,,,,,2,historico_insuficiente,produto_uf,UF,AMENDOIM TOTAL,AP,produtividade_kg_ha
baseline_ingenuo,20.0,20.0,1.8921475875118259,,2,,produto_uf,UF,AMENDOIM TOTAL,BA,produtividade_kg_ha
regressao_linear,,,,,2,historico_insuficiente,produto_uf,UF,AMENDOIM TOTAL,BA,produtividade_kg_ha
random_forest,,,,,2,historico_insuficiente,produto_uf,UF,AMENDOIM TOTAL,BA,produtividade_kg_ha
xgboost,,,,,2,historico_insuficiente,produto_uf,UF,AMENDOIM TOTAL,BA,produtividade_kg_ha
exponential_smoothing,,,,,2,historico_insuficiente,produto_uf,UF,AMENDOIM TOTAL,BA,produtividade_kg_ha
baseline_ingenuo,0.0,0.0,0.0,,2,,produto_uf,UF,AMENDOIM TOTAL,CE,produtividade_kg_ha
regressao_linear,,,,,2,historico_insuficiente,produto_uf,UF,AMENDOIM TOTAL,CE,produtividade_kg_ha
random_forest,,,,,2,historico_insuficiente,produto_uf,UF,AMENDOIM TOTAL,CE,produtividade_kg_ha
xgboost,,,,,2,historico_insuficiente,produto_uf,UF,AMENDOIM TOTAL,CE,produtividade_kg_ha
exponential_smoothing,,,,,2,historico_insuficiente,produto_uf,UF,AMENDOIM TOTAL,CE,produtividade_kg_ha
baseline_ingenuo,0.0,0.0,,,2,,produto_uf,UF,AMENDOIM TOTAL,DF,produtividade_kg_ha
regressao_linear,,,,,2,historico_insuficiente,produto_uf,UF,AMENDOIM TOTAL,DF,produtividade_kg_ha
random_forest,,,,,2,historico_insuficiente,produto_uf,UF,AMENDOIM TOTAL,DF,produtividade_kg_ha
xgboost,,,,,2,historico_insuficiente,produto_uf,UF,AMENDOIM TOTAL,DF,produtividade_kg_ha
exponential_smoothing,,,,,2,historico_insuficiente,produto_uf,UF,AMENDOIM TOTAL,DF,produtividade_kg_ha
baseline_ingenuo,0.0,0.0,,,2,,produto_uf,UF,AMENDOIM TOTAL,ES,produtividade_kg_ha
regressao_linear,,,,,2,historico_insuficiente,produto_uf,UF,AMENDOIM TOTAL,ES,produtividade_kg_ha
random_forest,,,,,2,historico_insuficiente,produto_uf,UF,AMENDOIM TOTAL,ES,produtividade_kg_ha
xgboost,,,,,2,historico_insuficiente,produto_uf,UF,AMENDOIM TOTAL,ES,produtividade_kg_ha
exponential_smoothing,,,,,2,historico_insuficiente,produto_uf,UF,AMENDOIM TOTAL,ES,produtividade_kg_ha
baseline_ingenuo,0.0,0.0,,,2,,produto_uf,UF,AMENDOIM TOTAL,GO,produtividade_kg_ha
regressao_linear,,,,,2,historico_insuficiente,produto_uf,UF,AMENDOIM TOTAL,GO,produtividade_kg_ha
random_forest,,,,,2,historico_insuficiente,produto_uf,UF,AMENDOIM TOTAL,GO,produtividade_kg_ha
xgboost,,,,,2,historico_insuficiente,produto_uf,UF,AMENDOIM TOTAL,GO,produtividade_kg_ha
exponential_smoothing,,,,,2,historico_insuficiente,produto_uf,UF,AMENDOIM TOTAL,GO,produtividade_kg_ha
baseline_ingenuo,0.0,0.0,,,2,,produto_uf,UF,AMENDOIM TOTAL,MA,produtividade_kg_ha
regressao_linear,,,,,2,historico_insuficiente,produto_uf,UF,AMENDOIM TOTAL,MA,produtividade_kg_ha
random_forest,,,,,2,historico_insuficiente,produto_uf,UF,AMENDOIM TOTAL,MA,produtividade_kg_ha
xgboost,,,,,2,historico_insuficiente,produto_uf,UF,AMENDOIM TOTAL,MA,produtividade_kg_ha
exponential_smoothing,,,,,2,historico_insuficiente,produto_uf,UF,AMENDOIM TOTAL,MA,produtividade_kg_ha
baseline_ingenuo,2.0,2.0,0.055772448410485224,,2,,produto_uf,UF,AMENDOIM TOTAL,MG,produtividade_kg_ha
regressao_linear,,,,,2,historico_insuficiente,produto_uf,UF,AMENDOIM TOTAL,MG,produtividade_kg_ha
random_forest,,,,,2,historico_insuficiente,produto_uf,UF,AMENDOIM TOTAL,MG,produtividade_kg_ha
xgboost,,,,,2,historico_insuficiente,produto_uf,UF,AMENDOIM TOTAL,MG,produtividade_kg_ha
exponential_smoothing,,,,,2,historico_insuficiente,produto_uf,UF,AMENDOIM TOTAL,MG,produtividade_kg_ha
baseline_ingenuo,23.0,23.0,0.5794910556815319,,2,,produto_uf,UF,AMENDOIM TOTAL,MS,produtividade_kg_ha
regressao_linear,,,,,2,historico_insuficiente,produto_uf,UF,AMENDOIM TOTAL,MS,produtividade_kg_ha
random_forest,,,,,2,historico_insuficiente,produto_uf,UF,AMENDOIM TOTAL,MS,produtividade_kg_ha
xgboost,,,,,2,historico_insuficiente,produto_uf,UF,AMENDOIM TOTAL,MS,produtividade_kg_ha
exponential_smoothing,,,,,2,historico_insuficiente,produto_uf,UF,AMENDOIM TOTAL,MS,produtividade_kg_ha
baseline_ingenuo,0.0,0.0,,,2,,produto_uf,UF,AMENDOIM TOTAL,MT,produtividade_kg_ha
regressao_linear,,,,,2,historico_insuficiente,produto_uf,UF,AMENDOIM TOTAL,MT,produtividade_kg_ha
random_forest,,,,,2,historico_insuficiente,produto_uf,UF,AMENDOIM TOTAL,MT,produtividade_kg_ha
xgboost,,,,,2,historico_insuficiente,produto_uf,UF,AMENDOIM TOTAL,MT,produtividade_kg_ha
exponential_smoothing,,,,,2,historico_insuficiente,produto_uf,UF,AMENDOIM TOTAL,MT,produtividade_kg_ha
baseline_ingenuo,0.0,0.0,,,2,,produto_uf,UF,AMENDOIM TOTAL,PA,produtividade_kg_ha
regressao_linear,,,,,2,historico_insuficiente,produto_uf,UF,AMENDOIM TOTAL,PA,produtividade_kg_ha
random_forest,,,,,2,historico_insuficiente,produto_uf,UF,AMENDOIM TOTAL,PA,produtividade_kg_ha
xgboost,,,,,2,historico_insuficiente,produto_uf,UF,AMENDOIM TOTAL,PA,produtividade_kg_ha
exponential_smoothing,,,,,2,historico_insuficiente,produto_uf,UF,AMENDOIM TOTAL,PA,produtividade_kg_ha
baseline_ingenuo,0.0,0.0,0.0,,2,,produto_uf,UF,AMENDOIM TOTAL,PB,produtividade_kg_ha
regressao_linear,,,,,2,historico_insuficiente,produto_uf,UF,AMENDOIM TOTAL,PB,produtividade_kg_ha
random_forest,,,,,2,historico_insuficiente,produto_uf,UF,AMENDOIM TOTAL,PB,produtividade_kg_ha
xgboost,,,,,2,historico_insuficiente,produto_uf,UF,AMENDOIM TOTAL,PB,produtividade_kg_ha
exponential_smoothing,,,,,2,historico_insuficiente,produto_uf,UF,AMENDOIM TOTAL,PB,produtividade_kg_ha
baseline_ingenuo,0.0,0.0,,,2,,produto_uf,UF,AMENDOIM TOTAL,PE,produtividade_kg_ha
regressao_linear,,,,,2,historico_insuficiente,produto_uf,UF,AMENDOIM TOTAL,PE,produtividade_kg_ha
random_forest,,,,,2,historico_insuficiente,produto_uf,UF,AMENDOIM TOTAL,PE,produtividade_kg_ha
xgboost,,,,,2,historico_insuficiente,produto_uf,UF,AMENDOIM TOTAL,PE,produtividade_kg_ha
exponential_smoothing,,,,,2,historico_insuficiente,produto_uf,UF,AMENDOIM TOTAL,PE,produtividade_kg_ha
baseline_ingenuo,0.0,0.0,,,2,,produto_uf,UF,AMENDOIM TOTAL,PI,produtividade_kg_ha
regressao_linear,,,,,2,historico_insuficiente,produto_uf,UF,AMENDOIM TOTAL,PI,produtividade_kg_ha
random_forest,,,,,2,historico_insuficiente,produto_uf,UF,AMENDOIM TOTAL,PI,produtividade_kg_ha
xgboost,,,,,2,historico_insuficiente,produto_uf,UF,AMENDOIM TOTAL,PI,produtividade_kg_ha
exponential_smoothing,,,,,2,historico_insuficiente,produto_uf,UF,AMENDOIM TOTAL,PI,produtividade_kg_ha
baseline_ingenuo,100.0,100.0,3.4614053305642094,,2,,produto_uf,UF,AMENDOIM TOTAL,PR,produtividade_kg_ha
regressao_linear,,,,,2,historico_insuficiente,produto_uf,UF,AMENDOIM TOTAL,PR,produtividade_kg_ha
random_forest,,,,,2,historico_insuficiente,produto_uf,UF,AMENDOIM TOTAL,PR,produtividade_kg_ha
xgboost,,,,,2,historico_insuficiente,produto_uf,UF,AMENDOIM TOTAL,PR,produtividade_kg_ha
exponential_smoothing,,,,,2,historico_insuficiente,produto_uf,UF,AMENDOIM TOTAL,PR,produtividade_kg_ha
baseline_ingenuo,0.0,0.0,,,2,,produto_uf,UF,AMENDOIM TOTAL,RJ,produtividade_kg_ha
regressao_linear,,,,,2,historico_insuficiente,produto_uf,UF,AMENDOIM TOTAL,RJ,produtividade_kg_ha
random_forest,,,,,2,historico_insuficiente,produto_uf,UF,AMENDOIM TOTAL,RJ,produtividade_kg_ha
xgboost,,,,,2,historico_insuficiente,produto_uf,UF,AMENDOIM TOTAL,RJ,produtividade_kg_ha
exponential_smoothing,,,,,2,historico_insuficiente,produto_uf,UF,AMENDOIM TOTAL,RJ,produtividade_kg_ha
baseline_ingenuo,0.0,0.0,,,2,,produto_uf,UF,AMENDOIM TOTAL,RN,produtividade_kg_ha
regressao_linear,,,,,2,historico_insuficiente,produto_uf,UF,AMENDOIM TOTAL,RN,produtividade_kg_ha
random_forest,,,,,2,historico_insuficiente,produto_uf,UF,AMENDOIM TOTAL,RN,produtividade_kg_ha
xgboost,,,,,2,historico_insuficiente,produto_uf,UF,AMENDOIM TOTAL,RN,produtividade_kg_ha
exponential_smoothing,,,,,2,historico_insuficiente,produto_uf,UF,AMENDOIM TOTAL,RN,produtividade_kg_ha
baseline_ingenuo,0.0,0.0,,,2,,produto_uf,UF,AMENDOIM TOTAL,RO,produtividade_kg_ha
regressao_linear,,,,,2,historico_insuficiente,produto_uf,UF,AMENDOIM TOTAL,RO,produtividade_kg_ha
random_forest,,,,,2,historico_insuficiente,produto_uf,UF,AMENDOIM TOTAL,RO,produtividade_kg_ha
xgboost,,,,,2,historico_insuficiente,produto_uf,UF,AMENDOIM TOTAL,RO,produtividade_kg_ha
exponential_smoothing,,,,,2,historico_insuficiente,produto_uf,UF,AMENDOIM TOTAL,RO,produtividade_kg_ha
baseline_ingenuo,0.0,0.0,,,2,,produto_uf,UF,AMENDOIM TOTAL,RR,produtividade_kg_ha
regressao_linear,,,,,2,historico_insuficiente,produto_uf,UF,AMENDOIM TOTAL,RR,produtividade_kg_ha
random_forest,,,,,2,historico_insuficiente,produto_uf,UF,AMENDOIM TOTAL,RR,produtividade_kg_ha
xgboost,,,,,2,historico_insuficiente,produto_uf,UF,AMENDOIM TOTAL,RR,produtividade_kg_ha
exponential_smoothing,,,,,2,historico_insuficiente,produto_uf,UF,AMENDOIM TOTAL,RR,produtividade_kg_ha
baseline_ingenuo,0.0,0.0,,,2,,produto_uf,UF,AMENDOIM TOTAL,RS,produtividade_kg_ha
regressao_linear,,,,,2,historico_insuficiente,produto_uf,UF,AMENDOIM TOTAL,RS,produtividade_kg_ha
random_forest,,,,,2,historico_insuficiente,produto_uf,UF,AMENDOIM TOTAL,RS,produtividade_kg_ha
xgboost,,,,,2,historico_insuficiente,produto_uf,UF,AMENDOIM TOTAL,RS,produtividade_kg_ha
exponential_smoothing,,,,,2,historico_insuficiente,produto_uf,UF,AMENDOIM TOTAL,RS,produtividade_kg_ha
baseline_ingenuo,0.0,0.0,,,2,,produto_uf,UF,AMENDOIM TOTAL,SC,produtividade_kg_ha
regressao_linear,,,,,2,historico_insuficiente,produto_uf,UF,AMENDOIM TOTAL,SC,produtividade_kg_ha
random_forest,,,,,2,historico_insuficiente,produto_uf,UF,AMENDOIM TOTAL,SC,produtividade_kg_ha
xgboost,,,,,2,historico_insuficiente,produto_uf,UF,AMENDOIM TOTAL,SC,produtividade_kg_ha
exponential_smoothing,,,,,2,historico_insuficiente,produto_uf,UF,AMENDOIM TOTAL,SC,produtividade_kg_ha
baseline_ingenuo,0.0,0.0,,,2,,produto_uf,UF,AMENDOIM TOTAL,SE,produtividade_kg_ha
regressao_linear,,,,,2,historico_insuficiente,produto_uf,UF,AMENDOIM TOTAL,SE,produtividade_kg_ha
random_forest,,,,,2,historico_insuficiente,produto_uf,UF,AMENDOIM TOTAL,SE,produtividade_kg_ha
xgboost,,,,,2,historico_insuficiente,produto_uf,UF,AMENDOIM TOTAL,SE,produtividade_kg_ha
exponential_smoothing,,,,,2,historico_insuficiente,produto_uf,UF,AMENDOIM TOTAL,SE,produtividade_kg_ha
baseline_ingenuo,196.95302917954086,196.95302917954086,4.40865460602635,,2,,produto_uf,UF,AMENDOIM TOTAL,SP,produtividade_kg_ha
regressao_linear,,,,,2,historico_insuficiente,produto_uf,UF,AMENDOIM TOTAL,SP,produtividade_kg_ha
random_forest,,,,,2,historico_insuficiente,produto_uf,UF,AMENDOIM TOTAL,SP,produtividade_kg_ha
xgboost,,,,,2,historico_insuficiente,produto_uf,UF,AMENDOIM TOTAL,SP,produtividade_kg_ha
exponential_smoothing,,,,,2,historico_insuficiente,produto_uf,UF,AMENDOIM TOTAL,SP,produtividade_kg_ha
baseline_ingenuo,0.0,0.0,0.0,,2,,produto_uf,UF,AMENDOIM TOTAL,TO,produtividade_kg_ha
regressao_linear,,,,,2,historico_insuficiente,produto_uf,UF,AMENDOIM TOTAL,TO,produtividade_kg_ha
random_forest,,,,,2,historico_insuficiente,produto_uf,UF,AMENDOIM TOTAL,TO,produtividade_kg_ha
xgboost,,,,,2,historico_insuficiente,produto_uf,UF,AMENDOIM TOTAL,TO,produtividade_kg_ha
exponential_smoothing,,,,,2,historico_insuficiente,produto_uf,UF,AMENDOIM TOTAL,TO,produtividade_kg_ha
baseline_ingenuo,32.0,32.0,2.5416997617156474,,2,,produto_uf,UF,ARROZ,AC,produtividade_kg_ha
regressao_linear,,,,,2,historico_insuficiente,produto_uf,UF,ARROZ,AC,produtividade_kg_ha
random_forest,,,,,2,historico_insuficiente,produto_uf,UF,ARROZ,AC,produtividade_kg_ha
xgboost,,,,,2,historico_insuficiente,produto_uf,UF,ARROZ,AC,produtividade_kg_ha
exponential_smoothing,,,,,2,historico_insuficiente,produto_uf,UF,ARROZ,AC,produtividade_kg_ha
baseline_ingenuo,1400.0,1400.0,16.27906976744186,,2,,produto_uf,UF,ARROZ,AL,produtividade_kg_ha
regressao_linear,,,,,2,historico_insuficiente,produto_uf,UF,ARROZ,AL,produtividade_kg_ha
random_forest,,,,,2,historico_insuficiente,produto_uf,UF,ARROZ,AL,produtividade_kg_ha
xgboost,,,,,2,historico_insuficiente,produto_uf,UF,ARROZ,AL,produtividade_kg_ha
exponential_smoothing,,,,,2,historico_insuficiente,produto_uf,UF,ARROZ,AL,produtividade_kg_ha
baseline_ingenuo,104.0,104.0,3.098927294398093,,2,,produto_uf,UF,ARROZ,AM,produtividade_kg_ha
regressao_linear,,,,,2,historico_insuficiente,produto_uf,UF,ARROZ,AM,produtividade_kg_ha
random_forest,,,,,2,historico_insuficiente,produto_uf,UF,ARROZ,AM,produtividade_kg_ha
xgboost,,,,,2,historico_insuficiente,produto_uf,UF,ARROZ,AM,produtividade_kg_ha
exponential_smoothing,,,,,2,historico_insuficiente,produto_uf,UF,ARROZ,AM,produtividade_kg_ha
baseline_ingenuo,14.0,14.0,1.3779527559055118,,2,,produto_uf,UF,ARROZ,AP,produtividade_kg_ha
regressao_linear,,,,,2,historico_insuficiente,produto_uf,UF,ARROZ,AP,produtividade_kg_ha
random_forest,,,,,2,historico_insuficiente,produto_uf,UF,ARROZ,AP,produtividade_kg_ha
xgboost,,,,,2,historico_insuficiente,produto_uf,UF,ARROZ,AP,produtividade_kg_ha
exponential_smoothing,,,,,2,historico_insuficiente,produto_uf,UF,ARROZ,AP,produtividade_kg_ha
baseline_ingenuo,0.0,0.0,,,2,,produto_uf,UF,ARROZ,BA,produtividade_kg_ha
regressao_linear,,,,,2,historico_insuficiente,produto_uf,UF,ARROZ,BA,produtividade_kg_ha
random_forest,,,,,2,historico_insuficiente,produto_uf,UF,ARROZ,BA,produtividade_kg_ha
xgboost,,,,,2,historico_insuficiente,produto_uf,UF,ARROZ,BA,produtividade_kg_ha
exponential_smoothing,,,,,2,historico_insuficiente,produto_uf,UF,ARROZ,BA,produtividade_kg_ha
baseline_ingenuo,537.0448717948725,537.0448717948725,18.66168006130052,,2,,produto_uf,UF,ARROZ,CE,produtividade_kg_ha
regressao_linear,,,,,2,historico_insuficiente,produto_uf,UF,ARROZ,CE,produtividade_kg_ha
random_forest,,,,,2,historico_insuficiente,produto_uf,UF,ARROZ,CE,produtividade_kg_ha
xgboost,,,,,2,historico_insuficiente,produto_uf,UF,ARROZ,CE,produtividade_kg_ha
exponential_smoothing,,,,,2,historico_insuficiente,produto_uf,UF,ARROZ,CE,produtividade_kg_ha
baseline_ingenuo,122.99999999999909,122.99999999999909,1.9224757736792608,,2,,produto_uf,UF,ARROZ,DF,produtividade_kg_ha
regressao_linear,,,,,2,historico_insuficiente,produto_uf,UF,ARROZ,DF,produtividade_kg_ha
random_forest,,,,,2,historico_insuficiente,produto_uf,UF,ARROZ,DF,produtividade_kg_ha
xgboost,,,,,2,historico_insuficiente,produto_uf,UF,ARROZ,DF,produtividade_kg_ha
exponential_smoothing,,,,,2,historico_insuficiente,produto_uf,UF,ARROZ,DF,produtividade_kg_ha
baseline_ingenuo,60.0,60.0,1.668520578420467,,2,,produto_uf,UF,ARROZ,ES,produtividade_kg_ha
regressao_linear,,,,,2,historico_insuficiente,produto_uf,UF,ARROZ,ES,produtividade_kg_ha
random_forest,,,,,2,historico_insuficiente,produto_uf,UF,ARROZ,ES,produtividade_kg_ha
xgboost,,,,,2,historico_insuficiente,produto_uf,UF,ARROZ,ES,produtividade_kg_ha
exponential_smoothing,,,,,2,historico_insuficiente,produto_uf,UF,ARROZ,ES,produtividade_kg_ha
baseline_ingenuo,69.31802376122869,69.31802376122869,1.2789610633742188,,2,,produto_uf,UF,ARROZ,GO,produtividade_kg_ha
regressao_linear,,,,,2,historico_insuficiente,produto_uf,UF,ARROZ,GO,produtividade_kg_ha
random_forest,,,,,2,historico_insuficiente,produto_uf,UF,ARROZ,GO,produtividade_kg_ha
xgboost,,,,,2,historico_insuficiente,produto_uf,UF,ARROZ,GO,produtividade_kg_ha
exponential_smoothing,,,,,2,historico_insuficiente,produto_uf,UF,ARROZ,GO,produtividade_kg_ha
baseline_ingenuo,10.496231148566494,10.496231148566494,0.35204373495613966,,2,,produto_uf,UF,ARROZ,MA,produtividade_kg_ha
regressao_linear,,,,,2,historico_insuficiente,produto_uf,UF,ARROZ,MA,produtividade_kg_ha
random_forest,,,,,2,historico_insuficiente,produto_uf,UF,ARROZ,MA,produtividade_kg_ha
xgboost,,,,,2,historico_insuficiente,produto_uf,UF,ARROZ,MA,produtividade_kg_ha
exponential_smoothing,,,,,2,historico_insuficiente,produto_uf,UF,ARROZ,MA,produtividade_kg_ha
baseline_ingenuo,18.847286310702202,18.847286310702202,0.47680496756802176,,2,,produto_uf,UF,ARROZ,MG,produtividade_kg_ha
regressao_linear,,,,,2,historico_insuficiente,produto_uf,UF,ARROZ,MG,produtividade_kg_ha
random_forest,,,,,2,historico_insuficiente,produto_uf,UF,ARROZ,MG,produtividade_kg_ha
xgboost,,,,,2,historico_insuficiente,produto_uf,UF,ARROZ,MG,produtividade_kg_ha
exponential_smoothing,,,,,2,historico_insuficiente,produto_uf,UF,ARROZ,MG,produtividade_kg_ha
baseline_ingenuo,152.0000000000009,152.0000000000009,2.158784263598933,,2,,produto_uf,UF,ARROZ,MS,produtividade_kg_ha
regressao_linear,,,,,2,historico_insuficiente,produto_uf,UF,ARROZ,MS,produtividade_kg_ha
random_forest,,,,,2,historico_insuficiente,produto_uf,UF,ARROZ,MS,produtividade_kg_ha
xgboost,,,,,2,historico_insuficiente,produto_uf,UF,ARROZ,MS,produtividade_kg_ha
exponential_smoothing,,,,,2,historico_insuficiente,produto_uf,UF,ARROZ,MS,produtividade_kg_ha
baseline_ingenuo,12.0,12.0,0.3288572211564812,,2,,produto_uf,UF,ARROZ,MT,produtividade_kg_ha
regressao_linear,,,,,2,historico_insuficiente,produto_uf,UF,ARROZ,MT,produtividade_kg_ha
random_forest,,,,,2,historico_insuficiente,produto_uf,UF,ARROZ,MT,produtividade_kg_ha
xgboost,,,,,2,historico_insuficiente,produto_uf,UF,ARROZ,MT,produtividade_kg_ha
exponential_smoothing,,,,,2,historico_insuficiente,produto_uf,UF,ARROZ,MT,produtividade_kg_ha
baseline_ingenuo,35.29113924050671,35.29113924050671,1.2385386310327804,,2,,produto_uf,UF,ARROZ,PA,produtividade_kg_ha
regressao_linear,,,,,2,historico_insuficiente,produto_uf,UF,ARROZ,PA,produtividade_kg_ha
random_forest,,,,,2,historico_insuficiente,produto_uf,UF,ARROZ,PA,produtividade_kg_ha
xgboost,,,,,2,historico_insuficiente,produto_uf,UF,ARROZ,PA,produtividade_kg_ha
exponential_smoothing,,,,,2,historico_insuficiente,produto_uf,UF,ARROZ,PA,produtividade_kg_ha
baseline_ingenuo,433.7037037037039,433.7037037037039,24.85144312393889,,2,,produto_uf,UF,ARROZ,PB,produtividade_kg_ha
regressao_linear,,,,,2,historico_insuficiente,produto_uf,UF,ARROZ,PB,produtividade_kg_ha
random_forest,,,,,2,historico_insuficiente,produto_uf,UF,ARROZ,PB,produtividade_kg_ha
xgboost,,,,,2,historico_insuficiente,produto_uf,UF,ARROZ,PB,produtividade_kg_ha
exponential_smoothing,,,,,2,historico_insuficiente,produto_uf,UF,ARROZ,PB,produtividade_kg_ha
baseline_ingenuo,0.0,0.0,,,2,,produto_uf,UF,ARROZ,PE,produtividade_kg_ha
regressao_linear,,,,,2,historico_insuficiente,produto_uf,UF,ARROZ,PE,produtividade_kg_ha
random_forest,,,,,2,historico_insuficiente,produto_uf,UF,ARROZ,PE,produtividade_kg_ha
xgboost,,,,,2,historico_insuficiente,produto_uf,UF,ARROZ,PE,produtividade_kg_ha
exponential_smoothing,,,,,2,historico_insuficiente,produto_uf,UF,ARROZ,PE,produtividade_kg_ha
baseline_ingenuo,17.70382335252134,17.70382335252134,1.0182178727352869,,2,,produto_uf,UF,ARROZ,PI,produtividade_kg_ha
regressao_linear,,,,,2,historico_insuficiente,produto_uf,UF,ARROZ,PI,produtividade_kg_ha
random_forest,,,,,2,historico_insuficiente,produto_uf,UF,ARROZ,PI,produtividade_kg_ha
xgboost,,,,,2,historico_insuficiente,produto_uf,UF,ARROZ,PI,produtividade_kg_ha
exponential_smoothing,,,,,2,historico_insuficiente,produto_uf,UF,ARROZ,PI,produtividade_kg_ha
baseline_ingenuo,439.01182661386883,439.01182661386883,5.960336025922911,,2,,produto_uf,UF,ARROZ,PR,produtividade_kg_ha
regressao_linear,,,,,2,historico_insuficiente,produto_uf,UF,ARROZ,PR,produtividade_kg_ha
random_forest,,,,,2,historico_insuficiente,produto_uf,UF,ARROZ,PR,produtividade_kg_ha
xgboost,,,,,2,historico_insuficiente,produto_uf,UF,ARROZ,PR,produtividade_kg_ha
exponential_smoothing,,,,,2,historico_insuficiente,produto_uf,UF,ARROZ,PR,produtividade_kg_ha
baseline_ingenuo,34.0,34.0,1.1959198030249736,,2,,produto_uf,UF,ARROZ,RJ,produtividade_kg_ha
regressao_linear,,,,,2,historico_insuficiente,produto_uf,UF,ARROZ,RJ,produtividade_kg_ha
random_forest,,,,,2,historico_insuficiente,produto_uf,UF,ARROZ,RJ,produtividade_kg_ha
xgboost,,,,,2,historico_insuficiente,produto_uf,UF,ARROZ,RJ,produtividade_kg_ha
exponential_smoothing,,,,,2,historico_insuficiente,produto_uf,UF,ARROZ,RJ,produtividade_kg_ha
baseline_ingenuo,401.00000000000045,401.00000000000045,12.484433374844347,,2,,produto_uf,UF,ARROZ,RN,produtividade_kg_ha
regressao_linear,,,,,2,historico_insuficiente,produto_uf,UF,ARROZ,RN,produtividade_kg_ha
random_forest,,,,,2,historico_insuficiente,produto_uf,UF,ARROZ,RN,produtividade_kg_ha
xgboost,,,,,2,historico_insuficiente,produto_uf,UF,ARROZ,RN,produtividade_kg_ha
exponential_smoothing,,,,,2,historico_insuficiente,produto_uf,UF,ARROZ,RN,produtividade_kg_ha
baseline_ingenuo,93.0,93.0,2.585487906588824,,2,,produto_uf,UF,ARROZ,RO,produtividade_kg_ha
regressao_linear,,,,,2,historico_insuficiente,produto_uf,UF,ARROZ,RO,produtividade_kg_ha
random_forest,,,,,2,historico_insuficiente,produto_uf,UF,ARROZ,RO,produtividade_kg_ha
xgboost,,,,,2,historico_insuficiente,produto_uf,UF,ARROZ,RO,produtividade_kg_ha
exponential_smoothing,,,,,2,historico_insuficiente,produto_uf,UF,ARROZ,RO,produtividade_kg_ha
baseline_ingenuo,85.99999999999909,85.99999999999909,1.1552928533046625,,2,,produto_uf,UF,ARROZ,RR,produtividade_kg_ha
regressao_linear,,,,,2,historico_insuficiente,produto_uf,UF,ARROZ,RR,produtividade_kg_ha
random_forest,,,,,2,historico_insuficiente,produto_uf,UF,ARROZ,RR,produtividade_kg_ha
xgboost,,,,,2,historico_insuficiente,produto_uf,UF,ARROZ,RR,produtividade_kg_ha
exponential_smoothing,,,,,2,historico_insuficiente,produto_uf,UF,ARROZ,RR,produtividade_kg_ha
baseline_ingenuo,687.0,687.0,8.24334053275738,,2,,produto_uf,UF,ARROZ,RS,produtividade_kg_ha
regressao_linear,,,,,2,historico_insuficiente,produto_uf,UF,ARROZ,RS,produtividade_kg_ha
random_forest,,,,,2,historico_insuficiente,produto_uf,UF,ARROZ,RS,produtividade_kg_ha
xgboost,,,,,2,historico_insuficiente,produto_uf,UF,ARROZ,RS,produtividade_kg_ha
exponential_smoothing,,,,,2,historico_insuficiente,produto_uf,UF,ARROZ,RS,produtividade_kg_ha
baseline_ingenuo,250.0,250.0,3.0303030303030303,,2,,produto_uf,UF,ARROZ,SC,produtividade_kg_ha
regressao_linear,,,,,2,historico_insuficiente,produto_uf,UF,ARROZ,SC,produtividade_kg_ha
random_forest,,,,,2,historico_insuficiente,produto_uf,UF,ARROZ,SC,produtividade_kg_ha
xgboost,,,,,2,historico_insuficiente,produto_uf,UF,ARROZ,SC,produtividade_kg_ha
exponential_smoothing,,,,,2,historico_insuficiente,produto_uf,UF,ARROZ,SC,produtividade_kg_ha
baseline_ingenuo,93.0,93.0,1.1177884615384615,,2,,produto_uf,UF,ARROZ,SE,produtividade_kg_ha
regressao_linear,,,,,2,historico_insuficiente,produto_uf,UF,ARROZ,SE,produtividade_kg_ha
random_forest,,,,,2,historico_insuficiente,produto_uf,UF,ARROZ,SE,produtividade_kg_ha
xgboost,,,,,2,historico_insuficiente,produto_uf,UF,ARROZ,SE,produtividade_kg_ha
exponential_smoothing,,,,,2,historico_insuficiente,produto_uf,UF,ARROZ,SE,produtividade_kg_ha
baseline_ingenuo,99.39240506329043,99.39240506329043,1.4456464904593118,,2,,produto_uf,UF,ARROZ,SP,produtividade_kg_ha
regressao_linear,,,,,2,historico_insuficiente,produto_uf,UF,ARROZ,SP,produtividade_kg_ha
random_forest,,,,,2,historico_insuficiente,produto_uf,UF,ARROZ,SP,produtividade_kg_ha
xgboost,,,,,2,historico_insuficiente,produto_uf,UF,ARROZ,SP,produtividade_kg_ha
exponential_smoothing,,,,,2,historico_insuficiente,produto_uf,UF,ARROZ,SP,produtividade_kg_ha
baseline_ingenuo,321.8499385045143,321.8499385045143,5.512211296914255,,2,,produto_uf,UF,ARROZ,TO,produtividade_kg_ha
regressao_linear,,,,,2,historico_insuficiente,produto_uf,UF,ARROZ,TO,produtividade_kg_ha
random_forest,,,,,2,historico_insuficiente,produto_uf,UF,ARROZ,TO,produtividade_kg_ha
xgboost,,,,,2,historico_insuficiente,produto_uf,UF,ARROZ,TO,produtividade_kg_ha
exponential_smoothing,,,,,2,historico_insuficiente,produto_uf,UF,ARROZ,TO,produtividade_kg_ha
baseline_ingenuo,0.0,0.0,,,2,,produto_uf,UF,AVEIA,AC,produtividade_kg_ha
regressao_linear,,,,,2,historico_insuficiente,produto_uf,UF,AVEIA,AC,produtividade_kg_ha
random_forest,,,,,2,historico_insuficiente,produto_uf,UF,AVEIA,AC,produtividade_kg_ha
xgboost,,,,,2,historico_insuficiente,produto_uf,UF,AVEIA,AC,produtividade_kg_ha
exponential_smoothing,,,,,2,historico_insuficiente,produto_uf,UF,AVEIA,AC,produtividade_kg_ha
baseline_ingenuo,0.0,0.0,,,2,,produto_uf,UF,AVEIA,AL,produtividade_kg_ha
regressao_linear,,,,,2,historico_insuficiente,produto_uf,UF,AVEIA,AL,produtividade_kg_ha
random_forest,,,,,2,historico_insuficiente,produto_uf,UF,AVEIA,AL,produtividade_kg_ha
xgboost,,,,,2,historico_insuficiente,produto_uf,UF,AVEIA,AL,produtividade_kg_ha
exponential_smoothing,,,,,2,historico_insuficiente,produto_uf,UF,AVEIA,AL,produtividade_kg_ha
baseline_ingenuo,0.0,0.0,,,2,,produto_uf,UF,AVEIA,AM,produtividade_kg_ha
regressao_linear,,,,,2,historico_insuficiente,produto_uf,UF,AVEIA,AM,produtividade_kg_ha
random_forest,,,,,2,historico_insuficiente,produto_uf,UF,AVEIA,AM,produtividade_kg_ha
xgboost,,,,,2,historico_insuficiente,produto_uf,UF,AVEIA,AM,produtividade_kg_ha
exponential_smoothing,,,,,2,historico_insuficiente,produto_uf,UF,AVEIA,AM,produtividade_kg_ha
baseline_ingenuo,0.0,0.0,,,2,,produto_uf,UF,AVEIA,AP,produtividade_kg_ha
regressao_linear,,,,,2,historico_insuficiente,produto_uf,UF,AVEIA,AP,produtividade_kg_ha
random_forest,,,,,2,historico_insuficiente,produto_uf,UF,AVEIA,AP,produtividade_kg_ha
xgboost,,,,,2,historico_insuficiente,produto_uf,UF,AVEIA,AP,produtividade_kg_ha
exponential_smoothing,,,,,2,historico_insuficiente,produto_uf,UF,AVEIA,AP,produtividade_kg_ha
baseline_ingenuo,0.0,0.0,,,2,,produto_uf,UF,AVEIA,BA,produtividade_kg_ha
regressao_linear,,,,,2,historico_insuficiente,produto_uf,UF,AVEIA,BA,produtividade_kg_ha
random_forest,,,,,2,historico_insuficiente,produto_uf,UF,AVEIA,BA,produtividade_kg_ha
xgboost,,,,,2,historico_insuficiente,produto_uf,UF,AVEIA,BA,produtividade_kg_ha
exponential_smoothing,,,,,2,historico_insuficiente,produto_uf,UF,AVEIA,BA,produtividade_kg_ha
baseline_ingenuo,0.0,0.0,,,2,,produto_uf,UF,AVEIA,CE,produtividade_kg_ha
regressao_linear,,,,,2,historico_insuficiente,produto_uf,UF,AVEIA,CE,produtividade_kg_ha
random_forest,,,,,2,historico_insuficiente,produto_uf,UF,AVEIA,CE,produtividade_kg_ha
xgboost,,,,,2,historico_insuficiente,produto_uf,UF,AVEIA,CE,produtividade_kg_ha
exponential_smoothing,,,,,2,historico_insuficiente,produto_uf,UF,AVEIA,CE,produtividade_kg_ha
baseline_ingenuo,0.0,0.0,,,2,,produto_uf,UF,AVEIA,DF,produtividade_kg_ha
regressao_linear,,,,,2,historico_insuficiente,produto_uf,UF,AVEIA,DF,produtividade_kg_ha
random_forest,,,,,2,historico_insuficiente,produto_uf,UF,AVEIA,DF,produtividade_kg_ha
xgboost,,,,,2,historico_insuficiente,produto_uf,UF,AVEIA,DF,produtividade_kg_ha
exponential_smoothing,,,,,2,historico_insuficiente,produto_uf,UF,AVEIA,DF,produtividade_kg_ha
baseline_ingenuo,0.0,0.0,,,2,,produto_uf,UF,AVEIA,ES,produtividade_kg_ha
regressao_linear,,,,,2,historico_insuficiente,produto_uf,UF,AVEIA,ES,produtividade_kg_ha
random_forest,,,,,2,historico_insuficiente,produto_uf,UF,AVEIA,ES,produtividade_kg_ha
xgboost,,,,,2,historico_insuficiente,produto_uf,UF,AVEIA,ES,produtividade_kg_ha
exponential_smoothing,,,,,2,historico_insuficiente,produto_uf,UF,AVEIA,ES,produtividade_kg_ha
baseline_ingenuo,0.0,0.0,,,2,,produto_uf,UF,AVEIA,GO,produtividade_kg_ha
regressao_linear,,,,,2,historico_insuficiente,produto_uf,UF,AVEIA,GO,produtividade_kg_ha
random_forest,,,,,2,historico_insuficiente,produto_uf,UF,AVEIA,GO,produtividade_kg_ha
xgboost,,,,,2,historico_insuficiente,produto_uf,UF,AVEIA,GO,produtividade_kg_ha
exponential_smoothing,,,,,2,historico_insuficiente,produto_uf,UF,AVEIA,GO,produtividade_kg_ha
baseline_ingenuo,0.0,0.0,,,2,,produto_uf,UF,AVEIA,MA,produtividade_kg_ha
regressao_linear,,,,,2,historico_insuficiente,produto_uf,UF,AVEIA,MA,produtividade_kg_ha
random_forest,,,,,2,historico_insuficiente,produto_uf,UF,AVEIA,MA,produtividade_kg_ha
xgboost,,,,,2,historico_insuficiente,produto_uf,UF,AVEIA,MA,produtividade_kg_ha
exponential_smoothing,,,,,2,historico_insuficiente,produto_uf,UF,AVEIA,MA,produtividade_kg_ha
baseline_ingenuo,0.0,0.0,,,2,,produto_uf,UF,AVEIA,MG,produtividade_kg_ha
regressao_linear,,,,,2,historico_insuficiente,produto_uf,UF,AVEIA,MG,produtividade_kg_ha
random_forest,,,,,2,historico_insuficiente,produto_uf,UF,AVEIA,MG,produtividade_kg_ha
xgboost,,,,,2,historico_insuficiente,produto_uf,UF,AVEIA,MG,produtividade_kg_ha
exponential_smoothing,,,,,2,historico_insuficiente,produto_uf,UF,AVEIA,MG,produtividade_kg_ha
baseline_ingenuo,162.0,162.0,11.352487736510161,,2,,produto_uf,UF,AVEIA,MS,produtividade_kg_ha
regressao_linear,,,,,2,historico_insuficiente,produto_uf,UF,AVEIA,MS,produtividade_kg_ha
random_forest,,,,,2,historico_insuficiente,produto_uf,UF,AVEIA,MS,produtividade_kg_ha
xgboost,,,,,2,historico_insuficiente,produto_uf,UF,AVEIA,MS,produtividade_kg_ha
exponential_smoothing,,,,,2,historico_insuficiente,produto_uf,UF,AVEIA,MS,produtividade_kg_ha
baseline_ingenuo,0.0,0.0,,,2,,produto_uf,UF,AVEIA,MT,produtividade_kg_ha
regressao_linear,,,,,2,historico_insuficiente,produto_uf,UF,AVEIA,MT,produtividade_kg_ha
random_forest,,,,,2,historico_insuficiente,produto_uf,UF,AVEIA,MT,produtividade_kg_ha
xgboost,,,,,2,historico_insuficiente,produto_uf,UF,AVEIA,MT,produtividade_kg_ha
exponential_smoothing,,,,,2,historico_insuficiente,produto_uf,UF,AVEIA,MT,produtividade_kg_ha
baseline_ingenuo,0.0,0.0,,,2,,produto_uf,UF,AVEIA,PA,produtividade_kg_ha
regressao_linear,,,,,2,historico_insuficiente,produto_uf,UF,AVEIA,PA,produtividade_kg_ha
random_forest,,,,,2,historico_insuficiente,produto_uf,UF,AVEIA,PA,produtividade_kg_ha
xgboost,,,,,2,historico_insuficiente,produto_uf,UF,AVEIA,PA,produtividade_kg_ha
exponential_smoothing,,,,,2,historico_insuficiente,produto_uf,UF,AVEIA,PA,produtividade_kg_ha
baseline_ingenuo,0.0,0.0,,,2,,produto_uf,UF,AVEIA,PB,produtividade_kg_ha
regressao_linear,,,,,2,historico_insuficiente,produto_uf,UF,AVEIA,PB,produtividade_kg_ha
random_forest,,,,,2,historico_insuficiente,produto_uf,UF,AVEIA,PB,produtividade_kg_ha
xgboost,,,,,2,historico_insuficiente,produto_uf,UF,AVEIA,PB,produtividade_kg_ha
exponential_smoothing,,,,,2,historico_insuficiente,produto_uf,UF,AVEIA,PB,produtividade_kg_ha
baseline_ingenuo,0.0,0.0,,,2,,produto_uf,UF,AVEIA,PE,produtividade_kg_ha
regressao_linear,,,,,2,historico_insuficiente,produto_uf,UF,AVEIA,PE,produtividade_kg_ha
random_forest,,,,,2,historico_insuficiente,produto_uf,UF,AVEIA,PE,produtividade_kg_ha
xgboost,,,,,2,historico_insuficiente,produto_uf,UF,AVEIA,PE,produtividade_kg_ha
exponential_smoothing,,,,,2,historico_insuficiente,produto_uf,UF,AVEIA,PE,produtividade_kg_ha
baseline_ingenuo,0.0,0.0,,,2,,produto_uf,UF,AVEIA,PI,produtividade_kg_ha
regressao_linear,,,,,2,historico_insuficiente,produto_uf,UF,AVEIA,PI,produtividade_kg_ha
random_forest,,,,,2,historico_insuficiente,produto_uf,UF,AVEIA,PI,produtividade_kg_ha
xgboost,,,,,2,historico_insuficiente,produto_uf,UF,AVEIA,PI,produtividade_kg_ha
exponential_smoothing,,,,,2,historico_insuficiente,produto_uf,UF,AVEIA,PI,produtividade_kg_ha
baseline_ingenuo,86.0,86.0,3.8069942452412575,,2,,produto_uf,UF,AVEIA,PR,produtividade_kg_ha
regressao_linear,,,,,2,historico_insuficiente,produto_uf,UF,AVEIA,PR,produtividade_kg_ha
random_forest,,,,,2,historico_insuficiente,produto_uf,UF,AVEIA,PR,produtividade_kg_ha
xgboost,,,,,2,historico_insuficiente,produto_uf,UF,AVEIA,PR,produtividade_kg_ha
exponential_smoothing,,,,,2,historico_insuficiente,produto_uf,UF,AVEIA,PR,produtividade_kg_ha
baseline_ingenuo,0.0,0.0,,,2,,produto_uf,UF,AVEIA,RJ,produtividade_kg_ha
regressao_linear,,,,,2,historico_insuficiente,produto_uf,UF,AVEIA,RJ,produtividade_kg_ha
random_forest,,,,,2,historico_insuficiente,produto_uf,UF,AVEIA,RJ,produtividade_kg_ha
xgboost,,,,,2,historico_insuficiente,produto_uf,UF,AVEIA,RJ,produtividade_kg_ha
exponential_smoothing,,,,,2,historico_insuficiente,produto_uf,UF,AVEIA,RJ,produtividade_kg_ha
baseline_ingenuo,0.0,0.0,,,2,,produto_uf,UF,AVEIA,RN,produtividade_kg_ha
regressao_linear,,,,,2,historico_insuficiente,produto_uf,UF,AVEIA,RN,produtividade_kg_ha
random_forest,,,,,2,historico_insuficiente,produto_uf,UF,AVEIA,RN,produtividade_kg_ha
xgboost,,,,,2,historico_insuficiente,produto_uf,UF,AVEIA,RN,produtividade_kg_ha
exponential_smoothing,,,,,2,historico_insuficiente,produto_uf,UF,AVEIA,RN,produtividade_kg_ha
baseline_ingenuo,0.0,0.0,,,2,,produto_uf,UF,AVEIA,RO,produtividade_kg_ha
regressao_linear,,,,,2,historico_insuficiente,produto_uf,UF,AVEIA,RO,produtividade_kg_ha
random_forest,,,,,2,historico_insuficiente,produto_uf,UF,AVEIA,RO,produtividade_kg_ha
xgboost,,,,,2,historico_insuficiente,produto_uf,UF,AVEIA,RO,produtividade_kg_ha
exponential_smoothing,,,,,2,historico_insuficiente,produto_uf,UF,AVEIA,RO,produtividade_kg_ha
baseline_ingenuo,0.0,0.0,,,2,,produto_uf,UF,AVEIA,RR,produtividade_kg_ha
regressao_linear,,,,,2,historico_insuficiente,produto_uf,UF,AVEIA,RR,produtividade_kg_ha
random_forest,,,,,2,historico_insuficiente,produto_uf,UF,AVEIA,RR,produtividade_kg_ha
xgboost,,,,,2,historico_insuficiente,produto_uf,UF,AVEIA,RR,produtividade_kg_ha
exponential_smoothing,,,,,2,historico_insuficiente,produto_uf,UF,AVEIA,RR,produtividade_kg_ha
baseline_ingenuo,116.0,116.0,4.965753424657534,,2,,produto_uf,UF,AVEIA,RS,produtividade_kg_ha
regressao_linear,,,,,2,historico_insuficiente,produto_uf,UF,AVEIA,RS,produtividade_kg_ha
random_forest,,,,,2,historico_insuficiente,produto_uf,UF,AVEIA,RS,produtividade_kg_ha
xgboost,,,,,2,historico_insuficiente,produto_uf,UF,AVEIA,RS,produtividade_kg_ha
exponential_smoothing,,,,,2,historico_insuficiente,produto_uf,UF,AVEIA,RS,produtividade_kg_ha
baseline_ingenuo,0.0,0.0,,,2,,produto_uf,UF,AVEIA,SC,produtividade_kg_ha
regressao_linear,,,,,2,historico_insuficiente,produto_uf,UF,AVEIA,SC,produtividade_kg_ha
random_forest,,,,,2,historico_insuficiente,produto_uf,UF,AVEIA,SC,produtividade_kg_ha
xgboost,,,,,2,historico_insuficiente,produto_uf,UF,AVEIA,SC,produtividade_kg_ha
exponential_smoothing,,,,,2,historico_insuficiente,produto_uf,UF,AVEIA,SC,produtividade_kg_ha
baseline_ingenuo,0.0,0.0,,,2,,produto_uf,UF,AVEIA,SE,produtividade_kg_ha
regressao_linear,,,,,2,historico_insuficiente,produto_uf,UF,AVEIA,SE,produtividade_kg_ha
random_forest,,,,,2,historico_insuficiente,produto_uf,UF,AVEIA,SE,produtividade_kg_ha
xgboost,,,,,2,historico_insuficiente,produto_uf,UF,AVEIA,SE,produtividade_kg_ha
exponential_smoothing,,,,,2,historico_insuficiente,produto_uf,UF,AVEIA,SE,produtividade_kg_ha
baseline_ingenuo,0.0,0.0,,,2,,produto_uf,UF,AVEIA,SP,produtividade_kg_ha
regressao_linear,,,,,2,historico_insuficiente,produto_uf,UF,AVEIA,SP,produtividade_kg_ha
random_forest,,,,,2,historico_insuficiente,produto_uf,UF,AVEIA,SP,produtividade_kg_ha
xgboost,,,,,2,historico_insuficiente,produto_uf,UF,AVEIA,SP,produtividade_kg_ha
exponential_smoothing,,,,,2,historico_insuficiente,produto_uf,UF,AVEIA,SP,produtividade_kg_ha
baseline_ingenuo,0.0,0.0,,,2,,produto_uf,UF,AVEIA,TO,produtividade_kg_ha
regressao_linear,,,,,2,historico_insuficiente,produto_uf,UF,AVEIA,TO,produtividade_kg_ha
random_forest,,,,,2,historico_insuficiente,produto_uf,UF,AVEIA,TO,produtividade_kg_ha
xgboost,,,,,2,historico_insuficiente,produto_uf,UF,AVEIA,TO,produtividade_kg_ha
exponential_smoothing,,,,,2,historico_insuficiente,produto_uf,UF,AVEIA,TO,produtividade_kg_ha
baseline_ingenuo,0.0,0.0,,,2,,produto_uf,UF,CANOLA,AC,produtividade_kg_ha
regressao_linear,,,,,2,historico_insuficiente,produto_uf,UF,CANOLA,AC,produtividade_kg_ha
random_forest,,,,,2,historico_insuficiente,produto_uf,UF,CANOLA,AC,produtividade_kg_ha
xgboost,,,,,2,historico_insuficiente,produto_uf,UF,CANOLA,AC,produtividade_kg_ha
exponential_smoothing,,,,,2,historico_insuficiente,produto_uf,UF,CANOLA,AC,produtividade_kg_ha
baseline_ingenuo,0.0,0.0,,,2,,produto_uf,UF,CANOLA,AL,produtividade_kg_ha
regressao_linear,,,,,2,historico_insuficiente,produto_uf,UF,CANOLA,AL,produtividade_kg_ha
random_forest,,,,,2,historico_insuficiente,produto_uf,UF,CANOLA,AL,produtividade_kg_ha
xgboost,,,,,2,historico_insuficiente,produto_uf,UF,CANOLA,AL,produtividade_kg_ha
exponential_smoothing,,,,,2,historico_insuficiente,produto_uf,UF,CANOLA,AL,produtividade_kg_ha
baseline_ingenuo,0.0,0.0,,,2,,produto_uf,UF,CANOLA,AM,produtividade_kg_ha
regressao_linear,,,,,2,historico_insuficiente,produto_uf,UF,CANOLA,AM,produtividade_kg_ha
random_forest,,,,,2,historico_insuficiente,produto_uf,UF,CANOLA,AM,produtividade_kg_ha
xgboost,,,,,2,historico_insuficiente,produto_uf,UF,CANOLA,AM,produtividade_kg_ha
exponential_smoothing,,,,,2,historico_insuficiente,produto_uf,UF,CANOLA,AM,produtividade_kg_ha
baseline_ingenuo,0.0,0.0,,,2,,produto_uf,UF,CANOLA,AP,produtividade_kg_ha
regressao_linear,,,,,2,historico_insuficiente,produto_uf,UF,CANOLA,AP,produtividade_kg_ha
random_forest,,,,,2,historico_insuficiente,produto_uf,UF,CANOLA,AP,produtividade_kg_ha
xgboost,,,,,2,historico_insuficiente,produto_uf,UF,CANOLA,AP,produtividade_kg_ha
exponential_smoothing,,,,,2,historico_insuficiente,produto_uf,UF,CANOLA,AP,produtividade_kg_ha
baseline_ingenuo,0.0,0.0,,,2,,produto_uf,UF,CANOLA,BA,produtividade_kg_ha
regressao_linear,,,,,2,historico_insuficiente,produto_uf,UF,CANOLA,BA,produtividade_kg_ha
random_forest,,,,,2,historico_insuficiente,produto_uf,UF,CANOLA,BA,produtividade_kg_ha
xgboost,,,,,2,historico_insuficiente,produto_uf,UF,CANOLA,BA,produtividade_kg_ha
exponential_smoothing,,,,,2,historico_insuficiente,produto_uf,UF,CANOLA,BA,produtividade_kg_ha
baseline_ingenuo,0.0,0.0,,,2,,produto_uf,UF,CANOLA,CE,produtividade_kg_ha
regressao_linear,,,,,2,historico_insuficiente,produto_uf,UF,CANOLA,CE,produtividade_kg_ha
random_forest,,,,,2,historico_insuficiente,produto_uf,UF,CANOLA,CE,produtividade_kg_ha
xgboost,,,,,2,historico_insuficiente,produto_uf,UF,CANOLA,CE,produtividade_kg_ha
exponential_smoothing,,,,,2,historico_insuficiente,produto_uf,UF,CANOLA,CE,produtividade_kg_ha
baseline_ingenuo,0.0,0.0,,,2,,produto_uf,UF,CANOLA,DF,produtividade_kg_ha
regressao_linear,,,,,2,historico_insuficiente,produto_uf,UF,CANOLA,DF,produtividade_kg_ha
random_forest,,,,,2,historico_insuficiente,produto_uf,UF,CANOLA,DF,produtividade_kg_ha
xgboost,,,,,2,historico_insuficiente,produto_uf,UF,CANOLA,DF,produtividade_kg_ha
exponential_smoothing,,,,,2,historico_insuficiente,produto_uf,UF,CANOLA,DF,produtividade_kg_ha
baseline_ingenuo,0.0,0.0,,,2,,produto_uf,UF,CANOLA,ES,produtividade_kg_ha
regressao_linear,,,,,2,historico_insuficiente,produto_uf,UF,CANOLA,ES,produtividade_kg_ha
random_forest,,,,,2,historico_insuficiente,produto_uf,UF,CANOLA,ES,produtividade_kg_ha
xgboost,,,,,2,historico_insuficiente,produto_uf,UF,CANOLA,ES,produtividade_kg_ha
exponential_smoothing,,,,,2,historico_insuficiente,produto_uf,UF,CANOLA,ES,produtividade_kg_ha
baseline_ingenuo,0.0,0.0,,,2,,produto_uf,UF,CANOLA,GO,produtividade_kg_ha
regressao_linear,,,,,2,historico_insuficiente,produto_uf,UF,CANOLA,GO,produtividade_kg_ha
random_forest,,,,,2,historico_insuficiente,produto_uf,UF,CANOLA,GO,produtividade_kg_ha
xgboost,,,,,2,historico_insuficiente,produto_uf,UF,CANOLA,GO,produtividade_kg_ha
exponential_smoothing,,,,,2,historico_insuficiente,produto_uf,UF,CANOLA,GO,produtividade_kg_ha
baseline_ingenuo,0.0,0.0,,,2,,produto_uf,UF,CANOLA,MA,produtividade_kg_ha
regressao_linear,,,,,2,historico_insuficiente,produto_uf,UF,CANOLA,MA,produtividade_kg_ha
random_forest,,,,,2,historico_insuficiente,produto_uf,UF,CANOLA,MA,produtividade_kg_ha
xgboost,,,,,2,historico_insuficiente,produto_uf,UF,CANOLA,MA,produtividade_kg_ha
exponential_smoothing,,,,,2,historico_insuficiente,produto_uf,UF,CANOLA,MA,produtividade_kg_ha
baseline_ingenuo,0.0,0.0,,,2,,produto_uf,UF,CANOLA,MG,produtividade_kg_ha
regressao_linear,,,,,2,historico_insuficiente,produto_uf,UF,CANOLA,MG,produtividade_kg_ha
random_forest,,,,,2,historico_insuficiente,produto_uf,UF,CANOLA,MG,produtividade_kg_ha
xgboost,,,,,2,historico_insuficiente,produto_uf,UF,CANOLA,MG,produtividade_kg_ha
exponential_smoothing,,,,,2,historico_insuficiente,produto_uf,UF,CANOLA,MG,produtividade_kg_ha
baseline_ingenuo,0.0,0.0,,,2,,produto_uf,UF,CANOLA,MS,produtividade_kg_ha
regressao_linear,,,,,2,historico_insuficiente,produto_uf,UF,CANOLA,MS,produtividade_kg_ha
random_forest,,,,,2,historico_insuficiente,produto_uf,UF,CANOLA,MS,produtividade_kg_ha
xgboost,,,,,2,historico_insuficiente,produto_uf,UF,CANOLA,MS,produtividade_kg_ha
exponential_smoothing,,,,,2,historico_insuficiente,produto_uf,UF,CANOLA,MS,produtividade_kg_ha
baseline_ingenuo,0.0,0.0,,,2,,produto_uf,UF,CANOLA,MT,produtividade_kg_ha
regressao_linear,,,,,2,historico_insuficiente,produto_uf,UF,CANOLA,MT,produtividade_kg_ha
random_forest,,,,,2,historico_insuficiente,produto_uf,UF,CANOLA,MT,produtividade_kg_ha
xgboost,,,,,2,historico_insuficiente,produto_uf,UF,CANOLA,MT,produtividade_kg_ha
exponential_smoothing,,,,,2,historico_insuficiente,produto_uf,UF,CANOLA,MT,produtividade_kg_ha
baseline_ingenuo,0.0,0.0,,,2,,produto_uf,UF,CANOLA,PA,produtividade_kg_ha
regressao_linear,,,,,2,historico_insuficiente,produto_uf,UF,CANOLA,PA,produtividade_kg_ha
random_forest,,,,,2,historico_insuficiente,produto_uf,UF,CANOLA,PA,produtividade_kg_ha
xgboost,,,,,2,historico_insuficiente,produto_uf,UF,CANOLA,PA,produtividade_kg_ha
exponential_smoothing,,,,,2,historico_insuficiente,produto_uf,UF,CANOLA,PA,produtividade_kg_ha
baseline_ingenuo,0.0,0.0,,,2,,produto_uf,UF,CANOLA,PB,produtividade_kg_ha
regressao_linear,,,,,2,historico_insuficiente,produto_uf,UF,CANOLA,PB,produtividade_kg_ha
random_forest,,,,,2,historico_insuficiente,produto_uf,UF,CANOLA,PB,produtividade_kg_ha
xgboost,,,,,2,historico_insuficiente,produto_uf,UF,CANOLA,PB,produtividade_kg_ha
exponential_smoothing,,,,,2,historico_insuficiente,produto_uf,UF,CANOLA,PB,produtividade_kg_ha
baseline_ingenuo,0.0,0.0,,,2,,produto_uf,UF,CANOLA,PE,produtividade_kg_ha
regressao_linear,,,,,2,historico_insuficiente,produto_uf,UF,CANOLA,PE,produtividade_kg_ha
random_forest,,,,,2,historico_insuficiente,produto_uf,UF,CANOLA,PE,produtividade_kg_ha
xgboost,,,,,2,historico_insuficiente,produto_uf,UF,CANOLA,PE,produtividade_kg_ha
exponential_smoothing,,,,,2,historico_insuficiente,produto_uf,UF,CANOLA,PE,produtividade_kg_ha
baseline_ingenuo,0.0,0.0,,,2,,produto_uf,UF,CANOLA,PI,produtividade_kg_ha
regressao_linear,,,,,2,historico_insuficiente,produto_uf,UF,CANOLA,PI,produtividade_kg_ha
random_forest,,,,,2,historico_insuficiente,produto_uf,UF,CANOLA,PI,produtividade_kg_ha
xgboost,,,,,2,historico_insuficiente,produto_uf,UF,CANOLA,PI,produtividade_kg_ha
exponential_smoothing,,,,,2,historico_insuficiente,produto_uf,UF,CANOLA,PI,produtividade_kg_ha
baseline_ingenuo,566.5899999999999,566.5899999999999,32.85703515985177,,2,,produto_uf,UF,CANOLA,PR,produtividade_kg_ha
regressao_linear,,,,,2,historico_insuficiente,produto_uf,UF,CANOLA,PR,produtividade_kg_ha
random_forest,,,,,2,historico_insuficiente,produto_uf,UF,CANOLA,PR,produtividade_kg_ha
xgboost,,,,,2,historico_insuficiente,produto_uf,UF,CANOLA,PR,produtividade_kg_ha
exponential_smoothing,,,,,2,historico_insuficiente,produto_uf,UF,CANOLA,PR,produtividade_kg_ha
baseline_ingenuo,0.0,0.0,,,2,,produto_uf,UF,CANOLA,RJ,produtividade_kg_ha
regressao_linear,,,,,2,historico_insuficiente,produto_uf,UF,CANOLA,RJ,produtividade_kg_ha
random_forest,,,,,2,historico_insuficiente,produto_uf,UF,CANOLA,RJ,produtividade_kg_ha
xgboost,,,,,2,historico_insuficiente,produto_uf,UF,CANOLA,RJ,produtividade_kg_ha
exponential_smoothing,,,,,2,historico_insuficiente,produto_uf,UF,CANOLA,RJ,produtividade_kg_ha
baseline_ingenuo,0.0,0.0,,,2,,produto_uf,UF,CANOLA,RN,produtividade_kg_ha
regressao_linear,,,,,2,historico_insuficiente,produto_uf,UF,CANOLA,RN,produtividade_kg_ha
random_forest,,,,,2,historico_insuficiente,produto_uf,UF,CANOLA,RN,produtividade_kg_ha
xgboost,,,,,2,historico_insuficiente,produto_uf,UF,CANOLA,RN,produtividade_kg_ha
exponential_smoothing,,,,,2,historico_insuficiente,produto_uf,UF,CANOLA,RN,produtividade_kg_ha
baseline_ingenuo,0.0,0.0,,,2,,produto_uf,UF,CANOLA,RO,produtividade_kg_ha
regressao_linear,,,,,2,historico_insuficiente,produto_uf,UF,CANOLA,RO,produtividade_kg_ha
random_forest,,,,,2,historico_insuficiente,produto_uf,UF,CANOLA,RO,produtividade_kg_ha
xgboost,,,,,2,historico_insuficiente,produto_uf,UF,CANOLA,RO,produtividade_kg_ha
exponential_smoothing,,,,,2,historico_insuficiente,produto_uf,UF,CANOLA,RO,produtividade_kg_ha
baseline_ingenuo,0.0,0.0,,,2,,produto_uf,UF,CANOLA,RR,produtividade_kg_ha
regressao_linear,,,,,2,historico_insuficiente,produto_uf,UF,CANOLA,RR,produtividade_kg_ha
random_forest,,,,,2,historico_insuficiente,produto_uf,UF,CANOLA,RR,produtividade_kg_ha
xgboost,,,,,2,historico_insuficiente,produto_uf,UF,CANOLA,RR,produtividade_kg_ha
exponential_smoothing,,,,,2,historico_insuficiente,produto_uf,UF,CANOLA,RR,produtividade_kg_ha
baseline_ingenuo,2.0,2.0,0.12353304508956146,,2,,produto_uf,UF,CANOLA,RS,produtividade_kg_ha
regressao_linear,,,,,2,historico_insuficiente,produto_uf,UF,CANOLA,RS,produtividade_kg_ha
random_forest,,,,,2,historico_insuficiente,produto_uf,UF,CANOLA,RS,produtividade_kg_ha
xgboost,,,,,2,historico_insuficiente,produto_uf,UF,CANOLA,RS,produtividade_kg_ha
exponential_smoothing,,,,,2,historico_insuficiente,produto_uf,UF,CANOLA,RS,produtividade_kg_ha
baseline_ingenuo,0.0,0.0,,,2,,produto_uf,UF,CANOLA,SC,produtividade_kg_ha
regressao_linear,,,,,2,historico_insuficiente,produto_uf,UF,CANOLA,SC,produtividade_kg_ha
random_forest,,,,,2,historico_insuficiente,produto_uf,UF,CANOLA,SC,produtividade_kg_ha
xgboost,,,,,2,historico_insuficiente,produto_uf,UF,CANOLA,SC,produtividade_kg_ha
exponential_smoothing,,,,,2,historico_insuficiente,produto_uf,UF,CANOLA,SC,produtividade_kg_ha
baseline_ingenuo,0.0,0.0,,,2,,produto_uf,UF,CANOLA,SE,produtividade_kg_ha
regressao_linear,,,,,2,historico_insuficiente,produto_uf,UF,CANOLA,SE,produtividade_kg_ha
random_forest,,,,,2,historico_insuficiente,produto_uf,UF,CANOLA,SE,produtividade_kg_ha
xgboost,,,,,2,historico_insuficiente,produto_uf,UF,CANOLA,SE,produtividade_kg_ha
exponential_smoothing,,,,,2,historico_insuficiente,produto_uf,UF,CANOLA,SE,produtividade_kg_ha
baseline_ingenuo,0.0,0.0,,,2,,produto_uf,UF,CANOLA,SP,produtividade_kg_ha
regressao_linear,,,,,2,historico_insuficiente,produto_uf,UF,CANOLA,SP,produtividade_kg_ha
random_forest,,,,,2,historico_insuficiente,produto_uf,UF,CANOLA,SP,produtividade_kg_ha
xgboost,,,,,2,historico_insuficiente,produto_uf,UF,CANOLA,SP,produtividade_kg_ha
exponential_smoothing,,,,,2,historico_insuficiente,produto_uf,UF,CANOLA,SP,produtividade_kg_ha
baseline_ingenuo,0.0,0.0,,,2,,produto_uf,UF,CANOLA,TO,produtividade_kg_ha
regressao_linear,,,,,2,historico_insuficiente,produto_uf,UF,CANOLA,TO,produtividade_kg_ha
random_forest,,,,,2,historico_insuficiente,produto_uf,UF,CANOLA,TO,produtividade_kg_ha
xgboost,,,,,2,historico_insuficiente,produto_uf,UF,CANOLA,TO,produtividade_kg_ha
exponential_smoothing,,,,,2,historico_insuficiente,produto_uf,UF,CANOLA,TO,produtividade_kg_ha
baseline_ingenuo,0.0,0.0,,,2,,produto_uf,UF,CENTEIO,AC,produtividade_kg_ha
regressao_linear,,,,,2,historico_insuficiente,produto_uf,UF,CENTEIO,AC,produtividade_kg_ha
random_forest,,,,,2,historico_insuficiente,produto_uf,UF,CENTEIO,AC,produtividade_kg_ha
xgboost,,,,,2,historico_insuficiente,produto_uf,UF,CENTEIO,AC,produtividade_kg_ha
exponential_smoothing,,,,,2,historico_insuficiente,produto_uf,UF,CENTEIO,AC,produtividade_kg_ha
baseline_ingenuo,0.0,0.0,,,2,,produto_uf,UF,CENTEIO,AL,produtividade_kg_ha
regressao_linear,,,,,2,historico_insuficiente,produto_uf,UF,CENTEIO,AL,produtividade_kg_ha
random_forest,,,,,2,historico_insuficiente,produto_uf,UF,CENTEIO,AL,produtividade_kg_ha
xgboost,,,,,2,historico_insuficiente,produto_uf,UF,CENTEIO,AL,produtividade_kg_ha
exponential_smoothing,,,,,2,historico_insuficiente,produto_uf,UF,CENTEIO,AL,produtividade_kg_ha
baseline_ingenuo,0.0,0.0,,,2,,produto_uf,UF,CENTEIO,AM,produtividade_kg_ha
regressao_linear,,,,,2,historico_insuficiente,produto_uf,UF,CENTEIO,AM,produtividade_kg_ha
random_forest,,,,,2,historico_insuficiente,produto_uf,UF,CENTEIO,AM,produtividade_kg_ha
xgboost,,,,,2,historico_insuficiente,produto_uf,UF,CENTEIO,AM,produtividade_kg_ha
exponential_smoothing,,,,,2,historico_insuficiente,produto_uf,UF,CENTEIO,AM,produtividade_kg_ha
baseline_ingenuo,0.0,0.0,,,2,,produto_uf,UF,CENTEIO,AP,produtividade_kg_ha
regressao_linear,,,,,2,historico_insuficiente,produto_uf,UF,CENTEIO,AP,produtividade_kg_ha
random_forest,,,,,2,historico_insuficiente,produto_uf,UF,CENTEIO,AP,produtividade_kg_ha
xgboost,,,,,2,historico_insuficiente,produto_uf,UF,CENTEIO,AP,produtividade_kg_ha
exponential_smoothing,,,,,2,historico_insuficiente,produto_uf,UF,CENTEIO,AP,produtividade_kg_ha
baseline_ingenuo,0.0,0.0,,,2,,produto_uf,UF,CENTEIO,BA,produtividade_kg_ha
regressao_linear,,,,,2,historico_insuficiente,produto_uf,UF,CENTEIO,BA,produtividade_kg_ha
random_forest,,,,,2,historico_insuficiente,produto_uf,UF,CENTEIO,BA,produtividade_kg_ha
xgboost,,,,,2,historico_insuficiente,produto_uf,UF,CENTEIO,BA,produtividade_kg_ha
exponential_smoothing,,,,,2,historico_insuficiente,produto_uf,UF,CENTEIO,BA,produtividade_kg_ha
baseline_ingenuo,0.0,0.0,,,2,,produto_uf,UF,CENTEIO,CE,produtividade_kg_ha
regressao_linear,,,,,2,historico_insuficiente,produto_uf,UF,CENTEIO,CE,produtividade_kg_ha
random_forest,,,,,2,historico_insuficiente,produto_uf,UF,CENTEIO,CE,produtividade_kg_ha
xgboost,,,,,2,historico_insuficiente,produto_uf,UF,CENTEIO,CE,produtividade_kg_ha
exponential_smoothing,,,,,2,historico_insuficiente,produto_uf,UF,CENTEIO,CE,produtividade_kg_ha
baseline_ingenuo,0.0,0.0,,,2,,produto_uf,UF,CENTEIO,DF,produtividade_kg_ha
regressao_linear,,,,,2,historico_insuficiente,produto_uf,UF,CENTEIO,DF,produtividade_kg_ha
random_forest,,,,,2,historico_insuficiente,produto_uf,UF,CENTEIO,DF,produtividade_kg_ha
xgboost,,,,,2,historico_insuficiente,produto_uf,UF,CENTEIO,DF,produtividade_kg_ha
exponential_smoothing,,,,,2,historico_insuficiente,produto_uf,UF,CENTEIO,DF,produtividade_kg_ha
baseline_ingenuo,0.0,0.0,,,2,,produto_uf,UF,CENTEIO,ES,produtividade_kg_ha
regressao_linear,,,,,2,historico_insuficiente,produto_uf,UF,CENTEIO,ES,produtividade_kg_ha
random_forest,,,,,2,historico_insuficiente,produto_uf,UF,CENTEIO,ES,produtividade_kg_ha
xgboost,,,,,2,historico_insuficiente,produto_uf,UF,CENTEIO,ES,produtividade_kg_ha
exponential_smoothing,,,,,2,historico_insuficiente,produto_uf,UF,CENTEIO,ES,produtividade_kg_ha
baseline_ingenuo,0.0,0.0,,,2,,produto_uf,UF,CENTEIO,GO,produtividade_kg_ha
regressao_linear,,,,,2,historico_insuficiente,produto_uf,UF,CENTEIO,GO,produtividade_kg_ha
random_forest,,,,,2,historico_insuficiente,produto_uf,UF,CENTEIO,GO,produtividade_kg_ha
xgboost,,,,,2,historico_insuficiente,produto_uf,UF,CENTEIO,GO,produtividade_kg_ha
exponential_smoothing,,,,,2,historico_insuficiente,produto_uf,UF,CENTEIO,GO,produtividade_kg_ha
baseline_ingenuo,0.0,0.0,,,2,,produto_uf,UF,CENTEIO,MA,produtividade_kg_ha
regressao_linear,,,,,2,historico_insuficiente,produto_uf,UF,CENTEIO,MA,produtividade_kg_ha
random_forest,,,,,2,historico_insuficiente,produto_uf,UF,CENTEIO,MA,produtividade_kg_ha
xgboost,,,,,2,historico_insuficiente,produto_uf,UF,CENTEIO,MA,produtividade_kg_ha
exponential_smoothing,,,,,2,historico_insuficiente,produto_uf,UF,CENTEIO,MA,produtividade_kg_ha
baseline_ingenuo,0.0,0.0,,,2,,produto_uf,UF,CENTEIO,MG,produtividade_kg_ha
regressao_linear,,,,,2,historico_insuficiente,produto_uf,UF,CENTEIO,MG,produtividade_kg_ha
random_forest,,,,,2,historico_insuficiente,produto_uf,UF,CENTEIO,MG,produtividade_kg_ha
xgboost,,,,,2,historico_insuficiente,produto_uf,UF,CENTEIO,MG,produtividade_kg_ha
exponential_smoothing,,,,,2,historico_insuficiente,produto_uf,UF,CENTEIO,MG,produtividade_kg_ha
baseline_ingenuo,0.0,0.0,,,2,,produto_uf,UF,CENTEIO,MS,produtividade_kg_ha
regressao_linear,,,,,2,historico_insuficiente,produto_uf,UF,CENTEIO,MS,produtividade_kg_ha
random_forest,,,,,2,historico_insuficiente,produto_uf,UF,CENTEIO,MS,produtividade_kg_ha
xgboost,,,,,2,historico_insuficiente,produto_uf,UF,CENTEIO,MS,produtividade_kg_ha
exponential_smoothing,,,,,2,historico_insuficiente,produto_uf,UF,CENTEIO,MS,produtividade_kg_ha
baseline_ingenuo,0.0,0.0,,,2,,produto_uf,UF,CENTEIO,MT,produtividade_kg_ha
regressao_linear,,,,,2,historico_insuficiente,produto_uf,UF,CENTEIO,MT,produtividade_kg_ha
random_forest,,,,,2,historico_insuficiente,produto_uf,UF,CENTEIO,MT,produtividade_kg_ha
xgboost,,,,,2,historico_insuficiente,produto_uf,UF,CENTEIO,MT,produtividade_kg_ha
exponential_smoothing,,,,,2,historico_insuficiente,produto_uf,UF,CENTEIO,MT,produtividade_kg_ha
baseline_ingenuo,0.0,0.0,,,2,,produto_uf,UF,CENTEIO,PA,produtividade_kg_ha
regressao_linear,,,,,2,historico_insuficiente,produto_uf,UF,CENTEIO,PA,produtividade_kg_ha
random_forest,,,,,2,historico_insuficiente,produto_uf,UF,CENTEIO,PA,produtividade_kg_ha
xgboost,,,,,2,historico_insuficiente,produto_uf,UF,CENTEIO,PA,produtividade_kg_ha
exponential_smoothing,,,,,2,historico_insuficiente,produto_uf,UF,CENTEIO,PA,produtividade_kg_ha
baseline_ingenuo,0.0,0.0,,,2,,produto_uf,UF,CENTEIO,PB,produtividade_kg_ha
regressao_linear,,,,,2,historico_insuficiente,produto_uf,UF,CENTEIO,PB,produtividade_kg_ha
random_forest,,,,,2,historico_insuficiente,produto_uf,UF,CENTEIO,PB,produtividade_kg_ha
xgboost,,,,,2,historico_insuficiente,produto_uf,UF,CENTEIO,PB,produtividade_kg_ha
exponential_smoothing,,,,,2,historico_insuficiente,produto_uf,UF,CENTEIO,PB,produtividade_kg_ha
baseline_ingenuo,0.0,0.0,,,2,,produto_uf,UF,CENTEIO,PE,produtividade_kg_ha
regressao_linear,,,,,2,historico_insuficiente,produto_uf,UF,CENTEIO,PE,produtividade_kg_ha
random_forest,,,,,2,historico_insuficiente,produto_uf,UF,CENTEIO,PE,produtividade_kg_ha
xgboost,,,,,2,historico_insuficiente,produto_uf,UF,CENTEIO,PE,produtividade_kg_ha
exponential_smoothing,,,,,2,historico_insuficiente,produto_uf,UF,CENTEIO,PE,produtividade_kg_ha
baseline_ingenuo,0.0,0.0,,,2,,produto_uf,UF,CENTEIO,PI,produtividade_kg_ha
regressao_linear,,,,,2,historico_insuficiente,produto_uf,UF,CENTEIO,PI,produtividade_kg_ha
random_forest,,,,,2,historico_insuficiente,produto_uf,UF,CENTEIO,PI,produtividade_kg_ha
xgboost,,,,,2,historico_insuficiente,produto_uf,UF,CENTEIO,PI,produtividade_kg_ha
exponential_smoothing,,,,,2,historico_insuficiente,produto_uf,UF,CENTEIO,PI,produtividade_kg_ha
baseline_ingenuo,150.0,150.0,6.663705019991115,,2,,produto_uf,UF,CENTEIO,PR,produtividade_kg_ha
regressao_linear,,,,,2,historico_insuficiente,produto_uf,UF,CENTEIO,PR,produtividade_kg_ha
random_forest,,,,,2,historico_insuficiente,produto_uf,UF,CENTEIO,PR,produtividade_kg_ha
xgboost,,,,,2,historico_insuficiente,produto_uf,UF,CENTEIO,PR,produtividade_kg_ha
exponential_smoothing,,,,,2,historico_insuficiente,produto_uf,UF,CENTEIO,PR,produtividade_kg_ha
baseline_ingenuo,0.0,0.0,,,2,,produto_uf,UF,CENTEIO,RJ,produtividade_kg_ha
regressao_linear,,,,,2,historico_insuficiente,produto_uf,UF,CENTEIO,RJ,produtividade_kg_ha
random_forest,,,,,2,historico_insuficiente,produto_uf,UF,CENTEIO,RJ,produtividade_kg_ha
xgboost,,,,,2,historico_insuficiente,produto_uf,UF,CENTEIO,RJ,produtividade_kg_ha
exponential_smoothing,,,,,2,historico_insuficiente,produto_uf,UF,CENTEIO,RJ,produtividade_kg_ha
baseline_ingenuo,0.0,0.0,,,2,,produto_uf,UF,CENTEIO,RN,produtividade_kg_ha
regressao_linear,,,,,2,historico_insuficiente,produto_uf,UF,CENTEIO,RN,produtividade_kg_ha
random_forest,,,,,2,historico_insuficiente,produto_uf,UF,CENTEIO,RN,produtividade_kg_ha
xgboost,,,,,2,historico_insuficiente,produto_uf,UF,CENTEIO,RN,produtividade_kg_ha
exponential_smoothing,,,,,2,historico_insuficiente,produto_uf,UF,CENTEIO,RN,produtividade_kg_ha
baseline_ingenuo,0.0,0.0,,,2,,produto_uf,UF,CENTEIO,RO,produtividade_kg_ha
regressao_linear,,,,,2,historico_insuficiente,produto_uf,UF,CENTEIO,RO,produtividade_kg_ha
random_forest,,,,,2,historico_insuficiente,produto_uf,UF,CENTEIO,RO,produtividade_kg_ha
xgboost,,,,,2,historico_insuficiente,produto_uf,UF,CENTEIO,RO,produtividade_kg_ha
exponential_smoothing,,,,,2,historico_insuficiente,produto_uf,UF,CENTEIO,RO,produtividade_kg_ha
baseline_ingenuo,0.0,0.0,,,2,,produto_uf,UF,CENTEIO,RR,produtividade_kg_ha
regressao_linear,,,,,2,historico_insuficiente,produto_uf,UF,CENTEIO,RR,produtividade_kg_ha
random_forest,,,,,2,historico_insuficiente,produto_uf,UF,CENTEIO,RR,produtividade_kg_ha
xgboost,,,,,2,historico_insuficiente,produto_uf,UF,CENTEIO,RR,produtividade_kg_ha
exponential_smoothing,,,,,2,historico_insuficiente,produto_uf,UF,CENTEIO,RR,produtividade_kg_ha
baseline_ingenuo,0.0,0.0,,,2,,produto_uf,UF,CENTEIO,RS,produtividade_kg_ha
regressao_linear,,,,,2,historico_insuficiente,produto_uf,UF,CENTEIO,RS,produtividade_kg_ha
random_forest,,,,,2,historico_insuficiente,produto_uf,UF,CENTEIO,RS,produtividade_kg_ha
xgboost,,,,,2,historico_insuficiente,produto_uf,UF,CENTEIO,RS,produtividade_kg_ha
exponential_smoothing,,,,,2,historico_insuficiente,produto_uf,UF,CENTEIO,RS,produtividade_kg_ha
baseline_ingenuo,0.0,0.0,,,2,,produto_uf,UF,CENTEIO,SC,produtividade_kg_ha
regressao_linear,,,,,2,historico_insuficiente,produto_uf,UF,CENTEIO,SC,produtividade_kg_ha
random_forest,,,,,2,historico_insuficiente,produto_uf,UF,CENTEIO,SC,produtividade_kg_ha
xgboost,,,,,2,historico_insuficiente,produto_uf,UF,CENTEIO,SC,produtividade_kg_ha
exponential_smoothing,,,,,2,historico_insuficiente,produto_uf,UF,CENTEIO,SC,produtividade_kg_ha
baseline_ingenuo,0.0,0.0,,,2,,produto_uf,UF,CENTEIO,SE,produtividade_kg_ha
regressao_linear,,,,,2,historico_insuficiente,produto_uf,UF,CENTEIO,SE,produtividade_kg_ha
random_forest,,,,,2,historico_insuficiente,produto_uf,UF,CENTEIO,SE,produtividade_kg_ha
xgboost,,,,,2,historico_insuficiente,produto_uf,UF,CENTEIO,SE,produtividade_kg_ha
exponential_smoothing,,,,,2,historico_insuficiente,produto_uf,UF,CENTEIO,SE,produtividade_kg_ha
baseline_ingenuo,0.0,0.0,,,2,,produto_uf,UF,CENTEIO,SP,produtividade_kg_ha
regressao_linear,,,,,2,historico_insuficiente,produto_uf,UF,CENTEIO,SP,produtividade_kg_ha
random_forest,,,,,2,historico_insuficiente,produto_uf,UF,CENTEIO,SP,produtividade_kg_ha
xgboost,,,,,2,historico_insuficiente,produto_uf,UF,CENTEIO,SP,produtividade_kg_ha
exponential_smoothing,,,,,2,historico_insuficiente,produto_uf,UF,CENTEIO,SP,produtividade_kg_ha
baseline_ingenuo,0.0,0.0,,,2,,produto_uf,UF,CENTEIO,TO,produtividade_kg_ha
regressao_linear,,,,,2,historico_insuficiente,produto_uf,UF,CENTEIO,TO,produtividade_kg_ha
random_forest,,,,,2,historico_insuficiente,produto_uf,UF,CENTEIO,TO,produtividade_kg_ha
xgboost,,,,,2,historico_insuficiente,produto_uf,UF,CENTEIO,TO,produtividade_kg_ha
exponential_smoothing,,,,,2,historico_insuficiente,produto_uf,UF,CENTEIO,TO,produtividade_kg_ha
baseline_ingenuo,0.0,0.0,,,2,,produto_uf,UF,CEVADA,AC,produtividade_kg_ha
regressao_linear,,,,,2,historico_insuficiente,produto_uf,UF,CEVADA,AC,produtividade_kg_ha
random_forest,,,,,2,historico_insuficiente,produto_uf,UF,CEVADA,AC,produtividade_kg_ha
xgboost,,,,,2,historico_insuficiente,produto_uf,UF,CEVADA,AC,produtividade_kg_ha
exponential_smoothing,,,,,2,historico_insuficiente,produto_uf,UF,CEVADA,AC,produtividade_kg_ha
baseline_ingenuo,0.0,0.0,,,2,,produto_uf,UF,CEVADA,AL,produtividade_kg_ha
regressao_linear,,,,,2,historico_insuficiente,produto_uf,UF,CEVADA,AL,produtividade_kg_ha
random_forest,,,,,2,historico_insuficiente,produto_uf,UF,CEVADA,AL,produtividade_kg_ha
xgboost,,,,,2,historico_insuficiente,produto_uf,UF,CEVADA,AL,produtividade_kg_ha
exponential_smoothing,,,,,2,historico_insuficiente,produto_uf,UF,CEVADA,AL,produtividade_kg_ha
baseline_ingenuo,0.0,0.0,,,2,,produto_uf,UF,CEVADA,AM,produtividade_kg_ha
regressao_linear,,,,,2,historico_insuficiente,produto_uf,UF,CEVADA,AM,produtividade_kg_ha
random_forest,,,,,2,historico_insuficiente,produto_uf,UF,CEVADA,AM,produtividade_kg_ha
xgboost,,,,,2,historico_insuficiente,produto_uf,UF,CEVADA,AM,produtividade_kg_ha
exponential_smoothing,,,,,2,historico_insuficiente,produto_uf,UF,CEVADA,AM,produtividade_kg_ha
baseline_ingenuo,0.0,0.0,,,2,,produto_uf,UF,CEVADA,AP,produtividade_kg_ha
regressao_linear,,,,,2,historico_insuficiente,produto_uf,UF,CEVADA,AP,produtividade_kg_ha
random_forest,,,,,2,historico_insuficiente,produto_uf,UF,CEVADA,AP,produtividade_kg_ha
xgboost,,,,,2,historico_insuficiente,produto_uf,UF,CEVADA,AP,produtividade_kg_ha
exponential_smoothing,,,,,2,historico_insuficiente,produto_uf,UF,CEVADA,AP,produtividade_kg_ha
baseline_ingenuo,0.0,0.0,,,2,,produto_uf,UF,CEVADA,BA,produtividade_kg_ha
regressao_linear,,,,,2,historico_insuficiente,produto_uf,UF,CEVADA,BA,produtividade_kg_ha
random_forest,,,,,2,historico_insuficiente,produto_uf,UF,CEVADA,BA,produtividade_kg_ha
xgboost,,,,,2,historico_insuficiente,produto_uf,UF,CEVADA,BA,produtividade_kg_ha
exponential_smoothing,,,,,2,historico_insuficiente,produto_uf,UF,CEVADA,BA,produtividade_kg_ha
baseline_ingenuo,0.0,0.0,,,2,,produto_uf,UF,CEVADA,CE,produtividade_kg_ha
regressao_linear,,,,,2,historico_insuficiente,produto_uf,UF,CEVADA,CE,produtividade_kg_ha
random_forest,,,,,2,historico_insuficiente,produto_uf,UF,CEVADA,CE,produtividade_kg_ha
xgboost,,,,,2,historico_insuficiente,produto_uf,UF,CEVADA,CE,produtividade_kg_ha
exponential_smoothing,,,,,2,historico_insuficiente,produto_uf,UF,CEVADA,CE,produtividade_kg_ha
baseline_ingenuo,0.0,0.0,,,2,,produto_uf,UF,CEVADA,DF,produtividade_kg_ha
regressao_linear,,,,,2,historico_insuficiente,produto_uf,UF,CEVADA,DF,produtividade_kg_ha
random_forest,,,,,2,historico_insuficiente,produto_uf,UF,CEVADA,DF,produtividade_kg_ha
xgboost,,,,,2,historico_insuficiente,produto_uf,UF,CEVADA,DF,produtividade_kg_ha
exponential_smoothing,,,,,2,historico_insuficiente,produto_uf,UF,CEVADA,DF,produtividade_kg_ha
baseline_ingenuo,0.0,0.0,,,2,,produto_uf,UF,CEVADA,ES,produtividade_kg_ha
regressao_linear,,,,,2,historico_insuficiente,produto_uf,UF,CEVADA,ES,produtividade_kg_ha
random_forest,,,,,2,historico_insuficiente,produto_uf,UF,CEVADA,ES,produtividade_kg_ha
xgboost,,,,,2,historico_insuficiente,produto_uf,UF,CEVADA,ES,produtividade_kg_ha
exponential_smoothing,,,,,2,historico_insuficiente,produto_uf,UF,CEVADA,ES,produtividade_kg_ha
baseline_ingenuo,0.0,0.0,,,2,,produto_uf,UF,CEVADA,GO,produtividade_kg_ha
regressao_linear,,,,,2,historico_insuficiente,produto_uf,UF,CEVADA,GO,produtividade_kg_ha
random_forest,,,,,2,historico_insuficiente,produto_uf,UF,CEVADA,GO,produtividade_kg_ha
xgboost,,,,,2,historico_insuficiente,produto_uf,UF,CEVADA,GO,produtividade_kg_ha
exponential_smoothing,,,,,2,historico_insuficiente,produto_uf,UF,CEVADA,GO,produtividade_kg_ha
baseline_ingenuo,0.0,0.0,,,2,,produto_uf,UF,CEVADA,MA,produtividade_kg_ha
regressao_linear,,,,,2,historico_insuficiente,produto_uf,UF,CEVADA,MA,produtividade_kg_ha
random_forest,,,,,2,historico_insuficiente,produto_uf,UF,CEVADA,MA,produtividade_kg_ha
xgboost,,,,,2,historico_insuficiente,produto_uf,UF,CEVADA,MA,produtividade_kg_ha
exponential_smoothing,,,,,2,historico_insuficiente,produto_uf,UF,CEVADA,MA,produtividade_kg_ha
baseline_ingenuo,0.0,0.0,,,2,,produto_uf,UF,CEVADA,MG,produtividade_kg_ha
regressao_linear,,,,,2,historico_insuficiente,produto_uf,UF,CEVADA,MG,produtividade_kg_ha
random_forest,,,,,2,historico_insuficiente,produto_uf,UF,CEVADA,MG,produtividade_kg_ha
xgboost,,,,,2,historico_insuficiente,produto_uf,UF,CEVADA,MG,produtividade_kg_ha
exponential_smoothing,,,,,2,historico_insuficiente,produto_uf,UF,CEVADA,MG,produtividade_kg_ha
baseline_ingenuo,0.0,0.0,,,2,,produto_uf,UF,CEVADA,MS,produtividade_kg_ha
regressao_linear,,,,,2,historico_insuficiente,produto_uf,UF,CEVADA,MS,produtividade_kg_ha
random_forest,,,,,2,historico_insuficiente,produto_uf,UF,CEVADA,MS,produtividade_kg_ha
xgboost,,,,,2,historico_insuficiente,produto_uf,UF,CEVADA,MS,produtividade_kg_ha
exponential_smoothing,,,,,2,historico_insuficiente,produto_uf,UF,CEVADA,MS,produtividade_kg_ha
baseline_ingenuo,0.0,0.0,,,2,,produto_uf,UF,CEVADA,MT,produtividade_kg_ha
regressao_linear,,,,,2,historico_insuficiente,produto_uf,UF,CEVADA,MT,produtividade_kg_ha
random_forest,,,,,2,historico_insuficiente,produto_uf,UF,CEVADA,MT,produtividade_kg_ha
xgboost,,,,,2,historico_insuficiente,produto_uf,UF,CEVADA,MT,produtividade_kg_ha
exponential_smoothing,,,,,2,historico_insuficiente,produto_uf,UF,CEVADA,MT,produtividade_kg_ha
baseline_ingenuo,0.0,0.0,,,2,,produto_uf,UF,CEVADA,PA,produtividade_kg_ha
regressao_linear,,,,,2,historico_insuficiente,produto_uf,UF,CEVADA,PA,produtividade_kg_ha
random_forest,,,,,2,historico_insuficiente,produto_uf,UF,CEVADA,PA,produtividade_kg_ha
xgboost,,,,,2,historico_insuficiente,produto_uf,UF,CEVADA,PA,produtividade_kg_ha
exponential_smoothing,,,,,2,historico_insuficiente,produto_uf,UF,CEVADA,PA,produtividade_kg_ha
baseline_ingenuo,0.0,0.0,,,2,,produto_uf,UF,CEVADA,PB,produtividade_kg_ha
regressao_linear,,,,,2,historico_insuficiente,produto_uf,UF,CEVADA,PB,produtividade_kg_ha
random_forest,,,,,2,historico_insuficiente,produto_uf,UF,CEVADA,PB,produtividade_kg_ha
xgboost,,,,,2,historico_insuficiente,produto_uf,UF,CEVADA,PB,produtividade_kg_ha
exponential_smoothing,,,,,2,historico_insuficiente,produto_uf,UF,CEVADA,PB,produtividade_kg_ha
baseline_ingenuo,0.0,0.0,,,2,,produto_uf,UF,CEVADA,PE,produtividade_kg_ha
regressao_linear,,,,,2,historico_insuficiente,produto_uf,UF,CEVADA,PE,produtividade_kg_ha
random_forest,,,,,2,historico_insuficiente,produto_uf,UF,CEVADA,PE,produtividade_kg_ha
xgboost,,,,,2,historico_insuficiente,produto_uf,UF,CEVADA,PE,produtividade_kg_ha
exponential_smoothing,,,,,2,historico_insuficiente,produto_uf,UF,CEVADA,PE,produtividade_kg_ha
baseline_ingenuo,0.0,0.0,,,2,,produto_uf,UF,CEVADA,PI,produtividade_kg_ha
regressao_linear,,,,,2,historico_insuficiente,produto_uf,UF,CEVADA,PI,produtividade_kg_ha
random_forest,,,,,2,historico_insuficiente,produto_uf,UF,CEVADA,PI,produtividade_kg_ha
xgboost,,,,,2,historico_insuficiente,produto_uf,UF,CEVADA,PI,produtividade_kg_ha
exponential_smoothing,,,,,2,historico_insuficiente,produto_uf,UF,CEVADA,PI,produtividade_kg_ha
baseline_ingenuo,443.0,443.0,10.502607871028925,,2,,produto_uf,UF,CEVADA,PR,produtividade_kg_ha
regressao_linear,,,,,2,historico_insuficiente,produto_uf,UF,CEVADA,PR,produtividade_kg_ha
random_forest,,,,,2,historico_insuficiente,produto_uf,UF,CEVADA,PR,produtividade_kg_ha
xgboost,,,,,2,historico_insuficiente,produto_uf,UF,CEVADA,PR,produtividade_kg_ha
exponential_smoothing,,,,,2,historico_insuficiente,produto_uf,UF,CEVADA,PR,produtividade_kg_ha
baseline_ingenuo,0.0,0.0,,,2,,produto_uf,UF,CEVADA,RJ,produtividade_kg_ha
regressao_linear,,,,,2,historico_insuficiente,produto_uf,UF,CEVADA,RJ,produtividade_kg_ha
random_forest,,,,,2,historico_insuficiente,produto_uf,UF,CEVADA,RJ,produtividade_kg_ha
xgboost,,,,,2,historico_insuficiente,produto_uf,UF,CEVADA,RJ,produtividade_kg_ha
exponential_smoothing,,,,,2,historico_insuficiente,produto_uf,UF,CEVADA,RJ,produtividade_kg_ha
baseline_ingenuo,0.0,0.0,,,2,,produto_uf,UF,CEVADA,RN,produtividade_kg_ha
regressao_linear,,,,,2,historico_insuficiente,produto_uf,UF,CEVADA,RN,produtividade_kg_ha
random_forest,,,,,2,historico_insuficiente,produto_uf,UF,CEVADA,RN,produtividade_kg_ha
xgboost,,,,,2,historico_insuficiente,produto_uf,UF,CEVADA,RN,produtividade_kg_ha
exponential_smoothing,,,,,2,historico_insuficiente,produto_uf,UF,CEVADA,RN,produtividade_kg_ha
baseline_ingenuo,0.0,0.0,,,2,,produto_uf,UF,CEVADA,RO,produtividade_kg_ha
regressao_linear,,,,,2,historico_insuficiente,produto_uf,UF,CEVADA,RO,produtividade_kg_ha
random_forest,,,,,2,historico_insuficiente,produto_uf,UF,CEVADA,RO,produtividade_kg_ha
xgboost,,,,,2,historico_insuficiente,produto_uf,UF,CEVADA,RO,produtividade_kg_ha
exponential_smoothing,,,,,2,historico_insuficiente,produto_uf,UF,CEVADA,RO,produtividade_kg_ha
baseline_ingenuo,0.0,0.0,,,2,,produto_uf,UF,CEVADA,RR,produtividade_kg_ha
regressao_linear,,,,,2,historico_insuficiente,produto_uf,UF,CEVADA,RR,produtividade_kg_ha
random_forest,,,,,2,historico_insuficiente,produto_uf,UF,CEVADA,RR,produtividade_kg_ha
xgboost,,,,,2,historico_insuficiente,produto_uf,UF,CEVADA,RR,produtividade_kg_ha
exponential_smoothing,,,,,2,historico_insuficiente,produto_uf,UF,CEVADA,RR,produtividade_kg_ha
baseline_ingenuo,562.0,562.0,19.070240922972516,,2,,produto_uf,UF,CEVADA,RS,produtividade_kg_ha
regressao_linear,,,,,2,historico_insuficiente,produto_uf,UF,CEVADA,RS,produtividade_kg_ha
random_forest,,,,,2,historico_insuficiente,produto_uf,UF,CEVADA,RS,produtividade_kg_ha
xgboost,,,,,2,historico_insuficiente,produto_uf,UF,CEVADA,RS,produtividade_kg_ha
exponential_smoothing,,,,,2,historico_insuficiente,produto_uf,UF,CEVADA,RS,produtividade_kg_ha
baseline_ingenuo,0.0,0.0,,,2,,produto_uf,UF,CEVADA,SC,produtividade_kg_ha
regressao_linear,,,,,2,historico_insuficiente,produto_uf,UF,CEVADA,SC,produtividade_kg_ha
random_forest,,,,,2,historico_insuficiente,produto_uf,UF,CEVADA,SC,produtividade_kg_ha
xgboost,,,,,2,historico_insuficiente,produto_uf,UF,CEVADA,SC,produtividade_kg_ha
exponential_smoothing,,,,,2,historico_insuficiente,produto_uf,UF,CEVADA,SC,produtividade_kg_ha
baseline_ingenuo,0.0,0.0,,,2,,produto_uf,UF,CEVADA,SE,produtividade_kg_ha
regressao_linear,,,,,2,historico_insuficiente,produto_uf,UF,CEVADA,SE,produtividade_kg_ha
random_forest,,,,,2,historico_insuficiente,produto_uf,UF,CEVADA,SE,produtividade_kg_ha
xgboost,,,,,2,historico_insuficiente,produto_uf,UF,CEVADA,SE,produtividade_kg_ha
exponential_smoothing,,,,,2,historico_insuficiente,produto_uf,UF,CEVADA,SE,produtividade_kg_ha
baseline_ingenuo,0.0,0.0,0.0,,2,,produto_uf,UF,CEVADA,SP,produtividade_kg_ha
regressao_linear,,,,,2,historico_insuficiente,produto_uf,UF,CEVADA,SP,produtividade_kg_ha
random_forest,,,,,2,historico_insuficiente,produto_uf,UF,CEVADA,SP,produtividade_kg_ha
xgboost,,,,,2,historico_insuficiente,produto_uf,UF,CEVADA,SP,produtividade_kg_ha
exponential_smoothing,,,,,2,historico_insuficiente,produto_uf,UF,CEVADA,SP,produtividade_kg_ha
baseline_ingenuo,0.0,0.0,,,2,,produto_uf,UF,CEVADA,TO,produtividade_kg_ha
regressao_linear,,,,,2,historico_insuficiente,produto_uf,UF,CEVADA,TO,produtividade_kg_ha
random_forest,,,,,2,historico_insuficiente,produto_uf,UF,CEVADA,TO,produtividade_kg_ha
xgboost,,,,,2,historico_insuficiente,produto_uf,UF,CEVADA,TO,produtividade_kg_ha
exponential_smoothing,,,,,2,historico_insuficiente,produto_uf,UF,CEVADA,TO,produtividade_kg_ha
baseline_ingenuo,0.0,0.0,0.0,,2,,produto_uf,UF,FEIJÃO TOTAL,AC,produtividade_kg_ha
regressao_linear,,,,,2,historico_insuficiente,produto_uf,UF,FEIJÃO TOTAL,AC,produtividade_kg_ha
random_forest,,,,,2,historico_insuficiente,produto_uf,UF,FEIJÃO TOTAL,AC,produtividade_kg_ha
xgboost,,,,,2,historico_insuficiente,produto_uf,UF,FEIJÃO TOTAL,AC,produtividade_kg_ha
exponential_smoothing,,,,,2,historico_insuficiente,produto_uf,UF,FEIJÃO TOTAL,AC,produtividade_kg_ha
baseline_ingenuo,83.73027563887956,83.73027563887956,11.932469500364503,,2,,produto_uf,UF,FEIJÃO TOTAL,AL,produtividade_kg_ha
regressao_linear,,,,,2,historico_insuficiente,produto_uf,UF,FEIJÃO TOTAL,AL,produtividade_kg_ha
random_forest,,,,,2,historico_insuficiente,produto_uf,UF,FEIJÃO TOTAL,AL,produtividade_kg_ha
xgboost,,,,,2,historico_insuficiente,produto_uf,UF,FEIJÃO TOTAL,AL,produtividade_kg_ha
exponential_smoothing,,,,,2,historico_insuficiente,produto_uf,UF,FEIJÃO TOTAL,AL,produtividade_kg_ha
baseline_ingenuo,0.0,0.0,0.0,,2,,produto_uf,UF,FEIJÃO TOTAL,AM,produtividade_kg_ha
regressao_linear,,,,,2,historico_insuficiente,produto_uf,UF,FEIJÃO TOTAL,AM,produtividade_kg_ha
random_forest,,,,,2,historico_insuficiente,produto_uf,UF,FEIJÃO TOTAL,AM,produtividade_kg_ha
xgboost,,,,,2,historico_insuficiente,produto_uf,UF,FEIJÃO TOTAL,AM,produtividade_kg_ha
exponential_smoothing,,,,,2,historico_insuficiente,produto_uf,UF,FEIJÃO TOTAL,AM,produtividade_kg_ha
baseline_ingenuo,1.0,1.0,0.10989010989010989,,2,,produto_uf,UF,FEIJÃO TOTAL,AP,produtividade_kg_ha
regressao_linear,,,,,2,historico_insuficiente,produto_uf,UF,FEIJÃO TOTAL,AP,produtividade_kg_ha
random_forest,,,,,2,historico_insuficiente,produto_uf,UF,FEIJÃO TOTAL,AP,produtividade_kg_ha
xgboost,,,,,2,historico_insuficiente,produto_uf,UF,FEIJÃO TOTAL,AP,produtividade_kg_ha
exponential_smoothing,,,,,2,historico_insuficiente,produto_uf,UF,FEIJÃO TOTAL,AP,produtividade_kg_ha
baseline_ingenuo,150.56101455330088,150.56101455330088,16.339129273765934,,2,,produto_uf,UF,FEIJÃO TOTAL,BA,produtividade_kg_ha
regressao_linear,,,,,2,historico_insuficiente,produto_uf,UF,FEIJÃO TOTAL,BA,produtividade_kg_ha
random_forest,,,,,2,historico_insuficiente,produto_uf,UF,FEIJÃO TOTAL,BA,produtividade_kg_ha
xgboost,,,,,2,historico_insuficiente,produto_uf,UF,FEIJÃO TOTAL,BA,produtividade_kg_ha
exponential_smoothing,,,,,2,historico_insuficiente,produto_uf,UF,FEIJÃO TOTAL,BA,produtividade_kg_ha
baseline_ingenuo,0.31643903150543906,0.31643903150543906,0.20069567532275842,,2,,produto_uf,UF,FEIJÃO TOTAL,CE,produtividade_kg_ha
regressao_linear,,,,,2,historico_insuficiente,produto_uf,UF,FEIJÃO TOTAL,CE,produtividade_kg_ha
random_forest,,,,,2,historico_insuficiente,produto_uf,UF,FEIJÃO TOTAL,CE,produtividade_kg_ha
xgboost,,,,,2,historico_insuficiente,produto_uf,UF,FEIJÃO TOTAL,CE,produtividade_kg_ha
exponential_smoothing,,,,,2,historico_insuficiente,produto_uf,UF,FEIJÃO TOTAL,CE,produtividade_kg_ha
baseline_ingenuo,17.965758115326025,17.965758115326025,0.6911100407063818,,2,,produto_uf,UF,FEIJÃO TOTAL,DF,produtividade_kg_ha
regressao_linear,,,,,2,historico_insuficiente,produto_uf,UF,FEIJÃO TOTAL,DF,produtividade_kg_ha
random_forest,,,,,2,historico_insuficiente,produto_uf,UF,FEIJÃO TOTAL,DF,produtividade_kg_ha
xgboost,,,,,2,historico_insuficiente,produto_uf,UF,FEIJÃO TOTAL,DF,produtividade_kg_ha
exponential_smoothing,,,,,2,historico_insuficiente,produto_uf,UF,FEIJÃO TOTAL,DF,produtividade_kg_ha
baseline_ingenuo,23.73333333333335,23.73333333333335,2.1972595975805467,,2,,produto_uf,UF,FEIJÃO TOTAL,ES,produtividade_kg_ha
regressao_linear,,,,,2,historico_insuficiente,produto_uf,UF,FEIJÃO TOTAL,ES,produtividade_kg_ha
random_forest,,,,,2,historico_insuficiente,produto_uf,UF,FEIJÃO TOTAL,ES,produtividade_kg_ha
xgboost,,,,,2,historico_insuficiente,produto_uf,UF,FEIJÃO TOTAL,ES,produtividade_kg_ha
exponential_smoothing,,,,,2,historico_insuficiente,produto_uf,UF,FEIJÃO TOTAL,ES,produtividade_kg_ha
baseline_ingenuo,105.31118094764543,105.31118094764543,4.149970781832238,,2,,produto_uf,UF,FEIJÃO TOTAL,GO,produtividade_kg_ha
regressao_linear,,,,,2,historico_insuficiente,produto_uf,UF,FEIJÃO TOTAL,GO,produtividade_kg_ha
random_forest,,,,,2,historico_insuficiente,produto_uf,UF,FEIJÃO TOTAL,GO,produtividade_kg_ha
xgboost,,,,,2,historico_insuficiente,produto_uf,UF,FEIJÃO TOTAL,GO,produtividade_kg_ha
exponential_smoothing,,,,,2,historico_insuficiente,produto_uf,UF,FEIJÃO TOTAL,GO,produtividade_kg_ha
baseline_ingenuo,2.9403528960491485,2.9403528960491485,0.4366467715310139,,2,,produto_uf,UF,FEIJÃO TOTAL,MA,produtividade_kg_ha
regressao_linear,,,,,2,historico_insuficiente,produto_uf,UF,FEIJÃO TOTAL,MA,produtividade_kg_ha
random_forest,,,,,2,historico_insuficiente,produto_uf,UF,FEIJÃO TOTAL,MA,produtividade_kg_ha
xgboost,,,,,2,historico_insuficiente,produto_uf,UF,FEIJÃO TOTAL,MA,produtividade_kg_ha
exponential_smoothing,,,,,2,historico_insuficiente,produto_uf,UF,FEIJÃO TOTAL,MA,produtividade_kg_ha
baseline_ingenuo,124.49602694642272,124.49602694642272,7.16029916718402,,2,,produto_uf,UF,FEIJÃO TOTAL,MG,produtividade_kg_ha
regressao_linear,,,,,2,historico_insuficiente,produto_uf,UF,FEIJÃO TOTAL,MG,produtividade_kg_ha
random_forest,,,,,2,historico_insuficiente,produto_uf,UF,FEIJÃO TOTAL,MG,produtividade_kg_ha
xgboost,,,,,2,historico_insuficiente,produto_uf,UF,FEIJÃO TOTAL,MG,produtividade_kg_ha
exponential_smoothing,,,,,2,historico_insuficiente,produto_uf,UF,FEIJÃO TOTAL,MG,produtividade_kg_ha
baseline_ingenuo,126.0,126.0,7.640994542146756,,2,,produto_uf,UF,FEIJÃO TOTAL,MS,produtividade_kg_ha
regressao_linear,,,,,2,historico_insuficiente,produto_uf,UF,FEIJÃO TOTAL,MS,produtividade_kg_ha
random_forest,,,,,2,historico_insuficiente,produto_uf,UF,FEIJÃO TOTAL,MS,produtividade_kg_ha
xgboost,,,,,2,historico_insuficiente,produto_uf,UF,FEIJÃO TOTAL,MS,produtividade_kg_ha
exponential_smoothing,,,,,2,historico_insuficiente,produto_uf,UF,FEIJÃO TOTAL,MS,produtividade_kg_ha
baseline_ingenuo,90.36264074151154,90.36264074151154,5.153943213353672,,2,,produto_uf,UF,FEIJÃO TOTAL,MT,produtividade_kg_ha
regressao_linear,,,,,2,historico_insuficiente,produto_uf,UF,FEIJÃO TOTAL,MT,produtividade_kg_ha
random_forest,,,,,2,historico_insuficiente,produto_uf,UF,FEIJÃO TOTAL,MT,produtividade_kg_ha
xgboost,,,,,2,historico_insuficiente,produto_uf,UF,FEIJÃO TOTAL,MT,produtividade_kg_ha
exponential_smoothing,,,,,2,historico_insuficiente,produto_uf,UF,FEIJÃO TOTAL,MT,produtividade_kg_ha
baseline_ingenuo,16.745794236855204,16.745794236855204,2.2896515902874977,,2,,produto_uf,UF,FEIJÃO TOTAL,PA,produtividade_kg_ha
regressao_linear,,,,,2,historico_insuficiente,produto_uf,UF,FEIJÃO TOTAL,PA,produtividade_kg_ha
random_forest,,,,,2,historico_insuficiente,produto_uf,UF,FEIJÃO TOTAL,PA,produtividade_kg_ha
xgboost,,,,,2,historico_insuficiente,produto_uf,UF,FEIJÃO TOTAL,PA,produtividade_kg_ha
exponential_smoothing,,,,,2,historico_insuficiente,produto_uf,UF,FEIJÃO TOTAL,PA,produtividade_kg_ha
baseline_ingenuo,77.80785922128302,77.80785922128302,20.998990428765683,,2,,produto_uf,UF,FEIJÃO TOTAL,PB,produtividade_kg_ha
regressao_linear,,,,,2,historico_insuficiente,produto_uf,UF,FEIJÃO TOTAL,PB,produtividade_kg_ha
random_forest,,,,,2,historico_insuficiente,produto_uf,UF,FEIJÃO TOTAL,PB,produtividade_kg_ha
xgboost,,,,,2,historico_insuficiente,produto_uf,UF,FEIJÃO TOTAL,PB,produtividade_kg_ha
exponential_smoothing,,,,,2,historico_insuficiente,produto_uf,UF,FEIJÃO TOTAL,PB,produtividade_kg_ha
baseline_ingenuo,37.640839991482494,37.640839991482494,5.616231637074255,,2,,produto_uf,UF,FEIJÃO TOTAL,PE,produtividade_kg_ha
regressao_linear,,,,,2,historico_insuficiente,produto_uf,UF,FEIJÃO TOTAL,PE,produtividade_kg_ha
random_forest,,,,,2,historico_insuficiente,produto_uf,UF,FEIJÃO TOTAL,PE,produtividade_kg_ha
xgboost,,,,,2,historico_insuficiente,produto_uf,UF,FEIJÃO TOTAL,PE,produtividade_kg_ha
exponential_smoothing,,,,,2,historico_insuficiente,produto_uf,UF,FEIJÃO TOTAL,PE,produtividade_kg_ha
baseline_ingenuo,103.60027251955722,103.60027251955722,28.349155486123223,,2,,produto_uf,UF,FEIJÃO TOTAL,PI,produtividade_kg_ha
regressao_linear,,,,,2,historico_insuficiente,produto_uf,UF,FEIJÃO TOTAL,PI,produtividade_kg_ha
random_forest,,,,,2,historico_insuficiente,produto_uf,UF,FEIJÃO TOTAL,PI,produtividade_kg_ha
xgboost,,,,,2,historico_insuficiente,produto_uf,UF,FEIJÃO TOTAL,PI,produtividade_kg_ha
exponential_smoothing,,,,,2,historico_insuficiente,produto_uf,UF,FEIJÃO TOTAL,PI,produtividade_kg_ha
baseline_ingenuo,97.84495249541192,97.84495249541192,5.920605529021013,,2,,produto_uf,UF,FEIJÃO TOTAL,PR,produtividade_kg_ha
regressao_linear,,,,,2,historico_insuficiente,produto_uf,UF,FEIJÃO TOTAL,PR,produtividade_kg_ha
random_forest,,,,,2,historico_insuficiente,produto_uf,UF,FEIJÃO TOTAL,PR,produtividade_kg_ha
xgboost,,,,,2,historico_insuficiente,produto_uf,UF,FEIJÃO TOTAL,PR,produtividade_kg_ha
exponential_smoothing,,,,,2,historico_insuficiente,produto_uf,UF,FEIJÃO TOTAL,PR,produtividade_kg_ha
baseline_ingenuo,173.60000000000014,173.60000000000014,11.361256544502625,,2,,produto_uf,UF,FEIJÃO TOTAL,RJ,produtividade_kg_ha
regressao_linear,,,,,2,historico_insuficiente,produto_uf,UF,FEIJÃO TOTAL,RJ,produtividade_kg_ha
random_forest,,,,,2,historico_insuficiente,produto_uf,UF,FEIJÃO TOTAL,RJ,produtividade_kg_ha
xgboost,,,,,2,historico_insuficiente,produto_uf,UF,FEIJÃO TOTAL,RJ,produtividade_kg_ha
exponential_smoothing,,,,,2,historico_insuficiente,produto_uf,UF,FEIJÃO TOTAL,RJ,produtividade_kg_ha
baseline_ingenuo,3.0,3.0,1.7857142857142856,,2,,produto_uf,UF,FEIJÃO TOTAL,RN,produtividade_kg_ha
regressao_linear,,,,,2,historico_insuficiente,produto_uf,UF,FEIJÃO TOTAL,RN,produtividade_kg_ha
random_forest,,,,,2,historico_insuficiente,produto_uf,UF,FEIJÃO TOTAL,RN,produtividade_kg_ha
xgboost,,,,,2,historico_insuficiente,produto_uf,UF,FEIJÃO TOTAL,RN,produtividade_kg_ha
exponential_smoothing,,,,,2,historico_insuficiente,produto_uf,UF,FEIJÃO TOTAL,RN,produtividade_kg_ha
baseline_ingenuo,53.0,53.0,5.263157894736842,,2,,produto_uf,UF,FEIJÃO TOTAL,RO,produtividade_kg_ha
regressao_linear,,,,,2,historico_insuficiente,produto_uf,UF,FEIJÃO TOTAL,RO,produtividade_kg_ha
random_forest,,,,,2,historico_insuficiente,produto_uf,UF,FEIJÃO TOTAL,RO,produtividade_kg_ha
xgboost,,,,,2,historico_insuficiente,produto_uf,UF,FEIJÃO TOTAL,RO,produtividade_kg_ha
exponential_smoothing,,,,,2,historico_insuficiente,produto_uf,UF,FEIJÃO TOTAL,RO,produtividade_kg_ha
baseline_ingenuo,4.0,4.0,0.33112582781456956,,2,,produto_uf,UF,FEIJÃO TOTAL,RR,produtividade_kg_ha
regressao_linear,,,,,2,historico_insuficiente,produto_uf,UF,FEIJÃO TOTAL,RR,produtividade_kg_ha
random_forest,,,,,2,historico_insuficiente,produto_uf,UF,FEIJÃO TOTAL,RR,produtividade_kg_ha
xgboost,,,,,2,historico_insuficiente,produto_uf,UF,FEIJÃO TOTAL,RR,produtividade_kg_ha
exponential_smoothing,,,,,2,historico_insuficiente,produto_uf,UF,FEIJÃO TOTAL,RR,produtividade_kg_ha
baseline_ingenuo,57.936492672025,57.936492672025,3.45792165167783,,2,,produto_uf,UF,FEIJÃO TOTAL,RS,produtividade_kg_ha
regressao_linear,,,,,2,historico_insuficiente,produto_uf,UF,FEIJÃO TOTAL,RS,produtividade_kg_ha
random_forest,,,,,2,historico_insuficiente,produto_uf,UF,FEIJÃO TOTAL,RS,produtividade_kg_ha
xgboost,,,,,2,historico_insuficiente,produto_uf,UF,FEIJÃO TOTAL,RS,produtividade_kg_ha
exponential_smoothing,,,,,2,historico_insuficiente,produto_uf,UF,FEIJÃO TOTAL,RS,produtividade_kg_ha
baseline_ingenuo,32.13067747811283,32.13067747811283,1.7028129958008318,,2,,produto_uf,UF,FEIJÃO TOTAL,SC,produtividade_kg_ha
regressao_linear,,,,,2,historico_insuficiente,produto_uf,UF,FEIJÃO TOTAL,SC,produtividade_kg_ha
random_forest,,,,,2,historico_insuficiente,produto_uf,UF,FEIJÃO TOTAL,SC,produtividade_kg_ha
xgboost,,,,,2,historico_insuficiente,produto_uf,UF,FEIJÃO TOTAL,SC,produtividade_kg_ha
exponential_smoothing,,,,,2,historico_insuficiente,produto_uf,UF,FEIJÃO TOTAL,SC,produtividade_kg_ha
baseline_ingenuo,224.0,224.0,30.39348710990502,,2,,produto_uf,UF,FEIJÃO TOTAL,SE,produtividade_kg_ha
regressao_linear,,,,,2,historico_insuficiente,produto_uf,UF,FEIJÃO TOTAL,SE,produtividade_kg_ha
random_forest,,,,,2,historico_insuficiente,produto_uf,UF,FEIJÃO TOTAL,SE,produtividade_kg_ha
xgboost,,,,,2,historico_insuficiente,produto_uf,UF,FEIJÃO TOTAL,SE,produtividade_kg_ha
exponential_smoothing,,,,,2,historico_insuficiente,produto_uf,UF,FEIJÃO TOTAL,SE,produtividade_kg_ha
baseline_ingenuo,67.62467866323868,67.62467866323868,2.8902419998110074,,2,,produto_uf,UF,FEIJÃO TOTAL,SP,produtividade_kg_ha
regressao_linear,,,,,2,historico_insuficiente,produto_uf,UF,FEIJÃO TOTAL,SP,produtividade_kg_ha
random_forest,,,,,2,historico_insuficiente,produto_uf,UF,FEIJÃO TOTAL,SP,produtividade_kg_ha
xgboost,,,,,2,historico_insuficiente,produto_uf,UF,FEIJÃO TOTAL,SP,produtividade_kg_ha
exponential_smoothing,,,,,2,historico_insuficiente,produto_uf,UF,FEIJÃO TOTAL,SP,produtividade_kg_ha
baseline_ingenuo,72.83624035845355,72.83624035845355,6.432714526633461,,2,,produto_uf,UF,FEIJÃO TOTAL,TO,produtividade_kg_ha
regressao_linear,,,,,2,historico_insuficiente,produto_uf,UF,FEIJÃO TOTAL,TO,produtividade_kg_ha
random_forest,,,,,2,historico_insuficiente,produto_uf,UF,FEIJÃO TOTAL,TO,produtividade_kg_ha
xgboost,,,,,2,historico_insuficiente,produto_uf,UF,FEIJÃO TOTAL,TO,produtividade_kg_ha
exponential_smoothing,,,,,2,historico_insuficiente,produto_uf,UF,FEIJÃO TOTAL,TO,produtividade_kg_ha
baseline_ingenuo,0.0,0.0,,,2,,produto_uf,UF,GERGELIM,AC,produtividade_kg_ha
regressao_linear,,,,,2,historico_insuficiente,produto_uf,UF,GERGELIM,AC,produtividade_kg_ha
random_forest,,,,,2,historico_insuficiente,produto_uf,UF,GERGELIM,AC,produtividade_kg_ha
xgboost,,,,,2,historico_insuficiente,produto_uf,UF,GERGELIM,AC,produtividade_kg_ha
exponential_smoothing,,,,,2,historico_insuficiente,produto_uf,UF,GERGELIM,AC,produtividade_kg_ha
baseline_ingenuo,0.0,0.0,,,2,,produto_uf,UF,GERGELIM,AL,produtividade_kg_ha
regressao_linear,,,,,2,historico_insuficiente,produto_uf,UF,GERGELIM,AL,produtividade_kg_ha
random_forest,,,,,2,historico_insuficiente,produto_uf,UF,GERGELIM,AL,produtividade_kg_ha
xgboost,,,,,2,historico_insuficiente,produto_uf,UF,GERGELIM,AL,produtividade_kg_ha
exponential_smoothing,,,,,2,historico_insuficiente,produto_uf,UF,GERGELIM,AL,produtividade_kg_ha
baseline_ingenuo,0.0,0.0,,,2,,produto_uf,UF,GERGELIM,AM,produtividade_kg_ha
regressao_linear,,,,,2,historico_insuficiente,produto_uf,UF,GERGELIM,AM,produtividade_kg_ha
random_forest,,,,,2,historico_insuficiente,produto_uf,UF,GERGELIM,AM,produtividade_kg_ha
xgboost,,,,,2,historico_insuficiente,produto_uf,UF,GERGELIM,AM,produtividade_kg_ha
exponential_smoothing,,,,,2,historico_insuficiente,produto_uf,UF,GERGELIM,AM,produtividade_kg_ha
baseline_ingenuo,0.0,0.0,,,2,,produto_uf,UF,GERGELIM,AP,produtividade_kg_ha
regressao_linear,,,,,2,historico_insuficiente,produto_uf,UF,GERGELIM,AP,produtividade_kg_ha
random_forest,,,,,2,historico_insuficiente,produto_uf,UF,GERGELIM,AP,produtividade_kg_ha
xgboost,,,,,2,historico_insuficiente,produto_uf,UF,GERGELIM,AP,produtividade_kg_ha
exponential_smoothing,,,,,2,historico_insuficiente,produto_uf,UF,GERGELIM,AP,produtividade_kg_ha
baseline_ingenuo,0.0,0.0,,,2,,produto_uf,UF,GERGELIM,BA,produtividade_kg_ha
regressao_linear,,,,,2,historico_insuficiente,produto_uf,UF,GERGELIM,BA,produtividade_kg_ha
random_forest,,,,,2,historico_insuficiente,produto_uf,UF,GERGELIM,BA,produtividade_kg_ha
xgboost,,,,,2,historico_insuficiente,produto_uf,UF,GERGELIM,BA,produtividade_kg_ha
exponential_smoothing,,,,,2,historico_insuficiente,produto_uf,UF,GERGELIM,BA,produtividade_kg_ha
baseline_ingenuo,0.0,0.0,,,2,,produto_uf,UF,GERGELIM,CE,produtividade_kg_ha
regressao_linear,,,,,2,historico_insuficiente,produto_uf,UF,GERGELIM,CE,produtividade_kg_ha
random_forest,,,,,2,historico_insuficiente,produto_uf,UF,GERGELIM,CE,produtividade_kg_ha
xgboost,,,,,2,historico_insuficiente,produto_uf,UF,GERGELIM,CE,produtividade_kg_ha
exponential_smoothing,,,,,2,historico_insuficiente,produto_uf,UF,GERGELIM,CE,produtividade_kg_ha
baseline_ingenuo,0.0,0.0,,,2,,produto_uf,UF,GERGELIM,DF,produtividade_kg_ha
regressao_linear,,,,,2,historico_insuficiente,produto_uf,UF,GERGELIM,DF,produtividade_kg_ha
random_forest,,,,,2,historico_insuficiente,produto_uf,UF,GERGELIM,DF,produtividade_kg_ha
xgboost,,,,,2,historico_insuficiente,produto_uf,UF,GERGELIM,DF,produtividade_kg_ha
exponential_smoothing,,,,,2,historico_insuficiente,produto_uf,UF,GERGELIM,DF,produtividade_kg_ha
baseline_ingenuo,0.0,0.0,,,2,,produto_uf,UF,GERGELIM,ES,produtividade_kg_ha
regressao_linear,,,,,2,historico_insuficiente,produto_uf,UF,GERGELIM,ES,produtividade_kg_ha
random_forest,,,,,2,historico_insuficiente,produto_uf,UF,GERGELIM,ES,produtividade_kg_ha
xgboost,,,,,2,historico_insuficiente,produto_uf,UF,GERGELIM,ES,produtividade_kg_ha
exponential_smoothing,,,,,2,historico_insuficiente,produto_uf,UF,GERGELIM,ES,produtividade_kg_ha
baseline_ingenuo,0.0,0.0,0.0,,2,,produto_uf,UF,GERGELIM,GO,produtividade_kg_ha
regressao_linear,,,,,2,historico_insuficiente,produto_uf,UF,GERGELIM,GO,produtividade_kg_ha
random_forest,,,,,2,historico_insuficiente,produto_uf,UF,GERGELIM,GO,produtividade_kg_ha
xgboost,,,,,2,historico_insuficiente,produto_uf,UF,GERGELIM,GO,produtividade_kg_ha
exponential_smoothing,,,,,2,historico_insuficiente,produto_uf,UF,GERGELIM,GO,produtividade_kg_ha
baseline_ingenuo,0.0,0.0,,,2,,produto_uf,UF,GERGELIM,MA,produtividade_kg_ha
regressao_linear,,,,,2,historico_insuficiente,produto_uf,UF,GERGELIM,MA,produtividade_kg_ha
random_forest,,,,,2,historico_insuficiente,produto_uf,UF,GERGELIM,MA,produtividade_kg_ha
xgboost,,,,,2,historico_insuficiente,produto_uf,UF,GERGELIM,MA,produtividade_kg_ha
exponential_smoothing,,,,,2,historico_insuficiente,produto_uf,UF,GERGELIM,MA,produtividade_kg_ha
baseline_ingenuo,0.0,0.0,,,2,,produto_uf,UF,GERGELIM,MG,produtividade_kg_ha
regressao_linear,,,,,2,historico_insuficiente,produto_uf,UF,GERGELIM,MG,produtividade_kg_ha
random_forest,,,,,2,historico_insuficiente,produto_uf,UF,GERGELIM,MG,produtividade_kg_ha
xgboost,,,,,2,historico_insuficiente,produto_uf,UF,GERGELIM,MG,produtividade_kg_ha
exponential_smoothing,,,,,2,historico_insuficiente,produto_uf,UF,GERGELIM,MG,produtividade_kg_ha
baseline_ingenuo,0.0,0.0,,,2,,produto_uf,UF,GERGELIM,MS,produtividade_kg_ha
regressao_linear,,,,,2,historico_insuficiente,produto_uf,UF,GERGELIM,MS,produtividade_kg_ha
random_forest,,,,,2,historico_insuficiente,produto_uf,UF,GERGELIM,MS,produtividade_kg_ha
xgboost,,,,,2,historico_insuficiente,produto_uf,UF,GERGELIM,MS,produtividade_kg_ha
exponential_smoothing,,,,,2,historico_insuficiente,produto_uf,UF,GERGELIM,MS,produtividade_kg_ha
baseline_ingenuo,0.0,0.0,0.0,,2,,produto_uf,UF,GERGELIM,MT,produtividade_kg_ha
regressao_linear,,,,,2,historico_insuficiente,produto_uf,UF,GERGELIM,MT,produtividade_kg_ha
random_forest,,,,,2,historico_insuficiente,produto_uf,UF,GERGELIM,MT,produtividade_kg_ha
xgboost,,,,,2,historico_insuficiente,produto_uf,UF,GERGELIM,MT,produtividade_kg_ha
exponential_smoothing,,,,,2,historico_insuficiente,produto_uf,UF,GERGELIM,MT,produtividade_kg_ha
baseline_ingenuo,0.0,0.0,0.0,,2,,produto_uf,UF,GERGELIM,PA,produtividade_kg_ha
regressao_linear,,,,,2,historico_insuficiente,produto_uf,UF,GERGELIM,PA,produtividade_kg_ha
random_forest,,,,,2,historico_insuficiente,produto_uf,UF,GERGELIM,PA,produtividade_kg_ha
xgboost,,,,,2,historico_insuficiente,produto_uf,UF,GERGELIM,PA,produtividade_kg_ha
exponential_smoothing,,,,,2,historico_insuficiente,produto_uf,UF,GERGELIM,PA,produtividade_kg_ha
baseline_ingenuo,0.0,0.0,,,2,,produto_uf,UF,GERGELIM,PB,produtividade_kg_ha
regressao_linear,,,,,2,historico_insuficiente,produto_uf,UF,GERGELIM,PB,produtividade_kg_ha
random_forest,,,,,2,historico_insuficiente,produto_uf,UF,GERGELIM,PB,produtividade_kg_ha
xgboost,,,,,2,historico_insuficiente,produto_uf,UF,GERGELIM,PB,produtividade_kg_ha
exponential_smoothing,,,,,2,historico_insuficiente,produto_uf,UF,GERGELIM,PB,produtividade_kg_ha
baseline_ingenuo,0.0,0.0,,,2,,produto_uf,UF,GERGELIM,PE,produtividade_kg_ha
regressao_linear,,,,,2,historico_insuficiente,produto_uf,UF,GERGELIM,PE,produtividade_kg_ha
random_forest,,,,,2,historico_insuficiente,produto_uf,UF,GERGELIM,PE,produtividade_kg_ha
xgboost,,,,,2,historico_insuficiente,produto_uf,UF,GERGELIM,PE,produtividade_kg_ha
exponential_smoothing,,,,,2,historico_insuficiente,produto_uf,UF,GERGELIM,PE,produtividade_kg_ha
baseline_ingenuo,0.0,0.0,,,2,,produto_uf,UF,GERGELIM,PI,produtividade_kg_ha
regressao_linear,,,,,2,historico_insuficiente,produto_uf,UF,GERGELIM,PI,produtividade_kg_ha
random_forest,,,,,2,historico_insuficiente,produto_uf,UF,GERGELIM,PI,produtividade_kg_ha
xgboost,,,,,2,historico_insuficiente,produto_uf,UF,GERGELIM,PI,produtividade_kg_ha
exponential_smoothing,,,,,2,historico_insuficiente,produto_uf,UF,GERGELIM,PI,produtividade_kg_ha
baseline_ingenuo,0.0,0.0,,,2,,produto_uf,UF,GERGELIM,PR,produtividade_kg_ha
regressao_linear,,,,,2,historico_insuficiente,produto_uf,UF,GERGELIM,PR,produtividade_kg_ha
random_forest,,,,,2,historico_insuficiente,produto_uf,UF,GERGELIM,PR,produtividade_kg_ha
xgboost,,,,,2,historico_insuficiente,produto_uf,UF,GERGELIM,PR,produtividade_kg_ha
exponential_smoothing,,,,,2,historico_insuficiente,produto_uf,UF,GERGELIM,PR,produtividade_kg_ha
baseline_ingenuo,0.0,0.0,,,2,,produto_uf,UF,GERGELIM,RJ,produtividade_kg_ha
regressao_linear,,,,,2,historico_insuficiente,produto_uf,UF,GERGELIM,RJ,produtividade_kg_ha
random_forest,,,,,2,historico_insuficiente,produto_uf,UF,GERGELIM,RJ,produtividade_kg_ha
xgboost,,,,,2,historico_insuficiente,produto_uf,UF,GERGELIM,RJ,produtividade_kg_ha
exponential_smoothing,,,,,2,historico_insuficiente,produto_uf,UF,GERGELIM,RJ,produtividade_kg_ha
baseline_ingenuo,0.0,0.0,,,2,,produto_uf,UF,GERGELIM,RN,produtividade_kg_ha
regressao_linear,,,,,2,historico_insuficiente,produto_uf,UF,GERGELIM,RN,produtividade_kg_ha
random_forest,,,,,2,historico_insuficiente,produto_uf,UF,GERGELIM,RN,produtividade_kg_ha
xgboost,,,,,2,historico_insuficiente,produto_uf,UF,GERGELIM,RN,produtividade_kg_ha
exponential_smoothing,,,,,2,historico_insuficiente,produto_uf,UF,GERGELIM,RN,produtividade_kg_ha
baseline_ingenuo,0.0,0.0,,,2,,produto_uf,UF,GERGELIM,RO,produtividade_kg_ha
regressao_linear,,,,,2,historico_insuficiente,produto_uf,UF,GERGELIM,RO,produtividade_kg_ha
random_forest,,,,,2,historico_insuficiente,produto_uf,UF,GERGELIM,RO,produtividade_kg_ha
xgboost,,,,,2,historico_insuficiente,produto_uf,UF,GERGELIM,RO,produtividade_kg_ha
exponential_smoothing,,,,,2,historico_insuficiente,produto_uf,UF,GERGELIM,RO,produtividade_kg_ha
baseline_ingenuo,0.0,0.0,,,2,,produto_uf,UF,GERGELIM,RR,produtividade_kg_ha
regressao_linear,,,,,2,historico_insuficiente,produto_uf,UF,GERGELIM,RR,produtividade_kg_ha
random_forest,,,,,2,historico_insuficiente,produto_uf,UF,GERGELIM,RR,produtividade_kg_ha
xgboost,,,,,2,historico_insuficiente,produto_uf,UF,GERGELIM,RR,produtividade_kg_ha
exponential_smoothing,,,,,2,historico_insuficiente,produto_uf,UF,GERGELIM,RR,produtividade_kg_ha
baseline_ingenuo,0.0,0.0,,,2,,produto_uf,UF,GERGELIM,RS,produtividade_kg_ha
regressao_linear,,,,,2,historico_insuficiente,produto_uf,UF,GERGELIM,RS,produtividade_kg_ha
random_forest,,,,,2,historico_insuficiente,produto_uf,UF,GERGELIM,RS,produtividade_kg_ha
xgboost,,,,,2,historico_insuficiente,produto_uf,UF,GERGELIM,RS,produtividade_kg_ha
exponential_smoothing,,,,,2,historico_insuficiente,produto_uf,UF,GERGELIM,RS,produtividade_kg_ha
baseline_ingenuo,0.0,0.0,,,2,,produto_uf,UF,GERGELIM,SC,produtividade_kg_ha
regressao_linear,,,,,2,historico_insuficiente,produto_uf,UF,GERGELIM,SC,produtividade_kg_ha
random_forest,,,,,2,historico_insuficiente,produto_uf,UF,GERGELIM,SC,produtividade_kg_ha
xgboost,,,,,2,historico_insuficiente,produto_uf,UF,GERGELIM,SC,produtividade_kg_ha
exponential_smoothing,,,,,2,historico_insuficiente,produto_uf,UF,GERGELIM,SC,produtividade_kg_ha
baseline_ingenuo,0.0,0.0,,,2,,produto_uf,UF,GERGELIM,SE,produtividade_kg_ha
regressao_linear,,,,,2,historico_insuficiente,produto_uf,UF,GERGELIM,SE,produtividade_kg_ha
random_forest,,,,,2,historico_insuficiente,produto_uf,UF,GERGELIM,SE,produtividade_kg_ha
xgboost,,,,,2,historico_insuficiente,produto_uf,UF,GERGELIM,SE,produtividade_kg_ha
exponential_smoothing,,,,,2,historico_insuficiente,produto_uf,UF,GERGELIM,SE,produtividade_kg_ha
baseline_ingenuo,0.0,0.0,,,2,,produto_uf,UF,GERGELIM,SP,produtividade_kg_ha
regressao_linear,,,,,2,historico_insuficiente,produto_uf,UF,GERGELIM,SP,produtividade_kg_ha
random_forest,,,,,2,historico_insuficiente,produto_uf,UF,GERGELIM,SP,produtividade_kg_ha
xgboost,,,,,2,historico_insuficiente,produto_uf,UF,GERGELIM,SP,produtividade_kg_ha
exponential_smoothing,,,,,2,historico_insuficiente,produto_uf,UF,GERGELIM,SP,produtividade_kg_ha
baseline_ingenuo,0.0,0.0,0.0,,2,,produto_uf,UF,GERGELIM,TO,produtividade_kg_ha
regressao_linear,,,,,2,historico_insuficiente,produto_uf,UF,GERGELIM,TO,produtividade_kg_ha
random_forest,,,,,2,historico_insuficiente,produto_uf,UF,GERGELIM,TO,produtividade_kg_ha
xgboost,,,,,2,historico_insuficiente,produto_uf,UF,GERGELIM,TO,produtividade_kg_ha
exponential_smoothing,,,,,2,historico_insuficiente,produto_uf,UF,GERGELIM,TO,produtividade_kg_ha
baseline_ingenuo,0.0,0.0,,,2,,produto_uf,UF,GIRASSOL,AC,produtividade_kg_ha
regressao_linear,,,,,2,historico_insuficiente,produto_uf,UF,GIRASSOL,AC,produtividade_kg_ha
random_forest,,,,,2,historico_insuficiente,produto_uf,UF,GIRASSOL,AC,produtividade_kg_ha
xgboost,,,,,2,historico_insuficiente,produto_uf,UF,GIRASSOL,AC,produtividade_kg_ha
exponential_smoothing,,,,,2,historico_insuficiente,produto_uf,UF,GIRASSOL,AC,produtividade_kg_ha
baseline_ingenuo,0.0,0.0,,,2,,produto_uf,UF,GIRASSOL,AL,produtividade_kg_ha
regressao_linear,,,,,2,historico_insuficiente,produto_uf,UF,GIRASSOL,AL,produtividade_kg_ha
random_forest,,,,,2,historico_insuficiente,produto_uf,UF,GIRASSOL,AL,produtividade_kg_ha
xgboost,,,,,2,historico_insuficiente,produto_uf,UF,GIRASSOL,AL,produtividade_kg_ha
exponential_smoothing,,,,,2,historico_insuficiente,produto_uf,UF,GIRASSOL,AL,produtividade_kg_ha
baseline_ingenuo,0.0,0.0,,,2,,produto_uf,UF,GIRASSOL,AM,produtividade_kg_ha
regressao_linear,,,,,2,historico_insuficiente,produto_uf,UF,GIRASSOL,AM,produtividade_kg_ha
random_forest,,,,,2,historico_insuficiente,produto_uf,UF,GIRASSOL,AM,produtividade_kg_ha
xgboost,,,,,2,historico_insuficiente,produto_uf,UF,GIRASSOL,AM,produtividade_kg_ha
exponential_smoothing,,,,,2,historico_insuficiente,produto_uf,UF,GIRASSOL,AM,produtividade_kg_ha
baseline_ingenuo,0.0,0.0,,,2,,produto_uf,UF,GIRASSOL,AP,produtividade_kg_ha
regressao_linear,,,,,2,historico_insuficiente,produto_uf,UF,GIRASSOL,AP,produtividade_kg_ha
random_forest,,,,,2,historico_insuficiente,produto_uf,UF,GIRASSOL,AP,produtividade_kg_ha
xgboost,,,,,2,historico_insuficiente,produto_uf,UF,GIRASSOL,AP,produtividade_kg_ha
exponential_smoothing,,,,,2,historico_insuficiente,produto_uf,UF,GIRASSOL,AP,produtividade_kg_ha
baseline_ingenuo,0.0,0.0,,,2,,produto_uf,UF,GIRASSOL,BA,produtividade_kg_ha
regressao_linear,,,,,2,historico_insuficiente,produto_uf,UF,GIRASSOL,BA,produtividade_kg_ha
random_forest,,,,,2,historico_insuficiente,produto_uf,UF,GIRASSOL,BA,produtividade_kg_ha
xgboost,,,,,2,historico_insuficiente,produto_uf,UF,GIRASSOL,BA,produtividade_kg_ha
exponential_smoothing,,,,,2,historico_insuficiente,produto_uf,UF,GIRASSOL,BA,produtividade_kg_ha
baseline_ingenuo,0.0,0.0,,,2,,produto_uf,UF,GIRASSOL,CE,produtividade_kg_ha
regressao_linear,,,,,2,historico_insuficiente,produto_uf,UF,GIRASSOL,CE,produtividade_kg_ha
random_forest,,,,,2,historico_insuficiente,produto_uf,UF,GIRASSOL,CE,produtividade_kg_ha
xgboost,,,,,2,historico_insuficiente,produto_uf,UF,GIRASSOL,CE,produtividade_kg_ha
exponential_smoothing,,,,,2,historico_insuficiente,produto_uf,UF,GIRASSOL,CE,produtividade_kg_ha
baseline_ingenuo,0.0,0.0,0.0,,2,,produto_uf,UF,GIRASSOL,DF,produtividade_kg_ha
regressao_linear,,,,,2,historico_insuficiente,produto_uf,UF,GIRASSOL,DF,produtividade_kg_ha
random_forest,,,,,2,historico_insuficiente,produto_uf,UF,GIRASSOL,DF,produtividade_kg_ha
xgboost,,,,,2,historico_insuficiente,produto_uf,UF,GIRASSOL,DF,produtividade_kg_ha
exponential_smoothing,,,,,2,historico_insuficiente,produto_uf,UF,GIRASSOL,DF,produtividade_kg_ha
baseline_ingenuo,0.0,0.0,,,2,,produto_uf,UF,GIRASSOL,ES,produtividade_kg_ha
regressao_linear,,,,,2,historico_insuficiente,produto_uf,UF,GIRASSOL,ES,produtividade_kg_ha
random_forest,,,,,2,historico_insuficiente,produto_uf,UF,GIRASSOL,ES,produtividade_kg_ha
xgboost,,,,,2,historico_insuficiente,produto_uf,UF,GIRASSOL,ES,produtividade_kg_ha
exponential_smoothing,,,,,2,historico_insuficiente,produto_uf,UF,GIRASSOL,ES,produtividade_kg_ha
baseline_ingenuo,40.0,40.0,2.599090318388564,,2,,produto_uf,UF,GIRASSOL,GO,produtividade_kg_ha
regressao_linear,,,,,2,historico_insuficiente,produto_uf,UF,GIRASSOL,GO,produtividade_kg_ha
random_forest,,,,,2,historico_insuficiente,produto_uf,UF,GIRASSOL,GO,produtividade_kg_ha
xgboost,,,,,2,historico_insuficiente,produto_uf,UF,GIRASSOL,GO,produtividade_kg_ha
exponential_smoothing,,,,,2,historico_insuficiente,produto_uf,UF,GIRASSOL,GO,produtividade_kg_ha
baseline_ingenuo,0.0,0.0,,,2,,produto_uf,UF,GIRASSOL,MA,produtividade_kg_ha
regressao_linear,,,,,2,historico_insuficiente,produto_uf,UF,GIRASSOL,MA,produtividade_kg_ha
random_forest,,,,,2,historico_insuficiente,produto_uf,UF,GIRASSOL,MA,produtividade_kg_ha
xgboost,,,,,2,historico_insuficiente,produto_uf,UF,GIRASSOL,MA,produtividade_kg_ha
exponential_smoothing,,,,,2,historico_insuficiente,produto_uf,UF,GIRASSOL,MA,produtividade_kg_ha
baseline_ingenuo,0.0,0.0,0.0,,2,,produto_uf,UF,GIRASSOL,MG,produtividade_kg_ha
regressao_linear,,,,,2,historico_insuficiente,produto_uf,UF,GIRASSOL,MG,produtividade_kg_ha
random_forest,,,,,2,historico_insuficiente,produto_uf,UF,GIRASSOL,MG,produtividade_kg_ha
xgboost,,,,,2,historico_insuficiente,produto_uf,UF,GIRASSOL,MG,produtividade_kg_ha
exponential_smoothing,,,,,2,historico_insuficiente,produto_uf,UF,GIRASSOL,MG,produtividade_kg_ha
baseline_ingenuo,0.0,0.0,0.0,,2,,produto_uf,UF,GIRASSOL,MS,produtividade_kg_ha
regressao_linear,,,,,2,historico_insuficiente,produto_uf,UF,GIRASSOL,MS,produtividade_kg_ha
random_forest,,,,,2,historico_insuficiente,produto_uf,UF,GIRASSOL,MS,produtividade_kg_ha
xgboost,,,,,2,historico_insuficiente,produto_uf,UF,GIRASSOL,MS,produtividade_kg_ha
exponential_smoothing,,,,,2,historico_insuficiente,produto_uf,UF,GIRASSOL,MS,produtividade_kg_ha
baseline_ingenuo,0.0,0.0,0.0,,2,,produto_uf,UF,GIRASSOL,MT,produtividade_kg_ha
regressao_linear,,,,,2,historico_insuficiente,produto_uf,UF,GIRASSOL,MT,produtividade_kg_ha
random_forest,,,,,2,historico_insuficiente,produto_uf,UF,GIRASSOL,MT,produtividade_kg_ha
xgboost,,,,,2,historico_insuficiente,produto_uf,UF,GIRASSOL,MT,produtividade_kg_ha
exponential_smoothing,,,,,2,historico_insuficiente,produto_uf,UF,GIRASSOL,MT,produtividade_kg_ha
baseline_ingenuo,0.0,0.0,,,2,,produto_uf,UF,GIRASSOL,PA,produtividade_kg_ha
regressao_linear,,,,,2,historico_insuficiente,produto_uf,UF,GIRASSOL,PA,produtividade_kg_ha
random_forest,,,,,2,historico_insuficiente,produto_uf,UF,GIRASSOL,PA,produtividade_kg_ha
xgboost,,,,,2,historico_insuficiente,produto_uf,UF,GIRASSOL,PA,produtividade_kg_ha
exponential_smoothing,,,,,2,historico_insuficiente,produto_uf,UF,GIRASSOL,PA,produtividade_kg_ha
baseline_ingenuo,0.0,0.0,,,2,,produto_uf,UF,GIRASSOL,PB,produtividade_kg_ha
regressao_linear,,,,,2,historico_insuficiente,produto_uf,UF,GIRASSOL,PB,produtividade_kg_ha
random_forest,,,,,2,historico_insuficiente,produto_uf,UF,GIRASSOL,PB,produtividade_kg_ha
xgboost,,,,,2,historico_insuficiente,produto_uf,UF,GIRASSOL,PB,produtividade_kg_ha
exponential_smoothing,,,,,2,historico_insuficiente,produto_uf,UF,GIRASSOL,PB,produtividade_kg_ha
baseline_ingenuo,0.0,0.0,,,2,,produto_uf,UF,GIRASSOL,PE,produtividade_kg_ha
regressao_linear,,,,,2,historico_insuficiente,produto_uf,UF,GIRASSOL,PE,produtividade_kg_ha
random_forest,,,,,2,historico_insuficiente,produto_uf,UF,GIRASSOL,PE,produtividade_kg_ha
xgboost,,,,,2,historico_insuficiente,produto_uf,UF,GIRASSOL,PE,produtividade_kg_ha
exponential_smoothing,,,,,2,historico_insuficiente,produto_uf,UF,GIRASSOL,PE,produtividade_kg_ha
baseline_ingenuo,0.0,0.0,,,2,,produto_uf,UF,GIRASSOL,PI,produtividade_kg_ha
regressao_linear,,,,,2,historico_insuficiente,produto_uf,UF,GIRASSOL,PI,produtividade_kg_ha
random_forest,,,,,2,historico_insuficiente,produto_uf,UF,GIRASSOL,PI,produtividade_kg_ha
xgboost,,,,,2,historico_insuficiente,produto_uf,UF,GIRASSOL,PI,produtividade_kg_ha
exponential_smoothing,,,,,2,historico_insuficiente,produto_uf,UF,GIRASSOL,PI,produtividade_kg_ha
baseline_ingenuo,0.0,0.0,,,2,,produto_uf,UF,GIRASSOL,PR,produtividade_kg_ha
regressao_linear,,,,,2,historico_insuficiente,produto_uf,UF,GIRASSOL,PR,produtividade_kg_ha
random_forest,,,,,2,historico_insuficiente,produto_uf,UF,GIRASSOL,PR,produtividade_kg_ha
xgboost,,,,,2,historico_insuficiente,produto_uf,UF,GIRASSOL,PR,produtividade_kg_ha
exponential_smoothing,,,,,2,historico_insuficiente,produto_uf,UF,GIRASSOL,PR,produtividade_kg_ha
baseline_ingenuo,0.0,0.0,,,2,,produto_uf,UF,GIRASSOL,RJ,produtividade_kg_ha
regressao_linear,,,,,2,historico_insuficiente,produto_uf,UF,GIRASSOL,RJ,produtividade_kg_ha
random_forest,,,,,2,historico_insuficiente,produto_uf,UF,GIRASSOL,RJ,produtividade_kg_ha
xgboost,,,,,2,historico_insuficiente,produto_uf,UF,GIRASSOL,RJ,produtividade_kg_ha
exponential_smoothing,,,,,2,historico_insuficiente,produto_uf,UF,GIRASSOL,RJ,produtividade_kg_ha
baseline_ingenuo,0.0,0.0,,,2,,produto_uf,UF,GIRASSOL,RN,produtividade_kg_ha
regressao_linear,,,,,2,historico_insuficiente,produto_uf,UF,GIRASSOL,RN,produtividade_kg_ha
random_forest,,,,,2,historico_insuficiente,produto_uf,UF,GIRASSOL,RN,produtividade_kg_ha
xgboost,,,,,2,historico_insuficiente,produto_uf,UF,GIRASSOL,RN,produtividade_kg_ha
exponential_smoothing,,,,,2,historico_insuficiente,produto_uf,UF,GIRASSOL,RN,produtividade_kg_ha
baseline_ingenuo,0.0,0.0,,,2,,produto_uf,UF,GIRASSOL,RO,produtividade_kg_ha
regressao_linear,,,,,2,historico_insuficiente,produto_uf,UF,GIRASSOL,RO,produtividade_kg_ha
random_forest,,,,,2,historico_insuficiente,produto_uf,UF,GIRASSOL,RO,produtividade_kg_ha
xgboost,,,,,2,historico_insuficiente,produto_uf,UF,GIRASSOL,RO,produtividade_kg_ha
exponential_smoothing,,,,,2,historico_insuficiente,produto_uf,UF,GIRASSOL,RO,produtividade_kg_ha
baseline_ingenuo,0.0,0.0,,,2,,produto_uf,UF,GIRASSOL,RR,produtividade_kg_ha
regressao_linear,,,,,2,historico_insuficiente,produto_uf,UF,GIRASSOL,RR,produtividade_kg_ha
random_forest,,,,,2,historico_insuficiente,produto_uf,UF,GIRASSOL,RR,produtividade_kg_ha
xgboost,,,,,2,historico_insuficiente,produto_uf,UF,GIRASSOL,RR,produtividade_kg_ha
exponential_smoothing,,,,,2,historico_insuficiente,produto_uf,UF,GIRASSOL,RR,produtividade_kg_ha
baseline_ingenuo,93.0,93.0,4.91283676703645,,2,,produto_uf,UF,GIRASSOL,RS,produtividade_kg_ha
regressao_linear,,,,,2,historico_insuficiente,produto_uf,UF,GIRASSOL,RS,produtividade_kg_ha
random_forest,,,,,2,historico_insuficiente,produto_uf,UF,GIRASSOL,RS,produtividade_kg_ha
xgboost,,,,,2,historico_insuficiente,produto_uf,UF,GIRASSOL,RS,produtividade_kg_ha
exponential_smoothing,,,,,2,historico_insuficiente,produto_uf,UF,GIRASSOL,RS,produtividade_kg_ha
baseline_ingenuo,0.0,0.0,,,2,,produto_uf,UF,GIRASSOL,SC,produtividade_kg_ha
regressao_linear,,,,,2,historico_insuficiente,produto_uf,UF,GIRASSOL,SC,produtividade_kg_ha
random_forest,,,,,2,historico_insuficiente,produto_uf,UF,GIRASSOL,SC,produtividade_kg_ha
xgboost,,,,,2,historico_insuficiente,produto_uf,UF,GIRASSOL,SC,produtividade_kg_ha
exponential_smoothing,,,,,2,historico_insuficiente,produto_uf,UF,GIRASSOL,SC,produtividade_kg_ha
baseline_ingenuo,0.0,0.0,,,2,,produto_uf,UF,GIRASSOL,SE,produtividade_kg_ha
regressao_linear,,,,,2,historico_insuficiente,produto_uf,UF,GIRASSOL,SE,produtividade_kg_ha
random_forest,,,,,2,historico_insuficiente,produto_uf,UF,GIRASSOL,SE,produtividade_kg_ha
xgboost,,,,,2,historico_insuficiente,produto_uf,UF,GIRASSOL,SE,produtividade_kg_ha
exponential_smoothing,,,,,2,historico_insuficiente,produto_uf,UF,GIRASSOL,SE,produtividade_kg_ha
baseline_ingenuo,0.0,0.0,,,2,,produto_uf,UF,GIRASSOL,SP,produtividade_kg_ha
regressao_linear,,,,,2,historico_insuficiente,produto_uf,UF,GIRASSOL,SP,produtividade_kg_ha
random_forest,,,,,2,historico_insuficiente,produto_uf,UF,GIRASSOL,SP,produtividade_kg_ha
xgboost,,,,,2,historico_insuficiente,produto_uf,UF,GIRASSOL,SP,produtividade_kg_ha
exponential_smoothing,,,,,2,historico_insuficiente,produto_uf,UF,GIRASSOL,SP,produtividade_kg_ha
baseline_ingenuo,0.0,0.0,,,2,,produto_uf,UF,GIRASSOL,TO,produtividade_kg_ha
regressao_linear,,,,,2,historico_insuficiente,produto_uf,UF,GIRASSOL,TO,produtividade_kg_ha
random_forest,,,,,2,historico_insuficiente,produto_uf,UF,GIRASSOL,TO,produtividade_kg_ha
xgboost,,,,,2,historico_insuficiente,produto_uf,UF,GIRASSOL,TO,produtividade_kg_ha
exponential_smoothing,,,,,2,historico_insuficiente,produto_uf,UF,GIRASSOL,TO,produtividade_kg_ha
baseline_ingenuo,0.0,0.0,,,2,,produto_uf,UF,MAMONA,AC,produtividade_kg_ha
regressao_linear,,,,,2,historico_insuficiente,produto_uf,UF,MAMONA,AC,produtividade_kg_ha
random_forest,,,,,2,historico_insuficiente,produto_uf,UF,MAMONA,AC,produtividade_kg_ha
xgboost,,,,,2,historico_insuficiente,produto_uf,UF,MAMONA,AC,produtividade_kg_ha
exponential_smoothing,,,,,2,historico_insuficiente,produto_uf,UF,MAMONA,AC,produtividade_kg_ha
baseline_ingenuo,0.0,0.0,,,2,,produto_uf,UF,MAMONA,AL,produtividade_kg_ha
regressao_linear,,,,,2,historico_insuficiente,produto_uf,UF,MAMONA,AL,produtividade_kg_ha
random_forest,,,,,2,historico_insuficiente,produto_uf,UF,MAMONA,AL,produtividade_kg_ha
xgboost,,,,,2,historico_insuficiente,produto_uf,UF,MAMONA,AL,produtividade_kg_ha
exponential_smoothing,,,,,2,historico_insuficiente,produto_uf,UF,MAMONA,AL,produtividade_kg_ha
baseline_ingenuo,0.0,0.0,,,2,,produto_uf,UF,MAMONA,AM,produtividade_kg_ha
regressao_linear,,,,,2,historico_insuficiente,produto_uf,UF,MAMONA,AM,produtividade_kg_ha
random_forest,,,,,2,historico_insuficiente,produto_uf,UF,MAMONA,AM,produtividade_kg_ha
xgboost,,,,,2,historico_insuficiente,produto_uf,UF,MAMONA,AM,produtividade_kg_ha
exponential_smoothing,,,,,2,historico_insuficiente,produto_uf,UF,MAMONA,AM,produtividade_kg_ha
baseline_ingenuo,0.0,0.0,,,2,,produto_uf,UF,MAMONA,AP,produtividade_kg_ha
regressao_linear,,,,,2,historico_insuficiente,produto_uf,UF,MAMONA,AP,produtividade_kg_ha
random_forest,,,,,2,historico_insuficiente,produto_uf,UF,MAMONA,AP,produtividade_kg_ha
xgboost,,,,,2,historico_insuficiente,produto_uf,UF,MAMONA,AP,produtividade_kg_ha
exponential_smoothing,,,,,2,historico_insuficiente,produto_uf,UF,MAMONA,AP,produtividade_kg_ha
baseline_ingenuo,499.0,499.0,25.748194014447883,,2,,produto_uf,UF,MAMONA,BA,produtividade_kg_ha
regressao_linear,,,,,2,historico_insuficiente,produto_uf,UF,MAMONA,BA,produtividade_kg_ha
random_forest,,,,,2,historico_insuficiente,produto_uf,UF,MAMONA,BA,produtividade_kg_ha
xgboost,,,,,2,historico_insuficiente,produto_uf,UF,MAMONA,BA,produtividade_kg_ha
exponential_smoothing,,,,,2,historico_insuficiente,produto_uf,UF,MAMONA,BA,produtividade_kg_ha
baseline_ingenuo,0.0,0.0,0.0,,2,,produto_uf,UF,MAMONA,CE,produtividade_kg_ha
regressao_linear,,,,,2,historico_insuficiente,produto_uf,UF,MAMONA,CE,produtividade_kg_ha
random_forest,,,,,2,historico_insuficiente,produto_uf,UF,MAMONA,CE,produtividade_kg_ha
xgboost,,,,,2,historico_insuficiente,produto_uf,UF,MAMONA,CE,produtividade_kg_ha
exponential_smoothing,,,,,2,historico_insuficiente,produto_uf,UF,MAMONA,CE,produtividade_kg_ha
baseline_ingenuo,0.0,0.0,,,2,,produto_uf,UF,MAMONA,DF,produtividade_kg_ha
regressao_linear,,,,,2,historico_insuficiente,produto_uf,UF,MAMONA,DF,produtividade_kg_ha
random_forest,,,,,2,historico_insuficiente,produto_uf,UF,MAMONA,DF,produtividade_kg_ha
xgboost,,,,,2,historico_insuficiente,produto_uf,UF,MAMONA,DF,produtividade_kg_ha
exponential_smoothing,,,,,2,historico_insuficiente,produto_uf,UF,MAMONA,DF,produtividade_kg_ha
baseline_ingenuo,0.0,0.0,,,2,,produto_uf,UF,MAMONA,ES,produtividade_kg_ha
regressao_linear,,,,,2,historico_insuficiente,produto_uf,UF,MAMONA,ES,produtividade_kg_ha
random_forest,,,,,2,historico_insuficiente,produto_uf,UF,MAMONA,ES,produtividade_kg_ha
xgboost,,,,,2,historico_insuficiente,produto_uf,UF,MAMONA,ES,produtividade_kg_ha
exponential_smoothing,,,,,2,historico_insuficiente,produto_uf,UF,MAMONA,ES,produtividade_kg_ha
baseline_ingenuo,0.0,0.0,,,2,,produto_uf,UF,MAMONA,GO,produtividade_kg_ha
regressao_linear,,,,,2,historico_insuficiente,produto_uf,UF,MAMONA,GO,produtividade_kg_ha
random_forest,,,,,2,historico_insuficiente,produto_uf,UF,MAMONA,GO,produtividade_kg_ha
xgboost,,,,,2,historico_insuficiente,produto_uf,UF,MAMONA,GO,produtividade_kg_ha
exponential_smoothing,,,,,2,historico_insuficiente,produto_uf,UF,MAMONA,GO,produtividade_kg_ha
regressao_linear,,,,,0,historico_insuficiente,produto_uf,UF,MAMONA,MA,produtividade_kg_ha
random_forest,,,,,0,historico_insuficiente,produto_uf,UF,MAMONA,MA,produtividade_kg_ha
xgboost,,,,,0,historico_insuficiente,produto_uf,UF,MAMONA,MA,produtividade_kg_ha
exponential_smoothing,,,,,0,historico_insuficiente,produto_uf,UF,MAMONA,MA,produtividade_kg_ha
baseline_ingenuo,0.0,0.0,,,2,,produto_uf,UF,MAMONA,MG,produtividade_kg_ha
regressao_linear,,,,,2,historico_insuficiente,produto_uf,UF,MAMONA,MG,produtividade_kg_ha
random_forest,,,,,2,historico_insuficiente,produto_uf,UF,MAMONA,MG,produtividade_kg_ha
xgboost,,,,,2,historico_insuficiente,produto_uf,UF,MAMONA,MG,produtividade_kg_ha
exponential_smoothing,,,,,2,historico_insuficiente,produto_uf,UF,MAMONA,MG,produtividade_kg_ha
baseline_ingenuo,0.0,0.0,,,2,,produto_uf,UF,MAMONA,MS,produtividade_kg_ha
regressao_linear,,,,,2,historico_insuficiente,produto_uf,UF,MAMONA,MS,produtividade_kg_ha
random_forest,,,,,2,historico_insuficiente,produto_uf,UF,MAMONA,MS,produtividade_kg_ha
xgboost,,,,,2,historico_insuficiente,produto_uf,UF,MAMONA,MS,produtividade_kg_ha
exponential_smoothing,,,,,2,historico_insuficiente,produto_uf,UF,MAMONA,MS,produtividade_kg_ha
baseline_ingenuo,0.0,0.0,,,2,,produto_uf,UF,MAMONA,MT,produtividade_kg_ha
regressao_linear,,,,,2,historico_insuficiente,produto_uf,UF,MAMONA,MT,produtividade_kg_ha
random_forest,,,,,2,historico_insuficiente,produto_uf,UF,MAMONA,MT,produtividade_kg_ha
xgboost,,,,,2,historico_insuficiente,produto_uf,UF,MAMONA,MT,produtividade_kg_ha
exponential_smoothing,,,,,2,historico_insuficiente,produto_uf,UF,MAMONA,MT,produtividade_kg_ha
baseline_ingenuo,0.0,0.0,,,2,,produto_uf,UF,MAMONA,PA,produtividade_kg_ha
regressao_linear,,,,,2,historico_insuficiente,produto_uf,UF,MAMONA,PA,produtividade_kg_ha
random_forest,,,,,2,historico_insuficiente,produto_uf,UF,MAMONA,PA,produtividade_kg_ha
xgboost,,,,,2,historico_insuficiente,produto_uf,UF,MAMONA,PA,produtividade_kg_ha
exponential_smoothing,,,,,2,historico_insuficiente,produto_uf,UF,MAMONA,PA,produtividade_kg_ha
baseline_ingenuo,0.0,0.0,,,2,,produto_uf,UF,MAMONA,PB,produtividade_kg_ha
regressao_linear,,,,,2,historico_insuficiente,produto_uf,UF,MAMONA,PB,produtividade_kg_ha
random_forest,,,,,2,historico_insuficiente,produto_uf,UF,MAMONA,PB,produtividade_kg_ha
xgboost,,,,,2,historico_insuficiente,produto_uf,UF,MAMONA,PB,produtividade_kg_ha
exponential_smoothing,,,,,2,historico_insuficiente,produto_uf,UF,MAMONA,PB,produtividade_kg_ha
baseline_ingenuo,0.0,0.0,,,2,,produto_uf,UF,MAMONA,PE,produtividade_kg_ha
regressao_linear,,,,,2,historico_insuficiente,produto_uf,UF,MAMONA,PE,produtividade_kg_ha
random_forest,,,,,2,historico_insuficiente,produto_uf,UF,MAMONA,PE,produtividade_kg_ha
xgboost,,,,,2,historico_insuficiente,produto_uf,UF,MAMONA,PE,produtividade_kg_ha
exponential_smoothing,,,,,2,historico_insuficiente,produto_uf,UF,MAMONA,PE,produtividade_kg_ha
regressao_linear,,,,,0,historico_insuficiente,produto_uf,UF,MAMONA,PI,produtividade_kg_ha
random_forest,,,,,0,historico_insuficiente,produto_uf,UF,MAMONA,PI,produtividade_kg_ha
xgboost,,,,,0,historico_insuficiente,produto_uf,UF,MAMONA,PI,produtividade_kg_ha
exponential_smoothing,,,,,0,historico_insuficiente,produto_uf,UF,MAMONA,PI,produtividade_kg_ha
baseline_ingenuo,0.0,0.0,,,2,,produto_uf,UF,MAMONA,PR,produtividade_kg_ha
regressao_linear,,,,,2,historico_insuficiente,produto_uf,UF,MAMONA,PR,produtividade_kg_ha
random_forest,,,,,2,historico_insuficiente,produto_uf,UF,MAMONA,PR,produtividade_kg_ha
xgboost,,,,,2,historico_insuficiente,produto_uf,UF,MAMONA,PR,produtividade_kg_ha
exponential_smoothing,,,,,2,historico_insuficiente,produto_uf,UF,MAMONA,PR,produtividade_kg_ha
baseline_ingenuo,0.0,0.0,,,2,,produto_uf,UF,MAMONA,RJ,produtividade_kg_ha
regressao_linear,,,,,2,historico_insuficiente,produto_uf,UF,MAMONA,RJ,produtividade_kg_ha
random_forest,,,,,2,historico_insuficiente,produto_uf,UF,MAMONA,RJ,produtividade_kg_ha
xgboost,,,,,2,historico_insuficiente,produto_uf,UF,MAMONA,RJ,produtividade_kg_ha
exponential_smoothing,,,,,2,historico_insuficiente,produto_uf,UF,MAMONA,RJ,produtividade_kg_ha
baseline_ingenuo,0.0,0.0,,,2,,produto_uf,UF,MAMONA,RN,produtividade_kg_ha
regressao_linear,,,,,2,historico_insuficiente,produto_uf,UF,MAMONA,RN,produtividade_kg_ha
random_forest,,,,,2,historico_insuficiente,produto_uf,UF,MAMONA,RN,produtividade_kg_ha
xgboost,,,,,2,historico_insuficiente,produto_uf,UF,MAMONA,RN,produtividade_kg_ha
exponential_smoothing,,,,,2,historico_insuficiente,produto_uf,UF,MAMONA,RN,produtividade_kg_ha
baseline_ingenuo,0.0,0.0,,,2,,produto_uf,UF,MAMONA,RO,produtividade_kg_ha
regressao_linear,,,,,2,historico_insuficiente,produto_uf,UF,MAMONA,RO,produtividade_kg_ha
random_forest,,,,,2,historico_insuficiente,produto_uf,UF,MAMONA,RO,produtividade_kg_ha
xgboost,,,,,2,historico_insuficiente,produto_uf,UF,MAMONA,RO,produtividade_kg_ha
exponential_smoothing,,,,,2,historico_insuficiente,produto_uf,UF,MAMONA,RO,produtividade_kg_ha
baseline_ingenuo,0.0,0.0,,,2,,produto_uf,UF,MAMONA,RR,produtividade_kg_ha
regressao_linear,,,,,2,historico_insuficiente,produto_uf,UF,MAMONA,RR,produtividade_kg_ha
random_forest,,,,,2,historico_insuficiente,produto_uf,UF,MAMONA,RR,produtividade_kg_ha
xgboost,,,,,2,historico_insuficiente,produto_uf,UF,MAMONA,RR,produtividade_kg_ha
exponential_smoothing,,,,,2,historico_insuficiente,produto_uf,UF,MAMONA,RR,produtividade_kg_ha
regressao_linear,,,,,0,historico_insuficiente,produto_uf,UF,MAMONA,RS,produtividade_kg_ha
random_forest,,,,,0,historico_insuficiente,produto_uf,UF,MAMONA,RS,produtividade_kg_ha
xgboost,,,,,0,historico_insuficiente,produto_uf,UF,MAMONA,RS,produtividade_kg_ha
exponential_smoothing,,,,,0,historico_insuficiente,produto_uf,UF,MAMONA,RS,produtividade_kg_ha
regressao_linear,,,,,0,historico_insuficiente,produto_uf,UF,MAMONA,SC,produtividade_kg_ha
random_forest,,,,,0,historico_insuficiente,produto_uf,UF,MAMONA,SC,produtividade_kg_ha
xgboost,,,,,0,historico_insuficiente,produto_uf,UF,MAMONA,SC,produtividade_kg_ha
exponential_smoothing,,,,,0,historico_insuficiente,produto_uf,UF,MAMONA,SC,produtividade_kg_ha
baseline_ingenuo,0.0,0.0,,,2,,produto_uf,UF,MAMONA,SE,produtividade_kg_ha
regressao_linear,,,,,2,historico_insuficiente,produto_uf,UF,MAMONA,SE,produtividade_kg_ha
random_forest,,,,,2,historico_insuficiente,produto_uf,UF,MAMONA,SE,produtividade_kg_ha
xgboost,,,,,2,historico_insuficiente,produto_uf,UF,MAMONA,SE,produtividade_kg_ha
exponential_smoothing,,,,,2,historico_insuficiente,produto_uf,UF,MAMONA,SE,produtividade_kg_ha
baseline_ingenuo,0.0,0.0,,,2,,produto_uf,UF,MAMONA,SP,produtividade_kg_ha
regressao_linear,,,,,2,historico_insuficiente,produto_uf,UF,MAMONA,SP,produtividade_kg_ha
random_forest,,,,,2,historico_insuficiente,produto_uf,UF,MAMONA,SP,produtividade_kg_ha
xgboost,,,,,2,historico_insuficiente,produto_uf,UF,MAMONA,SP,produtividade_kg_ha
exponential_smoothing,,,,,2,historico_insuficiente,produto_uf,UF,MAMONA,SP,produtividade_kg_ha
baseline_ingenuo,0.0,0.0,,,2,,produto_uf,UF,MAMONA,TO,produtividade_kg_ha
regressao_linear,,,,,2,historico_insuficiente,produto_uf,UF,MAMONA,TO,produtividade_kg_ha
random_forest,,,,,2,historico_insuficiente,produto_uf,UF,MAMONA,TO,produtividade_kg_ha
xgboost,,,,,2,historico_insuficiente,produto_uf,UF,MAMONA,TO,produtividade_kg_ha
exponential_smoothing,,,,,2,historico_insuficiente,produto_uf,UF,MAMONA,TO,produtividade_kg_ha
baseline_ingenuo,61.9719052001833,61.9719052001833,1.7866503345285358,,2,,produto_uf,UF,MILHO TOTAL,AC,produtividade_kg_ha
regressao_linear,,,,,2,historico_insuficiente,produto_uf,UF,MILHO TOTAL,AC,produtividade_kg_ha
random_forest,,,,,2,historico_insuficiente,produto_uf,UF,MILHO TOTAL,AC,produtividade_kg_ha
xgboost,,,,,2,historico_insuficiente,produto_uf,UF,MILHO TOTAL,AC,produtividade_kg_ha
exponential_smoothing,,,,,2,historico_insuficiente,produto_uf,UF,MILHO TOTAL,AC,produtividade_kg_ha
baseline_ingenuo,2110.0,2110.0,67.62820512820514,,2,,produto_uf,UF,MILHO TOTAL,AL,produtividade_kg_ha
regressao_linear,,,,,2,historico_insuficiente,produto_uf,UF,MILHO TOTAL,AL,produtividade_kg_ha
random_forest,,,,,2,historico_insuficiente,produto_uf,UF,MILHO TOTAL,AL,produtividade_kg_ha
xgboost,,,,,2,historico_insuficiente,produto_uf,UF,MILHO TOTAL,AL,produtividade_kg_ha
exponential_smoothing,,,,,2,historico_insuficiente,produto_uf,UF,MILHO TOTAL,AL,produtividade_kg_ha
baseline_ingenuo,36.0,36.0,1.183821111476488,,2,,produto_uf,UF,MILHO TOTAL,AM,produtividade_kg_ha
regressao_linear,,,,,2,historico_insuficiente,produto_uf,UF,MILHO TOTAL,AM,produtividade_kg_ha
random_forest,,,,,2,historico_insuficiente,produto_uf,UF,MILHO TOTAL,AM,produtividade_kg_ha
xgboost,,,,,2,historico_insuficiente,produto_uf,UF,MILHO TOTAL,AM,produtividade_kg_ha
exponential_smoothing,,,,,2,historico_insuficiente,produto_uf,UF,MILHO TOTAL,AM,produtividade_kg_ha
baseline_ingenuo,8.0,8.0,0.8188331627430911,,2,,produto_uf,UF,MILHO TOTAL,AP,produtividade_kg_ha
regressao_linear,,,,,2,historico_insuficiente,produto_uf,UF,MILHO TOTAL,AP,produtividade_kg_ha
random_forest,,,,,2,historico_insuficiente,produto_uf,UF,MILHO TOTAL,AP,produtividade_kg_ha
xgboost,,,,,2,historico_insuficiente,produto_uf,UF,MILHO TOTAL,AP,produtividade_kg_ha
exponential_smoothing,,,,,2,historico_insuficiente,produto_uf,UF,MILHO TOTAL,AP,produtividade_kg_ha
baseline_ingenuo,117.37360479319113,117.37360479319113,2.9745426461719324,,2,,produto_uf,UF,MILHO TOTAL,BA,produtividade_kg_ha
regressao_linear,,,,,2,historico_insuficiente,produto_uf,UF,MILHO TOTAL,BA,produtividade_kg_ha
random_forest,,,,,2,historico_insuficiente,produto_uf,UF,MILHO TOTAL,BA,produtividade_kg_ha
xgboost,,,,,2,historico_insuficiente,produto_uf,UF,MILHO TOTAL,BA,produtividade_kg_ha
exponential_smoothing,,,,,2,historico_insuficiente,produto_uf,UF,MILHO TOTAL,BA,produtividade_kg_ha
baseline_ingenuo,376.0,376.0,44.655581947743464,,2,,produto_uf,UF,MILHO TOTAL,CE,produtividade_kg_ha
regressao_linear,,,,,2,historico_insuficiente,produto_uf,UF,MILHO TOTAL,CE,produtividade_kg_ha
random_forest,,,,,2,historico_insuficiente,produto_uf,UF,MILHO TOTAL,CE,produtividade_kg_ha
xgboost,,,,,2,historico_insuficiente,produto_uf,UF,MILHO TOTAL,CE,produtividade_kg_ha
exponential_smoothing,,,,,2,historico_insuficiente,produto_uf,UF,MILHO TOTAL,CE,produtividade_kg_ha
baseline_ingenuo,210.04561864974858,210.04561864974858,2.9235793636559704,,2,,produto_uf,UF,MILHO TOTAL,DF,produtividade_kg_ha
regressao_linear,,,,,2,historico_insuficiente,produto_uf,UF,MILHO TOTAL,DF,produtividade_kg_ha
random_forest,,,,,2,historico_insuficiente,produto_uf,UF,MILHO TOTAL,DF,produtividade_kg_ha
xgboost,,,,,2,historico_insuficiente,produto_uf,UF,MILHO TOTAL,DF,produtividade_kg_ha
exponential_smoothing,,,,,2,historico_insuficiente,produto_uf,UF,MILHO TOTAL,DF,produtividade_kg_ha
baseline_ingenuo,218.18948521358152,218.18948521358152,6.211719906178883,,2,,produto_uf,UF,MILHO TOTAL,ES,produtividade_kg_ha
regressao_linear,,,,,2,historico_insuficiente,produto_uf,UF,MILHO TOTAL,ES,produtividade_kg_ha
random_forest,,,,,2,historico_insuficiente,produto_uf,UF,MILHO TOTAL,ES,produtividade_kg_ha
xgboost,,,,,2,historico_insuficiente,produto_uf,UF,MILHO TOTAL,ES,produtividade_kg_ha
exponential_smoothing,,,,,2,historico_insuficiente,produto_uf,UF,MILHO TOTAL,ES,produtividade_kg_ha
baseline_ingenuo,295.4042728640379,295.4042728640379,4.250649127891613,,2,,produto_uf,UF,MILHO TOTAL,GO,produtividade_kg_ha
regressao_linear,,,,,2,historico_insuficiente,produto_uf,UF,MILHO TOTAL,GO,produtividade_kg_ha
random_forest,,,,,2,historico_insuficiente,produto_uf,UF,MILHO TOTAL,GO,produtividade_kg_ha
xgboost,,,,,2,historico_insuficiente,produto_uf,UF,MILHO TOTAL,GO,produtividade_kg_ha
exponential_smoothing,,,,,2,historico_insuficiente,produto_uf,UF,MILHO TOTAL,GO,produtividade_kg_ha
baseline_ingenuo,626.1375629477207,626.1375629477207,12.304359445325012,,2,,produto_uf,UF,MILHO TOTAL,MA,produtividade_kg_ha
regressao_linear,,,,,2,historico_insuficiente,produto_uf,UF,MILHO TOTAL,MA,produtividade_kg_ha
random_forest,,,,,2,historico_insuficiente,produto_uf,UF,MILHO TOTAL,MA,produtividade_kg_ha
xgboost,,,,,2,historico_insuficiente,produto_uf,UF,MILHO TOTAL,MA,produtividade_kg_ha
exponential_smoothing,,,,,2,historico_insuficiente,produto_uf,UF,MILHO TOTAL,MA,produtividade_kg_ha
baseline_ingenuo,176.5412311445616,176.5412311445616,2.8207093903348373,,2,,produto_uf,UF,MILHO TOTAL,MG,produtividade_kg_ha
regressao_linear,,,,,2,historico_insuficiente,produto_uf,UF,MILHO TOTAL,MG,produtividade_kg_ha
random_forest,,,,,2,historico_insuficiente,produto_uf,UF,MILHO TOTAL,MG,produtividade_kg_ha
xgboost,,,,,2,historico_insuficiente,produto_uf,UF,MILHO TOTAL,MG,produtividade_kg_ha
exponential_smoothing,,,,,2,historico_insuficiente,produto_uf,UF,MILHO TOTAL,MG,produtividade_kg_ha
baseline_ingenuo,643.6694084876854,643.6694084876854,11.20093925408454,,2,,produto_uf,UF,MILHO TOTAL,MS,produtividade_kg_ha
regressao_linear,,,,,2,historico_insuficiente,produto_uf,UF,MILHO TOTAL,MS,produtividade_kg_ha
random_forest,,,,,2,historico_insuficiente,produto_uf,UF,MILHO TOTAL,MS,produtividade_kg_ha
xgboost,,,,,2,historico_insuficiente,produto_uf,UF,MILHO TOTAL,MS,produtividade_kg_ha
exponential_smoothing,,,,,2,historico_insuficiente,produto_uf,UF,MILHO TOTAL,MS,produtividade_kg_ha
baseline_ingenuo,454.86209287587917,454.86209287587917,6.347513030077908,,2,,produto_uf,UF,MILHO TOTAL,MT,produtividade_kg_ha
regressao_linear,,,,,2,historico_insuficiente,produto_uf,UF,MILHO TOTAL,MT,produtividade_kg_ha
random_forest,,,,,2,historico_insuficiente,produto_uf,UF,MILHO TOTAL,MT,produtividade_kg_ha
xgboost,,,,,2,historico_insuficiente,produto_uf,UF,MILHO TOTAL,MT,produtividade_kg_ha
exponential_smoothing,,,,,2,historico_insuficiente,produto_uf,UF,MILHO TOTAL,MT,produtividade_kg_ha
baseline_ingenuo,618.1146957191668,618.1146957191668,17.22567549068038,,2,,produto_uf,UF,MILHO TOTAL,PA,produtividade_kg_ha
regressao_linear,,,,,2,historico_insuficiente,produto_uf,UF,MILHO TOTAL,PA,produtividade_kg_ha
random_forest,,,,,2,historico_insuficiente,produto_uf,UF,MILHO TOTAL,PA,produtividade_kg_ha
xgboost,,,,,2,historico_insuficiente,produto_uf,UF,MILHO TOTAL,PA,produtividade_kg_ha
exponential_smoothing,,,,,2,historico_insuficiente,produto_uf,UF,MILHO TOTAL,PA,produtividade_kg_ha
baseline_ingenuo,196.0,196.0,30.387596899224807,,2,,produto_uf,UF,MILHO TOTAL,PB,produtividade_kg_ha
regressao_linear,,,,,2,historico_insuficiente,produto_uf,UF,MILHO TOTAL,PB,produtividade_kg_ha
random_forest,,,,,2,historico_insuficiente,produto_uf,UF,MILHO TOTAL,PB,produtividade_kg_ha
xgboost,,,,,2,historico_insuficiente,produto_uf,UF,MILHO TOTAL,PB,produtividade_kg_ha
exponential_smoothing,,,,,2,historico_insuficiente,produto_uf,UF,MILHO TOTAL,PB,produtividade_kg_ha
baseline_ingenuo,3.3009306452222518,3.3009306452222518,0.28609174246483743,,2,,produto_uf,UF,MILHO TOTAL,PE,produtividade_kg_ha
regressao_linear,,,,,2,historico_insuficiente,produto_uf,UF,MILHO TOTAL,PE,produtividade_kg_ha
random_forest,,,,,2,historico_insuficiente,produto_uf,UF,MILHO TOTAL,PE,produtividade_kg_ha
xgboost,,,,,2,historico_insuficiente,produto_uf,UF,MILHO TOTAL,PE,produtividade_kg_ha
exponential_smoothing,,,,,2,historico_insuficiente,produto_uf,UF,MILHO TOTAL,PE,produtividade_kg_ha
baseline_ingenuo,114.55458640516781,114.55458640516781,2.720689126561621,,2,,produto_uf,UF,MILHO TOTAL,PI,produtividade_kg_ha
regressao_linear,,,,,2,historico_insuficiente,produto_uf,UF,MILHO TOTAL,PI,produtividade_kg_ha
random_forest,,,,,2,historico_insuficiente,produto_uf,UF,MILHO TOTAL,PI,produtividade_kg_ha
xgboost,,,,,2,historico_insuficiente,produto_uf,UF,MILHO TOTAL,PI,produtividade_kg_ha
exponential_smoothing,,,,,2,historico_insuficiente,produto_uf,UF,MILHO TOTAL,PI,produtividade_kg_ha
baseline_ingenuo,196.50168717216184,196.50168717216184,3.0681517297861776,,2,,produto_uf,UF,MILHO TOTAL,PR,produtividade_kg_ha
regressao_linear,,,,,2,historico_insuficiente,produto_uf,UF,MILHO TOTAL,PR,produtividade_kg_ha
random_forest,,,,,2,historico_insuficiente,produto_uf,UF,MILHO TOTAL,PR,produtividade_kg_ha
xgboost,,,,,2,historico_insuficiente,produto_uf,UF,MILHO TOTAL,PR,produtividade_kg_ha
exponential_smoothing,,,,,2,historico_insuficiente,produto_uf,UF,MILHO TOTAL,PR,produtividade_kg_ha
baseline_ingenuo,85.0,85.0,1.7932489451476792,,2,,produto_uf,UF,MILHO TOTAL,RJ,produtividade_kg_ha
regressao_linear,,,,,2,historico_insuficiente,produto_uf,UF,MILHO TOTAL,RJ,produtividade_kg_ha
random_forest,,,,,2,historico_insuficiente,produto_uf,UF,MILHO TOTAL,RJ,produtividade_kg_ha
xgboost,,,,,2,historico_insuficiente,produto_uf,UF,MILHO TOTAL,RJ,produtividade_kg_ha
exponential_smoothing,,,,,2,historico_insuficiente,produto_uf,UF,MILHO TOTAL,RJ,produtividade_kg_ha
baseline_ingenuo,202.0,202.0,38.623326959847034,,2,,produto_uf,UF,MILHO TOTAL,RN,produtividade_kg_ha
regressao_linear,,,,,2,historico_insuficiente,produto_uf,UF,MILHO TOTAL,RN,produtividade_kg_ha
random_forest,,,,,2,historico_insuficiente,produto_uf,UF,MILHO TOTAL,RN,produtividade_kg_ha
xgboost,,,,,2,historico_insuficiente,produto_uf,UF,MILHO TOTAL,RN,produtividade_kg_ha
exponential_smoothing,,,,,2,historico_insuficiente,produto_uf,UF,MILHO TOTAL,RN,produtividade_kg_ha
baseline_ingenuo,3.1369230809741566,3.1369230809741566,0.05952063685210716,,2,,produto_uf,UF,MILHO TOTAL,RO,produtividade_kg_ha
regressao_linear,,,,,2,historico_insuficiente,produto_uf,UF,MILHO TOTAL,RO,produtividade_kg_ha
random_forest,,,,,2,historico_insuficiente,produto_uf,UF,MILHO TOTAL,RO,produtividade_kg_ha
xgboost,,,,,2,historico_insuficiente,produto_uf,UF,MILHO TOTAL,RO,produtividade_kg_ha
exponential_smoothing,,,,,2,historico_insuficiente,produto_uf,UF,MILHO TOTAL,RO,produtividade_kg_ha
baseline_ingenuo,0.0,0.0,0.0,,2,,produto_uf,UF,MILHO TOTAL,RR,produtividade_kg_ha
regressao_linear,,,,,2,historico_insuficiente,produto_uf,UF,MILHO TOTAL,RR,produtividade_kg_ha
random_forest,,,,,2,historico_insuficiente,produto_uf,UF,MILHO TOTAL,RR,produtividade_kg_ha
xgboost,,,,,2,historico_insuficiente,produto_uf,UF,MILHO TOTAL,RR,produtividade_kg_ha
exponential_smoothing,,,,,2,historico_insuficiente,produto_uf,UF,MILHO TOTAL,RR,produtividade_kg_ha
baseline_ingenuo,948.9999999999991,948.9999999999991,14.2900165637705,,2,,produto_uf,UF,MILHO TOTAL,RS,produtividade_kg_ha
regressao_linear,,,,,2,historico_insuficiente,produto_uf,UF,MILHO TOTAL,RS,produtividade_kg_ha
random_forest,,,,,2,historico_insuficiente,produto_uf,UF,MILHO TOTAL,RS,produtividade_kg_ha
xgboost,,,,,2,historico_insuficiente,produto_uf,UF,MILHO TOTAL,RS,produtividade_kg_ha
exponential_smoothing,,,,,2,historico_insuficiente,produto_uf,UF,MILHO TOTAL,RS,produtividade_kg_ha
baseline_ingenuo,740.0,740.0,7.3558648111332,,2,,produto_uf,UF,MILHO TOTAL,SC,produtividade_kg_ha
regressao_linear,,,,,2,historico_insuficiente,produto_uf,UF,MILHO TOTAL,SC,produtividade_kg_ha
random_forest,,,,,2,historico_insuficiente,produto_uf,UF,MILHO TOTAL,SC,produtividade_kg_ha
xgboost,,,,,2,historico_insuficiente,produto_uf,UF,MILHO TOTAL,SC,produtividade_kg_ha
exponential_smoothing,,,,,2,historico_insuficiente,produto_uf,UF,MILHO TOTAL,SC,produtividade_kg_ha
baseline_ingenuo,811.0,811.0,13.61195031889896,,2,,produto_uf,UF,MILHO TOTAL,SE,produtividade_kg_ha
regressao_linear,,,,,2,historico_insuficiente,produto_uf,UF,MILHO TOTAL,SE,produtividade_kg_ha
random_forest,,,,,2,historico_insuficiente,produto_uf,UF,MILHO TOTAL,SE,produtividade_kg_ha
xgboost,,,,,2,historico_insuficiente,produto_uf,UF,MILHO TOTAL,SE,produtividade_kg_ha
exponential_smoothing,,,,,2,historico_insuficiente,produto_uf,UF,MILHO TOTAL,SE,produtividade_kg_ha
baseline_ingenuo,192.15929551920726,192.15929551920726,3.3624149644013195,,2,,produto_uf,UF,MILHO TOTAL,SP,produtividade_kg_ha
regressao_linear,,,,,2,historico_insuficiente,produto_uf,UF,MILHO TOTAL,SP,produtividade_kg_ha
random_forest,,,,,2,historico_insuficiente,produto_uf,UF,MILHO TOTAL,SP,produtividade_kg_ha
xgboost,,,,,2,historico_insuficiente,produto_uf,UF,MILHO TOTAL,SP,produtividade_kg_ha
exponential_smoothing,,,,,2,historico_insuficiente,produto_uf,UF,MILHO TOTAL,SP,produtividade_kg_ha
baseline_ingenuo,248.1828303336424,248.1828303336424,4.6115760879165,,2,,produto_uf,UF,MILHO TOTAL,TO,produtividade_kg_ha
regressao_linear,,,,,2,historico_insuficiente,produto_uf,UF,MILHO TOTAL,TO,produtividade_kg_ha
random_forest,,,,,2,historico_insuficiente,produto_uf,UF,MILHO TOTAL,TO,produtividade_kg_ha
xgboost,,,,,2,historico_insuficiente,produto_uf,UF,MILHO TOTAL,TO,produtividade_kg_ha
exponential_smoothing,,,,,2,historico_insuficiente,produto_uf,UF,MILHO TOTAL,TO,produtividade_kg_ha
baseline_ingenuo,321.0,321.0,8.492063492063492,,2,,produto_uf,UF,SOJA,AC,produtividade_kg_ha
regressao_linear,,,,,2,historico_insuficiente,produto_uf,UF,SOJA,AC,produtividade_kg_ha
random_forest,,,,,2,historico_insuficiente,produto_uf,UF,SOJA,AC,produtividade_kg_ha
xgboost,,,,,2,historico_insuficiente,produto_uf,UF,SOJA,AC,produtividade_kg_ha
exponential_smoothing,,,,,2,historico_insuficiente,produto_uf,UF,SOJA,AC,produtividade_kg_ha
baseline_ingenuo,180.0,180.0,5.263157894736842,,2,,produto_uf,UF,SOJA,AL,produtividade_kg_ha
regressao_linear,,,,,2,historico_insuficiente,produto_uf,UF,SOJA,AL,produtividade_kg_ha
random_forest,,,,,2,historico_insuficiente,produto_uf,UF,SOJA,AL,produtividade_kg_ha
xgboost,,,,,2,historico_insuficiente,produto_uf,UF,SOJA,AL,produtividade_kg_ha
exponential_smoothing,,,,,2,historico_insuficiente,produto_uf,UF,SOJA,AL,produtividade_kg_ha
baseline_ingenuo,270.0,270.0,8.823529411764707,,2,,produto_uf,UF,SOJA,AM,produtividade_kg_ha
regressao_linear,,,,,2,historico_insuficiente,produto_uf,UF,SOJA,AM,produtividade_kg_ha
random_forest,,,,,2,historico_insuficiente,produto_uf,UF,SOJA,AM,produtividade_kg_ha
xgboost,,,,,2,historico_insuficiente,produto_uf,UF,SOJA,AM,produtividade_kg_ha
exponential_smoothing,,,,,2,historico_insuficiente,produto_uf,UF,SOJA,AM,produtividade_kg_ha
baseline_ingenuo,32.0,32.0,1.2075471698113207,,2,,produto_uf,UF,SOJA,AP,produtividade_kg_ha
regressao_linear,,,,,2,historico_insuficiente,produto_uf,UF,SOJA,AP,produtividade_kg_ha
random_forest,,,,,2,historico_insuficiente,produto_uf,UF,SOJA,AP,produtividade_kg_ha
xgboost,,,,,2,historico_insuficiente,produto_uf,UF,SOJA,AP,produtividade_kg_ha
exponential_smoothing,,,,,2,historico_insuficiente,produto_uf,UF,SOJA,AP,produtividade_kg_ha
baseline_ingenuo,185.0,185.0,4.675259034622189,,2,,produto_uf,UF,SOJA,BA,produtividade_kg_ha
regressao_linear,,,,,2,historico_insuficiente,produto_uf,UF,SOJA,BA,produtividade_kg_ha
random_forest,,,,,2,historico_insuficiente,produto_uf,UF,SOJA,BA,produtividade_kg_ha
xgboost,,,,,2,historico_insuficiente,produto_uf,UF,SOJA,BA,produtividade_kg_ha
exponential_smoothing,,,,,2,historico_insuficiente,produto_uf,UF,SOJA,BA,produtividade_kg_ha
baseline_ingenuo,28.0,28.0,0.7524858908895459,,2,,produto_uf,UF,SOJA,CE,produtividade_kg_ha
regressao_linear,,,,,2,historico_insuficiente,produto_uf,UF,SOJA,CE,produtividade_kg_ha
random_forest,,,,,2,historico_insuficiente,produto_uf,UF,SOJA,CE,produtividade_kg_ha
xgboost,,,,,2,historico_insuficiente,produto_uf,UF,SOJA,CE,produtividade_kg_ha
exponential_smoothing,,,,,2,historico_insuficiente,produto_uf,UF,SOJA,CE,produtividade_kg_ha
baseline_ingenuo,123.0,123.0,3.106060606060606,,2,,produto_uf,UF,SOJA,DF,produtividade_kg_ha
regressao_linear,,,,,2,historico_insuficiente,produto_uf,UF,SOJA,DF,produtividade_kg_ha
random_forest,,,,,2,historico_insuficiente,produto_uf,UF,SOJA,DF,produtividade_kg_ha
xgboost,,,,,2,historico_insuficiente,produto_uf,UF,SOJA,DF,produtividade_kg_ha
exponential_smoothing,,,,,2,historico_insuficiente,produto_uf,UF,SOJA,DF,produtividade_kg_ha
regressao_linear,,,,,1,historico_insuficiente,produto_uf,UF,SOJA,ES,produtividade_kg_ha
random_forest,,,,,1,historico_insuficiente,produto_uf,UF,SOJA,ES,produtividade_kg_ha
xgboost,,,,,1,historico_insuficiente,produto_uf,UF,SOJA,ES,produtividade_kg_ha
exponential_smoothing,,,,,1,historico_insuficiente,produto_uf,UF,SOJA,ES,produtividade_kg_ha
baseline_ingenuo,325.0,325.0,8.42405391394505,,2,,produto_uf,UF,SOJA,GO,produtividade_kg_ha
regressao_linear,,,,,2,historico_insuficiente,produto_uf,UF,SOJA,GO,produtividade_kg_ha
random_forest,,,,,2,historico_insuficiente,produto_uf,UF,SOJA,GO,produtividade_kg_ha
xgboost,,,,,2,historico_insuficiente,produto_uf,UF,SOJA,GO,produtividade_kg_ha
exponential_smoothing,,,,,2,historico_insuficiente,produto_uf,UF,SOJA,GO,produtividade_kg_ha
baseline_ingenuo,49.0,49.0,1.4277389277389279,,2,,produto_uf,UF,SOJA,MA,produtividade_kg_ha
regressao_linear,,,,,2,historico_insuficiente,produto_uf,UF,SOJA,MA,produtividade_kg_ha
random_forest,,,,,2,historico_insuficiente,produto_uf,UF,SOJA,MA,produtividade_kg_ha
xgboost,,,,,2,historico_insuficiente,produto_uf,UF,SOJA,MA,produtividade_kg_ha
exponential_smoothing,,,,,2,historico_insuficiente,produto_uf,UF,SOJA,MA,produtividade_kg_ha
baseline_ingenuo,131.0,131.0,3.41679707876891,,2,,produto_uf,UF,SOJA,MG,produtividade_kg_ha
regressao_linear,,,,,2,historico_insuficiente,produto_uf,UF,SOJA,MG,produtividade_kg_ha
random_forest,,,,,2,historico_insuficiente,produto_uf,UF,SOJA,MG,produtividade_kg_ha
xgboost,,,,,2,historico_insuficiente,produto_uf,UF,SOJA,MG,produtividade_kg_ha
exponential_smoothing,,,,,2,historico_insuficiente,produto_uf,UF,SOJA,MG,produtividade_kg_ha
baseline_ingenuo,261.0,261.0,7.249999999999999,,2,,produto_uf,UF,SOJA,MS,produtividade_kg_ha
regressao_linear,,,,,2,historico_insuficiente,produto_uf,UF,SOJA,MS,produtividade_kg_ha
random_forest,,,,,2,historico_insuficiente,produto_uf,UF,SOJA,MS,produtividade_kg_ha
xgboost,,,,,2,historico_insuficiente,produto_uf,UF,SOJA,MS,produtividade_kg_ha
exponential_smoothing,,,,,2,historico_insuficiente,produto_uf,UF,SOJA,MS,produtividade_kg_ha
baseline_ingenuo,195.0,195.0,5.087398904252543,,2,,produto_uf,UF,SOJA,MT,produtividade_kg_ha
regressao_linear,,,,,2,historico_insuficiente,produto_uf,UF,SOJA,MT,produtividade_kg_ha
random_forest,,,,,2,historico_insuficiente,produto_uf,UF,SOJA,MT,produtividade_kg_ha
xgboost,,,,,2,historico_insuficiente,produto_uf,UF,SOJA,MT,produtividade_kg_ha
exponential_smoothing,,,,,2,historico_insuficiente,produto_uf,UF,SOJA,MT,produtividade_kg_ha
baseline_ingenuo,3.0,3.0,0.08401008120974517,,2,,produto_uf,UF,SOJA,PA,produtividade_kg_ha
regressao_linear,,,,,2,historico_insuficiente,produto_uf,UF,SOJA,PA,produtividade_kg_ha
random_forest,,,,,2,historico_insuficiente,produto_uf,UF,SOJA,PA,produtividade_kg_ha
xgboost,,,,,2,historico_insuficiente,produto_uf,UF,SOJA,PA,produtividade_kg_ha
exponential_smoothing,,,,,2,historico_insuficiente,produto_uf,UF,SOJA,PA,produtividade_kg_ha
regressao_linear,,,,,1,historico_insuficiente,produto_uf,UF,SOJA,PB,produtividade_kg_ha
random_forest,,,,,1,historico_insuficiente,produto_uf,UF,SOJA,PB,produtividade_kg_ha
xgboost,,,,,1,historico_insuficiente,produto_uf,UF,SOJA,PB,produtividade_kg_ha
exponential_smoothing,,,,,1,historico_insuficiente,produto_uf,UF,SOJA,PB,produtividade_kg_ha
baseline_ingenuo,0.0,0.0,0.0,,2,,produto_uf,UF,SOJA,PE,produtividade_kg_ha
regressao_linear,,,,,2,historico_insuficiente,produto_uf,UF,SOJA,PE,produtividade_kg_ha
random_forest,,,,,2,historico_insuficiente,produto_uf,UF,SOJA,PE,produtividade_kg_ha
xgboost,,,,,2,historico_insuficiente,produto_uf,UF,SOJA,PE,produtividade_kg_ha
exponential_smoothing,,,,,2,historico_insuficiente,produto_uf,UF,SOJA,PE,produtividade_kg_ha
baseline_ingenuo,113.0,113.0,3.1795160382667413,,2,,produto_uf,UF,SOJA,PI,produtividade_kg_ha
regressao_linear,,,,,2,historico_insuficiente,produto_uf,UF,SOJA,PI,produtividade_kg_ha
random_forest,,,,,2,historico_insuficiente,produto_uf,UF,SOJA,PI,produtividade_kg_ha
xgboost,,,,,2,historico_insuficiente,produto_uf,UF,SOJA,PI,produtividade_kg_ha
exponential_smoothing,,,,,2,historico_insuficiente,produto_uf,UF,SOJA,PI,produtividade_kg_ha
baseline_ingenuo,44.0,44.0,1.1630980703145652,,2,,produto_uf,UF,SOJA,PR,produtividade_kg_ha
regressao_linear,,,,,2,historico_insuficiente,produto_uf,UF,SOJA,PR,produtividade_kg_ha
random_forest,,,,,2,historico_insuficiente,produto_uf,UF,SOJA,PR,produtividade_kg_ha
xgboost,,,,,2,historico_insuficiente,produto_uf,UF,SOJA,PR,produtividade_kg_ha
exponential_smoothing,,,,,2,historico_insuficiente,produto_uf,UF,SOJA,PR,produtividade_kg_ha
regressao_linear,,,,,1,historico_insuficiente,produto_uf,UF,SOJA,RJ,produtividade_kg_ha
random_forest,,,,,1,historico_insuficiente,produto_uf,UF,SOJA,RJ,produtividade_kg_ha
xgboost,,,,,1,historico_insuficiente,produto_uf,UF,SOJA,RJ,produtividade_kg_ha
exponential_smoothing,,,,,1,historico_insuficiente,produto_uf,UF,SOJA,RJ,produtividade_kg_ha
regressao_linear,,,,,1,historico_insuficiente,produto_uf,UF,SOJA,RN,produtividade_kg_ha
random_forest,,,,,1,historico_insuficiente,produto_uf,UF,SOJA,RN,produtividade_kg_ha
xgboost,,,,,1,historico_insuficiente,produto_uf,UF,SOJA,RN,produtividade_kg_ha
exponential_smoothing,,,,,1,historico_insuficiente,produto_uf,UF,SOJA,RN,produtividade_kg_ha
baseline_ingenuo,51.0,51.0,1.360725720384205,,2,,produto_uf,UF,SOJA,RO,produtividade_kg_ha
regressao_linear,,,,,2,historico_insuficiente,produto_uf,UF,SOJA,RO,produtividade_kg_ha
random_forest,,,,,2,historico_insuficiente,produto_uf,UF,SOJA,RO,produtividade_kg_ha
xgboost,,,,,2,historico_insuficiente,produto_uf,UF,SOJA,RO,produtividade_kg_ha
exponential_smoothing,,,,,2,historico_insuficiente,produto_uf,UF,SOJA,RO,produtividade_kg_ha
baseline_ingenuo,155.0,155.0,4.704097116843703,,2,,produto_uf,UF,SOJA,RR,produtividade_kg_ha
regressao_linear,,,,,2,historico_insuficiente,produto_uf,UF,SOJA,RR,produtividade_kg_ha
random_forest,,,,,2,historico_insuficiente,produto_uf,UF,SOJA,RR,produtividade_kg_ha
xgboost,,,,,2,historico_insuficiente,produto_uf,UF,SOJA,RR,produtividade_kg_ha
exponential_smoothing,,,,,2,historico_insuficiente,produto_uf,UF,SOJA,RR,produtividade_kg_ha
baseline_ingenuo,787.0,787.0,25.151805688718444,,2,,produto_uf,UF,SOJA,RS,produtividade_kg_ha
regressao_linear,,,,,2,historico_insuficiente,produto_uf,UF,SOJA,RS,produtividade_kg_ha
random_forest,,,,,2,historico_insuficiente,produto_uf,UF,SOJA,RS,produtividade_kg_ha
xgboost,,,,,2,historico_insuficiente,produto_uf,UF,SOJA,RS,produtividade_kg_ha
exponential_smoothing,,,,,2,historico_insuficiente,produto_uf,UF,SOJA,RS,produtividade_kg_ha
baseline_ingenuo,133.0,133.0,3.5000000000000004,,2,,produto_uf,UF,SOJA,SC,produtividade_kg_ha
regressao_linear,,,,,2,historico_insuficiente,produto_uf,UF,SOJA,SC,produtividade_kg_ha
random_forest,,,,,2,historico_insuficiente,produto_uf,UF,SOJA,SC,produtividade_kg_ha
xgboost,,,,,2,historico_insuficiente,produto_uf,UF,SOJA,SC,produtividade_kg_ha
exponential_smoothing,,,,,2,historico_insuficiente,produto_uf,UF,SOJA,SC,produtividade_kg_ha
regressao_linear,,,,,1,historico_insuficiente,produto_uf,UF,SOJA,SE,produtividade_kg_ha
random_forest,,,,,1,historico_insuficiente,produto_uf,UF,SOJA,SE,produtividade_kg_ha
xgboost,,,,,1,historico_insuficiente,produto_uf,UF,SOJA,SE,produtividade_kg_ha
exponential_smoothing,,,,,1,historico_insuficiente,produto_uf,UF,SOJA,SE,produtividade_kg_ha
baseline_ingenuo,113.0,113.0,2.9894179894179893,,2,,produto_uf,UF,SOJA,SP,produtividade_kg_ha
regressao_linear,,,,,2,historico_insuficiente,produto_uf,UF,SOJA,SP,produtividade_kg_ha
random_forest,,,,,2,historico_insuficiente,produto_uf,UF,SOJA,SP,produtividade_kg_ha
xgboost,,,,,2,historico_insuficiente,produto_uf,UF,SOJA,SP,produtividade_kg_ha
exponential_smoothing,,,,,2,historico_insuficiente,produto_uf,UF,SOJA,SP,produtividade_kg_ha
baseline_ingenuo,158.0,158.0,4.41340782122905,,2,,produto_uf,UF,SOJA,TO,produtividade_kg_ha
regressao_linear,,,,,2,historico_insuficiente,produto_uf,UF,SOJA,TO,produtividade_kg_ha
random_forest,,,,,2,historico_insuficiente,produto_uf,UF,SOJA,TO,produtividade_kg_ha
xgboost,,,,,2,historico_insuficiente,produto_uf,UF,SOJA,TO,produtividade_kg_ha
exponential_smoothing,,,,,2,historico_insuficiente,produto_uf,UF,SOJA,TO,produtividade_kg_ha
regressao_linear,,,,,0,historico_insuficiente,produto_uf,UF,SORGO,AC,produtividade_kg_ha
random_forest,,,,,0,historico_insuficiente,produto_uf,UF,SORGO,AC,produtividade_kg_ha
xgboost,,,,,0,historico_insuficiente,produto_uf,UF,SORGO,AC,produtividade_kg_ha
exponential_smoothing,,,,,0,historico_insuficiente,produto_uf,UF,SORGO,AC,produtividade_kg_ha
baseline_ingenuo,0.0,0.0,,,2,,produto_uf,UF,SORGO,AL,produtividade_kg_ha
regressao_linear,,,,,2,historico_insuficiente,produto_uf,UF,SORGO,AL,produtividade_kg_ha
random_forest,,,,,2,historico_insuficiente,produto_uf,UF,SORGO,AL,produtividade_kg_ha
xgboost,,,,,2,historico_insuficiente,produto_uf,UF,SORGO,AL,produtividade_kg_ha
exponential_smoothing,,,,,2,historico_insuficiente,produto_uf,UF,SORGO,AL,produtividade_kg_ha
regressao_linear,,,,,0,historico_insuficiente,produto_uf,UF,SORGO,AM,produtividade_kg_ha
random_forest,,,,,0,historico_insuficiente,produto_uf,UF,SORGO,AM,produtividade_kg_ha
xgboost,,,,,0,historico_insuficiente,produto_uf,UF,SORGO,AM,produtividade_kg_ha
exponential_smoothing,,,,,0,historico_insuficiente,produto_uf,UF,SORGO,AM,produtividade_kg_ha
regressao_linear,,,,,0,historico_insuficiente,produto_uf,UF,SORGO,AP,produtividade_kg_ha
random_forest,,,,,0,historico_insuficiente,produto_uf,UF,SORGO,AP,produtividade_kg_ha
xgboost,,,,,0,historico_insuficiente,produto_uf,UF,SORGO,AP,produtividade_kg_ha
exponential_smoothing,,,,,0,historico_insuficiente,produto_uf,UF,SORGO,AP,produtividade_kg_ha
baseline_ingenuo,0.0,0.0,0.0,,2,,produto_uf,UF,SORGO,BA,produtividade_kg_ha
regressao_linear,,,,,2,historico_insuficiente,produto_uf,UF,SORGO,BA,produtividade_kg_ha
random_forest,,,,,2,historico_insuficiente,produto_uf,UF,SORGO,BA,produtividade_kg_ha
xgboost,,,,,2,historico_insuficiente,produto_uf,UF,SORGO,BA,produtividade_kg_ha
exponential_smoothing,,,,,2,historico_insuficiente,produto_uf,UF,SORGO,BA,produtividade_kg_ha
regressao_linear,,,,,0,historico_insuficiente,produto_uf,UF,SORGO,CE,produtividade_kg_ha
random_forest,,,,,0,historico_insuficiente,produto_uf,UF,SORGO,CE,produtividade_kg_ha
xgboost,,,,,0,historico_insuficiente,produto_uf,UF,SORGO,CE,produtividade_kg_ha
exponential_smoothing,,,,,0,historico_insuficiente,produto_uf,UF,SORGO,CE,produtividade_kg_ha
baseline_ingenuo,954.0,954.0,20.358514724711906,,2,,produto_uf,UF,SORGO,DF,produtividade_kg_ha
regressao_linear,,,,,2,historico_insuficiente,produto_uf,UF,SORGO,DF,produtividade_kg_ha
random_forest,,,,,2,historico_insuficiente,produto_uf,UF,SORGO,DF,produtividade_kg_ha
xgboost,,,,,2,historico_insuficiente,produto_uf,UF,SORGO,DF,produtividade_kg_ha
exponential_smoothing,,,,,2,historico_insuficiente,produto_uf,UF,SORGO,DF,produtividade_kg_ha
baseline_ingenuo,0.0,0.0,,,2,,produto_uf,UF,SORGO,ES,produtividade_kg_ha
regressao_linear,,,,,2,historico_insuficiente,produto_uf,UF,SORGO,ES,produtividade_kg_ha
random_forest,,,,,2,historico_insuficiente,produto_uf,UF,SORGO,ES,produtividade_kg_ha
xgboost,,,,,2,historico_insuficiente,produto_uf,UF,SORGO,ES,produtividade_kg_ha
exponential_smoothing,,,,,2,historico_insuficiente,produto_uf,UF,SORGO,ES,produtividade_kg_ha
baseline_ingenuo,132.0,132.0,3.4073309241094476,,2,,produto_uf,UF,SORGO,GO,produtividade_kg_ha
regressao_linear,,,,,2,historico_insuficiente,produto_uf,UF,SORGO,GO,produtividade_kg_ha
random_forest,,,,,2,historico_insuficiente,produto_uf,UF,SORGO,GO,produtividade_kg_ha
xgboost,,,,,2,historico_insuficiente,produto_uf,UF,SORGO,GO,produtividade_kg_ha
exponential_smoothing,,,,,2,historico_insuficiente,produto_uf,UF,SORGO,GO,produtividade_kg_ha
baseline_ingenuo,0.0,0.0,0.0,,2,,produto_uf,UF,SORGO,MA,produtividade_kg_ha
regressao_linear,,,,,2,historico_insuficiente,produto_uf,UF,SORGO,MA,produtividade_kg_ha
random_forest,,,,,2,historico_insuficiente,produto_uf,UF,SORGO,MA,produtividade_kg_ha
xgboost,,,,,2,historico_insuficiente,produto_uf,UF,SORGO,MA,produtividade_kg_ha
exponential_smoothing,,,,,2,historico_insuficiente,produto_uf,UF,SORGO,MA,produtividade_kg_ha
baseline_ingenuo,91.0,91.0,2.3351295868616884,,2,,produto_uf,UF,SORGO,MG,produtividade_kg_ha
regressao_linear,,,,,2,historico_insuficiente,produto_uf,UF,SORGO,MG,produtividade_kg_ha
random_forest,,,,,2,historico_insuficiente,produto_uf,UF,SORGO,MG,produtividade_kg_ha
xgboost,,,,,2,historico_insuficiente,produto_uf,UF,SORGO,MG,produtividade_kg_ha
exponential_smoothing,,,,,2,historico_insuficiente,produto_uf,UF,SORGO,MG,produtividade_kg_ha
baseline_ingenuo,203.0,203.0,5.213148433487417,,2,,produto_uf,UF,SORGO,MS,produtividade_kg_ha
regressao_linear,,,,,2,historico_insuficiente,produto_uf,UF,SORGO,MS,produtividade_kg_ha
random_forest,,,,,2,historico_insuficiente,produto_uf,UF,SORGO,MS,produtividade_kg_ha
xgboost,,,,,2,historico_insuficiente,produto_uf,UF,SORGO,MS,produtividade_kg_ha
exponential_smoothing,,,,,2,historico_insuficiente,produto_uf,UF,SORGO,MS,produtividade_kg_ha
baseline_ingenuo,0.0,0.0,0.0,,2,,produto_uf,UF,SORGO,MT,produtividade_kg_ha
regressao_linear,,,,,2,historico_insuficiente,produto_uf,UF,SORGO,MT,produtividade_kg_ha
random_forest,,,,,2,historico_insuficiente,produto_uf,UF,SORGO,MT,produtividade_kg_ha
xgboost,,,,,2,historico_insuficiente,produto_uf,UF,SORGO,MT,produtividade_kg_ha
exponential_smoothing,,,,,2,historico_insuficiente,produto_uf,UF,SORGO,MT,produtividade_kg_ha
baseline_ingenuo,12.0,12.0,0.4685669660288949,,2,,produto_uf,UF,SORGO,PA,produtividade_kg_ha
regressao_linear,,,,,2,historico_insuficiente,produto_uf,UF,SORGO,PA,produtividade_kg_ha
random_forest,,,,,2,historico_insuficiente,produto_uf,UF,SORGO,PA,produtividade_kg_ha
xgboost,,,,,2,historico_insuficiente,produto_uf,UF,SORGO,PA,produtividade_kg_ha
exponential_smoothing,,,,,2,historico_insuficiente,produto_uf,UF,SORGO,PA,produtividade_kg_ha
baseline_ingenuo,0.0,0.0,,,2,,produto_uf,UF,SORGO,PB,produtividade_kg_ha
regressao_linear,,,,,2,historico_insuficiente,produto_uf,UF,SORGO,PB,produtividade_kg_ha
random_forest,,,,,2,historico_insuficiente,produto_uf,UF,SORGO,PB,produtividade_kg_ha
xgboost,,,,,2,historico_insuficiente,produto_uf,UF,SORGO,PB,produtividade_kg_ha
exponential_smoothing,,,,,2,historico_insuficiente,produto_uf,UF,SORGO,PB,produtividade_kg_ha
baseline_ingenuo,0.0,0.0,,,2,,produto_uf,UF,SORGO,PE,produtividade_kg_ha
regressao_linear,,,,,2,historico_insuficiente,produto_uf,UF,SORGO,PE,produtividade_kg_ha
random_forest,,,,,2,historico_insuficiente,produto_uf,UF,SORGO,PE,produtividade_kg_ha
xgboost,,,,,2,historico_insuficiente,produto_uf,UF,SORGO,PE,produtividade_kg_ha
exponential_smoothing,,,,,2,historico_insuficiente,produto_uf,UF,SORGO,PE,produtividade_kg_ha
baseline_ingenuo,0.0,0.0,0.0,,2,,produto_uf,UF,SORGO,PI,produtividade_kg_ha
regressao_linear,,,,,2,historico_insuficiente,produto_uf,UF,SORGO,PI,produtividade_kg_ha
random_forest,,,,,2,historico_insuficiente,produto_uf,UF,SORGO,PI,produtividade_kg_ha
xgboost,,,,,2,historico_insuficiente,produto_uf,UF,SORGO,PI,produtividade_kg_ha
exponential_smoothing,,,,,2,historico_insuficiente,produto_uf,UF,SORGO,PI,produtividade_kg_ha
baseline_ingenuo,0.0,0.0,0.0,,2,,produto_uf,UF,SORGO,PR,produtividade_kg_ha
regressao_linear,,,,,2,historico_insuficiente,produto_uf,UF,SORGO,PR,produtividade_kg_ha
random_forest,,,,,2,historico_insuficiente,produto_uf,UF,SORGO,PR,produtividade_kg_ha
xgboost,,,,,2,historico_insuficiente,produto_uf,UF,SORGO,PR,produtividade_kg_ha
exponential_smoothing,,,,,2,historico_insuficiente,produto_uf,UF,SORGO,PR,produtividade_kg_ha
baseline_ingenuo,0.0,0.0,,,2,,produto_uf,UF,SORGO,RJ,produtividade_kg_ha
regressao_linear,,,,,2,historico_insuficiente,produto_uf,UF,SORGO,RJ,produtividade_kg_ha
random_forest,,,,,2,historico_insuficiente,produto_uf,UF,SORGO,RJ,produtividade_kg_ha
xgboost,,,,,2,historico_insuficiente,produto_uf,UF,SORGO,RJ,produtividade_kg_ha
exponential_smoothing,,,,,2,historico_insuficiente,produto_uf,UF,SORGO,RJ,produtividade_kg_ha
baseline_ingenuo,0.0,0.0,,,2,,produto_uf,UF,SORGO,RN,produtividade_kg_ha
regressao_linear,,,,,2,historico_insuficiente,produto_uf,UF,SORGO,RN,produtividade_kg_ha
random_forest,,,,,2,historico_insuficiente,produto_uf,UF,SORGO,RN,produtividade_kg_ha
xgboost,,,,,2,historico_insuficiente,produto_uf,UF,SORGO,RN,produtividade_kg_ha
exponential_smoothing,,,,,2,historico_insuficiente,produto_uf,UF,SORGO,RN,produtividade_kg_ha
regressao_linear,,,,,0,historico_insuficiente,produto_uf,UF,SORGO,RO,produtividade_kg_ha
random_forest,,,,,0,historico_insuficiente,produto_uf,UF,SORGO,RO,produtividade_kg_ha
xgboost,,,,,0,historico_insuficiente,produto_uf,UF,SORGO,RO,produtividade_kg_ha
exponential_smoothing,,,,,0,historico_insuficiente,produto_uf,UF,SORGO,RO,produtividade_kg_ha
regressao_linear,,,,,0,historico_insuficiente,produto_uf,UF,SORGO,RR,produtividade_kg_ha
random_forest,,,,,0,historico_insuficiente,produto_uf,UF,SORGO,RR,produtividade_kg_ha
xgboost,,,,,0,historico_insuficiente,produto_uf,UF,SORGO,RR,produtividade_kg_ha
exponential_smoothing,,,,,0,historico_insuficiente,produto_uf,UF,SORGO,RR,produtividade_kg_ha
baseline_ingenuo,2508.0,2508.0,100.0,,2,,produto_uf,UF,SORGO,RS,produtividade_kg_ha
regressao_linear,,,,,2,historico_insuficiente,produto_uf,UF,SORGO,RS,produtividade_kg_ha
random_forest,,,,,2,historico_insuficiente,produto_uf,UF,SORGO,RS,produtividade_kg_ha
xgboost,,,,,2,historico_insuficiente,produto_uf,UF,SORGO,RS,produtividade_kg_ha
exponential_smoothing,,,,,2,historico_insuficiente,produto_uf,UF,SORGO,RS,produtividade_kg_ha
baseline_ingenuo,0.0,0.0,,,2,,produto_uf,UF,SORGO,SC,produtividade_kg_ha
regressao_linear,,,,,2,historico_insuficiente,produto_uf,UF,SORGO,SC,produtividade_kg_ha
random_forest,,,,,2,historico_insuficiente,produto_uf,UF,SORGO,SC,produtividade_kg_ha
xgboost,,,,,2,historico_insuficiente,produto_uf,UF,SORGO,SC,produtividade_kg_ha
exponential_smoothing,,,,,2,historico_insuficiente,produto_uf,UF,SORGO,SC,produtividade_kg_ha
baseline_ingenuo,0.0,0.0,,,2,,produto_uf,UF,SORGO,SE,produtividade_kg_ha
regressao_linear,,,,,2,historico_insuficiente,produto_uf,UF,SORGO,SE,produtividade_kg_ha
random_forest,,,,,2,historico_insuficiente,produto_uf,UF,SORGO,SE,produtividade_kg_ha
xgboost,,,,,2,historico_insuficiente,produto_uf,UF,SORGO,SE,produtividade_kg_ha
exponential_smoothing,,,,,2,historico_insuficiente,produto_uf,UF,SORGO,SE,produtividade_kg_ha
baseline_ingenuo,417.0,417.0,11.440329218106996,,2,,produto_uf,UF,SORGO,SP,produtividade_kg_ha
regressao_linear,,,,,2,historico_insuficiente,produto_uf,UF,SORGO,SP,produtividade_kg_ha
random_forest,,,,,2,historico_insuficiente,produto_uf,UF,SORGO,SP,produtividade_kg_ha
xgboost,,,,,2,historico_insuficiente,produto_uf,UF,SORGO,SP,produtividade_kg_ha
exponential_smoothing,,,,,2,historico_insuficiente,produto_uf,UF,SORGO,SP,produtividade_kg_ha
baseline_ingenuo,0.0,0.0,0.0,,2,,produto_uf,UF,SORGO,TO,produtividade_kg_ha
regressao_linear,,,,,2,historico_insuficiente,produto_uf,UF,SORGO,TO,produtividade_kg_ha
random_forest,,,,,2,historico_insuficiente,produto_uf,UF,SORGO,TO,produtividade_kg_ha
xgboost,,,,,2,historico_insuficiente,produto_uf,UF,SORGO,TO,produtividade_kg_ha
exponential_smoothing,,,,,2,historico_insuficiente,produto_uf,UF,SORGO,TO,produtividade_kg_ha
baseline_ingenuo,0.0,0.0,,,2,,produto_uf,UF,TRIGO,AC,produtividade_kg_ha
regressao_linear,,,,,2,historico_insuficiente,produto_uf,UF,TRIGO,AC,produtividade_kg_ha
random_forest,,,,,2,historico_insuficiente,produto_uf,UF,TRIGO,AC,produtividade_kg_ha
xgboost,,,,,2,historico_insuficiente,produto_uf,UF,TRIGO,AC,produtividade_kg_ha
exponential_smoothing,,,,,2,historico_insuficiente,produto_uf,UF,TRIGO,AC,produtividade_kg_ha
baseline_ingenuo,0.0,0.0,,,2,,produto_uf,UF,TRIGO,AL,produtividade_kg_ha
regressao_linear,,,,,2,historico_insuficiente,produto_uf,UF,TRIGO,AL,produtividade_kg_ha
random_forest,,,,,2,historico_insuficiente,produto_uf,UF,TRIGO,AL,produtividade_kg_ha
xgboost,,,,,2,historico_insuficiente,produto_uf,UF,TRIGO,AL,produtividade_kg_ha
exponential_smoothing,,,,,2,historico_insuficiente,produto_uf,UF,TRIGO,AL,produtividade_kg_ha
baseline_ingenuo,0.0,0.0,,,2,,produto_uf,UF,TRIGO,AM,produtividade_kg_ha
regressao_linear,,,,,2,historico_insuficiente,produto_uf,UF,TRIGO,AM,produtividade_kg_ha
random_forest,,,,,2,historico_insuficiente,produto_uf,UF,TRIGO,AM,produtividade_kg_ha
xgboost,,,,,2,historico_insuficiente,produto_uf,UF,TRIGO,AM,produtividade_kg_ha
exponential_smoothing,,,,,2,historico_insuficiente,produto_uf,UF,TRIGO,AM,produtividade_kg_ha
baseline_ingenuo,0.0,0.0,,,2,,produto_uf,UF,TRIGO,AP,produtividade_kg_ha
regressao_linear,,,,,2,historico_insuficiente,produto_uf,UF,TRIGO,AP,produtividade_kg_ha
random_forest,,,,,2,historico_insuficiente,produto_uf,UF,TRIGO,AP,produtividade_kg_ha
xgboost,,,,,2,historico_insuficiente,produto_uf,UF,TRIGO,AP,produtividade_kg_ha
exponential_smoothing,,,,,2,historico_insuficiente,produto_uf,UF,TRIGO,AP,produtividade_kg_ha
baseline_ingenuo,0.0,0.0,0.0,,2,,produto_uf,UF,TRIGO,BA,produtividade_kg_ha
regressao_linear,,,,,2,historico_insuficiente,produto_uf,UF,TRIGO,BA,produtividade_kg_ha
random_forest,,,,,2,historico_insuficiente,produto_uf,UF,TRIGO,BA,produtividade_kg_ha
xgboost,,,,,2,historico_insuficiente,produto_uf,UF,TRIGO,BA,produtividade_kg_ha
exponential_smoothing,,,,,2,historico_insuficiente,produto_uf,UF,TRIGO,BA,produtividade_kg_ha
baseline_ingenuo,0.0,0.0,,,2,,produto_uf,UF,TRIGO,CE,produtividade_kg_ha
regressao_linear,,,,,2,historico_insuficiente,produto_uf,UF,TRIGO,CE,produtividade_kg_ha
random_forest,,,,,2,historico_insuficiente,produto_uf,UF,TRIGO,CE,produtividade_kg_ha
xgboost,,,,,2,historico_insuficiente,produto_uf,UF,TRIGO,CE,produtividade_kg_ha
exponential_smoothing,,,,,2,historico_insuficiente,produto_uf,UF,TRIGO,CE,produtividade_kg_ha
baseline_ingenuo,0.0,0.0,0.0,,2,,produto_uf,UF,TRIGO,DF,produtividade_kg_ha
regressao_linear,,,,,2,historico_insuficiente,produto_uf,UF,TRIGO,DF,produtividade_kg_ha
random_forest,,,,,2,historico_insuficiente,produto_uf,UF,TRIGO,DF,produtividade_kg_ha
xgboost,,,,,2,historico_insuficiente,produto_uf,UF,TRIGO,DF,produtividade_kg_ha
exponential_smoothing,,,,,2,historico_insuficiente,produto_uf,UF,TRIGO,DF,produtividade_kg_ha
baseline_ingenuo,0.0,0.0,,,2,,produto_uf,UF,TRIGO,ES,produtividade_kg_ha
regressao_linear,,,,,2,historico_insuficiente,produto_uf,UF,TRIGO,ES,produtividade_kg_ha
random_forest,,,,,2,historico_insuficiente,produto_uf,UF,TRIGO,ES,produtividade_kg_ha
xgboost,,,,,2,historico_insuficiente,produto_uf,UF,TRIGO,ES,produtividade_kg_ha
exponential_smoothing,,,,,2,historico_insuficiente,produto_uf,UF,TRIGO,ES,produtividade_kg_ha
baseline_ingenuo,12.0,12.0,0.28804608737397985,,2,,produto_uf,UF,TRIGO,GO,produtividade_kg_ha
regressao_linear,,,,,2,historico_insuficiente,produto_uf,UF,TRIGO,GO,produtividade_kg_ha
random_forest,,,,,2,historico_insuficiente,produto_uf,UF,TRIGO,GO,produtividade_kg_ha
xgboost,,,,,2,historico_insuficiente,produto_uf,UF,TRIGO,GO,produtividade_kg_ha
exponential_smoothing,,,,,2,historico_insuficiente,produto_uf,UF,TRIGO,GO,produtividade_kg_ha
baseline_ingenuo,0.0,0.0,,,2,,produto_uf,UF,TRIGO,MA,produtividade_kg_ha
regressao_linear,,,,,2,historico_insuficiente,produto_uf,UF,TRIGO,MA,produtividade_kg_ha
random_forest,,,,,2,historico_insuficiente,produto_uf,UF,TRIGO,MA,produtividade_kg_ha
xgboost,,,,,2,historico_insuficiente,produto_uf,UF,TRIGO,MA,produtividade_kg_ha
exponential_smoothing,,,,,2,historico_insuficiente,produto_uf,UF,TRIGO,MA,produtividade_kg_ha
baseline_ingenuo,126.0,126.0,4.7050037341299475,,2,,produto_uf,UF,TRIGO,MG,produtividade_kg_ha
regressao_linear,,,,,2,historico_insuficiente,produto_uf,UF,TRIGO,MG,produtividade_kg_ha
random_forest,,,,,2,historico_insuficiente,produto_uf,UF,TRIGO,MG,produtividade_kg_ha
xgboost,,,,,2,historico_insuficiente,produto_uf,UF,TRIGO,MG,produtividade_kg_ha
exponential_smoothing,,,,,2,historico_insuficiente,produto_uf,UF,TRIGO,MG,produtividade_kg_ha
baseline_ingenuo,62.0,62.0,2.689804772234273,,2,,produto_uf,UF,TRIGO,MS,produtividade_kg_ha
regressao_linear,,,,,2,historico_insuficiente,produto_uf,UF,TRIGO,MS,produtividade_kg_ha
random_forest,,,,,2,historico_insuficiente,produto_uf,UF,TRIGO,MS,produtividade_kg_ha
xgboost,,,,,2,historico_insuficiente,produto_uf,UF,TRIGO,MS,produtividade_kg_ha
exponential_smoothing,,,,,2,historico_insuficiente,produto_uf,UF,TRIGO,MS,produtividade_kg_ha
baseline_ingenuo,0.0,0.0,,,2,,produto_uf,UF,TRIGO,MT,produtividade_kg_ha
regressao_linear,,,,,2,historico_insuficiente,produto_uf,UF,TRIGO,MT,produtividade_kg_ha
random_forest,,,,,2,historico_insuficiente,produto_uf,UF,TRIGO,MT,produtividade_kg_ha
xgboost,,,,,2,historico_insuficiente,produto_uf,UF,TRIGO,MT,produtividade_kg_ha
exponential_smoothing,,,,,2,historico_insuficiente,produto_uf,UF,TRIGO,MT,produtividade_kg_ha
baseline_ingenuo,0.0,0.0,,,2,,produto_uf,UF,TRIGO,PA,produtividade_kg_ha
regressao_linear,,,,,2,historico_insuficiente,produto_uf,UF,TRIGO,PA,produtividade_kg_ha
random_forest,,,,,2,historico_insuficiente,produto_uf,UF,TRIGO,PA,produtividade_kg_ha
xgboost,,,,,2,historico_insuficiente,produto_uf,UF,TRIGO,PA,produtividade_kg_ha
exponential_smoothing,,,,,2,historico_insuficiente,produto_uf,UF,TRIGO,PA,produtividade_kg_ha
baseline_ingenuo,0.0,0.0,,,2,,produto_uf,UF,TRIGO,PB,produtividade_kg_ha
regressao_linear,,,,,2,historico_insuficiente,produto_uf,UF,TRIGO,PB,produtividade_kg_ha
random_forest,,,,,2,historico_insuficiente,produto_uf,UF,TRIGO,PB,produtividade_kg_ha
xgboost,,,,,2,historico_insuficiente,produto_uf,UF,TRIGO,PB,produtividade_kg_ha
exponential_smoothing,,,,,2,historico_insuficiente,produto_uf,UF,TRIGO,PB,produtividade_kg_ha
baseline_ingenuo,0.0,0.0,,,2,,produto_uf,UF,TRIGO,PE,produtividade_kg_ha
regressao_linear,,,,,2,historico_insuficiente,produto_uf,UF,TRIGO,PE,produtividade_kg_ha
random_forest,,,,,2,historico_insuficiente,produto_uf,UF,TRIGO,PE,produtividade_kg_ha
xgboost,,,,,2,historico_insuficiente,produto_uf,UF,TRIGO,PE,produtividade_kg_ha
exponential_smoothing,,,,,2,historico_insuficiente,produto_uf,UF,TRIGO,PE,produtividade_kg_ha
baseline_ingenuo,0.0,0.0,,,2,,produto_uf,UF,TRIGO,PI,produtividade_kg_ha
regressao_linear,,,,,2,historico_insuficiente,produto_uf,UF,TRIGO,PI,produtividade_kg_ha
random_forest,,,,,2,historico_insuficiente,produto_uf,UF,TRIGO,PI,produtividade_kg_ha
xgboost,,,,,2,historico_insuficiente,produto_uf,UF,TRIGO,PI,produtividade_kg_ha
exponential_smoothing,,,,,2,historico_insuficiente,produto_uf,UF,TRIGO,PI,produtividade_kg_ha
baseline_ingenuo,416.0,416.0,14.020896528479945,,2,,produto_uf,UF,TRIGO,PR,produtividade_kg_ha
regressao_linear,,,,,2,historico_insuficiente,produto_uf,UF,TRIGO,PR,produtividade_kg_ha
random_forest,,,,,2,historico_insuficiente,produto_uf,UF,TRIGO,PR,produtividade_kg_ha
xgboost,,,,,2,historico_insuficiente,produto_uf,UF,TRIGO,PR,produtividade_kg_ha
exponential_smoothing,,,,,2,historico_insuficiente,produto_uf,UF,TRIGO,PR,produtividade_kg_ha
baseline_ingenuo,0.0,0.0,,,2,,produto_uf,UF,TRIGO,RJ,produtividade_kg_ha
regressao_linear,,,,,2,historico_insuficiente,produto_uf,UF,TRIGO,RJ,produtividade_kg_ha
random_forest,,,,,2,historico_insuficiente,produto_uf,UF,TRIGO,RJ,produtividade_kg_ha
xgboost,,,,,2,historico_insuficiente,produto_uf,UF,TRIGO,RJ,produtividade_kg_ha
exponential_smoothing,,,,,2,historico_insuficiente,produto_uf,UF,TRIGO,RJ,produtividade_kg_ha
baseline_ingenuo,0.0,0.0,,,2,,produto_uf,UF,TRIGO,RN,produtividade_kg_ha
regressao_linear,,,,,2,historico_insuficiente,produto_uf,UF,TRIGO,RN,produtividade_kg_ha
random_forest,,,,,2,historico_insuficiente,produto_uf,UF,TRIGO,RN,produtividade_kg_ha
xgboost,,,,,2,historico_insuficiente,produto_uf,UF,TRIGO,RN,produtividade_kg_ha
exponential_smoothing,,,,,2,historico_insuficiente,produto_uf,UF,TRIGO,RN,produtividade_kg_ha
baseline_ingenuo,0.0,0.0,,,2,,produto_uf,UF,TRIGO,RO,produtividade_kg_ha
regressao_linear,,,,,2,historico_insuficiente,produto_uf,UF,TRIGO,RO,produtividade_kg_ha
random_forest,,,,,2,historico_insuficiente,produto_uf,UF,TRIGO,RO,produtividade_kg_ha
xgboost,,,,,2,historico_insuficiente,produto_uf,UF,TRIGO,RO,produtividade_kg_ha
exponential_smoothing,,,,,2,historico_insuficiente,produto_uf,UF,TRIGO,RO,produtividade_kg_ha
baseline_ingenuo,0.0,0.0,,,2,,produto_uf,UF,TRIGO,RR,produtividade_kg_ha
regressao_linear,,,,,2,historico_insuficiente,produto_uf,UF,TRIGO,RR,produtividade_kg_ha
random_forest,,,,,2,historico_insuficiente,produto_uf,UF,TRIGO,RR,produtividade_kg_ha
xgboost,,,,,2,historico_insuficiente,produto_uf,UF,TRIGO,RR,produtividade_kg_ha
exponential_smoothing,,,,,2,historico_insuficiente,produto_uf,UF,TRIGO,RR,produtividade_kg_ha
baseline_ingenuo,173.0,173.0,5.916552667578659,,2,,produto_uf,UF,TRIGO,RS,produtividade_kg_ha
regressao_linear,,,,,2,historico_insuficiente,produto_uf,UF,TRIGO,RS,produtividade_kg_ha
random_forest,,,,,2,historico_insuficiente,produto_uf,UF,TRIGO,RS,produtividade_kg_ha
xgboost,,,,,2,historico_insuficiente,produto_uf,UF,TRIGO,RS,produtividade_kg_ha
exponential_smoothing,,,,,2,historico_insuficiente,produto_uf,UF,TRIGO,RS,produtividade_kg_ha
baseline_ingenuo,294.0,294.0,8.631826189078097,,2,,produto_uf,UF,TRIGO,SC,produtividade_kg_ha
regressao_linear,,,,,2,historico_insuficiente,produto_uf,UF,TRIGO,SC,produtividade_kg_ha
random_forest,,,,,2,historico_insuficiente,produto_uf,UF,TRIGO,SC,produtividade_kg_ha
xgboost,,,,,2,historico_insuficiente,produto_uf,UF,TRIGO,SC,produtividade_kg_ha
exponential_smoothing,,,,,2,historico_insuficiente,produto_uf,UF,TRIGO,SC,produtividade_kg_ha
baseline_ingenuo,0.0,0.0,,,2,,produto_uf,UF,TRIGO,SE,produtividade_kg_ha
regressao_linear,,,,,2,historico_insuficiente,produto_uf,UF,TRIGO,SE,produtividade_kg_ha
random_forest,,,,,2,historico_insuficiente,produto_uf,UF,TRIGO,SE,produtividade_kg_ha
xgboost,,,,,2,historico_insuficiente,produto_uf,UF,TRIGO,SE,produtividade_kg_ha
exponential_smoothing,,,,,2,historico_insuficiente,produto_uf,UF,TRIGO,SE,produtividade_kg_ha
baseline_ingenuo,33.0,33.0,1.0809040288241074,,2,,produto_uf,UF,TRIGO,SP,produtividade_kg_ha
regressao_linear,,,,,2,historico_insuficiente,produto_uf,UF,TRIGO,SP,produtividade_kg_ha
random_forest,,,,,2,historico_insuficiente,produto_uf,UF,TRIGO,SP,produtividade_kg_ha
xgboost,,,,,2,historico_insuficiente,produto_uf,UF,TRIGO,SP,produtividade_kg_ha
exponential_smoothing,,,,,2,historico_insuficiente,produto_uf,UF,TRIGO,SP,produtividade_kg_ha
baseline_ingenuo,0.0,0.0,,,2,,produto_uf,UF,TRIGO,TO,produtividade_kg_ha
regressao_linear,,,,,2,historico_insuficiente,produto_uf,UF,TRIGO,TO,produtividade_kg_ha
random_forest,,,,,2,historico_insuficiente,produto_uf,UF,TRIGO,TO,produtividade_kg_ha
xgboost,,,,,2,historico_insuficiente,produto_uf,UF,TRIGO,TO,produtividade_kg_ha
exponential_smoothing,,,,,2,historico_insuficiente,produto_uf,UF,TRIGO,TO,produtividade_kg_ha
baseline_ingenuo,0.0,0.0,,,2,,produto_uf,UF,TRITICALE,AC,produtividade_kg_ha
regressao_linear,,,,,2,historico_insuficiente,produto_uf,UF,TRITICALE,AC,produtividade_kg_ha
random_forest,,,,,2,historico_insuficiente,produto_uf,UF,TRITICALE,AC,produtividade_kg_ha
xgboost,,,,,2,historico_insuficiente,produto_uf,UF,TRITICALE,AC,produtividade_kg_ha
exponential_smoothing,,,,,2,historico_insuficiente,produto_uf,UF,TRITICALE,AC,produtividade_kg_ha
baseline_ingenuo,0.0,0.0,,,2,,produto_uf,UF,TRITICALE,AL,produtividade_kg_ha
regressao_linear,,,,,2,historico_insuficiente,produto_uf,UF,TRITICALE,AL,produtividade_kg_ha
random_forest,,,,,2,historico_insuficiente,produto_uf,UF,TRITICALE,AL,produtividade_kg_ha
xgboost,,,,,2,historico_insuficiente,produto_uf,UF,TRITICALE,AL,produtividade_kg_ha
exponential_smoothing,,,,,2,historico_insuficiente,produto_uf,UF,TRITICALE,AL,produtividade_kg_ha
baseline_ingenuo,0.0,0.0,,,2,,produto_uf,UF,TRITICALE,AM,produtividade_kg_ha
regressao_linear,,,,,2,historico_insuficiente,produto_uf,UF,TRITICALE,AM,produtividade_kg_ha
random_forest,,,,,2,historico_insuficiente,produto_uf,UF,TRITICALE,AM,produtividade_kg_ha
xgboost,,,,,2,historico_insuficiente,produto_uf,UF,TRITICALE,AM,produtividade_kg_ha
exponential_smoothing,,,,,2,historico_insuficiente,produto_uf,UF,TRITICALE,AM,produtividade_kg_ha
baseline_ingenuo,0.0,0.0,,,2,,produto_uf,UF,TRITICALE,AP,produtividade_kg_ha
regressao_linear,,,,,2,historico_insuficiente,produto_uf,UF,TRITICALE,AP,produtividade_kg_ha
random_forest,,,,,2,historico_insuficiente,produto_uf,UF,TRITICALE,AP,produtividade_kg_ha
xgboost,,,,,2,historico_insuficiente,produto_uf,UF,TRITICALE,AP,produtividade_kg_ha
exponential_smoothing,,,,,2,historico_insuficiente,produto_uf,UF,TRITICALE,AP,produtividade_kg_ha
baseline_ingenuo,0.0,0.0,,,2,,produto_uf,UF,TRITICALE,BA,produtividade_kg_ha
regressao_linear,,,,,2,historico_insuficiente,produto_uf,UF,TRITICALE,BA,produtividade_kg_ha
random_forest,,,,,2,historico_insuficiente,produto_uf,UF,TRITICALE,BA,produtividade_kg_ha
xgboost,,,,,2,historico_insuficiente,produto_uf,UF,TRITICALE,BA,produtividade_kg_ha
exponential_smoothing,,,,,2,historico_insuficiente,produto_uf,UF,TRITICALE,BA,produtividade_kg_ha
baseline_ingenuo,0.0,0.0,,,2,,produto_uf,UF,TRITICALE,CE,produtividade_kg_ha
regressao_linear,,,,,2,historico_insuficiente,produto_uf,UF,TRITICALE,CE,produtividade_kg_ha
random_forest,,,,,2,historico_insuficiente,produto_uf,UF,TRITICALE,CE,produtividade_kg_ha
xgboost,,,,,2,historico_insuficiente,produto_uf,UF,TRITICALE,CE,produtividade_kg_ha
exponential_smoothing,,,,,2,historico_insuficiente,produto_uf,UF,TRITICALE,CE,produtividade_kg_ha
baseline_ingenuo,0.0,0.0,,,2,,produto_uf,UF,TRITICALE,DF,produtividade_kg_ha
regressao_linear,,,,,2,historico_insuficiente,produto_uf,UF,TRITICALE,DF,produtividade_kg_ha
random_forest,,,,,2,historico_insuficiente,produto_uf,UF,TRITICALE,DF,produtividade_kg_ha
xgboost,,,,,2,historico_insuficiente,produto_uf,UF,TRITICALE,DF,produtividade_kg_ha
exponential_smoothing,,,,,2,historico_insuficiente,produto_uf,UF,TRITICALE,DF,produtividade_kg_ha
baseline_ingenuo,0.0,0.0,,,2,,produto_uf,UF,TRITICALE,ES,produtividade_kg_ha
regressao_linear,,,,,2,historico_insuficiente,produto_uf,UF,TRITICALE,ES,produtividade_kg_ha
random_forest,,,,,2,historico_insuficiente,produto_uf,UF,TRITICALE,ES,produtividade_kg_ha
xgboost,,,,,2,historico_insuficiente,produto_uf,UF,TRITICALE,ES,produtividade_kg_ha
exponential_smoothing,,,,,2,historico_insuficiente,produto_uf,UF,TRITICALE,ES,produtividade_kg_ha
baseline_ingenuo,0.0,0.0,,,2,,produto_uf,UF,TRITICALE,GO,produtividade_kg_ha
regressao_linear,,,,,2,historico_insuficiente,produto_uf,UF,TRITICALE,GO,produtividade_kg_ha
random_forest,,,,,2,historico_insuficiente,produto_uf,UF,TRITICALE,GO,produtividade_kg_ha
xgboost,,,,,2,historico_insuficiente,produto_uf,UF,TRITICALE,GO,produtividade_kg_ha
exponential_smoothing,,,,,2,historico_insuficiente,produto_uf,UF,TRITICALE,GO,produtividade_kg_ha
baseline_ingenuo,0.0,0.0,,,2,,produto_uf,UF,TRITICALE,MA,produtividade_kg_ha
regressao_linear,,,,,2,historico_insuficiente,produto_uf,UF,TRITICALE,MA,produtividade_kg_ha
random_forest,,,,,2,historico_insuficiente,produto_uf,UF,TRITICALE,MA,produtividade_kg_ha
xgboost,,,,,2,historico_insuficiente,produto_uf,UF,TRITICALE,MA,produtividade_kg_ha
exponential_smoothing,,,,,2,historico_insuficiente,produto_uf,UF,TRITICALE,MA,produtividade_kg_ha
baseline_ingenuo,0.0,0.0,,,2,,produto_uf,UF,TRITICALE,MG,produtividade_kg_ha
regressao_linear,,,,,2,historico_insuficiente,produto_uf,UF,TRITICALE,MG,produtividade_kg_ha
random_forest,,,,,2,historico_insuficiente,produto_uf,UF,TRITICALE,MG,produtividade_kg_ha
xgboost,,,,,2,historico_insuficiente,produto_uf,UF,TRITICALE,MG,produtividade_kg_ha
exponential_smoothing,,,,,2,historico_insuficiente,produto_uf,UF,TRITICALE,MG,produtividade_kg_ha
baseline_ingenuo,0.0,0.0,,,2,,produto_uf,UF,TRITICALE,MS,produtividade_kg_ha
regressao_linear,,,,,2,historico_insuficiente,produto_uf,UF,TRITICALE,MS,produtividade_kg_ha
random_forest,,,,,2,historico_insuficiente,produto_uf,UF,TRITICALE,MS,produtividade_kg_ha
xgboost,,,,,2,historico_insuficiente,produto_uf,UF,TRITICALE,MS,produtividade_kg_ha
exponential_smoothing,,,,,2,historico_insuficiente,produto_uf,UF,TRITICALE,MS,produtividade_kg_ha
baseline_ingenuo,0.0,0.0,,,2,,produto_uf,UF,TRITICALE,MT,produtividade_kg_ha
regressao_linear,,,,,2,historico_insuficiente,produto_uf,UF,TRITICALE,MT,produtividade_kg_ha
random_forest,,,,,2,historico_insuficiente,produto_uf,UF,TRITICALE,MT,produtividade_kg_ha
xgboost,,,,,2,historico_insuficiente,produto_uf,UF,TRITICALE,MT,produtividade_kg_ha
exponential_smoothing,,,,,2,historico_insuficiente,produto_uf,UF,TRITICALE,MT,produtividade_kg_ha
baseline_ingenuo,0.0,0.0,,,2,,produto_uf,UF,TRITICALE,PA,produtividade_kg_ha
regressao_linear,,,,,2,historico_insuficiente,produto_uf,UF,TRITICALE,PA,produtividade_kg_ha
random_forest,,,,,2,historico_insuficiente,produto_uf,UF,TRITICALE,PA,produtividade_kg_ha
xgboost,,,,,2,historico_insuficiente,produto_uf,UF,TRITICALE,PA,produtividade_kg_ha
exponential_smoothing,,,,,2,historico_insuficiente,produto_uf,UF,TRITICALE,PA,produtividade_kg_ha
baseline_ingenuo,0.0,0.0,,,2,,produto_uf,UF,TRITICALE,PB,produtividade_kg_ha
regressao_linear,,,,,2,historico_insuficiente,produto_uf,UF,TRITICALE,PB,produtividade_kg_ha
random_forest,,,,,2,historico_insuficiente,produto_uf,UF,TRITICALE,PB,produtividade_kg_ha
xgboost,,,,,2,historico_insuficiente,produto_uf,UF,TRITICALE,PB,produtividade_kg_ha
exponential_smoothing,,,,,2,historico_insuficiente,produto_uf,UF,TRITICALE,PB,produtividade_kg_ha
baseline_ingenuo,0.0,0.0,,,2,,produto_uf,UF,TRITICALE,PE,produtividade_kg_ha
regressao_linear,,,,,2,historico_insuficiente,produto_uf,UF,TRITICALE,PE,produtividade_kg_ha
random_forest,,,,,2,historico_insuficiente,produto_uf,UF,TRITICALE,PE,produtividade_kg_ha
xgboost,,,,,2,historico_insuficiente,produto_uf,UF,TRITICALE,PE,produtividade_kg_ha
exponential_smoothing,,,,,2,historico_insuficiente,produto_uf,UF,TRITICALE,PE,produtividade_kg_ha
baseline_ingenuo,0.0,0.0,,,2,,produto_uf,UF,TRITICALE,PI,produtividade_kg_ha
regressao_linear,,,,,2,historico_insuficiente,produto_uf,UF,TRITICALE,PI,produtividade_kg_ha
random_forest,,,,,2,historico_insuficiente,produto_uf,UF,TRITICALE,PI,produtividade_kg_ha
xgboost,,,,,2,historico_insuficiente,produto_uf,UF,TRITICALE,PI,produtividade_kg_ha
exponential_smoothing,,,,,2,historico_insuficiente,produto_uf,UF,TRITICALE,PI,produtividade_kg_ha
baseline_ingenuo,302.0,302.0,9.701252810793447,,2,,produto_uf,UF,TRITICALE,PR,produtividade_kg_ha
regressao_linear,,,,,2,historico_insuficiente,produto_uf,UF,TRITICALE,PR,produtividade_kg_ha
random_forest,,,,,2,historico_insuficiente,produto_uf,UF,TRITICALE,PR,produtividade_kg_ha
xgboost,,,,,2,historico_insuficiente,produto_uf,UF,TRITICALE,PR,produtividade_kg_ha
exponential_smoothing,,,,,2,historico_insuficiente,produto_uf,UF,TRITICALE,PR,produtividade_kg_ha
baseline_ingenuo,0.0,0.0,,,2,,produto_uf,UF,TRITICALE,RJ,produtividade_kg_ha
regressao_linear,,,,,2,historico_insuficiente,produto_uf,UF,TRITICALE,RJ,produtividade_kg_ha
random_forest,,,,,2,historico_insuficiente,produto_uf,UF,TRITICALE,RJ,produtividade_kg_ha
xgboost,,,,,2,historico_insuficiente,produto_uf,UF,TRITICALE,RJ,produtividade_kg_ha
exponential_smoothing,,,,,2,historico_insuficiente,produto_uf,UF,TRITICALE,RJ,produtividade_kg_ha
baseline_ingenuo,0.0,0.0,,,2,,produto_uf,UF,TRITICALE,RN,produtividade_kg_ha
regressao_linear,,,,,2,historico_insuficiente,produto_uf,UF,TRITICALE,RN,produtividade_kg_ha
random_forest,,,,,2,historico_insuficiente,produto_uf,UF,TRITICALE,RN,produtividade_kg_ha
xgboost,,,,,2,historico_insuficiente,produto_uf,UF,TRITICALE,RN,produtividade_kg_ha
exponential_smoothing,,,,,2,historico_insuficiente,produto_uf,UF,TRITICALE,RN,produtividade_kg_ha
baseline_ingenuo,0.0,0.0,,,2,,produto_uf,UF,TRITICALE,RO,produtividade_kg_ha
regressao_linear,,,,,2,historico_insuficiente,produto_uf,UF,TRITICALE,RO,produtividade_kg_ha
random_forest,,,,,2,historico_insuficiente,produto_uf,UF,TRITICALE,RO,produtividade_kg_ha
xgboost,,,,,2,historico_insuficiente,produto_uf,UF,TRITICALE,RO,produtividade_kg_ha
exponential_smoothing,,,,,2,historico_insuficiente,produto_uf,UF,TRITICALE,RO,produtividade_kg_ha
baseline_ingenuo,0.0,0.0,,,2,,produto_uf,UF,TRITICALE,RR,produtividade_kg_ha
regressao_linear,,,,,2,historico_insuficiente,produto_uf,UF,TRITICALE,RR,produtividade_kg_ha
random_forest,,,,,2,historico_insuficiente,produto_uf,UF,TRITICALE,RR,produtividade_kg_ha
xgboost,,,,,2,historico_insuficiente,produto_uf,UF,TRITICALE,RR,produtividade_kg_ha
exponential_smoothing,,,,,2,historico_insuficiente,produto_uf,UF,TRITICALE,RR,produtividade_kg_ha
baseline_ingenuo,312.0,312.0,11.287988422575976,,2,,produto_uf,UF,TRITICALE,RS,produtividade_kg_ha
regressao_linear,,,,,2,historico_insuficiente,produto_uf,UF,TRITICALE,RS,produtividade_kg_ha
random_forest,,,,,2,historico_insuficiente,produto_uf,UF,TRITICALE,RS,produtividade_kg_ha
xgboost,,,,,2,historico_insuficiente,produto_uf,UF,TRITICALE,RS,produtividade_kg_ha
exponential_smoothing,,,,,2,historico_insuficiente,produto_uf,UF,TRITICALE,RS,produtividade_kg_ha
baseline_ingenuo,0.0,0.0,,,2,,produto_uf,UF,TRITICALE,SC,produtividade_kg_ha
regressao_linear,,,,,2,historico_insuficiente,produto_uf,UF,TRITICALE,SC,produtividade_kg_ha
random_forest,,,,,2,historico_insuficiente,produto_uf,UF,TRITICALE,SC,produtividade_kg_ha
xgboost,,,,,2,historico_insuficiente,produto_uf,UF,TRITICALE,SC,produtividade_kg_ha
exponential_smoothing,,,,,2,historico_insuficiente,produto_uf,UF,TRITICALE,SC,produtividade_kg_ha
baseline_ingenuo,0.0,0.0,,,2,,produto_uf,UF,TRITICALE,SE,produtividade_kg_ha
regressao_linear,,,,,2,historico_insuficiente,produto_uf,UF,TRITICALE,SE,produtividade_kg_ha
random_forest,,,,,2,historico_insuficiente,produto_uf,UF,TRITICALE,SE,produtividade_kg_ha
xgboost,,,,,2,historico_insuficiente,produto_uf,UF,TRITICALE,SE,produtividade_kg_ha
exponential_smoothing,,,,,2,historico_insuficiente,produto_uf,UF,TRITICALE,SE,produtividade_kg_ha
baseline_ingenuo,44.0,44.0,1.6029143897996356,,2,,produto_uf,UF,TRITICALE,SP,produtividade_kg_ha
regressao_linear,,,,,2,historico_insuficiente,produto_uf,UF,TRITICALE,SP,produtividade_kg_ha
random_forest,,,,,2,historico_insuficiente,produto_uf,UF,TRITICALE,SP,produtividade_kg_ha
xgboost,,,,,2,historico_insuficiente,produto_uf,UF,TRITICALE,SP,produtividade_kg_ha
exponential_smoothing,,,,,2,historico_insuficiente,produto_uf,UF,TRITICALE,SP,produtividade_kg_ha
baseline_ingenuo,0.0,0.0,,,2,,produto_uf,UF,TRITICALE,TO,produtividade_kg_ha
regressao_linear,,,,,2,historico_insuficiente,produto_uf,UF,TRITICALE,TO,produtividade_kg_ha
random_forest,,,,,2,historico_insuficiente,produto_uf,UF,TRITICALE,TO,produtividade_kg_ha
xgboost,,,,,2,historico_insuficiente,produto_uf,UF,TRITICALE,TO,produtividade_kg_ha
exponential_smoothing,,,,,2,historico_insuficiente,produto_uf,UF,TRITICALE,TO,produtividade_kg_ha
baseline_ingenuo,223.9270000000006,223.9270000000006,4.80729659203984,,2,,uf,REGIAO,TODAS,CENTRO-OESTE,produtividade_kg_ha
regressao_linear,,,,,2,historico_insuficiente,uf,REGIAO,TODAS,CENTRO-OESTE,produtividade_kg_ha
random_forest,,,,,2,historico_insuficiente,uf,REGIAO,TODAS,CENTRO-OESTE,produtividade_kg_ha
xgboost,,,,,2,historico_insuficiente,uf,REGIAO,TODAS,CENTRO-OESTE,produtividade_kg_ha
exponential_smoothing,,,,,2,historico_insuficiente,uf,REGIAO,TODAS,CENTRO-OESTE,produtividade_kg_ha
baseline_ingenuo,15.125,15.125,0.48586353932234155,,2,,uf,REGIAO,TODAS,NORDESTE,produtividade_kg_ha
regressao_linear,,,,,2,historico_insuficiente,uf,REGIAO,TODAS,NORDESTE,produtividade_kg_ha
random_forest,,,,,2,historico_insuficiente,uf,REGIAO,TODAS,NORDESTE,produtividade_kg_ha
xgboost,,,,,2,historico_insuficiente,uf,REGIAO,TODAS,NORDESTE,produtividade_kg_ha
exponential_smoothing,,,,,2,historico_insuficiente,uf,REGIAO,TODAS,NORDESTE,produtividade_kg_ha
baseline_ingenuo,56.524999999999636,56.524999999999636,1.5084471707241862,,2,,uf,REGIAO,TODAS,NORTE,produtividade_kg_ha
regressao_linear,,,,,2,historico_insuficiente,uf,REGIAO,TODAS,NORTE,produtividade_kg_ha
random_forest,,,,,2,historico_insuficiente,uf,REGIAO,TODAS,NORTE,produtividade_kg_ha
xgboost,,,,,2,historico_insuficiente,uf,REGIAO,TODAS,NORTE,produtividade_kg_ha
exponential_smoothing,,,,,2,historico_insuficiente,uf,REGIAO,TODAS,NORTE,produtividade_kg_ha
baseline_ingenuo,28.64100000000053,28.64100000000053,0.6687652022605654,,2,,uf,REGIAO,TODAS,SUDESTE,produtividade_kg_ha
regressao_linear,,,,,2,historico_insuficiente,uf,REGIAO,TODAS,SUDESTE,produtividade_kg_ha
random_forest,,,,,2,historico_insuficiente,uf,REGIAO,TODAS,SUDESTE,produtividade_kg_ha
xgboost,,,,,2,historico_insuficiente,uf,REGIAO,TODAS,SUDESTE,produtividade_kg_ha
exponential_smoothing,,,,,2,historico_insuficiente,uf,REGIAO,TODAS,SUDESTE,produtividade_kg_ha
baseline_ingenuo,167.4970000000003,167.4970000000003,3.989736546426961,,2,,uf,REGIAO,TODAS,SUL,produtividade_kg_ha
regressao_linear,,,,,2,historico_insuficiente,uf,REGIAO,TODAS,SUL,produtividade_kg_ha
random_forest,,,,,2,historico_insuficiente,uf,REGIAO,TODAS,SUL,produtividade_kg_ha
xgboost,,,,,2,historico_insuficiente,uf,REGIAO,TODAS,SUL,produtividade_kg_ha
exponential_smoothing,,,,,2,historico_insuficiente,uf,REGIAO,TODAS,SUL,produtividade_kg_ha
baseline_ingenuo,65.42600000000039,65.42600000000039,1.5414834722748174,,2,,uf,TOTAL_BRASIL,TODAS,BRASIL,produtividade_kg_ha
regressao_linear,,,,,2,historico_insuficiente,uf,TOTAL_BRASIL,TODAS,BRASIL,produtividade_kg_ha
random_forest,,,,,2,historico_insuficiente,uf,TOTAL_BRASIL,TODAS,BRASIL,produtividade_kg_ha
xgboost,,,,,2,historico_insuficiente,uf,TOTAL_BRASIL,TODAS,BRASIL,produtividade_kg_ha
exponential_smoothing,,,,,2,historico_insuficiente,uf,TOTAL_BRASIL,TODAS,BRASIL,produtividade_kg_ha
baseline_ingenuo,165.7539999999999,165.7539999999999,5.1044139257985455,,2,,uf,UF,TODAS,AC,produtividade_kg_ha
regressao_linear,,,,,2,historico_insuficiente,uf,UF,TODAS,AC,produtividade_kg_ha
random_forest,,,,,2,historico_insuficiente,uf,UF,TODAS,AC,produtividade_kg_ha
xgboost,,,,,2,historico_insuficiente,uf,UF,TODAS,AC,produtividade_kg_ha
exponential_smoothing,,,,,2,historico_insuficiente,uf,UF,TODAS,AC,produtividade_kg_ha
baseline_ingenuo,912.3049999999998,912.3049999999998,34.218580628706235,,2,,uf,UF,TODAS,AL,produtividade_kg_ha
regressao_linear,,,,,2,historico_insuficiente,uf,UF,TODAS,AL,produtividade_kg_ha
random_forest,,,,,2,historico_insuficiente,uf,UF,TODAS,AL,produtividade_kg_ha
xgboost,,,,,2,historico_insuficiente,uf,UF,TODAS,AL,produtividade_kg_ha
exponential_smoothing,,,,,2,historico_insuficiente,uf,UF,TODAS,AL,produtividade_kg_ha
baseline_ingenuo,65.29199999999992,65.29199999999992,2.2064190668778934,,2,,uf,UF,TODAS,AM,produtividade_kg_ha
regressao_linear,,,,,2,historico_insuficiente,uf,UF,TODAS,AM,produtividade_kg_ha
random_forest,,,,,2,historico_insuficiente,uf,UF,TODAS,AM,produtividade_kg_ha
xgboost,,,,,2,historico_insuficiente,uf,UF,TODAS,AM,produtividade_kg_ha
exponential_smoothing,,,,,2,historico_insuficiente,uf,UF,TODAS,AM,produtividade_kg_ha
baseline_ingenuo,111.92000000000007,111.92000000000007,4.9636837700579735,,2,,uf,UF,TODAS,AP,produtividade_kg_ha
regressao_linear,,,,,2,historico_insuficiente,uf,UF,TODAS,AP,produtividade_kg_ha
random_forest,,,,,2,historico_insuficiente,uf,UF,TODAS,AP,produtividade_kg_ha
xgboost,,,,,2,historico_insuficiente,uf,UF,TODAS,AP,produtividade_kg_ha
exponential_smoothing,,,,,2,historico_insuficiente,uf,UF,TODAS,AP,produtividade_kg_ha
baseline_ingenuo,50.06800000000021,50.06800000000021,1.428394548204756,,2,,uf,UF,TODAS,BA,produtividade_kg_ha
regressao_linear,,,,,2,historico_insuficiente,uf,UF,TODAS,BA,produtividade_kg_ha
random_forest,,,,,2,historico_insuficiente,uf,UF,TODAS,BA,produtividade_kg_ha
xgboost,,,,,2,historico_insuficiente,uf,UF,TODAS,BA,produtividade_kg_ha
exponential_smoothing,,,,,2,historico_insuficiente,uf,UF,TODAS,BA,produtividade_kg_ha
baseline_ingenuo,240.42100000000005,240.42100000000005,38.7902813340497,,2,,uf,UF,TODAS,CE,produtividade_kg_ha
regressao_linear,,,,,2,historico_insuficiente,uf,UF,TODAS,CE,produtividade_kg_ha
random_forest,,,,,2,historico_insuficiente,uf,UF,TODAS,CE,produtividade_kg_ha
xgboost,,,,,2,historico_insuficiente,uf,UF,TODAS,CE,produtividade_kg_ha
exponential_smoothing,,,,,2,historico_insuficiente,uf,UF,TODAS,CE,produtividade_kg_ha
baseline_ingenuo,119.77800000000025,119.77800000000025,2.455705130045069,,2,,uf,UF,TODAS,DF,produtividade_kg_ha
regressao_linear,,,,,2,historico_insuficiente,uf,UF,TODAS,DF,produtividade_kg_ha
random_forest,,,,,2,historico_insuficiente,uf,UF,TODAS,DF,produtividade_kg_ha
xgboost,,,,,2,historico_insuficiente,uf,UF,TODAS,DF,produtividade_kg_ha
exponential_smoothing,,,,,2,historico_insuficiente,uf,UF,TODAS,DF,produtividade_kg_ha
baseline_ingenuo,169.20899999999983,169.20899999999983,6.3608675581432,,2,,uf,UF,TODAS,ES,produtividade_kg_ha
regressao_linear,,,,,2,historico_insuficiente,uf,UF,TODAS,ES,produtividade_kg_ha
random_forest,,,,,2,historico_insuficiente,uf,UF,TODAS,ES,produtividade_kg_ha
xgboost,,,,,2,historico_insuficiente,uf,UF,TODAS,ES,produtividade_kg_ha
exponential_smoothing,,,,,2,historico_insuficiente,uf,UF,TODAS,ES,produtividade_kg_ha
baseline_ingenuo,322.4230000000007,322.4230000000007,7.011375275357355,,2,,uf,UF,TODAS,GO,produtividade_kg_ha
regressao_linear,,,,,2,historico_insuficiente,uf,UF,TODAS,GO,produtividade_kg_ha
random_forest,,,,,2,historico_insuficiente,uf,UF,TODAS,GO,produtividade_kg_ha
xgboost,,,,,2,historico_insuficiente,uf,UF,TODAS,GO,produtividade_kg_ha
exponential_smoothing,,,,,2,historico_insuficiente,uf,UF,TODAS,GO,produtividade_kg_ha
baseline_ingenuo,152.47400000000016,152.47400000000016,4.07455271152272,,2,,uf,UF,TODAS,MA,produtividade_kg_ha
regressao_linear,,,,,2,historico_insuficiente,uf,UF,TODAS,MA,produtividade_kg_ha
random_forest,,,,,2,historico_insuficiente,uf,UF,TODAS,MA,produtividade_kg_ha
xgboost,,,,,2,historico_insuficiente,uf,UF,TODAS,MA,produtividade_kg_ha
exponential_smoothing,,,,,2,historico_insuficiente,uf,UF,TODAS,MA,produtividade_kg_ha
baseline_ingenuo,2.806999999999789,2.806999999999789,0.06558020491769273,,2,,uf,UF,TODAS,MG,produtividade_kg_ha
regressao_linear,,,,,2,historico_insuficiente,uf,UF,TODAS,MG,produtividade_kg_ha
random_forest,,,,,2,historico_insuficiente,uf,UF,TODAS,MG,produtividade_kg_ha
xgboost,,,,,2,historico_insuficiente,uf,UF,TODAS,MG,produtividade_kg_ha
exponential_smoothing,,,,,2,historico_insuficiente,uf,UF,TODAS,MG,produtividade_kg_ha
baseline_ingenuo,40.159999999999854,40.159999999999854,0.9419963849481329,,2,,uf,UF,TODAS,MS,produtividade_kg_ha
regressao_linear,,,,,2,historico_insuficiente,uf,UF,TODAS,MS,produtividade_kg_ha
random_forest,,,,,2,historico_insuficiente,uf,UF,TODAS,MS,produtividade_kg_ha
xgboost,,,,,2,historico_insuficiente,uf,UF,TODAS,MS,produtividade_kg_ha
exponential_smoothing,,,,,2,historico_insuficiente,uf,UF,TODAS,MS,produtividade_kg_ha
baseline_ingenuo,244.67699999999968,244.67699999999968,5.102257006931123,,2,,uf,UF,TODAS,MT,produtividade_kg_ha
regressao_linear,,,,,2,historico_insuficiente,uf,UF,TODAS,MT,produtividade_kg_ha
random_forest,,,,,2,historico_insuficiente,uf,UF,TODAS,MT,produtividade_kg_ha
xgboost,,,,,2,historico_insuficiente,uf,UF,TODAS,MT,produtividade_kg_ha
exponential_smoothing,,,,,2,historico_insuficiente,uf,UF,TODAS,MT,produtividade_kg_ha
baseline_ingenuo,140.21000000000004,140.21000000000004,4.198679816001939,,2,,uf,UF,TODAS,PA,produtividade_kg_ha
regressao_linear,,,,,2,historico_insuficiente,uf,UF,TODAS,PA,produtividade_kg_ha
random_forest,,,,,2,historico_insuficiente,uf,UF,TODAS,PA,produtividade_kg_ha
xgboost,,,,,2,historico_insuficiente,uf,UF,TODAS,PA,produtividade_kg_ha
exponential_smoothing,,,,,2,historico_insuficiente,uf,UF,TODAS,PA,produtividade_kg_ha
baseline_ingenuo,142.69300000000004,142.69300000000004,26.885719722876978,,2,,uf,UF,TODAS,PB,produtividade_kg_ha
regressao_linear,,,,,2,historico_insuficiente,uf,UF,TODAS,PB,produtividade_kg_ha
random_forest,,,,,2,historico_insuficiente,uf,UF,TODAS,PB,produtividade_kg_ha
xgboost,,,,,2,historico_insuficiente,uf,UF,TODAS,PB,produtividade_kg_ha
exponential_smoothing,,,,,2,historico_insuficiente,uf,UF,TODAS,PB,produtividade_kg_ha
baseline_ingenuo,16.868999999999915,16.868999999999915,1.8133679043878057,,2,,uf,UF,TODAS,PE,produtividade_kg_ha
regressao_linear,,,,,2,historico_insuficiente,uf,UF,TODAS,PE,produtividade_kg_ha
random_forest,,,,,2,historico_insuficiente,uf,UF,TODAS,PE,produtividade_kg_ha
xgboost,,,,,2,historico_insuficiente,uf,UF,TODAS,PE,produtividade_kg_ha
exponential_smoothing,,,,,2,historico_insuficiente,uf,UF,TODAS,PE,produtividade_kg_ha
baseline_ingenuo,93.25700000000006,93.25700000000006,2.8134260794222623,,2,,uf,UF,TODAS,PI,produtividade_kg_ha
regressao_linear,,,,,2,historico_insuficiente,uf,UF,TODAS,PI,produtividade_kg_ha
random_forest,,,,,2,historico_insuficiente,uf,UF,TODAS,PI,produtividade_kg_ha
xgboost,,,,,2,historico_insuficiente,uf,UF,TODAS,PI,produtividade_kg_ha
exponential_smoothing,,,,,2,historico_insuficiente,uf,UF,TODAS,PI,produtividade_kg_ha
baseline_ingenuo,34.32300000000032,34.32300000000032,0.7700983831366857,,2,,uf,UF,TODAS,PR,produtividade_kg_ha
regressao_linear,,,,,2,historico_insuficiente,uf,UF,TODAS,PR,produtividade_kg_ha
random_forest,,,,,2,historico_insuficiente,uf,UF,TODAS,PR,produtividade_kg_ha
xgboost,,,,,2,historico_insuficiente,uf,UF,TODAS,PR,produtividade_kg_ha
exponential_smoothing,,,,,2,historico_insuficiente,uf,UF,TODAS,PR,produtividade_kg_ha
baseline_ingenuo,137.36300000000028,137.36300000000028,4.012851595216826,,2,,uf,UF,TODAS,RJ,produtividade_kg_ha
regressao_linear,,,,,2,historico_insuficiente,uf,UF,TODAS,RJ,produtividade_kg_ha
random_forest,,,,,2,historico_insuficiente,uf,UF,TODAS,RJ,produtividade_kg_ha
xgboost,,,,,2,historico_insuficiente,uf,UF,TODAS,RJ,produtividade_kg_ha
exponential_smoothing,,,,,2,historico_insuficiente,uf,UF,TODAS,RJ,produtividade_kg_ha
baseline_ingenuo,118.05399999999997,118.05399999999997,30.147424978740457,,2,,uf,UF,TODAS,RN,produtividade_kg_ha
regressao_linear,,,,,2,historico_insuficiente,uf,UF,TODAS,RN,produtividade_kg_ha
random_forest,,,,,2,historico_insuficiente,uf,UF,TODAS,RN,produtividade_kg_ha
xgboost,,,,,2,historico_insuficiente,uf,UF,TODAS,RN,produtividade_kg_ha
exponential_smoothing,,,,,2,historico_insuficiente,uf,UF,TODAS,RN,produtividade_kg_ha
baseline_ingenuo,12.59900000000016,12.59900000000016,0.2892115971118819,,2,,uf,UF,TODAS,RO,produtividade_kg_ha
regressao_linear,,,,,2,historico_insuficiente,uf,UF,TODAS,RO,produtividade_kg_ha
random_forest,,,,,2,historico_insuficiente,uf,UF,TODAS,RO,produtividade_kg_ha
xgboost,,,,,2,historico_insuficiente,uf,UF,TODAS,RO,produtividade_kg_ha
exponential_smoothing,,,,,2,historico_insuficiente,uf,UF,TODAS,RO,produtividade_kg_ha
baseline_ingenuo,161.2249999999999,161.2249999999999,4.170205963814844,,2,,uf,UF,TODAS,RR,produtividade_kg_ha
regressao_linear,,,,,2,historico_insuficiente,uf,UF,TODAS,RR,produtividade_kg_ha
random_forest,,,,,2,historico_insuficiente,uf,UF,TODAS,RR,produtividade_kg_ha
xgboost,,,,,2,historico_insuficiente,uf,UF,TODAS,RR,produtividade_kg_ha
exponential_smoothing,,,,,2,historico_insuficiente,uf,UF,TODAS,RR,produtividade_kg_ha
baseline_ingenuo,388.93899999999985,388.93899999999985,10.329386481625678,,2,,uf,UF,TODAS,RS,produtividade_kg_ha
regressao_linear,,,,,2,historico_insuficiente,uf,UF,TODAS,RS,produtividade_kg_ha
random_forest,,,,,2,historico_insuficiente,uf,UF,TODAS,RS,produtividade_kg_ha
xgboost,,,,,2,historico_insuficiente,uf,UF,TODAS,RS,produtividade_kg_ha
exponential_smoothing,,,,,2,historico_insuficiente,uf,UF,TODAS,RS,produtividade_kg_ha
baseline_ingenuo,195.67200000000048,195.67200000000048,3.5612138688452295,,2,,uf,UF,TODAS,SC,produtividade_kg_ha
regressao_linear,,,,,2,historico_insuficiente,uf,UF,TODAS,SC,produtividade_kg_ha
random_forest,,,,,2,historico_insuficiente,uf,UF,TODAS,SC,produtividade_kg_ha
xgboost,,,,,2,historico_insuficiente,uf,UF,TODAS,SC,produtividade_kg_ha
exponential_smoothing,,,,,2,historico_insuficiente,uf,UF,TODAS,SC,produtividade_kg_ha
baseline_ingenuo,771.4780000000001,771.4780000000001,12.929984525476149,,2,,uf,UF,TODAS,SE,produtividade_kg_ha
regressao_linear,,,,,2,historico_insuficiente,uf,UF,TODAS,SE,produtividade_kg_ha
random_forest,,,,,2,historico_insuficiente,uf,UF,TODAS,SE,produtividade_kg_ha
xgboost,,,,,2,historico_insuficiente,uf,UF,TODAS,SE,produtividade_kg_ha
exponential_smoothing,,,,,2,historico_insuficiente,uf,UF,TODAS,SE,produtividade_kg_ha
baseline_ingenuo,69.40800000000036,69.40800000000036,1.6132087509509132,,2,,uf,UF,TODAS,SP,produtividade_kg_ha
regressao_linear,,,,,2,historico_insuficiente,uf,UF,TODAS,SP,produtividade_kg_ha
random_forest,,,,,2,historico_insuficiente,uf,UF,TODAS,SP,produtividade_kg_ha
xgboost,,,,,2,historico_insuficiente,uf,UF,TODAS,SP,produtividade_kg_ha
exponential_smoothing,,,,,2,historico_insuficiente,uf,UF,TODAS,SP,produtividade_kg_ha
baseline_ingenuo,17.42099999999982,17.42099999999982,0.45539335676217235,,2,,uf,UF,TODAS,TO,produtividade_kg_ha
regressao_linear,,,,,2,historico_insuficiente,uf,UF,TODAS,TO,produtividade_kg_ha
random_forest,,,,,2,historico_insuficiente,uf,UF,TODAS,TO,produtividade_kg_ha
xgboost,,,,,2,historico_insuficiente,uf,UF,TODAS,TO,produtividade_kg_ha
exponential_smoothing,,,,,2,historico_insuficiente,uf,UF,TODAS,TO,produtividade_kg_ha
baseline_ingenuo,67.5,67.5,3.344730191764531,,2,,produto,PRODUTO,ALGODÃO - CAROÇO (1),BRASIL,area_mil_ha
regressao_linear,,,,,2,historico_insuficiente,produto,PRODUTO,ALGODÃO - CAROÇO (1),BRASIL,area_mil_ha
random_forest,,,,,2,historico_insuficiente,produto,PRODUTO,ALGODÃO - CAROÇO (1),BRASIL,area_mil_ha
xgboost,,,,,2,historico_insuficiente,produto,PRODUTO,ALGODÃO - CAROÇO (1),BRASIL,area_mil_ha
exponential_smoothing,,,,,2,historico_insuficiente,produto,PRODUTO,ALGODÃO - CAROÇO (1),BRASIL,area_mil_ha
baseline_ingenuo,67.5,67.5,3.344730191764531,,2,,produto,PRODUTO,ALGODÃO - PLUMA,BRASIL,area_mil_ha
regressao_linear,,,,,2,historico_insuficiente,produto,PRODUTO,ALGODÃO - PLUMA,BRASIL,area_mil_ha
random_forest,,,,,2,historico_insuficiente,produto,PRODUTO,ALGODÃO - PLUMA,BRASIL,area_mil_ha
xgboost,,,,,2,historico_insuficiente,produto,PRODUTO,ALGODÃO - PLUMA,BRASIL,area_mil_ha
exponential_smoothing,,,,,2,historico_insuficiente,produto,PRODUTO,ALGODÃO - PLUMA,BRASIL,area_mil_ha
baseline_ingenuo,0.8999999999999773,0.8999999999999773,0.32846715328466325,,2,,produto,PRODUTO,AMENDOIM 1ª SAFRA,BRASIL,area_mil_ha
regressao_linear,,,,,2,historico_insuficiente,produto,PRODUTO,AMENDOIM 1ª SAFRA,BRASIL,area_mil_ha
random_forest,,,,,2,historico_insuficiente,produto,PRODUTO,AMENDOIM 1ª SAFRA,BRASIL,area_mil_ha
xgboost,,,,,2,historico_insuficiente,produto,PRODUTO,AMENDOIM 1ª SAFRA,BRASIL,area_mil_ha
exponential_smoothing,,,,,2,historico_insuficiente,produto,PRODUTO,AMENDOIM 1ª SAFRA,BRASIL,area_mil_ha
baseline_ingenuo,0.0,0.0,0.0,,2,,produto,PRODUTO,AMENDOIM 2ª SAFRA,BRASIL,area_mil_ha
regressao_linear,,,,,2,historico_insuficiente,produto,PRODUTO,AMENDOIM 2ª SAFRA,BRASIL,area_mil_ha
random_forest,,,,,2,historico_insuficiente,produto,PRODUTO,AMENDOIM 2ª SAFRA,BRASIL,area_mil_ha
xgboost,,,,,2,historico_insuficiente,produto,PRODUTO,AMENDOIM 2ª SAFRA,BRASIL,area_mil_ha
exponential_smoothing,,,,,2,historico_insuficiente,produto,PRODUTO,AMENDOIM 2ª SAFRA,BRASIL,area_mil_ha
baseline_ingenuo,0.8999999999999773,0.8999999999999773,0.3199431212228856,,2,,produto,PRODUTO,AMENDOIM TOTAL,BRASIL,area_mil_ha
regressao_linear,,,,,2,historico_insuficiente,produto,PRODUTO,AMENDOIM TOTAL,BRASIL,area_mil_ha
random_forest,,,,,2,historico_insuficiente,produto,PRODUTO,AMENDOIM TOTAL,BRASIL,area_mil_ha
xgboost,,,,,2,historico_insuficiente,produto,PRODUTO,AMENDOIM TOTAL,BRASIL,area_mil_ha
exponential_smoothing,,,,,2,historico_insuficiente,produto,PRODUTO,AMENDOIM TOTAL,BRASIL,area_mil_ha
baseline_ingenuo,204.0,204.0,13.077761394961215,,2,,produto,PRODUTO,ARROZ,BRASIL,area_mil_ha
regressao_linear,,,,,2,historico_insuficiente,produto,PRODUTO,ARROZ,BRASIL,area_mil_ha
random_forest,,,,,2,historico_insuficiente,produto,PRODUTO,ARROZ,BRASIL,area_mil_ha
xgboost,,,,,2,historico_insuficiente,produto,PRODUTO,ARROZ,BRASIL,area_mil_ha
exponential_smoothing,,,,,2,historico_insuficiente,produto,PRODUTO,ARROZ,BRASIL,area_mil_ha
baseline_ingenuo,105.40000000000009,105.40000000000009,8.339267347100252,,2,,produto,PRODUTO,ARROZ IRRIGADO,BRASIL,area_mil_ha
regressao_linear,,,,,2,historico_insuficiente,produto,PRODUTO,ARROZ IRRIGADO,BRASIL,area_mil_ha
random_forest,,,,,2,historico_insuficiente,produto,PRODUTO,ARROZ IRRIGADO,BRASIL,area_mil_ha
xgboost,,,,,2,historico_insuficiente,produto,PRODUTO,ARROZ IRRIGADO,BRASIL,area_mil_ha
exponential_smoothing,,,,,2,historico_insuficiente,produto,PRODUTO,ARROZ IRRIGADO,BRASIL,area_mil_ha
baseline_ingenuo,98.60000000000002,98.60000000000002,33.31081081081082,,2,,produto,PRODUTO,ARROZ SEQUEIRO,BRASIL,area_mil_ha
regressao_linear,,,,,2,historico_insuficiente,produto,PRODUTO,ARROZ SEQUEIRO,BRASIL,area_mil_ha
random_forest,,,,,2,historico_insuficiente,produto,PRODUTO,ARROZ SEQUEIRO,BRASIL,area_mil_ha
xgboost,,,,,2,historico_insuficiente,produto,PRODUTO,ARROZ SEQUEIRO,BRASIL,area_mil_ha
exponential_smoothing,,,,,2,historico_insuficiente,produto,PRODUTO,ARROZ SEQUEIRO,BRASIL,area_mil_ha
baseline_ingenuo,36.799999999999955,36.799999999999955,7.229862475442034,,2,,produto,PRODUTO,AVEIA,BRASIL,area_mil_ha
regressao_linear,,,,,2,historico_insuficiente,produto,PRODUTO,AVEIA,BRASIL,area_mil_ha
random_forest,,,,,2,historico_insuficiente,produto,PRODUTO,AVEIA,BRASIL,area_mil_ha
xgboost,,,,,2,historico_insuficiente,produto,PRODUTO,AVEIA,BRASIL,area_mil_ha
exponential_smoothing,,,,,2,historico_insuficiente,produto,PRODUTO,AVEIA,BRASIL,area_mil_ha
baseline_ingenuo,63.79999999999998,63.79999999999998,23.1410953935437,,2,,produto,PRODUTO,CANOLA,BRASIL,area_mil_ha
regressao_linear,,,,,2,historico_insuficiente,produto,PRODUTO,CANOLA,BRASIL,area_mil_ha
random_forest,,,,,2,historico_insuficiente,produto,PRODUTO,CANOLA,BRASIL,area_mil_ha
xgboost,,,,,2,historico_insuficiente,produto,PRODUTO,CANOLA,BRASIL,area_mil_ha
exponential_smoothing,,,,,2,historico_insuficiente,produto,PRODUTO,CANOLA,BRASIL,area_mil_ha
baseline_ingenuo,8.0,8.0,15.444015444015443,,2,,produto,PRODUTO,CAUPI,BRASIL,area_mil_ha
regressao_linear,,,,,2,historico_insuficiente,produto,PRODUTO,CAUPI,BRASIL,area_mil_ha
random_forest,,,,,2,historico_insuficiente,produto,PRODUTO,CAUPI,BRASIL,area_mil_ha
xgboost,,,,,2,historico_insuficiente,produto,PRODUTO,CAUPI,BRASIL,area_mil_ha
exponential_smoothing,,,,,2,historico_insuficiente,produto,PRODUTO,CAUPI,BRASIL,area_mil_ha
baseline_ingenuo,0.0,0.0,0.0,,2,,produto,PRODUTO,CENTEIO,BRASIL,area_mil_ha
regressao_linear,,,,,2,historico_insuficiente,produto,PRODUTO,CENTEIO,BRASIL,area_mil_ha
random_forest,,,,,2,historico_insuficiente,produto,PRODUTO,CENTEIO,BRASIL,area_mil_ha
xgboost,,,,,2,historico_insuficiente,produto,PRODUTO,CENTEIO,BRASIL,area_mil_ha
exponential_smoothing,,,,,2,historico_insuficiente,produto,PRODUTO,CENTEIO,BRASIL,area_mil_ha
baseline_ingenuo,10.700000000000017,10.700000000000017,7.1380920613742616,,2,,produto,PRODUTO,CEVADA,BRASIL,area_mil_ha
regressao_linear,,,,,2,historico_insuficiente,produto,PRODUTO,CEVADA,BRASIL,area_mil_ha
random_forest,,,,,2,historico_insuficiente,produto,PRODUTO,CEVADA,BRASIL,area_mil_ha
xgboost,,,,,2,historico_insuficiente,produto,PRODUTO,CEVADA,BRASIL,area_mil_ha
exponential_smoothing,,,,,2,historico_insuficiente,produto,PRODUTO,CEVADA,BRASIL,area_mil_ha
baseline_ingenuo,34.5,34.5,9.556786703601109,,2,,produto,PRODUTO,CORES,BRASIL,area_mil_ha
regressao_linear,,,,,2,historico_insuficiente,produto,PRODUTO,CORES,BRASIL,area_mil_ha
random_forest,,,,,2,historico_insuficiente,produto,PRODUTO,CORES,BRASIL,area_mil_ha
xgboost,,,,,2,historico_insuficiente,produto,PRODUTO,CORES,BRASIL,area_mil_ha
exponential_smoothing,,,,,2,historico_insuficiente,produto,PRODUTO,CORES,BRASIL,area_mil_ha
baseline_ingenuo,103.79999999999995,103.79999999999995,12.899217099540195,,2,,produto,PRODUTO,FEIJÃO 1ª SAFRA,BRASIL,area_mil_ha
regressao_linear,,,,,2,historico_insuficiente,produto,PRODUTO,FEIJÃO 1ª SAFRA,BRASIL,area_mil_ha
random_forest,,,,,2,historico_insuficiente,produto,PRODUTO,FEIJÃO 1ª SAFRA,BRASIL,area_mil_ha
xgboost,,,,,2,historico_insuficiente,produto,PRODUTO,FEIJÃO 1ª SAFRA,BRASIL,area_mil_ha
exponential_smoothing,,,,,2,historico_insuficiente,produto,PRODUTO,FEIJÃO 1ª SAFRA,BRASIL,area_mil_ha
baseline_ingenuo,31.09999999999991,31.09999999999991,2.271731190650103,,2,,produto,PRODUTO,FEIJÃO 2ª SAFRA,BRASIL,area_mil_ha
regressao_linear,,,,,2,historico_insuficiente,produto,PRODUTO,FEIJÃO 2ª SAFRA,BRASIL,area_mil_ha
random_forest,,,,,2,historico_insuficiente,produto,PRODUTO,FEIJÃO 2ª SAFRA,BRASIL,area_mil_ha
xgboost,,,,,2,historico_insuficiente,produto,PRODUTO,FEIJÃO 2ª SAFRA,BRASIL,area_mil_ha
exponential_smoothing,,,,,2,historico_insuficiente,produto,PRODUTO,FEIJÃO 2ª SAFRA,BRASIL,area_mil_ha
baseline_ingenuo,42.5,42.5,9.955493089716562,,2,,produto,PRODUTO,FEIJÃO 3ª SAFRA,BRASIL,area_mil_ha
regressao_linear,,,,,2,historico_insuficiente,produto,PRODUTO,FEIJÃO 3ª SAFRA,BRASIL,area_mil_ha
random_forest,,,,,2,historico_insuficiente,produto,PRODUTO,FEIJÃO 3ª SAFRA,BRASIL,area_mil_ha
xgboost,,,,,2,historico_insuficiente,produto,PRODUTO,FEIJÃO 3ª SAFRA,BRASIL,area_mil_ha
exponential_smoothing,,,,,2,historico_insuficiente,produto,PRODUTO,FEIJÃO 3ª SAFRA,BRASIL,area_mil_ha
baseline_ingenuo,92.40000000000009,92.40000000000009,3.5530262247173767,,2,,produto,PRODUTO,FEIJÃO TOTAL,BRASIL,area_mil_ha
regressao_linear,,,,,2,historico_insuficiente,produto,PRODUTO,FEIJÃO TOTAL,BRASIL,area_mil_ha
random_forest,,,,,2,historico_insuficiente,produto,PRODUTO,FEIJÃO TOTAL,BRASIL,area_mil_ha
xgboost,,,,,2,historico_insuficiente,produto,PRODUTO,FEIJÃO TOTAL,BRASIL,area_mil_ha
exponential_smoothing,,,,,2,historico_insuficiente,produto,PRODUTO,FEIJÃO TOTAL,BRASIL,area_mil_ha
baseline_ingenuo,0.0,0.0,0.0,,2,,produto,PRODUTO,GERGELIM,BRASIL,area_mil_ha
regressao_linear,,,,,2,historico_insuficiente,produto,PRODUTO,GERGELIM,BRASIL,area_mil_ha
random_forest,,,,,2,historico_insuficiente,produto,PRODUTO,GERGELIM,BRASIL,area_mil_ha
xgboost,,,,,2,historico_insuficiente,produto,PRODUTO,GERGELIM,BRASIL,area_mil_ha
exponential_smoothing,,,,,2,historico_insuficiente,produto,PRODUTO,GERGELIM,BRASIL,area_mil_ha
baseline_ingenuo,1.8999999999999915,1.8999999999999915,2.9780564263322753,,2,,produto,PRODUTO,GIRASSOL,BRASIL,area_mil_ha
regressao_linear,,,,,2,historico_insuficiente,produto,PRODUTO,GIRASSOL,BRASIL,area_mil_ha
random_forest,,,,,2,historico_insuficiente,produto,PRODUTO,GIRASSOL,BRASIL,area_mil_ha
xgboost,,,,,2,historico_insuficiente,produto,PRODUTO,GIRASSOL,BRASIL,area_mil_ha
exponential_smoothing,,,,,2,historico_insuficiente,produto,PRODUTO,GIRASSOL,BRASIL,area_mil_ha
baseline_ingenuo,6.5,6.5,8.54139290407359,,2,,produto,PRODUTO,MAMONA,BRASIL,area_mil_ha
regressao_linear,,,,,2,historico_insuficiente,produto,PRODUTO,MAMONA,BRASIL,area_mil_ha
random_forest,,,,,2,historico_insuficiente,produto,PRODUTO,MAMONA,BRASIL,area_mil_ha
xgboost,,,,,2,historico_insuficiente,produto,PRODUTO,MAMONA,BRASIL,area_mil_ha
exponential_smoothing,,,,,2,historico_insuficiente,produto,PRODUTO,MAMONA,BRASIL,area_mil_ha
baseline_ingenuo,271.0999999999999,271.0999999999999,6.7042560031654155,,2,,produto,PRODUTO,MILHO 1ª SAFRA,BRASIL,area_mil_ha
regressao_linear,,,,,2,historico_insuficiente,produto,PRODUTO,MILHO 1ª SAFRA,BRASIL,area_mil_ha
random_forest,,,,,2,historico_insuficiente,produto,PRODUTO,MILHO 1ª SAFRA,BRASIL,area_mil_ha
xgboost,,,,,2,historico_insuficiente,produto,PRODUTO,MILHO 1ª SAFRA,BRASIL,area_mil_ha
exponential_smoothing,,,,,2,historico_insuficiente,produto,PRODUTO,MILHO 1ª SAFRA,BRASIL,area_mil_ha
baseline_ingenuo,463.8000000000029,463.8000000000029,2.5919157711201057,,2,,produto,PRODUTO,MILHO 2ª SAFRA,BRASIL,area_mil_ha
regressao_linear,,,,,2,historico_insuficiente,produto,PRODUTO,MILHO 2ª SAFRA,BRASIL,area_mil_ha
random_forest,,,,,2,historico_insuficiente,produto,PRODUTO,MILHO 2ª SAFRA,BRASIL,area_mil_ha
xgboost,,,,,2,historico_insuficiente,produto,PRODUTO,MILHO 2ª SAFRA,BRASIL,area_mil_ha
exponential_smoothing,,,,,2,historico_insuficiente,produto,PRODUTO,MILHO 2ª SAFRA,BRASIL,area_mil_ha
baseline_ingenuo,47.30000000000007,47.30000000000007,8.046954746512432,,2,,produto,PRODUTO,MILHO 3ª SAFRA,BRASIL,area_mil_ha
regressao_linear,,,,,2,historico_insuficiente,produto,PRODUTO,MILHO 3ª SAFRA,BRASIL,area_mil_ha
random_forest,,,,,2,historico_insuficiente,produto,PRODUTO,MILHO 3ª SAFRA,BRASIL,area_mil_ha
xgboost,,,,,2,historico_insuficiente,produto,PRODUTO,MILHO 3ª SAFRA,BRASIL,area_mil_ha
exponential_smoothing,,,,,2,historico_insuficiente,produto,PRODUTO,MILHO 3ª SAFRA,BRASIL,area_mil_ha
baseline_ingenuo,687.5999999999985,687.5999999999985,3.0525269027240056,,2,,produto,PRODUTO,MILHO TOTAL,BRASIL,area_mil_ha
regressao_linear,,,,,2,historico_insuficiente,produto,PRODUTO,MILHO TOTAL,BRASIL,area_mil_ha
random_forest,,,,,2,historico_insuficiente,produto,PRODUTO,MILHO TOTAL,BRASIL,area_mil_ha
xgboost,,,,,2,historico_insuficiente,produto,PRODUTO,MILHO TOTAL,BRASIL,area_mil_ha
exponential_smoothing,,,,,2,historico_insuficiente,produto,PRODUTO,MILHO TOTAL,BRASIL,area_mil_ha
baseline_ingenuo,0.0,0.0,0.0,,2,,produto,PRODUTO,PRETO,BRASIL,area_mil_ha
regressao_linear,,,,,2,historico_insuficiente,produto,PRODUTO,PRETO,BRASIL,area_mil_ha
random_forest,,,,,2,historico_insuficiente,produto,PRODUTO,PRETO,BRASIL,area_mil_ha
xgboost,,,,,2,historico_insuficiente,produto,PRODUTO,PRETO,BRASIL,area_mil_ha
exponential_smoothing,,,,,2,historico_insuficiente,produto,PRODUTO,PRETO,BRASIL,area_mil_ha
baseline_ingenuo,1088.300000000003,1088.300000000003,2.2469567084551536,,2,,produto,PRODUTO,SOJA,BRASIL,area_mil_ha
regressao_linear,,,,,2,historico_insuficiente,produto,PRODUTO,SOJA,BRASIL,area_mil_ha
random_forest,,,,,2,historico_insuficiente,produto,PRODUTO,SOJA,BRASIL,area_mil_ha
xgboost,,,,,2,historico_insuficiente,produto,PRODUTO,SOJA,BRASIL,area_mil_ha
exponential_smoothing,,,,,2,historico_insuficiente,produto,PRODUTO,SOJA,BRASIL,area_mil_ha
baseline_ingenuo,191.70000000000005,191.70000000000005,10.511597302187862,,2,,produto,PRODUTO,SORGO,BRASIL,area_mil_ha
regressao_linear,,,,,2,historico_insuficiente,produto,PRODUTO,SORGO,BRASIL,area_mil_ha
random_forest,,,,,2,historico_insuficiente,produto,PRODUTO,SORGO,BRASIL,area_mil_ha
xgboost,,,,,2,historico_insuficiente,produto,PRODUTO,SORGO,BRASIL,area_mil_ha
exponential_smoothing,,,,,2,historico_insuficiente,produto,PRODUTO,SORGO,BRASIL,area_mil_ha
baseline_ingenuo,127.59999999999991,127.59999999999991,5.504033127722896,,2,,produto,PRODUTO,TRIGO,BRASIL,area_mil_ha
regressao_linear,,,,,2,historico_insuficiente,produto,PRODUTO,TRIGO,BRASIL,area_mil_ha
random_forest,,,,,2,historico_insuficiente,produto,PRODUTO,TRIGO,BRASIL,area_mil_ha
xgboost,,,,,2,historico_insuficiente,produto,PRODUTO,TRIGO,BRASIL,area_mil_ha
exponential_smoothing,,,,,2,historico_insuficiente,produto,PRODUTO,TRIGO,BRASIL,area_mil_ha
baseline_ingenuo,0.0,0.0,0.0,,2,,produto,PRODUTO,TRITICALE,BRASIL,area_mil_ha
regressao_linear,,,,,2,historico_insuficiente,produto,PRODUTO,TRITICALE,BRASIL,area_mil_ha
random_forest,,,,,2,historico_insuficiente,produto,PRODUTO,TRITICALE,BRASIL,area_mil_ha
xgboost,,,,,2,historico_insuficiente,produto,PRODUTO,TRITICALE,BRASIL,area_mil_ha
exponential_smoothing,,,,,2,historico_insuficiente,produto,PRODUTO,TRITICALE,BRASIL,area_mil_ha
baseline_ingenuo,51.59999999999991,51.59999999999991,3.5044824775876062,,2,,produto_uf,REGIAO,ALGODÃO - CAROÇO (1),CENTRO-OESTE,area_mil_ha
regressao_linear,,,,,2,historico_insuficiente,produto_uf,REGIAO,ALGODÃO - CAROÇO (1),CENTRO-OESTE,area_mil_ha
random_forest,,,,,2,historico_insuficiente,produto_uf,REGIAO,ALGODÃO - CAROÇO (1),CENTRO-OESTE,area_mil_ha
xgboost,,,,,2,historico_insuficiente,produto_uf,REGIAO,ALGODÃO - CAROÇO (1),CENTRO-OESTE,area_mil_ha
exponential_smoothing,,,,,2,historico_insuficiente,produto_uf,REGIAO,ALGODÃO - CAROÇO (1),CENTRO-OESTE,area_mil_ha
baseline_ingenuo,13.699999999999989,13.699999999999989,2.913653764355591,,2,,produto_uf,REGIAO,ALGODÃO - CAROÇO (1),NORDESTE,area_mil_ha
regressao_linear,,,,,2,historico_insuficiente,produto_uf,REGIAO,ALGODÃO - CAROÇO (1),NORDESTE,area_mil_ha
random_forest,,,,,2,historico_insuficiente,produto_uf,REGIAO,ALGODÃO - CAROÇO (1),NORDESTE,area_mil_ha
xgboost,,,,,2,historico_insuficiente,produto_uf,REGIAO,ALGODÃO - CAROÇO (1),NORDESTE,area_mil_ha
exponential_smoothing,,,,,2,historico_insuficiente,produto_uf,REGIAO,ALGODÃO - CAROÇO (1),NORDESTE,area_mil_ha
baseline_ingenuo,0.6999999999999993,0.6999999999999993,2.892561983471072,,2,,produto_uf,REGIAO,ALGODÃO - CAROÇO (1),NORTE,area_mil_ha
regressao_linear,,,,,2,historico_insuficiente,produto_uf,REGIAO,ALGODÃO - CAROÇO (1),NORTE,area_mil_ha
random_forest,,,,,2,historico_insuficiente,produto_uf,REGIAO,ALGODÃO - CAROÇO (1),NORTE,area_mil_ha
xgboost,,,,,2,historico_insuficiente,produto_uf,REGIAO,ALGODÃO - CAROÇO (1),NORTE,area_mil_ha
exponential_smoothing,,,,,2,historico_insuficiente,produto_uf,REGIAO,ALGODÃO - CAROÇO (1),NORTE,area_mil_ha
baseline_ingenuo,2.8999999999999986,2.8999999999999986,5.83501006036217,,2,,produto_uf,REGIAO,ALGODÃO - CAROÇO (1),SUDESTE,area_mil_ha
regressao_linear,,,,,2,historico_insuficiente,produto_uf,REGIAO,ALGODÃO - CAROÇO (1),SUDESTE,area_mil_ha
random_forest,,,,,2,historico_insuficiente,produto_uf,REGIAO,ALGODÃO - CAROÇO (1),SUDESTE,area_mil_ha
xgboost,,,,,2,historico_insuficiente,produto_uf,REGIAO,ALGODÃO - CAROÇO (1),SUDESTE,area_mil_ha
exponential_smoothing,,,,,2,historico_insuficiente,produto_uf,REGIAO,ALGODÃO - CAROÇO (1),SUDESTE,area_mil_ha
baseline_ingenuo,0.0,0.0,0.0,,2,,produto_uf,REGIAO,ALGODÃO - CAROÇO (1),SUL,area_mil_ha
regressao_linear,,,,,2,historico_insuficiente,produto_uf,REGIAO,ALGODÃO - CAROÇO (1),SUL,area_mil_ha
random_forest,,,,,2,historico_insuficiente,produto_uf,REGIAO,ALGODÃO - CAROÇO (1),SUL,area_mil_ha
xgboost,,,,,2,historico_insuficiente,produto_uf,REGIAO,ALGODÃO - CAROÇO (1),SUL,area_mil_ha
exponential_smoothing,,,,,2,historico_insuficiente,produto_uf,REGIAO,ALGODÃO - CAROÇO (1),SUL,area_mil_ha
baseline_ingenuo,51.59999999999991,51.59999999999991,3.5044824775876062,,2,,produto_uf,REGIAO,ALGODÃO - PLUMA,CENTRO-OESTE,area_mil_ha
regressao_linear,,,,,2,historico_insuficiente,produto_uf,REGIAO,ALGODÃO - PLUMA,CENTRO-OESTE,area_mil_ha
random_forest,,,,,2,historico_insuficiente,produto_uf,REGIAO,ALGODÃO - PLUMA,CENTRO-OESTE,area_mil_ha
xgboost,,,,,2,historico_insuficiente,produto_uf,REGIAO,ALGODÃO - PLUMA,CENTRO-OESTE,area_mil_ha
exponential_smoothing,,,,,2,historico_insuficiente,produto_uf,REGIAO,ALGODÃO - PLUMA,CENTRO-OESTE,area_mil_ha
baseline_ingenuo,13.699999999999989,13.699999999999989,2.913653764355591,,2,,produto_uf,REGIAO,ALGODÃO - PLUMA,NORDESTE,area_mil_ha
regressao_linear,,,,,2,historico_insuficiente,produto_uf,REGIAO,ALGODÃO - PLUMA,NORDESTE,area_mil_ha
random_forest,,,,,2,historico_insuficiente,produto_uf,REGIAO,ALGODÃO - PLUMA,NORDESTE,area_mil_ha
xgboost,,,,,2,historico_insuficiente,produto_uf,REGIAO,ALGODÃO - PLUMA,NORDESTE,area_mil_ha
exponential_smoothing,,,,,2,historico_insuficiente,produto_uf,REGIAO,ALGODÃO - PLUMA,NORDESTE,area_mil_ha
baseline_ingenuo,0.6999999999999993,0.6999999999999993,2.892561983471072,,2,,produto_uf,REGIAO,ALGODÃO - PLUMA,NORTE,area_mil_ha
regressao_linear,,,,,2,historico_insuficiente,produto_uf,REGIAO,ALGODÃO - PLUMA,NORTE,area_mil_ha
random_forest,,,,,2,historico_insuficiente,produto_uf,REGIAO,ALGODÃO - PLUMA,NORTE,area_mil_ha
xgboost,,,,,2,historico_insuficiente,produto_uf,REGIAO,ALGODÃO - PLUMA,NORTE,area_mil_ha
exponential_smoothing,,,,,2,historico_insuficiente,produto_uf,REGIAO,ALGODÃO - PLUMA,NORTE,area_mil_ha
baseline_ingenuo,2.8999999999999986,2.8999999999999986,5.83501006036217,,2,,produto_uf,REGIAO,ALGODÃO - PLUMA,SUDESTE,area_mil_ha
regressao_linear,,,,,2,historico_insuficiente,produto_uf,REGIAO,ALGODÃO - PLUMA,SUDESTE,area_mil_ha
random_forest,,,,,2,historico_insuficiente,produto_uf,REGIAO,ALGODÃO - PLUMA,SUDESTE,area_mil_ha
xgboost,,,,,2,historico_insuficiente,produto_uf,REGIAO,ALGODÃO - PLUMA,SUDESTE,area_mil_ha
exponential_smoothing,,,,,2,historico_insuficiente,produto_uf,REGIAO,ALGODÃO - PLUMA,SUDESTE,area_mil_ha
baseline_ingenuo,0.0,0.0,0.0,,2,,produto_uf,REGIAO,ALGODÃO - PLUMA,SUL,area_mil_ha
regressao_linear,,,,,2,historico_insuficiente,produto_uf,REGIAO,ALGODÃO - PLUMA,SUL,area_mil_ha
random_forest,,,,,2,historico_insuficiente,produto_uf,REGIAO,ALGODÃO - PLUMA,SUL,area_mil_ha
xgboost,,,,,2,historico_insuficiente,produto_uf,REGIAO,ALGODÃO - PLUMA,SUL,area_mil_ha
exponential_smoothing,,,,,2,historico_insuficiente,produto_uf,REGIAO,ALGODÃO - PLUMA,SUL,area_mil_ha
baseline_ingenuo,2.0,2.0,4.395604395604396,,2,,produto_uf,REGIAO,AMENDOIM TOTAL,CENTRO-OESTE,area_mil_ha
regressao_linear,,,,,2,historico_insuficiente,produto_uf,REGIAO,AMENDOIM TOTAL,CENTRO-OESTE,area_mil_ha
random_forest,,,,,2,historico_insuficiente,produto_uf,REGIAO,AMENDOIM TOTAL,CENTRO-OESTE,area_mil_ha
xgboost,,,,,2,historico_insuficiente,produto_uf,REGIAO,AMENDOIM TOTAL,CENTRO-OESTE,area_mil_ha
exponential_smoothing,,,,,2,historico_insuficiente,produto_uf,REGIAO,AMENDOIM TOTAL,CENTRO-OESTE,area_mil_ha
baseline_ingenuo,0.0,0.0,0.0,,2,,produto_uf,REGIAO,AMENDOIM TOTAL,NORDESTE,area_mil_ha
regressao_linear,,,,,2,historico_insuficiente,produto_uf,REGIAO,AMENDOIM TOTAL,NORDESTE,area_mil_ha
random_forest,,,,,2,historico_insuficiente,produto_uf,REGIAO,AMENDOIM TOTAL,NORDESTE,area_mil_ha
xgboost,,,,,2,historico_insuficiente,produto_uf,REGIAO,AMENDOIM TOTAL,NORDESTE,area_mil_ha
exponential_smoothing,,,,,2,historico_insuficiente,produto_uf,REGIAO,AMENDOIM TOTAL,NORDESTE,area_mil_ha
baseline_ingenuo,0.09999999999999998,0.09999999999999998,9.999999999999998,,2,,produto_uf,REGIAO,AMENDOIM TOTAL,NORTE,area_mil_ha
regressao_linear,,,,,2,historico_insuficiente,produto_uf,REGIAO,AMENDOIM TOTAL,NORTE,area_mil_ha
random_forest,,,,,2,historico_insuficiente,produto_uf,REGIAO,AMENDOIM TOTAL,NORTE,area_mil_ha
xgboost,,,,,2,historico_insuficiente,produto_uf,REGIAO,AMENDOIM TOTAL,NORTE,area_mil_ha
exponential_smoothing,,,,,2,historico_insuficiente,produto_uf,REGIAO,AMENDOIM TOTAL,NORTE,area_mil_ha
baseline_ingenuo,0.5999999999999943,0.5999999999999943,0.26155187445509775,,2,,produto_uf,REGIAO,AMENDOIM TOTAL,SUDESTE,area_mil_ha
regressao_linear,,,,,2,historico_insuficiente,produto_uf,REGIAO,AMENDOIM TOTAL,SUDESTE,area_mil_ha
random_forest,,,,,2,historico_insuficiente,produto_uf,REGIAO,AMENDOIM TOTAL,SUDESTE,area_mil_ha
xgboost,,,,,2,historico_insuficiente,produto_uf,REGIAO,AMENDOIM TOTAL,SUDESTE,area_mil_ha
exponential_smoothing,,,,,2,historico_insuficiente,produto_uf,REGIAO,AMENDOIM TOTAL,SUDESTE,area_mil_ha
baseline_ingenuo,0.6000000000000001,0.6000000000000001,40.00000000000001,,2,,produto_uf,REGIAO,AMENDOIM TOTAL,SUL,area_mil_ha
regressao_linear,,,,,2,historico_insuficiente,produto_uf,REGIAO,AMENDOIM TOTAL,SUL,area_mil_ha
random_forest,,,,,2,historico_insuficiente,produto_uf,REGIAO,AMENDOIM TOTAL,SUL,area_mil_ha
xgboost,,,,,2,historico_insuficiente,produto_uf,REGIAO,AMENDOIM TOTAL,SUL,area_mil_ha
exponential_smoothing,,,,,2,historico_insuficiente,produto_uf,REGIAO,AMENDOIM TOTAL,SUL,area_mil_ha
baseline_ingenuo,65.30000000000001,65.30000000000001,52.44979919678716,,2,,produto_uf,REGIAO,ARROZ,CENTRO-OESTE,area_mil_ha
regressao_linear,,,,,2,historico_insuficiente,produto_uf,REGIAO,ARROZ,CENTRO-OESTE,area_mil_ha
random_forest,,,,,2,historico_insuficiente,produto_uf,REGIAO,ARROZ,CENTRO-OESTE,area_mil_ha
xgboost,,,,,2,historico_insuficiente,produto_uf,REGIAO,ARROZ,CENTRO-OESTE,area_mil_ha
exponential_smoothing,,,,,2,historico_insuficiente,produto_uf,REGIAO,ARROZ,CENTRO-OESTE,area_mil_ha
baseline_ingenuo,24.799999999999983,24.799999999999983,17.538896746817525,,2,,produto_uf,REGIAO,ARROZ,NORDESTE,area_mil_ha
regressao_linear,,,,,2,historico_insuficiente,produto_uf,REGIAO,ARROZ,NORDESTE,area_mil_ha
random_forest,,,,,2,historico_insuficiente,produto_uf,REGIAO,ARROZ,NORDESTE,area_mil_ha
xgboost,,,,,2,historico_insuficiente,produto_uf,REGIAO,ARROZ,NORDESTE,area_mil_ha
exponential_smoothing,,,,,2,historico_insuficiente,produto_uf,REGIAO,ARROZ,NORDESTE,area_mil_ha
baseline_ingenuo,43.099999999999994,43.099999999999994,21.933842239185747,,2,,produto_uf,REGIAO,ARROZ,NORTE,area_mil_ha
regressao_linear,,,,,2,historico_insuficiente,produto_uf,REGIAO,ARROZ,NORTE,area_mil_ha
random_forest,,,,,2,historico_insuficiente,produto_uf,REGIAO,ARROZ,NORTE,area_mil_ha
xgboost,,,,,2,historico_insuficiente,produto_uf,REGIAO,ARROZ,NORTE,area_mil_ha
exponential_smoothing,,,,,2,historico_insuficiente,produto_uf,REGIAO,ARROZ,NORTE,area_mil_ha
baseline_ingenuo,5.799999999999997,5.799999999999997,23.481781376518203,,2,,produto_uf,REGIAO,ARROZ,SUDESTE,area_mil_ha
regressao_linear,,,,,2,historico_insuficiente,produto_uf,REGIAO,ARROZ,SUDESTE,area_mil_ha
random_forest,,,,,2,historico_insuficiente,produto_uf,REGIAO,ARROZ,SUDESTE,area_mil_ha
xgboost,,,,,2,historico_insuficiente,produto_uf,REGIAO,ARROZ,SUDESTE,area_mil_ha
exponential_smoothing,,,,,2,historico_insuficiente,produto_uf,REGIAO,ARROZ,SUDESTE,area_mil_ha
baseline_ingenuo,65.0,65.0,6.058911260253542,,2,,produto_uf,REGIAO,ARROZ,SUL,area_mil_ha
regressao_linear,,,,,2,historico_insuficiente,produto_uf,REGIAO,ARROZ,SUL,area_mil_ha
random_forest,,,,,2,historico_insuficiente,produto_uf,REGIAO,ARROZ,SUL,area_mil_ha
xgboost,,,,,2,historico_insuficiente,produto_uf,REGIAO,ARROZ,SUL,area_mil_ha
exponential_smoothing,,,,,2,historico_insuficiente,produto_uf,REGIAO,ARROZ,SUL,area_mil_ha
baseline_ingenuo,2.1999999999999957,2.1999999999999957,5.75916230366491,,2,,produto_uf,REGIAO,AVEIA,CENTRO-OESTE,area_mil_ha
regressao_linear,,,,,2,historico_insuficiente,produto_uf,REGIAO,AVEIA,CENTRO-OESTE,area_mil_ha
random_forest,,,,,2,historico_insuficiente,produto_uf,REGIAO,AVEIA,CENTRO-OESTE,area_mil_ha
xgboost,,,,,2,historico_insuficiente,produto_uf,REGIAO,AVEIA,CENTRO-OESTE,area_mil_ha
exponential_smoothing,,,,,2,historico_insuficiente,produto_uf,REGIAO,AVEIA,CENTRO-OESTE,area_mil_ha
baseline_ingenuo,0.0,0.0,,,2,,produto_uf,REGIAO,AVEIA,NORDESTE,area_mil_ha
regressao_linear,,,,,2,historico_insuficiente,produto_uf,REGIAO,AVEIA,NORDESTE,area_mil_ha
random_forest,,,,,2,historico_insuficiente,produto_uf,REGIAO,AVEIA,NORDESTE,area_mil_ha
xgboost,,,,,2,historico_insuficiente,produto_uf,REGIAO,AVEIA,NORDESTE,area_mil_ha
exponential_smoothing,,,,,2,historico_insuficiente,produto_uf,REGIAO,AVEIA,NORDESTE,area_mil_ha
baseline_ingenuo,0.0,0.0,,,2,,produto_uf,REGIAO,AVEIA,NORTE,area_mil_ha
regressao_linear,,,,,2,historico_insuficiente,produto_uf,REGIAO,AVEIA,NORTE,area_mil_ha
random_forest,,,,,2,historico_insuficiente,produto_uf,REGIAO,AVEIA,NORTE,area_mil_ha
xgboost,,,,,2,historico_insuficiente,produto_uf,REGIAO,AVEIA,NORTE,area_mil_ha
exponential_smoothing,,,,,2,historico_insuficiente,produto_uf,REGIAO,AVEIA,NORTE,area_mil_ha
baseline_ingenuo,0.0,0.0,,,2,,produto_uf,REGIAO,AVEIA,SUDESTE,area_mil_ha
regressao_linear,,,,,2,historico_insuficiente,produto_uf,REGIAO,AVEIA,SUDESTE,area_mil_ha
random_forest,,,,,2,historico_insuficiente,produto_uf,REGIAO,AVEIA,SUDESTE,area_mil_ha
xgboost,,,,,2,historico_insuficiente,produto_uf,REGIAO,AVEIA,SUDESTE,area_mil_ha
exponential_smoothing,,,,,2,historico_insuficiente,produto_uf,REGIAO,AVEIA,SUDESTE,area_mil_ha
baseline_ingenuo,34.599999999999966,34.599999999999966,7.349192863211547,,2,,produto_uf,REGIAO,AVEIA,SUL,area_mil_ha
regressao_linear,,,,,2,historico_insuficiente,produto_uf,REGIAO,AVEIA,SUL,area_mil_ha
random_forest,,,,,2,historico_insuficiente,produto_uf,REGIAO,AVEIA,SUL,area_mil_ha
xgboost,,,,,2,historico_insuficiente,produto_uf,REGIAO,AVEIA,SUL,area_mil_ha
exponential_smoothing,,,,,2,historico_insuficiente,produto_uf,REGIAO,AVEIA,SUL,area_mil_ha
baseline_ingenuo,0.0,0.0,,,2,,produto_uf,REGIAO,CANOLA,CENTRO-OESTE,area_mil_ha
regressao_linear,,,,,2,historico_insuficiente,produto_uf,REGIAO,CANOLA,CENTRO-OESTE,area_mil_ha
random_forest,,,,,2,historico_insuficiente,produto_uf,REGIAO,CANOLA,CENTRO-OESTE,area_mil_ha
xgboost,,,,,2,historico_insuficiente,produto_uf,REGIAO,CANOLA,CENTRO-OESTE,area_mil_ha
exponential_smoothing,,,,,2,historico_insuficiente,produto_uf,REGIAO,CANOLA,CENTRO-OESTE,area_mil_ha
baseline_ingenuo,0.0,0.0,,,2,,produto_uf,REGIAO,CANOLA,NORDESTE,area_mil_ha
regressao_linear,,,,,2,historico_insuficiente,produto_uf,REGIAO,CANOLA,NORDESTE,area_mil_ha
random_forest,,,,,2,historico_insuficiente,produto_uf,REGIAO,CANOLA,NORDESTE,area_mil_ha
xgboost,,,,,2,historico_insuficiente,produto_uf,REGIAO,CANOLA,NORDESTE,area_mil_ha
exponential_smoothing,,,,,2,historico_insuficiente,produto_uf,REGIAO,CANOLA,NORDESTE,area_mil_ha
baseline_ingenuo,0.0,0.0,,,2,,produto_uf,REGIAO,CANOLA,NORTE,area_mil_ha
regressao_linear,,,,,2,historico_insuficiente,produto_uf,REGIAO,CANOLA,NORTE,area_mil_ha
random_forest,,,,,2,historico_insuficiente,produto_uf,REGIAO,CANOLA,NORTE,area_mil_ha
xgboost,,,,,2,historico_insuficiente,produto_uf,REGIAO,CANOLA,NORTE,area_mil_ha
exponential_smoothing,,,,,2,historico_insuficiente,produto_uf,REGIAO,CANOLA,NORTE,area_mil_ha
baseline_ingenuo,0.0,0.0,,,2,,produto_uf,REGIAO,CANOLA,SUDESTE,area_mil_ha
regressao_linear,,,,,2,historico_insuficiente,produto_uf,REGIAO,CANOLA,SUDESTE,area_mil_ha
random_forest,,,,,2,historico_insuficiente,produto_uf,REGIAO,CANOLA,SUDESTE,area_mil_ha
xgboost,,,,,2,historico_insuficiente,produto_uf,REGIAO,CANOLA,SUDESTE,area_mil_ha
exponential_smoothing,,,,,2,historico_insuficiente,produto_uf,REGIAO,CANOLA,SUDESTE,area_mil_ha
baseline_ingenuo,63.79999999999998,63.79999999999998,23.1410953935437,,2,,produto_uf,REGIAO,CANOLA,SUL,area_mil_ha
regressao_linear,,,,,2,historico_insuficiente,produto_uf,REGIAO,CANOLA,SUL,area_mil_ha
random_forest,,,,,2,historico_insuficiente,produto_uf,REGIAO,CANOLA,SUL,area_mil_ha
xgboost,,,,,2,historico_insuficiente,produto_uf,REGIAO,CANOLA,SUL,area_mil_ha
exponential_smoothing,,,,,2,historico_insuficiente,produto_uf,REGIAO,CANOLA,SUL,area_mil_ha
baseline_ingenuo,0.0,0.0,,,2,,produto_uf,REGIAO,CENTEIO,CENTRO-OESTE,area_mil_ha
regressao_linear,,,,,2,historico_insuficiente,produto_uf,REGIAO,CENTEIO,CENTRO-OESTE,area_mil_ha
random_forest,,,,,2,historico_insuficiente,produto_uf,REGIAO,CENTEIO,CENTRO-OESTE,area_mil_ha
xgboost,,,,,2,historico_insuficiente,produto_uf,REGIAO,CENTEIO,CENTRO-OESTE,area_mil_ha
exponential_smoothing,,,,,2,historico_insuficiente,produto_uf,REGIAO,CENTEIO,CENTRO-OESTE,area_mil_ha
baseline_ingenuo,0.0,0.0,,,2,,produto_uf,REGIAO,CENTEIO,NORDESTE,area_mil_ha
regressao_linear,,,,,2,historico_insuficiente,produto_uf,REGIAO,CENTEIO,NORDESTE,area_mil_ha
random_forest,,,,,2,historico_insuficiente,produto_uf,REGIAO,CENTEIO,NORDESTE,area_mil_ha
xgboost,,,,,2,historico_insuficiente,produto_uf,REGIAO,CENTEIO,NORDESTE,area_mil_ha
exponential_smoothing,,,,,2,historico_insuficiente,produto_uf,REGIAO,CENTEIO,NORDESTE,area_mil_ha
baseline_ingenuo,0.0,0.0,,,2,,produto_uf,REGIAO,CENTEIO,NORTE,area_mil_ha
regressao_linear,,,,,2,historico_insuficiente,produto_uf,REGIAO,CENTEIO,NORTE,area_mil_ha
random_forest,,,,,2,historico_insuficiente,produto_uf,REGIAO,CENTEIO,NORTE,area_mil_ha
xgboost,,,,,2,historico_insuficiente,produto_uf,REGIAO,CENTEIO,NORTE,area_mil_ha
exponential_smoothing,,,,,2,historico_insuficiente,produto_uf,REGIAO,CENTEIO,NORTE,area_mil_ha
baseline_ingenuo,0.0,0.0,,,2,,produto_uf,REGIAO,CENTEIO,SUDESTE,area_mil_ha
regressao_linear,,,,,2,historico_insuficiente,produto_uf,REGIAO,CENTEIO,SUDESTE,area_mil_ha
random_forest,,,,,2,historico_insuficiente,produto_uf,REGIAO,CENTEIO,SUDESTE,area_mil_ha
xgboost,,,,,2,historico_insuficiente,produto_uf,REGIAO,CENTEIO,SUDESTE,area_mil_ha
exponential_smoothing,,,,,2,historico_insuficiente,produto_uf,REGIAO,CENTEIO,SUDESTE,area_mil_ha
baseline_ingenuo,0.0,0.0,0.0,,2,,produto_uf,REGIAO,CENTEIO,SUL,area_mil_ha
regressao_linear,,,,,2,historico_insuficiente,produto_uf,REGIAO,CENTEIO,SUL,area_mil_ha
random_forest,,,,,2,historico_insuficiente,produto_uf,REGIAO,CENTEIO,SUL,area_mil_ha
xgboost,,,,,2,historico_insuficiente,produto_uf,REGIAO,CENTEIO,SUL,area_mil_ha
exponential_smoothing,,,,,2,historico_insuficiente,produto_uf,REGIAO,CENTEIO,SUL,area_mil_ha
baseline_ingenuo,0.0,0.0,,,2,,produto_uf,REGIAO,CEVADA,CENTRO-OESTE,area_mil_ha
regressao_linear,,,,,2,historico_insuficiente,produto_uf,REGIAO,CEVADA,CENTRO-OESTE,area_mil_ha
random_forest,,,,,2,historico_insuficiente,produto_uf,REGIAO,CEVADA,CENTRO-OESTE,area_mil_ha
xgboost,,,,,2,historico_insuficiente,produto_uf,REGIAO,CEVADA,CENTRO-OESTE,area_mil_ha
exponential_smoothing,,,,,2,historico_insuficiente,produto_uf,REGIAO,CEVADA,CENTRO-OESTE,area_mil_ha
baseline_ingenuo,0.0,0.0,,,2,,produto_uf,REGIAO,CEVADA,NORDESTE,area_mil_ha
regressao_linear,,,,,2,historico_insuficiente,produto_uf,REGIAO,CEVADA,NORDESTE,area_mil_ha
random_forest,,,,,2,historico_insuficiente,produto_uf,REGIAO,CEVADA,NORDESTE,area_mil_ha
xgboost,,,,,2,historico_insuficiente,produto_uf,REGIAO,CEVADA,NORDESTE,area_mil_ha
exponential_smoothing,,,,,2,historico_insuficiente,produto_uf,REGIAO,CEVADA,NORDESTE,area_mil_ha
baseline_ingenuo,0.0,0.0,,,2,,produto_uf,REGIAO,CEVADA,NORTE,area_mil_ha
regressao_linear,,,,,2,historico_insuficiente,produto_uf,REGIAO,CEVADA,NORTE,area_mil_ha
random_forest,,,,,2,historico_insuficiente,produto_uf,REGIAO,CEVADA,NORTE,area_mil_ha
xgboost,,,,,2,historico_insuficiente,produto_uf,REGIAO,CEVADA,NORTE,area_mil_ha
exponential_smoothing,,,,,2,historico_insuficiente,produto_uf,REGIAO,CEVADA,NORTE,area_mil_ha
baseline_ingenuo,0.0,0.0,0.0,,2,,produto_uf,REGIAO,CEVADA,SUDESTE,area_mil_ha
regressao_linear,,,,,2,historico_insuficiente,produto_uf,REGIAO,CEVADA,SUDESTE,area_mil_ha
random_forest,,,,,2,historico_insuficiente,produto_uf,REGIAO,CEVADA,SUDESTE,area_mil_ha
xgboost,,,,,2,historico_insuficiente,produto_uf,REGIAO,CEVADA,SUDESTE,area_mil_ha
exponential_smoothing,,,,,2,historico_insuficiente,produto_uf,REGIAO,CEVADA,SUDESTE,area_mil_ha
baseline_ingenuo,10.700000000000017,10.700000000000017,7.338820301783276,,2,,produto_uf,REGIAO,CEVADA,SUL,area_mil_ha
regressao_linear,,,,,2,historico_insuficiente,produto_uf,REGIAO,CEVADA,SUL,area_mil_ha
random_forest,,,,,2,historico_insuficiente,produto_uf,REGIAO,CEVADA,SUL,area_mil_ha
xgboost,,,,,2,historico_insuficiente,produto_uf,REGIAO,CEVADA,SUL,area_mil_ha
exponential_smoothing,,,,,2,historico_insuficiente,produto_uf,REGIAO,CEVADA,SUL,area_mil_ha
baseline_ingenuo,4.699999999999932,4.699999999999932,1.5703307718008457,,2,,produto_uf,REGIAO,FEIJÃO TOTAL,CENTRO-OESTE,area_mil_ha
regressao_linear,,,,,2,historico_insuficiente,produto_uf,REGIAO,FEIJÃO TOTAL,CENTRO-OESTE,area_mil_ha
random_forest,,,,,2,historico_insuficiente,produto_uf,REGIAO,FEIJÃO TOTAL,CENTRO-OESTE,area_mil_ha
xgboost,,,,,2,historico_insuficiente,produto_uf,REGIAO,FEIJÃO TOTAL,CENTRO-OESTE,area_mil_ha
exponential_smoothing,,,,,2,historico_insuficiente,produto_uf,REGIAO,FEIJÃO TOTAL,CENTRO-OESTE,area_mil_ha
baseline_ingenuo,0.900000000000091,0.900000000000091,0.06862371330538246,,2,,produto_uf,REGIAO,FEIJÃO TOTAL,NORDESTE,area_mil_ha
regressao_linear,,,,,2,historico_insuficiente,produto_uf,REGIAO,FEIJÃO TOTAL,NORDESTE,area_mil_ha
random_forest,,,,,2,historico_insuficiente,produto_uf,REGIAO,FEIJÃO TOTAL,NORDESTE,area_mil_ha
xgboost,,,,,2,historico_insuficiente,produto_uf,REGIAO,FEIJÃO TOTAL,NORDESTE,area_mil_ha
exponential_smoothing,,,,,2,historico_insuficiente,produto_uf,REGIAO,FEIJÃO TOTAL,NORDESTE,area_mil_ha
baseline_ingenuo,10.299999999999997,10.299999999999997,8.743633276740235,,2,,produto_uf,REGIAO,FEIJÃO TOTAL,NORTE,area_mil_ha
regressao_linear,,,,,2,historico_insuficiente,produto_uf,REGIAO,FEIJÃO TOTAL,NORTE,area_mil_ha
random_forest,,,,,2,historico_insuficiente,produto_uf,REGIAO,FEIJÃO TOTAL,NORTE,area_mil_ha
xgboost,,,,,2,historico_insuficiente,produto_uf,REGIAO,FEIJÃO TOTAL,NORTE,area_mil_ha
exponential_smoothing,,,,,2,historico_insuficiente,produto_uf,REGIAO,FEIJÃO TOTAL,NORTE,area_mil_ha
baseline_ingenuo,1.099999999999966,1.099999999999966,0.2932551319648003,,2,,produto_uf,REGIAO,FEIJÃO TOTAL,SUDESTE,area_mil_ha
regressao_linear,,,,,2,historico_insuficiente,produto_uf,REGIAO,FEIJÃO TOTAL,SUDESTE,area_mil_ha
random_forest,,,,,2,historico_insuficiente,produto_uf,REGIAO,FEIJÃO TOTAL,SUDESTE,area_mil_ha
xgboost,,,,,2,historico_insuficiente,produto_uf,REGIAO,FEIJÃO TOTAL,SUDESTE,area_mil_ha
exponential_smoothing,,,,,2,historico_insuficiente,produto_uf,REGIAO,FEIJÃO TOTAL,SUDESTE,area_mil_ha
baseline_ingenuo,98.20000000000005,98.20000000000005,19.762527671563703,,2,,produto_uf,REGIAO,FEIJÃO TOTAL,SUL,area_mil_ha
regressao_linear,,,,,2,historico_insuficiente,produto_uf,REGIAO,FEIJÃO TOTAL,SUL,area_mil_ha
random_forest,,,,,2,historico_insuficiente,produto_uf,REGIAO,FEIJÃO TOTAL,SUL,area_mil_ha
xgboost,,,,,2,historico_insuficiente,produto_uf,REGIAO,FEIJÃO TOTAL,SUL,area_mil_ha
exponential_smoothing,,,,,2,historico_insuficiente,produto_uf,REGIAO,FEIJÃO TOTAL,SUL,area_mil_ha
baseline_ingenuo,0.0,0.0,0.0,,2,,produto_uf,REGIAO,GERGELIM,CENTRO-OESTE,area_mil_ha
regressao_linear,,,,,2,historico_insuficiente,produto_uf,REGIAO,GERGELIM,CENTRO-OESTE,area_mil_ha
random_forest,,,,,2,historico_insuficiente,produto_uf,REGIAO,GERGELIM,CENTRO-OESTE,area_mil_ha
xgboost,,,,,2,historico_insuficiente,produto_uf,REGIAO,GERGELIM,CENTRO-OESTE,area_mil_ha
exponential_smoothing,,,,,2,historico_insuficiente,produto_uf,REGIAO,GERGELIM,CENTRO-OESTE,area_mil_ha
baseline_ingenuo,0.0,0.0,,,2,,produto_uf,REGIAO,GERGELIM,NORDESTE,area_mil_ha
regressao_linear,,,,,2,historico_insuficiente,produto_uf,REGIAO,GERGELIM,NORDESTE,area_mil_ha
random_forest,,,,,2,historico_insuficiente,produto_uf,REGIAO,GERGELIM,NORDESTE,area_mil_ha
xgboost,,,,,2,historico_insuficiente,produto_uf,REGIAO,GERGELIM,NORDESTE,area_mil_ha
exponential_smoothing,,,,,2,historico_insuficiente,produto_uf,REGIAO,GERGELIM,NORDESTE,area_mil_ha
baseline_ingenuo,0.0,0.0,0.0,,2,,produto_uf,REGIAO,GERGELIM,NORTE,area_mil_ha
regressao_linear,,,,,2,historico_insuficiente,produto_uf,REGIAO,GERGELIM,NORTE,area_mil_ha
random_forest,,,,,2,historico_insuficiente,produto_uf,REGIAO,GERGELIM,NORTE,area_mil_ha
xgboost,,,,,2,historico_insuficiente,produto_uf,REGIAO,GERGELIM,NORTE,area_mil_ha
exponential_smoothing,,,,,2,historico_insuficiente,produto_uf,REGIAO,GERGELIM,NORTE,area_mil_ha
baseline_ingenuo,0.0,0.0,,,2,,produto_uf,REGIAO,GERGELIM,SUDESTE,area_mil_ha
regressao_linear,,,,,2,historico_insuficiente,produto_uf,REGIAO,GERGELIM,SUDESTE,area_mil_ha
random_forest,,,,,2,historico_insuficiente,produto_uf,REGIAO,GERGELIM,SUDESTE,area_mil_ha
xgboost,,,,,2,historico_insuficiente,produto_uf,REGIAO,GERGELIM,SUDESTE,area_mil_ha
exponential_smoothing,,,,,2,historico_insuficiente,produto_uf,REGIAO,GERGELIM,SUDESTE,area_mil_ha
baseline_ingenuo,0.0,0.0,,,2,,produto_uf,REGIAO,GERGELIM,SUL,area_mil_ha
regressao_linear,,,,,2,historico_insuficiente,produto_uf,REGIAO,GERGELIM,SUL,area_mil_ha
random_forest,,,,,2,historico_insuficiente,produto_uf,REGIAO,GERGELIM,SUL,area_mil_ha
xgboost,,,,,2,historico_insuficiente,produto_uf,REGIAO,GERGELIM,SUL,area_mil_ha
exponential_smoothing,,,,,2,historico_insuficiente,produto_uf,REGIAO,GERGELIM,SUL,area_mil_ha
baseline_ingenuo,0.0,0.0,0.0,,2,,produto_uf,REGIAO,GIRASSOL,CENTRO-OESTE,area_mil_ha
regressao_linear,,,,,2,historico_insuficiente,produto_uf,REGIAO,GIRASSOL,CENTRO-OESTE,area_mil_ha
random_forest,,,,,2,historico_insuficiente,produto_uf,REGIAO,GIRASSOL,CENTRO-OESTE,area_mil_ha
xgboost,,,,,2,historico_insuficiente,produto_uf,REGIAO,GIRASSOL,CENTRO-OESTE,area_mil_ha
exponential_smoothing,,,,,2,historico_insuficiente,produto_uf,REGIAO,GIRASSOL,CENTRO-OESTE,area_mil_ha
baseline_ingenuo,0.0,0.0,,,2,,produto_uf,REGIAO,GIRASSOL,NORDESTE,area_mil_ha
regressao_linear,,,,,2,historico_insuficiente,produto_uf,REGIAO,GIRASSOL,NORDESTE,area_mil_ha
random_forest,,,,,2,historico_insuficiente,produto_uf,REGIAO,GIRASSOL,NORDESTE,area_mil_ha
xgboost,,,,,2,historico_insuficiente,produto_uf,REGIAO,GIRASSOL,NORDESTE,area_mil_ha
exponential_smoothing,,,,,2,historico_insuficiente,produto_uf,REGIAO,GIRASSOL,NORDESTE,area_mil_ha
baseline_ingenuo,0.0,0.0,,,2,,produto_uf,REGIAO,GIRASSOL,NORTE,area_mil_ha
regressao_linear,,,,,2,historico_insuficiente,produto_uf,REGIAO,GIRASSOL,NORTE,area_mil_ha
random_forest,,,,,2,historico_insuficiente,produto_uf,REGIAO,GIRASSOL,NORTE,area_mil_ha
xgboost,,,,,2,historico_insuficiente,produto_uf,REGIAO,GIRASSOL,NORTE,area_mil_ha
exponential_smoothing,,,,,2,historico_insuficiente,produto_uf,REGIAO,GIRASSOL,NORTE,area_mil_ha
baseline_ingenuo,0.0,0.0,0.0,,2,,produto_uf,REGIAO,GIRASSOL,SUDESTE,area_mil_ha
regressao_linear,,,,,2,historico_insuficiente,produto_uf,REGIAO,GIRASSOL,SUDESTE,area_mil_ha
random_forest,,,,,2,historico_insuficiente,produto_uf,REGIAO,GIRASSOL,SUDESTE,area_mil_ha
xgboost,,,,,2,historico_insuficiente,produto_uf,REGIAO,GIRASSOL,SUDESTE,area_mil_ha
exponential_smoothing,,,,,2,historico_insuficiente,produto_uf,REGIAO,GIRASSOL,SUDESTE,area_mil_ha
baseline_ingenuo,1.9000000000000004,1.9000000000000004,31.66666666666667,,2,,produto_uf,REGIAO,GIRASSOL,SUL,area_mil_ha
regressao_linear,,,,,2,historico_insuficiente,produto_uf,REGIAO,GIRASSOL,SUL,area_mil_ha
random_forest,,,,,2,historico_insuficiente,produto_uf,REGIAO,GIRASSOL,SUL,area_mil_ha
xgboost,,,,,2,historico_insuficiente,produto_uf,REGIAO,GIRASSOL,SUL,area_mil_ha
exponential_smoothing,,,,,2,historico_insuficiente,produto_uf,REGIAO,GIRASSOL,SUL,area_mil_ha
baseline_ingenuo,0.0,0.0,,,2,,produto_uf,REGIAO,MAMONA,CENTRO-OESTE,area_mil_ha
regressao_linear,,,,,2,historico_insuficiente,produto_uf,REGIAO,MAMONA,CENTRO-OESTE,area_mil_ha
random_forest,,,,,2,historico_insuficiente,produto_uf,REGIAO,MAMONA,CENTRO-OESTE,area_mil_ha
xgboost,,,,,2,historico_insuficiente,produto_uf,REGIAO,MAMONA,CENTRO-OESTE,area_mil_ha
exponential_smoothing,,,,,2,historico_insuficiente,produto_uf,REGIAO,MAMONA,CENTRO-OESTE,area_mil_ha
baseline_ingenuo,6.5,6.5,8.54139290407359,,2,,produto_uf,REGIAO,MAMONA,NORDESTE,area_mil_ha
regressao_linear,,,,,2,historico_insuficiente,produto_uf,REGIAO,MAMONA,NORDESTE,area_mil_ha
random_forest,,,,,2,historico_insuficiente,produto_uf,REGIAO,MAMONA,NORDESTE,area_mil_ha
xgboost,,,,,2,historico_insuficiente,produto_uf,REGIAO,MAMONA,NORDESTE,area_mil_ha
exponential_smoothing,,,,,2,historico_insuficiente,produto_uf,REGIAO,MAMONA,NORDESTE,area_mil_ha
baseline_ingenuo,0.0,0.0,,,2,,produto_uf,REGIAO,MAMONA,NORTE,area_mil_ha
regressao_linear,,,,,2,historico_insuficiente,produto_uf,REGIAO,MAMONA,NORTE,area_mil_ha
random_forest,,,,,2,historico_insuficiente,produto_uf,REGIAO,MAMONA,NORTE,area_mil_ha
xgboost,,,,,2,historico_insuficiente,produto_uf,REGIAO,MAMONA,NORTE,area_mil_ha
exponential_smoothing,,,,,2,historico_insuficiente,produto_uf,REGIAO,MAMONA,NORTE,area_mil_ha
baseline_ingenuo,0.0,0.0,,,2,,produto_uf,REGIAO,MAMONA,SUDESTE,area_mil_ha
regressao_linear,,,,,2,historico_insuficiente,produto_uf,REGIAO,MAMONA,SUDESTE,area_mil_ha
random_forest,,,,,2,historico_insuficiente,produto_uf,REGIAO,MAMONA,SUDESTE,area_mil_ha
xgboost,,,,,2,historico_insuficiente,produto_uf,REGIAO,MAMONA,SUDESTE,area_mil_ha
exponential_smoothing,,,,,2,historico_insuficiente,produto_uf,REGIAO,MAMONA,SUDESTE,area_mil_ha
baseline_ingenuo,0.0,0.0,,,2,,produto_uf,REGIAO,MAMONA,SUL,area_mil_ha
regressao_linear,,,,,2,historico_insuficiente,produto_uf,REGIAO,MAMONA,SUL,area_mil_ha
random_forest,,,,,2,historico_insuficiente,produto_uf,REGIAO,MAMONA,SUL,area_mil_ha
xgboost,,,,,2,historico_insuficiente,produto_uf,REGIAO,MAMONA,SUL,area_mil_ha
exponential_smoothing,,,,,2,historico_insuficiente,produto_uf,REGIAO,MAMONA,SUL,area_mil_ha
baseline_ingenuo,318.60000000000036,318.60000000000036,2.7200778628691475,,2,,produto_uf,REGIAO,MILHO TOTAL,CENTRO-OESTE,area_mil_ha
regressao_linear,,,,,2,historico_insuficiente,produto_uf,REGIAO,MILHO TOTAL,CENTRO-OESTE,area_mil_ha
random_forest,,,,,2,historico_insuficiente,produto_uf,REGIAO,MILHO TOTAL,CENTRO-OESTE,area_mil_ha
xgboost,,,,,2,historico_insuficiente,produto_uf,REGIAO,MILHO TOTAL,CENTRO-OESTE,area_mil_ha
exponential_smoothing,,,,,2,historico_insuficiente,produto_uf,REGIAO,MILHO TOTAL,CENTRO-OESTE,area_mil_ha
baseline_ingenuo,92.89999999999964,92.89999999999964,3.2133098128739794,,2,,produto_uf,REGIAO,MILHO TOTAL,NORDESTE,area_mil_ha
regressao_linear,,,,,2,historico_insuficiente,produto_uf,REGIAO,MILHO TOTAL,NORDESTE,area_mil_ha
random_forest,,,,,2,historico_insuficiente,produto_uf,REGIAO,MILHO TOTAL,NORDESTE,area_mil_ha
xgboost,,,,,2,historico_insuficiente,produto_uf,REGIAO,MILHO TOTAL,NORDESTE,area_mil_ha
exponential_smoothing,,,,,2,historico_insuficiente,produto_uf,REGIAO,MILHO TOTAL,NORDESTE,area_mil_ha
baseline_ingenuo,132.20000000000005,132.20000000000005,7.859690844233058,,2,,produto_uf,REGIAO,MILHO TOTAL,NORTE,area_mil_ha
regressao_linear,,,,,2,historico_insuficiente,produto_uf,REGIAO,MILHO TOTAL,NORTE,area_mil_ha
random_forest,,,,,2,historico_insuficiente,produto_uf,REGIAO,MILHO TOTAL,NORTE,area_mil_ha
xgboost,,,,,2,historico_insuficiente,produto_uf,REGIAO,MILHO TOTAL,NORTE,area_mil_ha
exponential_smoothing,,,,,2,historico_insuficiente,produto_uf,REGIAO,MILHO TOTAL,NORTE,area_mil_ha
baseline_ingenuo,85.30000000000018,85.30000000000018,4.415342409027391,,2,,produto_uf,REGIAO,MILHO TOTAL,SUDESTE,area_mil_ha
regressao_linear,,,,,2,historico_insuficiente,produto_uf,REGIAO,MILHO TOTAL,SUDESTE,area_mil_ha
random_forest,,,,,2,historico_insuficiente,produto_uf,REGIAO,MILHO TOTAL,SUDESTE,area_mil_ha
xgboost,,,,,2,historico_insuficiente,produto_uf,REGIAO,MILHO TOTAL,SUDESTE,area_mil_ha
exponential_smoothing,,,,,2,historico_insuficiente,produto_uf,REGIAO,MILHO TOTAL,SUDESTE,area_mil_ha
baseline_ingenuo,244.40000000000055,244.40000000000055,5.6735612972119815,,2,,produto_uf,REGIAO,MILHO TOTAL,SUL,area_mil_ha
regressao_linear,,,,,2,historico_insuficiente,produto_uf,REGIAO,MILHO TOTAL,SUL,area_mil_ha
random_forest,,,,,2,historico_insuficiente,produto_uf,REGIAO,MILHO TOTAL,SUL,area_mil_ha
xgboost,,,,,2,historico_insuficiente,produto_uf,REGIAO,MILHO TOTAL,SUL,area_mil_ha
exponential_smoothing,,,,,2,historico_insuficiente,produto_uf,REGIAO,MILHO TOTAL,SUL,area_mil_ha
baseline_ingenuo,577.5999999999985,577.5999999999985,2.5543055260737217,,2,,produto_uf,REGIAO,SOJA,CENTRO-OESTE,area_mil_ha
regressao_linear,,,,,2,historico_insuficiente,produto_uf,REGIAO,SOJA,CENTRO-OESTE,area_mil_ha
random_forest,,,,,2,historico_insuficiente,produto_uf,REGIAO,SOJA,CENTRO-OESTE,area_mil_ha
xgboost,,,,,2,historico_insuficiente,produto_uf,REGIAO,SOJA,CENTRO-OESTE,area_mil_ha
exponential_smoothing,,,,,2,historico_insuficiente,produto_uf,REGIAO,SOJA,CENTRO-OESTE,area_mil_ha
baseline_ingenuo,339.7999999999993,339.7999999999993,6.770407858295628,,2,,produto_uf,REGIAO,SOJA,NORDESTE,area_mil_ha
regressao_linear,,,,,2,historico_insuficiente,produto_uf,REGIAO,SOJA,NORDESTE,area_mil_ha
random_forest,,,,,2,historico_insuficiente,produto_uf,REGIAO,SOJA,NORDESTE,area_mil_ha
xgboost,,,,,2,historico_insuficiente,produto_uf,REGIAO,SOJA,NORDESTE,area_mil_ha
exponential_smoothing,,,,,2,historico_insuficiente,produto_uf,REGIAO,SOJA,NORDESTE,area_mil_ha
baseline_ingenuo,297.0999999999999,297.0999999999999,7.437540679917887,,2,,produto_uf,REGIAO,SOJA,NORTE,area_mil_ha
regressao_linear,,,,,2,historico_insuficiente,produto_uf,REGIAO,SOJA,NORTE,area_mil_ha
random_forest,,,,,2,historico_insuficiente,produto_uf,REGIAO,SOJA,NORTE,area_mil_ha
xgboost,,,,,2,historico_insuficiente,produto_uf,REGIAO,SOJA,NORTE,area_mil_ha
exponential_smoothing,,,,,2,historico_insuficiente,produto_uf,REGIAO,SOJA,NORTE,area_mil_ha
baseline_ingenuo,66.19999999999982,66.19999999999982,1.7706689490999499,,2,,produto_uf,REGIAO,SOJA,SUDESTE,area_mil_ha
regressao_linear,,,,,2,historico_insuficiente,produto_uf,REGIAO,SOJA,SUDESTE,area_mil_ha
random_forest,,,,,2,historico_insuficiente,produto_uf,REGIAO,SOJA,SUDESTE,area_mil_ha
xgboost,,,,,2,historico_insuficiente,produto_uf,REGIAO,SOJA,SUDESTE,area_mil_ha
exponential_smoothing,,,,,2,historico_insuficiente,produto_uf,REGIAO,SOJA,SUDESTE,area_mil_ha
baseline_ingenuo,192.39999999999964,192.39999999999964,1.472141031722953,,2,,produto_uf,REGIAO,SOJA,SUL,area_mil_ha
regressao_linear,,,,,2,historico_insuficiente,produto_uf,REGIAO,SOJA,SUL,area_mil_ha
random_forest,,,,,2,historico_insuficiente,produto_uf,REGIAO,SOJA,SUL,area_mil_ha
xgboost,,,,,2,historico_insuficiente,produto_uf,REGIAO,SOJA,SUL,area_mil_ha
exponential_smoothing,,,,,2,historico_insuficiente,produto_uf,REGIAO,SOJA,SUL,area_mil_ha
baseline_ingenuo,86.30000000000007,86.30000000000007,11.76871675985273,,2,,produto_uf,REGIAO,SORGO,CENTRO-OESTE,area_mil_ha
regressao_linear,,,,,2,historico_insuficiente,produto_uf,REGIAO,SORGO,CENTRO-OESTE,area_mil_ha
random_forest,,,,,2,historico_insuficiente,produto_uf,REGIAO,SORGO,CENTRO-OESTE,area_mil_ha
xgboost,,,,,2,historico_insuficiente,produto_uf,REGIAO,SORGO,CENTRO-OESTE,area_mil_ha
exponential_smoothing,,,,,2,historico_insuficiente,produto_uf,REGIAO,SORGO,CENTRO-OESTE,area_mil_ha
baseline_ingenuo,39.80000000000001,39.80000000000001,10.548635038430959,,2,,produto_uf,REGIAO,SORGO,NORDESTE,area_mil_ha
regressao_linear,,,,,2,historico_insuficiente,produto_uf,REGIAO,SORGO,NORDESTE,area_mil_ha
random_forest,,,,,2,historico_insuficiente,produto_uf,REGIAO,SORGO,NORDESTE,area_mil_ha
xgboost,,,,,2,historico_insuficiente,produto_uf,REGIAO,SORGO,NORDESTE,area_mil_ha
exponential_smoothing,,,,,2,historico_insuficiente,produto_uf,REGIAO,SORGO,NORDESTE,area_mil_ha
baseline_ingenuo,17.69999999999999,17.69999999999999,11.456310679611644,,2,,produto_uf,REGIAO,SORGO,NORTE,area_mil_ha
regressao_linear,,,,,2,historico_insuficiente,produto_uf,REGIAO,SORGO,NORTE,area_mil_ha
random_forest,,,,,2,historico_insuficiente,produto_uf,REGIAO,SORGO,NORTE,area_mil_ha
xgboost,,,,,2,historico_insuficiente,produto_uf,REGIAO,SORGO,NORTE,area_mil_ha
exponential_smoothing,,,,,2,historico_insuficiente,produto_uf,REGIAO,SORGO,NORTE,area_mil_ha
baseline_ingenuo,41.69999999999999,41.69999999999999,7.554347826086954,,2,,produto_uf,REGIAO,SORGO,SUDESTE,area_mil_ha
regressao_linear,,,,,2,historico_insuficiente,produto_uf,REGIAO,SORGO,SUDESTE,area_mil_ha
random_forest,,,,,2,historico_insuficiente,produto_uf,REGIAO,SORGO,SUDESTE,area_mil_ha
xgboost,,,,,2,historico_insuficiente,produto_uf,REGIAO,SORGO,SUDESTE,area_mil_ha
exponential_smoothing,,,,,2,historico_insuficiente,produto_uf,REGIAO,SORGO,SUDESTE,area_mil_ha
baseline_ingenuo,6.2,6.2,93.93939393939394,,2,,produto_uf,REGIAO,SORGO,SUL,area_mil_ha
regressao_linear,,,,,2,historico_insuficiente,produto_uf,REGIAO,SORGO,SUL,area_mil_ha
random_forest,,,,,2,historico_insuficiente,produto_uf,REGIAO,SORGO,SUL,area_mil_ha
xgboost,,,,,2,historico_insuficiente,produto_uf,REGIAO,SORGO,SUL,area_mil_ha
exponential_smoothing,,,,,2,historico_insuficiente,produto_uf,REGIAO,SORGO,SUL,area_mil_ha
baseline_ingenuo,1.4000000000000057,1.4000000000000057,1.601830663615567,,2,,produto_uf,REGIAO,TRIGO,CENTRO-OESTE,area_mil_ha
regressao_linear,,,,,2,historico_insuficiente,produto_uf,REGIAO,TRIGO,CENTRO-OESTE,area_mil_ha
random_forest,,,,,2,historico_insuficiente,produto_uf,REGIAO,TRIGO,CENTRO-OESTE,area_mil_ha
xgboost,,,,,2,historico_insuficiente,produto_uf,REGIAO,TRIGO,CENTRO-OESTE,area_mil_ha
exponential_smoothing,,,,,2,historico_insuficiente,produto_uf,REGIAO,TRIGO,CENTRO-OESTE,area_mil_ha
baseline_ingenuo,0.0,0.0,0.0,,2,,produto_uf,REGIAO,TRIGO,NORDESTE,area_mil_ha
regressao_linear,,,,,2,historico_insuficiente,produto_uf,REGIAO,TRIGO,NORDESTE,area_mil_ha
random_forest,,,,,2,historico_insuficiente,produto_uf,REGIAO,TRIGO,NORDESTE,area_mil_ha
xgboost,,,,,2,historico_insuficiente,produto_uf,REGIAO,TRIGO,NORDESTE,area_mil_ha
exponential_smoothing,,,,,2,historico_insuficiente,produto_uf,REGIAO,TRIGO,NORDESTE,area_mil_ha
baseline_ingenuo,0.0,0.0,,,2,,produto_uf,REGIAO,TRIGO,NORTE,area_mil_ha
regressao_linear,,,,,2,historico_insuficiente,produto_uf,REGIAO,TRIGO,NORTE,area_mil_ha
random_forest,,,,,2,historico_insuficiente,produto_uf,REGIAO,TRIGO,NORTE,area_mil_ha
xgboost,,,,,2,historico_insuficiente,produto_uf,REGIAO,TRIGO,NORTE,area_mil_ha
exponential_smoothing,,,,,2,historico_insuficiente,produto_uf,REGIAO,TRIGO,NORTE,area_mil_ha
baseline_ingenuo,7.0,7.0,2.7016595908915475,,2,,produto_uf,REGIAO,TRIGO,SUDESTE,area_mil_ha
regressao_linear,,,,,2,historico_insuficiente,produto_uf,REGIAO,TRIGO,SUDESTE,area_mil_ha
random_forest,,,,,2,historico_insuficiente,produto_uf,REGIAO,TRIGO,SUDESTE,area_mil_ha
xgboost,,,,,2,historico_insuficiente,produto_uf,REGIAO,TRIGO,SUDESTE,area_mil_ha
exponential_smoothing,,,,,2,historico_insuficiente,produto_uf,REGIAO,TRIGO,SUDESTE,area_mil_ha
baseline_ingenuo,119.20000000000005,119.20000000000005,6.060606060606063,,2,,produto_uf,REGIAO,TRIGO,SUL,area_mil_ha
regressao_linear,,,,,2,historico_insuficiente,produto_uf,REGIAO,TRIGO,SUL,area_mil_ha
random_forest,,,,,2,historico_insuficiente,produto_uf,REGIAO,TRIGO,SUL,area_mil_ha
xgboost,,,,,2,historico_insuficiente,produto_uf,REGIAO,TRIGO,SUL,area_mil_ha
exponential_smoothing,,,,,2,historico_insuficiente,produto_uf,REGIAO,TRIGO,SUL,area_mil_ha
baseline_ingenuo,0.0,0.0,,,2,,produto_uf,REGIAO,TRITICALE,CENTRO-OESTE,area_mil_ha
regressao_linear,,,,,2,historico_insuficiente,produto_uf,REGIAO,TRITICALE,CENTRO-OESTE,area_mil_ha
random_forest,,,,,2,historico_insuficiente,produto_uf,REGIAO,TRITICALE,CENTRO-OESTE,area_mil_ha
xgboost,,,,,2,historico_insuficiente,produto_uf,REGIAO,TRITICALE,CENTRO-OESTE,area_mil_ha
exponential_smoothing,,,,,2,historico_insuficiente,produto_uf,REGIAO,TRITICALE,CENTRO-OESTE,area_mil_ha
baseline_ingenuo,0.0,0.0,,,2,,produto_uf,REGIAO,TRITICALE,NORDESTE,area_mil_ha
regressao_linear,,,,,2,historico_insuficiente,produto_uf,REGIAO,TRITICALE,NORDESTE,area_mil_ha
random_forest,,,,,2,historico_insuficiente,produto_uf,REGIAO,TRITICALE,NORDESTE,area_mil_ha
xgboost,,,,,2,historico_insuficiente,produto_uf,REGIAO,TRITICALE,NORDESTE,area_mil_ha
exponential_smoothing,,,,,2,historico_insuficiente,produto_uf,REGIAO,TRITICALE,NORDESTE,area_mil_ha
baseline_ingenuo,0.0,0.0,,,2,,produto_uf,REGIAO,TRITICALE,NORTE,area_mil_ha
regressao_linear,,,,,2,historico_insuficiente,produto_uf,REGIAO,TRITICALE,NORTE,area_mil_ha
random_forest,,,,,2,historico_insuficiente,produto_uf,REGIAO,TRITICALE,NORTE,area_mil_ha
xgboost,,,,,2,historico_insuficiente,produto_uf,REGIAO,TRITICALE,NORTE,area_mil_ha
exponential_smoothing,,,,,2,historico_insuficiente,produto_uf,REGIAO,TRITICALE,NORTE,area_mil_ha
baseline_ingenuo,0.0,0.0,0.0,,2,,produto_uf,REGIAO,TRITICALE,SUDESTE,area_mil_ha
regressao_linear,,,,,2,historico_insuficiente,produto_uf,REGIAO,TRITICALE,SUDESTE,area_mil_ha
random_forest,,,,,2,historico_insuficiente,produto_uf,REGIAO,TRITICALE,SUDESTE,area_mil_ha
xgboost,,,,,2,historico_insuficiente,produto_uf,REGIAO,TRITICALE,SUDESTE,area_mil_ha
exponential_smoothing,,,,,2,historico_insuficiente,produto_uf,REGIAO,TRITICALE,SUDESTE,area_mil_ha
baseline_ingenuo,0.0,0.0,0.0,,2,,produto_uf,REGIAO,TRITICALE,SUL,area_mil_ha
regressao_linear,,,,,2,historico_insuficiente,produto_uf,REGIAO,TRITICALE,SUL,area_mil_ha
random_forest,,,,,2,historico_insuficiente,produto_uf,REGIAO,TRITICALE,SUL,area_mil_ha
xgboost,,,,,2,historico_insuficiente,produto_uf,REGIAO,TRITICALE,SUL,area_mil_ha
exponential_smoothing,,,,,2,historico_insuficiente,produto_uf,REGIAO,TRITICALE,SUL,area_mil_ha
baseline_ingenuo,67.5,67.5,3.344730191764531,,2,,produto_uf,TOTAL_BRASIL,ALGODÃO - CAROÇO (1),BRASIL,area_mil_ha
regressao_linear,,,,,2,historico_insuficiente,produto_uf,TOTAL_BRASIL,ALGODÃO - CAROÇO (1),BRASIL,area_mil_ha
random_forest,,,,,2,historico_insuficiente,produto_uf,TOTAL_BRASIL,ALGODÃO - CAROÇO (1),BRASIL,area_mil_ha
xgboost,,,,,2,historico_insuficiente,produto_uf,TOTAL_BRASIL,ALGODÃO - CAROÇO (1),BRASIL,area_mil_ha
exponential_smoothing,,,,,2,historico_insuficiente,produto_uf,TOTAL_BRASIL,ALGODÃO - CAROÇO (1),BRASIL,area_mil_ha
baseline_ingenuo,67.5,67.5,3.344730191764531,,2,,produto_uf,TOTAL_BRASIL,ALGODÃO - PLUMA,BRASIL,area_mil_ha
regressao_linear,,,,,2,historico_insuficiente,produto_uf,TOTAL_BRASIL,ALGODÃO - PLUMA,BRASIL,area_mil_ha
random_forest,,,,,2,historico_insuficiente,produto_uf,TOTAL_BRASIL,ALGODÃO - PLUMA,BRASIL,area_mil_ha
xgboost,,,,,2,historico_insuficiente,produto_uf,TOTAL_BRASIL,ALGODÃO - PLUMA,BRASIL,area_mil_ha
exponential_smoothing,,,,,2,historico_insuficiente,produto_uf,TOTAL_BRASIL,ALGODÃO - PLUMA,BRASIL,area_mil_ha
baseline_ingenuo,0.8999999999999773,0.8999999999999773,0.3199431212228856,,2,,produto_uf,TOTAL_BRASIL,AMENDOIM TOTAL,BRASIL,area_mil_ha
regressao_linear,,,,,2,historico_insuficiente,produto_uf,TOTAL_BRASIL,AMENDOIM TOTAL,BRASIL,area_mil_ha
random_forest,,,,,2,historico_insuficiente,produto_uf,TOTAL_BRASIL,AMENDOIM TOTAL,BRASIL,area_mil_ha
xgboost,,,,,2,historico_insuficiente,produto_uf,TOTAL_BRASIL,AMENDOIM TOTAL,BRASIL,area_mil_ha
exponential_smoothing,,,,,2,historico_insuficiente,produto_uf,TOTAL_BRASIL,AMENDOIM TOTAL,BRASIL,area_mil_ha
baseline_ingenuo,204.0,204.0,13.077761394961215,,2,,produto_uf,TOTAL_BRASIL,ARROZ,BRASIL,area_mil_ha
regressao_linear,,,,,2,historico_insuficiente,produto_uf,TOTAL_BRASIL,ARROZ,BRASIL,area_mil_ha
random_forest,,,,,2,historico_insuficiente,produto_uf,TOTAL_BRASIL,ARROZ,BRASIL,area_mil_ha
xgboost,,,,,2,historico_insuficiente,produto_uf,TOTAL_BRASIL,ARROZ,BRASIL,area_mil_ha
exponential_smoothing,,,,,2,historico_insuficiente,produto_uf,TOTAL_BRASIL,ARROZ,BRASIL,area_mil_ha
baseline_ingenuo,36.799999999999955,36.799999999999955,7.229862475442034,,2,,produto_uf,TOTAL_BRASIL,AVEIA,BRASIL,area_mil_ha
regressao_linear,,,,,2,historico_insuficiente,produto_uf,TOTAL_BRASIL,AVEIA,BRASIL,area_mil_ha
random_forest,,,,,2,historico_insuficiente,produto_uf,TOTAL_BRASIL,AVEIA,BRASIL,area_mil_ha
xgboost,,,,,2,historico_insuficiente,produto_uf,TOTAL_BRASIL,AVEIA,BRASIL,area_mil_ha
exponential_smoothing,,,,,2,historico_insuficiente,produto_uf,TOTAL_BRASIL,AVEIA,BRASIL,area_mil_ha
baseline_ingenuo,63.79999999999998,63.79999999999998,23.1410953935437,,2,,produto_uf,TOTAL_BRASIL,CANOLA,BRASIL,area_mil_ha
regressao_linear,,,,,2,historico_insuficiente,produto_uf,TOTAL_BRASIL,CANOLA,BRASIL,area_mil_ha
random_forest,,,,,2,historico_insuficiente,produto_uf,TOTAL_BRASIL,CANOLA,BRASIL,area_mil_ha
xgboost,,,,,2,historico_insuficiente,produto_uf,TOTAL_BRASIL,CANOLA,BRASIL,area_mil_ha
exponential_smoothing,,,,,2,historico_insuficiente,produto_uf,TOTAL_BRASIL,CANOLA,BRASIL,area_mil_ha
baseline_ingenuo,0.0,0.0,0.0,,2,,produto_uf,TOTAL_BRASIL,CENTEIO,BRASIL,area_mil_ha
regressao_linear,,,,,2,historico_insuficiente,produto_uf,TOTAL_BRASIL,CENTEIO,BRASIL,area_mil_ha
random_forest,,,,,2,historico_insuficiente,produto_uf,TOTAL_BRASIL,CENTEIO,BRASIL,area_mil_ha
xgboost,,,,,2,historico_insuficiente,produto_uf,TOTAL_BRASIL,CENTEIO,BRASIL,area_mil_ha
exponential_smoothing,,,,,2,historico_insuficiente,produto_uf,TOTAL_BRASIL,CENTEIO,BRASIL,area_mil_ha
baseline_ingenuo,10.700000000000017,10.700000000000017,7.1380920613742616,,2,,produto_uf,TOTAL_BRASIL,CEVADA,BRASIL,area_mil_ha
regressao_linear,,,,,2,historico_insuficiente,produto_uf,TOTAL_BRASIL,CEVADA,BRASIL,area_mil_ha
random_forest,,,,,2,historico_insuficiente,produto_uf,TOTAL_BRASIL,CEVADA,BRASIL,area_mil_ha
xgboost,,,,,2,historico_insuficiente,produto_uf,TOTAL_BRASIL,CEVADA,BRASIL,area_mil_ha
exponential_smoothing,,,,,2,historico_insuficiente,produto_uf,TOTAL_BRASIL,CEVADA,BRASIL,area_mil_ha
baseline_ingenuo,92.40000000000009,92.40000000000009,3.5530262247173767,,2,,produto_uf,TOTAL_BRASIL,FEIJÃO TOTAL,BRASIL,area_mil_ha
regressao_linear,,,,,2,historico_insuficiente,produto_uf,TOTAL_BRASIL,FEIJÃO TOTAL,BRASIL,area_mil_ha
random_forest,,,,,2,historico_insuficiente,produto_uf,TOTAL_BRASIL,FEIJÃO TOTAL,BRASIL,area_mil_ha
xgboost,,,,,2,historico_insuficiente,produto_uf,TOTAL_BRASIL,FEIJÃO TOTAL,BRASIL,area_mil_ha
exponential_smoothing,,,,,2,historico_insuficiente,produto_uf,TOTAL_BRASIL,FEIJÃO TOTAL,BRASIL,area_mil_ha
baseline_ingenuo,0.0,0.0,0.0,,2,,produto_uf,TOTAL_BRASIL,GERGELIM,BRASIL,area_mil_ha
regressao_linear,,,,,2,historico_insuficiente,produto_uf,TOTAL_BRASIL,GERGELIM,BRASIL,area_mil_ha
random_forest,,,,,2,historico_insuficiente,produto_uf,TOTAL_BRASIL,GERGELIM,BRASIL,area_mil_ha
xgboost,,,,,2,historico_insuficiente,produto_uf,TOTAL_BRASIL,GERGELIM,BRASIL,area_mil_ha
exponential_smoothing,,,,,2,historico_insuficiente,produto_uf,TOTAL_BRASIL,GERGELIM,BRASIL,area_mil_ha
baseline_ingenuo,1.8999999999999915,1.8999999999999915,2.9780564263322753,,2,,produto_uf,TOTAL_BRASIL,GIRASSOL,BRASIL,area_mil_ha
regressao_linear,,,,,2,historico_insuficiente,produto_uf,TOTAL_BRASIL,GIRASSOL,BRASIL,area_mil_ha
random_forest,,,,,2,historico_insuficiente,produto_uf,TOTAL_BRASIL,GIRASSOL,BRASIL,area_mil_ha
xgboost,,,,,2,historico_insuficiente,produto_uf,TOTAL_BRASIL,GIRASSOL,BRASIL,area_mil_ha
exponential_smoothing,,,,,2,historico_insuficiente,produto_uf,TOTAL_BRASIL,GIRASSOL,BRASIL,area_mil_ha
baseline_ingenuo,6.5,6.5,8.54139290407359,,2,,produto_uf,TOTAL_BRASIL,MAMONA,BRASIL,area_mil_ha
regressao_linear,,,,,2,historico_insuficiente,produto_uf,TOTAL_BRASIL,MAMONA,BRASIL,area_mil_ha
random_forest,,,,,2,historico_insuficiente,produto_uf,TOTAL_BRASIL,MAMONA,BRASIL,area_mil_ha
xgboost,,,,,2,historico_insuficiente,produto_uf,TOTAL_BRASIL,MAMONA,BRASIL,area_mil_ha
exponential_smoothing,,,,,2,historico_insuficiente,produto_uf,TOTAL_BRASIL,MAMONA,BRASIL,area_mil_ha
baseline_ingenuo,687.5999999999985,687.5999999999985,3.0525269027240056,,2,,produto_uf,TOTAL_BRASIL,MILHO TOTAL,BRASIL,area_mil_ha
regressao_linear,,,,,2,historico_insuficiente,produto_uf,TOTAL_BRASIL,MILHO TOTAL,BRASIL,area_mil_ha
random_forest,,,,,2,historico_insuficiente,produto_uf,TOTAL_BRASIL,MILHO TOTAL,BRASIL,area_mil_ha
xgboost,,,,,2,historico_insuficiente,produto_uf,TOTAL_BRASIL,MILHO TOTAL,BRASIL,area_mil_ha
exponential_smoothing,,,,,2,historico_insuficiente,produto_uf,TOTAL_BRASIL,MILHO TOTAL,BRASIL,area_mil_ha
baseline_ingenuo,1088.300000000003,1088.300000000003,2.2469567084551536,,2,,produto_uf,TOTAL_BRASIL,SOJA,BRASIL,area_mil_ha
regressao_linear,,,,,2,historico_insuficiente,produto_uf,TOTAL_BRASIL,SOJA,BRASIL,area_mil_ha
random_forest,,,,,2,historico_insuficiente,produto_uf,TOTAL_BRASIL,SOJA,BRASIL,area_mil_ha
xgboost,,,,,2,historico_insuficiente,produto_uf,TOTAL_BRASIL,SOJA,BRASIL,area_mil_ha
exponential_smoothing,,,,,2,historico_insuficiente,produto_uf,TOTAL_BRASIL,SOJA,BRASIL,area_mil_ha
baseline_ingenuo,191.70000000000005,191.70000000000005,10.511597302187862,,2,,produto_uf,TOTAL_BRASIL,SORGO,BRASIL,area_mil_ha
regressao_linear,,,,,2,historico_insuficiente,produto_uf,TOTAL_BRASIL,SORGO,BRASIL,area_mil_ha
random_forest,,,,,2,historico_insuficiente,produto_uf,TOTAL_BRASIL,SORGO,BRASIL,area_mil_ha
xgboost,,,,,2,historico_insuficiente,produto_uf,TOTAL_BRASIL,SORGO,BRASIL,area_mil_ha
exponential_smoothing,,,,,2,historico_insuficiente,produto_uf,TOTAL_BRASIL,SORGO,BRASIL,area_mil_ha
baseline_ingenuo,127.59999999999991,127.59999999999991,5.504033127722896,,2,,produto_uf,TOTAL_BRASIL,TRIGO,BRASIL,area_mil_ha
regressao_linear,,,,,2,historico_insuficiente,produto_uf,TOTAL_BRASIL,TRIGO,BRASIL,area_mil_ha
random_forest,,,,,2,historico_insuficiente,produto_uf,TOTAL_BRASIL,TRIGO,BRASIL,area_mil_ha
xgboost,,,,,2,historico_insuficiente,produto_uf,TOTAL_BRASIL,TRIGO,BRASIL,area_mil_ha
exponential_smoothing,,,,,2,historico_insuficiente,produto_uf,TOTAL_BRASIL,TRIGO,BRASIL,area_mil_ha
baseline_ingenuo,0.0,0.0,0.0,,2,,produto_uf,TOTAL_BRASIL,TRITICALE,BRASIL,area_mil_ha
regressao_linear,,,,,2,historico_insuficiente,produto_uf,TOTAL_BRASIL,TRITICALE,BRASIL,area_mil_ha
random_forest,,,,,2,historico_insuficiente,produto_uf,TOTAL_BRASIL,TRITICALE,BRASIL,area_mil_ha
xgboost,,,,,2,historico_insuficiente,produto_uf,TOTAL_BRASIL,TRITICALE,BRASIL,area_mil_ha
exponential_smoothing,,,,,2,historico_insuficiente,produto_uf,TOTAL_BRASIL,TRITICALE,BRASIL,area_mil_ha
baseline_ingenuo,0.0,0.0,,,2,,produto_uf,UF,ALGODÃO - CAROÇO (1),AC,area_mil_ha
regressao_linear,,,,,2,historico_insuficiente,produto_uf,UF,ALGODÃO - CAROÇO (1),AC,area_mil_ha
random_forest,,,,,2,historico_insuficiente,produto_uf,UF,ALGODÃO - CAROÇO (1),AC,area_mil_ha
xgboost,,,,,2,historico_insuficiente,produto_uf,UF,ALGODÃO - CAROÇO (1),AC,area_mil_ha
exponential_smoothing,,,,,2,historico_insuficiente,produto_uf,UF,ALGODÃO - CAROÇO (1),AC,area_mil_ha
baseline_ingenuo,0.0,0.0,,,2,,produto_uf,UF,ALGODÃO - CAROÇO (1),AL,area_mil_ha
regressao_linear,,,,,2,historico_insuficiente,produto_uf,UF,ALGODÃO - CAROÇO (1),AL,area_mil_ha
random_forest,,,,,2,historico_insuficiente,produto_uf,UF,ALGODÃO - CAROÇO (1),AL,area_mil_ha
xgboost,,,,,2,historico_insuficiente,produto_uf,UF,ALGODÃO - CAROÇO (1),AL,area_mil_ha
exponential_smoothing,,,,,2,historico_insuficiente,produto_uf,UF,ALGODÃO - CAROÇO (1),AL,area_mil_ha
baseline_ingenuo,0.0,0.0,,,2,,produto_uf,UF,ALGODÃO - CAROÇO (1),AM,area_mil_ha
regressao_linear,,,,,2,historico_insuficiente,produto_uf,UF,ALGODÃO - CAROÇO (1),AM,area_mil_ha
random_forest,,,,,2,historico_insuficiente,produto_uf,UF,ALGODÃO - CAROÇO (1),AM,area_mil_ha
xgboost,,,,,2,historico_insuficiente,produto_uf,UF,ALGODÃO - CAROÇO (1),AM,area_mil_ha
exponential_smoothing,,,,,2,historico_insuficiente,produto_uf,UF,ALGODÃO - CAROÇO (1),AM,area_mil_ha
baseline_ingenuo,0.0,0.0,,,2,,produto_uf,UF,ALGODÃO - CAROÇO (1),AP,area_mil_ha
regressao_linear,,,,,2,historico_insuficiente,produto_uf,UF,ALGODÃO - CAROÇO (1),AP,area_mil_ha
random_forest,,,,,2,historico_insuficiente,produto_uf,UF,ALGODÃO - CAROÇO (1),AP,area_mil_ha
xgboost,,,,,2,historico_insuficiente,produto_uf,UF,ALGODÃO - CAROÇO (1),AP,area_mil_ha
exponential_smoothing,,,,,2,historico_insuficiente,produto_uf,UF,ALGODÃO - CAROÇO (1),AP,area_mil_ha
baseline_ingenuo,10.700000000000045,10.700000000000045,2.6590457256461346,,2,,produto_uf,UF,ALGODÃO - CAROÇO (1),BA,area_mil_ha
regressao_linear,,,,,2,historico_insuficiente,produto_uf,UF,ALGODÃO - CAROÇO (1),BA,area_mil_ha
random_forest,,,,,2,historico_insuficiente,produto_uf,UF,ALGODÃO - CAROÇO (1),BA,area_mil_ha
xgboost,,,,,2,historico_insuficiente,produto_uf,UF,ALGODÃO - CAROÇO (1),BA,area_mil_ha
exponential_smoothing,,,,,2,historico_insuficiente,produto_uf,UF,ALGODÃO - CAROÇO (1),BA,area_mil_ha
baseline_ingenuo,0.5,0.5,26.31578947368421,,2,,produto_uf,UF,ALGODÃO - CAROÇO (1),CE,area_mil_ha
regressao_linear,,,,,2,historico_insuficiente,produto_uf,UF,ALGODÃO - CAROÇO (1),CE,area_mil_ha
random_forest,,,,,2,historico_insuficiente,produto_uf,UF,ALGODÃO - CAROÇO (1),CE,area_mil_ha
xgboost,,,,,2,historico_insuficiente,produto_uf,UF,ALGODÃO - CAROÇO (1),CE,area_mil_ha
exponential_smoothing,,,,,2,historico_insuficiente,produto_uf,UF,ALGODÃO - CAROÇO (1),CE,area_mil_ha
baseline_ingenuo,0.0,0.0,,,2,,produto_uf,UF,ALGODÃO - CAROÇO (1),DF,area_mil_ha
regressao_linear,,,,,2,historico_insuficiente,produto_uf,UF,ALGODÃO - CAROÇO (1),DF,area_mil_ha
random_forest,,,,,2,historico_insuficiente,produto_uf,UF,ALGODÃO - CAROÇO (1),DF,area_mil_ha
xgboost,,,,,2,historico_insuficiente,produto_uf,UF,ALGODÃO - CAROÇO (1),DF,area_mil_ha
exponential_smoothing,,,,,2,historico_insuficiente,produto_uf,UF,ALGODÃO - CAROÇO (1),DF,area_mil_ha
baseline_ingenuo,0.0,0.0,,,2,,produto_uf,UF,ALGODÃO - CAROÇO (1),ES,area_mil_ha
regressao_linear,,,,,2,historico_insuficiente,produto_uf,UF,ALGODÃO - CAROÇO (1),ES,area_mil_ha
random_forest,,,,,2,historico_insuficiente,produto_uf,UF,ALGODÃO - CAROÇO (1),ES,area_mil_ha
xgboost,,,,,2,historico_insuficiente,produto_uf,UF,ALGODÃO - CAROÇO (1),ES,area_mil_ha
exponential_smoothing,,,,,2,historico_insuficiente,produto_uf,UF,ALGODÃO - CAROÇO (1),ES,area_mil_ha
baseline_ingenuo,0.5,0.5,1.6778523489932886,,2,,produto_uf,UF,ALGODÃO - CAROÇO (1),GO,area_mil_ha
regressao_linear,,,,,2,historico_insuficiente,produto_uf,UF,ALGODÃO - CAROÇO (1),GO,area_mil_ha
random_forest,,,,,2,historico_insuficiente,produto_uf,UF,ALGODÃO - CAROÇO (1),GO,area_mil_ha
xgboost,,,,,2,historico_insuficiente,produto_uf,UF,ALGODÃO - CAROÇO (1),GO,area_mil_ha
exponential_smoothing,,,,,2,historico_insuficiente,produto_uf,UF,ALGODÃO - CAROÇO (1),GO,area_mil_ha
baseline_ingenuo,3.3000000000000007,3.3000000000000007,11.111111111111112,,2,,produto_uf,UF,ALGODÃO - CAROÇO (1),MA,area_mil_ha
regressao_linear,,,,,2,historico_insuficiente,produto_uf,UF,ALGODÃO - CAROÇO (1),MA,area_mil_ha
random_forest,,,,,2,historico_insuficiente,produto_uf,UF,ALGODÃO - CAROÇO (1),MA,area_mil_ha
xgboost,,,,,2,historico_insuficiente,produto_uf,UF,ALGODÃO - CAROÇO (1),MA,area_mil_ha
exponential_smoothing,,,,,2,historico_insuficiente,produto_uf,UF,ALGODÃO - CAROÇO (1),MA,area_mil_ha
baseline_ingenuo,2.8999999999999986,2.8999999999999986,6.872037914691939,,2,,produto_uf,UF,ALGODÃO - CAROÇO (1),MG,area_mil_ha
regressao_linear,,,,,2,historico_insuficiente,produto_uf,UF,ALGODÃO - CAROÇO (1),MG,area_mil_ha
random_forest,,,,,2,historico_insuficiente,produto_uf,UF,ALGODÃO - CAROÇO (1),MG,area_mil_ha
xgboost,,,,,2,historico_insuficiente,produto_uf,UF,ALGODÃO - CAROÇO (1),MG,area_mil_ha
exponential_smoothing,,,,,2,historico_insuficiente,produto_uf,UF,ALGODÃO - CAROÇO (1),MG,area_mil_ha
baseline_ingenuo,0.10000000000000142,0.10000000000000142,0.3144654088050359,,2,,produto_uf,UF,ALGODÃO - CAROÇO (1),MS,area_mil_ha
regressao_linear,,,,,2,historico_insuficiente,produto_uf,UF,ALGODÃO - CAROÇO (1),MS,area_mil_ha
random_forest,,,,,2,historico_insuficiente,produto_uf,UF,ALGODÃO - CAROÇO (1),MS,area_mil_ha
xgboost,,,,,2,historico_insuficiente,produto_uf,UF,ALGODÃO - CAROÇO (1),MS,area_mil_ha
exponential_smoothing,,,,,2,historico_insuficiente,produto_uf,UF,ALGODÃO - CAROÇO (1),MS,area_mil_ha
baseline_ingenuo,51.200000000000045,51.200000000000045,3.6291465834987275,,2,,produto_uf,UF,ALGODÃO - CAROÇO (1),MT,area_mil_ha
regressao_linear,,,,,2,historico_insuficiente,produto_uf,UF,ALGODÃO - CAROÇO (1),MT,area_mil_ha
random_forest,,,,,2,historico_insuficiente,produto_uf,UF,ALGODÃO - CAROÇO (1),MT,area_mil_ha
xgboost,,,,,2,historico_insuficiente,produto_uf,UF,ALGODÃO - CAROÇO (1),MT,area_mil_ha
exponential_smoothing,,,,,2,historico_insuficiente,produto_uf,UF,ALGODÃO - CAROÇO (1),MT,area_mil_ha
baseline_ingenuo,0.0,0.0,0.0,,2,,produto_uf,UF,ALGODÃO - CAROÇO (1),PA,area_mil_ha
regressao_linear,,,,,2,historico_insuficiente,produto_uf,UF,ALGODÃO - CAROÇO (1),PA,area_mil_ha
random_forest,,,,,2,historico_insuficiente,produto_uf,UF,ALGODÃO - CAROÇO (1),PA,area_mil_ha
xgboost,,,,,2,historico_insuficiente,produto_uf,UF,ALGODÃO - CAROÇO (1),PA,area_mil_ha
exponential_smoothing,,,,,2,historico_insuficiente,produto_uf,UF,ALGODÃO - CAROÇO (1),PA,area_mil_ha
baseline_ingenuo,0.0,0.0,0.0,,2,,produto_uf,UF,ALGODÃO - CAROÇO (1),PB,area_mil_ha
regressao_linear,,,,,2,historico_insuficiente,produto_uf,UF,ALGODÃO - CAROÇO (1),PB,area_mil_ha
random_forest,,,,,2,historico_insuficiente,produto_uf,UF,ALGODÃO - CAROÇO (1),PB,area_mil_ha
xgboost,,,,,2,historico_insuficiente,produto_uf,UF,ALGODÃO - CAROÇO (1),PB,area_mil_ha
exponential_smoothing,,,,,2,historico_insuficiente,produto_uf,UF,ALGODÃO - CAROÇO (1),PB,area_mil_ha
baseline_ingenuo,0.0,0.0,,,2,,produto_uf,UF,ALGODÃO - CAROÇO (1),PE,area_mil_ha
regressao_linear,,,,,2,historico_insuficiente,produto_uf,UF,ALGODÃO - CAROÇO (1),PE,area_mil_ha
random_forest,,,,,2,historico_insuficiente,produto_uf,UF,ALGODÃO - CAROÇO (1),PE,area_mil_ha
xgboost,,,,,2,historico_insuficiente,produto_uf,UF,ALGODÃO - CAROÇO (1),PE,area_mil_ha
exponential_smoothing,,,,,2,historico_insuficiente,produto_uf,UF,ALGODÃO - CAROÇO (1),PE,area_mil_ha
baseline_ingenuo,0.8999999999999986,0.8999999999999986,2.6011560693641576,,2,,produto_uf,UF,ALGODÃO - CAROÇO (1),PI,area_mil_ha
regressao_linear,,,,,2,historico_insuficiente,produto_uf,UF,ALGODÃO - CAROÇO (1),PI,area_mil_ha
random_forest,,,,,2,historico_insuficiente,produto_uf,UF,ALGODÃO - CAROÇO (1),PI,area_mil_ha
xgboost,,,,,2,historico_insuficiente,produto_uf,UF,ALGODÃO - CAROÇO (1),PI,area_mil_ha
exponential_smoothing,,,,,2,historico_insuficiente,produto_uf,UF,ALGODÃO - CAROÇO (1),PI,area_mil_ha
baseline_ingenuo,0.0,0.0,0.0,,2,,produto_uf,UF,ALGODÃO - CAROÇO (1),PR,area_mil_ha
regressao_linear,,,,,2,historico_insuficiente,produto_uf,UF,ALGODÃO - CAROÇO (1),PR,area_mil_ha
random_forest,,,,,2,historico_insuficiente,produto_uf,UF,ALGODÃO - CAROÇO (1),PR,area_mil_ha
xgboost,,,,,2,historico_insuficiente,produto_uf,UF,ALGODÃO - CAROÇO (1),PR,area_mil_ha
exponential_smoothing,,,,,2,historico_insuficiente,produto_uf,UF,ALGODÃO - CAROÇO (1),PR,area_mil_ha
baseline_ingenuo,0.0,0.0,,,2,,produto_uf,UF,ALGODÃO - CAROÇO (1),RJ,area_mil_ha
regressao_linear,,,,,2,historico_insuficiente,produto_uf,UF,ALGODÃO - CAROÇO (1),RJ,area_mil_ha
random_forest,,,,,2,historico_insuficiente,produto_uf,UF,ALGODÃO - CAROÇO (1),RJ,area_mil_ha
xgboost,,,,,2,historico_insuficiente,produto_uf,UF,ALGODÃO - CAROÇO (1),RJ,area_mil_ha
exponential_smoothing,,,,,2,historico_insuficiente,produto_uf,UF,ALGODÃO - CAROÇO (1),RJ,area_mil_ha
baseline_ingenuo,0.09999999999999987,0.09999999999999987,9.09090909090908,,2,,produto_uf,UF,ALGODÃO - CAROÇO (1),RN,area_mil_ha
regressao_linear,,,,,2,historico_insuficiente,produto_uf,UF,ALGODÃO - CAROÇO (1),RN,area_mil_ha
random_forest,,,,,2,historico_insuficiente,produto_uf,UF,ALGODÃO - CAROÇO (1),RN,area_mil_ha
xgboost,,,,,2,historico_insuficiente,produto_uf,UF,ALGODÃO - CAROÇO (1),RN,area_mil_ha
exponential_smoothing,,,,,2,historico_insuficiente,produto_uf,UF,ALGODÃO - CAROÇO (1),RN,area_mil_ha
baseline_ingenuo,0.0,0.0,0.0,,2,,produto_uf,UF,ALGODÃO - CAROÇO (1),RO,area_mil_ha
regressao_linear,,,,,2,historico_insuficiente,produto_uf,UF,ALGODÃO - CAROÇO (1),RO,area_mil_ha
random_forest,,,,,2,historico_insuficiente,produto_uf,UF,ALGODÃO - CAROÇO (1),RO,area_mil_ha
xgboost,,,,,2,historico_insuficiente,produto_uf,UF,ALGODÃO - CAROÇO (1),RO,area_mil_ha
exponential_smoothing,,,,,2,historico_insuficiente,produto_uf,UF,ALGODÃO - CAROÇO (1),RO,area_mil_ha
baseline_ingenuo,0.0,0.0,,,2,,produto_uf,UF,ALGODÃO - CAROÇO (1),RR,area_mil_ha
regressao_linear,,,,,2,historico_insuficiente,produto_uf,UF,ALGODÃO - CAROÇO (1),RR,area_mil_ha
random_forest,,,,,2,historico_insuficiente,produto_uf,UF,ALGODÃO - CAROÇO (1),RR,area_mil_ha
xgboost,,,,,2,historico_insuficiente,produto_uf,UF,ALGODÃO - CAROÇO (1),RR,area_mil_ha
exponential_smoothing,,,,,2,historico_insuficiente,produto_uf,UF,ALGODÃO - CAROÇO (1),RR,area_mil_ha
baseline_ingenuo,0.0,0.0,,,2,,produto_uf,UF,ALGODÃO - CAROÇO (1),RS,area_mil_ha
regressao_linear,,,,,2,historico_insuficiente,produto_uf,UF,ALGODÃO - CAROÇO (1),RS,area_mil_ha
random_forest,,,,,2,historico_insuficiente,produto_uf,UF,ALGODÃO - CAROÇO (1),RS,area_mil_ha
xgboost,,,,,2,historico_insuficiente,produto_uf,UF,ALGODÃO - CAROÇO (1),RS,area_mil_ha
exponential_smoothing,,,,,2,historico_insuficiente,produto_uf,UF,ALGODÃO - CAROÇO (1),RS,area_mil_ha
baseline_ingenuo,0.0,0.0,,,2,,produto_uf,UF,ALGODÃO - CAROÇO (1),SC,area_mil_ha
regressao_linear,,,,,2,historico_insuficiente,produto_uf,UF,ALGODÃO - CAROÇO (1),SC,area_mil_ha
random_forest,,,,,2,historico_insuficiente,produto_uf,UF,ALGODÃO - CAROÇO (1),SC,area_mil_ha
xgboost,,,,,2,historico_insuficiente,produto_uf,UF,ALGODÃO - CAROÇO (1),SC,area_mil_ha
exponential_smoothing,,,,,2,historico_insuficiente,produto_uf,UF,ALGODÃO - CAROÇO (1),SC,area_mil_ha
baseline_ingenuo,0.0,0.0,,,2,,produto_uf,UF,ALGODÃO - CAROÇO (1),SE,area_mil_ha
regressao_linear,,,,,2,historico_insuficiente,produto_uf,UF,ALGODÃO - CAROÇO (1),SE,area_mil_ha
random_forest,,,,,2,historico_insuficiente,produto_uf,UF,ALGODÃO - CAROÇO (1),SE,area_mil_ha
xgboost,,,,,2,historico_insuficiente,produto_uf,UF,ALGODÃO - CAROÇO (1),SE,area_mil_ha
exponential_smoothing,,,,,2,historico_insuficiente,produto_uf,UF,ALGODÃO - CAROÇO (1),SE,area_mil_ha
baseline_ingenuo,0.0,0.0,0.0,,2,,produto_uf,UF,ALGODÃO - CAROÇO (1),SP,area_mil_ha
regressao_linear,,,,,2,historico_insuficiente,produto_uf,UF,ALGODÃO - CAROÇO (1),SP,area_mil_ha
random_forest,,,,,2,historico_insuficiente,produto_uf,UF,ALGODÃO - CAROÇO (1),SP,area_mil_ha
xgboost,,,,,2,historico_insuficiente,produto_uf,UF,ALGODÃO - CAROÇO (1),SP,area_mil_ha
exponential_smoothing,,,,,2,historico_insuficiente,produto_uf,UF,ALGODÃO - CAROÇO (1),SP,area_mil_ha
baseline_ingenuo,0.6999999999999993,0.6999999999999993,4.605263157894733,,2,,produto_uf,UF,ALGODÃO - CAROÇO (1),TO,area_mil_ha
regressao_linear,,,,,2,historico_insuficiente,produto_uf,UF,ALGODÃO - CAROÇO (1),TO,area_mil_ha
random_forest,,,,,2,historico_insuficiente,produto_uf,UF,ALGODÃO - CAROÇO (1),TO,area_mil_ha
xgboost,,,,,2,historico_insuficiente,produto_uf,UF,ALGODÃO - CAROÇO (1),TO,area_mil_ha
exponential_smoothing,,,,,2,historico_insuficiente,produto_uf,UF,ALGODÃO - CAROÇO (1),TO,area_mil_ha
baseline_ingenuo,0.0,0.0,,,2,,produto_uf,UF,ALGODÃO - PLUMA,AC,area_mil_ha
regressao_linear,,,,,2,historico_insuficiente,produto_uf,UF,ALGODÃO - PLUMA,AC,area_mil_ha
random_forest,,,,,2,historico_insuficiente,produto_uf,UF,ALGODÃO - PLUMA,AC,area_mil_ha
xgboost,,,,,2,historico_insuficiente,produto_uf,UF,ALGODÃO - PLUMA,AC,area_mil_ha
exponential_smoothing,,,,,2,historico_insuficiente,produto_uf,UF,ALGODÃO - PLUMA,AC,area_mil_ha
baseline_ingenuo,0.0,0.0,,,2,,produto_uf,UF,ALGODÃO - PLUMA,AL,area_mil_ha
regressao_linear,,,,,2,historico_insuficiente,produto_uf,UF,ALGODÃO - PLUMA,AL,area_mil_ha
random_forest,,,,,2,historico_insuficiente,produto_uf,UF,ALGODÃO - PLUMA,AL,area_mil_ha
xgboost,,,,,2,historico_insuficiente,produto_uf,UF,ALGODÃO - PLUMA,AL,area_mil_ha
exponential_smoothing,,,,,2,historico_insuficiente,produto_uf,UF,ALGODÃO - PLUMA,AL,area_mil_ha
baseline_ingenuo,0.0,0.0,,,2,,produto_uf,UF,ALGODÃO - PLUMA,AM,area_mil_ha
regressao_linear,,,,,2,historico_insuficiente,produto_uf,UF,ALGODÃO - PLUMA,AM,area_mil_ha
random_forest,,,,,2,historico_insuficiente,produto_uf,UF,ALGODÃO - PLUMA,AM,area_mil_ha
xgboost,,,,,2,historico_insuficiente,produto_uf,UF,ALGODÃO - PLUMA,AM,area_mil_ha
exponential_smoothing,,,,,2,historico_insuficiente,produto_uf,UF,ALGODÃO - PLUMA,AM,area_mil_ha
baseline_ingenuo,0.0,0.0,,,2,,produto_uf,UF,ALGODÃO - PLUMA,AP,area_mil_ha
regressao_linear,,,,,2,historico_insuficiente,produto_uf,UF,ALGODÃO - PLUMA,AP,area_mil_ha
random_forest,,,,,2,historico_insuficiente,produto_uf,UF,ALGODÃO - PLUMA,AP,area_mil_ha
xgboost,,,,,2,historico_insuficiente,produto_uf,UF,ALGODÃO - PLUMA,AP,area_mil_ha
exponential_smoothing,,,,,2,historico_insuficiente,produto_uf,UF,ALGODÃO - PLUMA,AP,area_mil_ha
baseline_ingenuo,10.700000000000045,10.700000000000045,2.6590457256461346,,2,,produto_uf,UF,ALGODÃO - PLUMA,BA,area_mil_ha
regressao_linear,,,,,2,historico_insuficiente,produto_uf,UF,ALGODÃO - PLUMA,BA,area_mil_ha
random_forest,,,,,2,historico_insuficiente,produto_uf,UF,ALGODÃO - PLUMA,BA,area_mil_ha
xgboost,,,,,2,historico_insuficiente,produto_uf,UF,ALGODÃO - PLUMA,BA,area_mil_ha
exponential_smoothing,,,,,2,historico_insuficiente,produto_uf,UF,ALGODÃO - PLUMA,BA,area_mil_ha
baseline_ingenuo,0.5,0.5,26.31578947368421,,2,,produto_uf,UF,ALGODÃO - PLUMA,CE,area_mil_ha
regressao_linear,,,,,2,historico_insuficiente,produto_uf,UF,ALGODÃO - PLUMA,CE,area_mil_ha
random_forest,,,,,2,historico_insuficiente,produto_uf,UF,ALGODÃO - PLUMA,CE,area_mil_ha
xgboost,,,,,2,historico_insuficiente,produto_uf,UF,ALGODÃO - PLUMA,CE,area_mil_ha
exponential_smoothing,,,,,2,historico_insuficiente,produto_uf,UF,ALGODÃO - PLUMA,CE,area_mil_ha
baseline_ingenuo,0.0,0.0,,,2,,produto_uf,UF,ALGODÃO - PLUMA,DF,area_mil_ha
regressao_linear,,,,,2,historico_insuficiente,produto_uf,UF,ALGODÃO - PLUMA,DF,area_mil_ha
random_forest,,,,,2,historico_insuficiente,produto_uf,UF,ALGODÃO - PLUMA,DF,area_mil_ha
xgboost,,,,,2,historico_insuficiente,produto_uf,UF,ALGODÃO - PLUMA,DF,area_mil_ha
exponential_smoothing,,,,,2,historico_insuficiente,produto_uf,UF,ALGODÃO - PLUMA,DF,area_mil_ha
baseline_ingenuo,0.0,0.0,,,2,,produto_uf,UF,ALGODÃO - PLUMA,ES,area_mil_ha
regressao_linear,,,,,2,historico_insuficiente,produto_uf,UF,ALGODÃO - PLUMA,ES,area_mil_ha
random_forest,,,,,2,historico_insuficiente,produto_uf,UF,ALGODÃO - PLUMA,ES,area_mil_ha
xgboost,,,,,2,historico_insuficiente,produto_uf,UF,ALGODÃO - PLUMA,ES,area_mil_ha
exponential_smoothing,,,,,2,historico_insuficiente,produto_uf,UF,ALGODÃO - PLUMA,ES,area_mil_ha
baseline_ingenuo,0.5,0.5,1.6778523489932886,,2,,produto_uf,UF,ALGODÃO - PLUMA,GO,area_mil_ha
regressao_linear,,,,,2,historico_insuficiente,produto_uf,UF,ALGODÃO - PLUMA,GO,area_mil_ha
random_forest,,,,,2,historico_insuficiente,produto_uf,UF,ALGODÃO - PLUMA,GO,area_mil_ha
xgboost,,,,,2,historico_insuficiente,produto_uf,UF,ALGODÃO - PLUMA,GO,area_mil_ha
exponential_smoothing,,,,,2,historico_insuficiente,produto_uf,UF,ALGODÃO - PLUMA,GO,area_mil_ha
baseline_ingenuo,3.3000000000000007,3.3000000000000007,11.111111111111112,,2,,produto_uf,UF,ALGODÃO - PLUMA,MA,area_mil_ha
regressao_linear,,,,,2,historico_insuficiente,produto_uf,UF,ALGODÃO - PLUMA,MA,area_mil_ha
random_forest,,,,,2,historico_insuficiente,produto_uf,UF,ALGODÃO - PLUMA,MA,area_mil_ha
xgboost,,,,,2,historico_insuficiente,produto_uf,UF,ALGODÃO - PLUMA,MA,area_mil_ha
exponential_smoothing,,,,,2,historico_insuficiente,produto_uf,UF,ALGODÃO - PLUMA,MA,area_mil_ha
baseline_ingenuo,2.8999999999999986,2.8999999999999986,6.872037914691939,,2,,produto_uf,UF,ALGODÃO - PLUMA,MG,area_mil_ha
regressao_linear,,,,,2,historico_insuficiente,produto_uf,UF,ALGODÃO - PLUMA,MG,area_mil_ha
random_forest,,,,,2,historico_insuficiente,produto_uf,UF,ALGODÃO - PLUMA,MG,area_mil_ha
xgboost,,,,,2,historico_insuficiente,produto_uf,UF,ALGODÃO - PLUMA,MG,area_mil_ha
exponential_smoothing,,,,,2,historico_insuficiente,produto_uf,UF,ALGODÃO - PLUMA,MG,area_mil_ha
baseline_ingenuo,0.10000000000000142,0.10000000000000142,0.3144654088050359,,2,,produto_uf,UF,ALGODÃO - PLUMA,MS,area_mil_ha
regressao_linear,,,,,2,historico_insuficiente,produto_uf,UF,ALGODÃO - PLUMA,MS,area_mil_ha
random_forest,,,,,2,historico_insuficiente,produto_uf,UF,ALGODÃO - PLUMA,MS,area_mil_ha
xgboost,,,,,2,historico_insuficiente,produto_uf,UF,ALGODÃO - PLUMA,MS,area_mil_ha
exponential_smoothing,,,,,2,historico_insuficiente,produto_uf,UF,ALGODÃO - PLUMA,MS,area_mil_ha
baseline_ingenuo,51.200000000000045,51.200000000000045,3.6291465834987275,,2,,produto_uf,UF,ALGODÃO - PLUMA,MT,area_mil_ha
regressao_linear,,,,,2,historico_insuficiente,produto_uf,UF,ALGODÃO - PLUMA,MT,area_mil_ha
random_forest,,,,,2,historico_insuficiente,produto_uf,UF,ALGODÃO - PLUMA,MT,area_mil_ha
xgboost,,,,,2,historico_insuficiente,produto_uf,UF,ALGODÃO - PLUMA,MT,area_mil_ha
exponential_smoothing,,,,,2,historico_insuficiente,produto_uf,UF,ALGODÃO - PLUMA,MT,area_mil_ha
baseline_ingenuo,0.0,0.0,0.0,,2,,produto_uf,UF,ALGODÃO - PLUMA,PA,area_mil_ha
regressao_linear,,,,,2,historico_insuficiente,produto_uf,UF,ALGODÃO - PLUMA,PA,area_mil_ha
random_forest,,,,,2,historico_insuficiente,produto_uf,UF,ALGODÃO - PLUMA,PA,area_mil_ha
xgboost,,,,,2,historico_insuficiente,produto_uf,UF,ALGODÃO - PLUMA,PA,area_mil_ha
exponential_smoothing,,,,,2,historico_insuficiente,produto_uf,UF,ALGODÃO - PLUMA,PA,area_mil_ha
baseline_ingenuo,0.0,0.0,0.0,,2,,produto_uf,UF,ALGODÃO - PLUMA,PB,area_mil_ha
regressao_linear,,,,,2,historico_insuficiente,produto_uf,UF,ALGODÃO - PLUMA,PB,area_mil_ha
random_forest,,,,,2,historico_insuficiente,produto_uf,UF,ALGODÃO - PLUMA,PB,area_mil_ha
xgboost,,,,,2,historico_insuficiente,produto_uf,UF,ALGODÃO - PLUMA,PB,area_mil_ha
exponential_smoothing,,,,,2,historico_insuficiente,produto_uf,UF,ALGODÃO - PLUMA,PB,area_mil_ha
baseline_ingenuo,0.0,0.0,,,2,,produto_uf,UF,ALGODÃO - PLUMA,PE,area_mil_ha
regressao_linear,,,,,2,historico_insuficiente,produto_uf,UF,ALGODÃO - PLUMA,PE,area_mil_ha
random_forest,,,,,2,historico_insuficiente,produto_uf,UF,ALGODÃO - PLUMA,PE,area_mil_ha
xgboost,,,,,2,historico_insuficiente,produto_uf,UF,ALGODÃO - PLUMA,PE,area_mil_ha
exponential_smoothing,,,,,2,historico_insuficiente,produto_uf,UF,ALGODÃO - PLUMA,PE,area_mil_ha
baseline_ingenuo,0.8999999999999986,0.8999999999999986,2.6011560693641576,,2,,produto_uf,UF,ALGODÃO - PLUMA,PI,area_mil_ha
regressao_linear,,,,,2,historico_insuficiente,produto_uf,UF,ALGODÃO - PLUMA,PI,area_mil_ha
random_forest,,,,,2,historico_insuficiente,produto_uf,UF,ALGODÃO - PLUMA,PI,area_mil_ha
xgboost,,,,,2,historico_insuficiente,produto_uf,UF,ALGODÃO - PLUMA,PI,area_mil_ha
exponential_smoothing,,,,,2,historico_insuficiente,produto_uf,UF,ALGODÃO - PLUMA,PI,area_mil_ha
baseline_ingenuo,0.0,0.0,0.0,,2,,produto_uf,UF,ALGODÃO - PLUMA,PR,area_mil_ha
regressao_linear,,,,,2,historico_insuficiente,produto_uf,UF,ALGODÃO - PLUMA,PR,area_mil_ha
random_forest,,,,,2,historico_insuficiente,produto_uf,UF,ALGODÃO - PLUMA,PR,area_mil_ha
xgboost,,,,,2,historico_insuficiente,produto_uf,UF,ALGODÃO - PLUMA,PR,area_mil_ha
exponential_smoothing,,,,,2,historico_insuficiente,produto_uf,UF,ALGODÃO - PLUMA,PR,area_mil_ha
baseline_ingenuo,0.0,0.0,,,2,,produto_uf,UF,ALGODÃO - PLUMA,RJ,area_mil_ha
regressao_linear,,,,,2,historico_insuficiente,produto_uf,UF,ALGODÃO - PLUMA,RJ,area_mil_ha
random_forest,,,,,2,historico_insuficiente,produto_uf,UF,ALGODÃO - PLUMA,RJ,area_mil_ha
xgboost,,,,,2,historico_insuficiente,produto_uf,UF,ALGODÃO - PLUMA,RJ,area_mil_ha
exponential_smoothing,,,,,2,historico_insuficiente,produto_uf,UF,ALGODÃO - PLUMA,RJ,area_mil_ha
baseline_ingenuo,0.09999999999999987,0.09999999999999987,9.09090909090908,,2,,produto_uf,UF,ALGODÃO - PLUMA,RN,area_mil_ha
regressao_linear,,,,,2,historico_insuficiente,produto_uf,UF,ALGODÃO - PLUMA,RN,area_mil_ha
random_forest,,,,,2,historico_insuficiente,produto_uf,UF,ALGODÃO - PLUMA,RN,area_mil_ha
xgboost,,,,,2,historico_insuficiente,produto_uf,UF,ALGODÃO - PLUMA,RN,area_mil_ha
exponential_smoothing,,,,,2,historico_insuficiente,produto_uf,UF,ALGODÃO - PLUMA,RN,area_mil_ha
baseline_ingenuo,0.0,0.0,0.0,,2,,produto_uf,UF,ALGODÃO - PLUMA,RO,area_mil_ha
regressao_linear,,,,,2,historico_insuficiente,produto_uf,UF,ALGODÃO - PLUMA,RO,area_mil_ha
random_forest,,,,,2,historico_insuficiente,produto_uf,UF,ALGODÃO - PLUMA,RO,area_mil_ha
xgboost,,,,,2,historico_insuficiente,produto_uf,UF,ALGODÃO - PLUMA,RO,area_mil_ha
exponential_smoothing,,,,,2,historico_insuficiente,produto_uf,UF,ALGODÃO - PLUMA,RO,area_mil_ha
baseline_ingenuo,0.0,0.0,,,2,,produto_uf,UF,ALGODÃO - PLUMA,RR,area_mil_ha
regressao_linear,,,,,2,historico_insuficiente,produto_uf,UF,ALGODÃO - PLUMA,RR,area_mil_ha
random_forest,,,,,2,historico_insuficiente,produto_uf,UF,ALGODÃO - PLUMA,RR,area_mil_ha
xgboost,,,,,2,historico_insuficiente,produto_uf,UF,ALGODÃO - PLUMA,RR,area_mil_ha
exponential_smoothing,,,,,2,historico_insuficiente,produto_uf,UF,ALGODÃO - PLUMA,RR,area_mil_ha
baseline_ingenuo,0.0,0.0,,,2,,produto_uf,UF,ALGODÃO - PLUMA,RS,area_mil_ha
regressao_linear,,,,,2,historico_insuficiente,produto_uf,UF,ALGODÃO - PLUMA,RS,area_mil_ha
random_forest,,,,,2,historico_insuficiente,produto_uf,UF,ALGODÃO - PLUMA,RS,area_mil_ha
xgboost,,,,,2,historico_insuficiente,produto_uf,UF,ALGODÃO - PLUMA,RS,area_mil_ha
exponential_smoothing,,,,,2,historico_insuficiente,produto_uf,UF,ALGODÃO - PLUMA,RS,area_mil_ha
baseline_ingenuo,0.0,0.0,,,2,,produto_uf,UF,ALGODÃO - PLUMA,SC,area_mil_ha
regressao_linear,,,,,2,historico_insuficiente,produto_uf,UF,ALGODÃO - PLUMA,SC,area_mil_ha
random_forest,,,,,2,historico_insuficiente,produto_uf,UF,ALGODÃO - PLUMA,SC,area_mil_ha
xgboost,,,,,2,historico_insuficiente,produto_uf,UF,ALGODÃO - PLUMA,SC,area_mil_ha
exponential_smoothing,,,,,2,historico_insuficiente,produto_uf,UF,ALGODÃO - PLUMA,SC,area_mil_ha
baseline_ingenuo,0.0,0.0,,,2,,produto_uf,UF,ALGODÃO - PLUMA,SE,area_mil_ha
regressao_linear,,,,,2,historico_insuficiente,produto_uf,UF,ALGODÃO - PLUMA,SE,area_mil_ha
random_forest,,,,,2,historico_insuficiente,produto_uf,UF,ALGODÃO - PLUMA,SE,area_mil_ha
xgboost,,,,,2,historico_insuficiente,produto_uf,UF,ALGODÃO - PLUMA,SE,area_mil_ha
exponential_smoothing,,,,,2,historico_insuficiente,produto_uf,UF,ALGODÃO - PLUMA,SE,area_mil_ha
baseline_ingenuo,0.0,0.0,0.0,,2,,produto_uf,UF,ALGODÃO - PLUMA,SP,area_mil_ha
regressao_linear,,,,,2,historico_insuficiente,produto_uf,UF,ALGODÃO - PLUMA,SP,area_mil_ha
random_forest,,,,,2,historico_insuficiente,produto_uf,UF,ALGODÃO - PLUMA,SP,area_mil_ha
xgboost,,,,,2,historico_insuficiente,produto_uf,UF,ALGODÃO - PLUMA,SP,area_mil_ha
exponential_smoothing,,,,,2,historico_insuficiente,produto_uf,UF,ALGODÃO - PLUMA,SP,area_mil_ha
baseline_ingenuo,0.6999999999999993,0.6999999999999993,4.605263157894733,,2,,produto_uf,UF,ALGODÃO - PLUMA,TO,area_mil_ha
regressao_linear,,,,,2,historico_insuficiente,produto_uf,UF,ALGODÃO - PLUMA,TO,area_mil_ha
random_forest,,,,,2,historico_insuficiente,produto_uf,UF,ALGODÃO - PLUMA,TO,area_mil_ha
xgboost,,,,,2,historico_insuficiente,produto_uf,UF,ALGODÃO - PLUMA,TO,area_mil_ha
exponential_smoothing,,,,,2,historico_insuficiente,produto_uf,UF,ALGODÃO - PLUMA,TO,area_mil_ha
baseline_ingenuo,0.0,0.0,,,2,,produto_uf,UF,AMENDOIM TOTAL,AC,area_mil_ha
regressao_linear,,,,,2,historico_insuficiente,produto_uf,UF,AMENDOIM TOTAL,AC,area_mil_ha
random_forest,,,,,2,historico_insuficiente,produto_uf,UF,AMENDOIM TOTAL,AC,area_mil_ha
xgboost,,,,,2,historico_insuficiente,produto_uf,UF,AMENDOIM TOTAL,AC,area_mil_ha
exponential_smoothing,,,,,2,historico_insuficiente,produto_uf,UF,AMENDOIM TOTAL,AC,area_mil_ha
baseline_ingenuo,0.0,0.0,,,2,,produto_uf,UF,AMENDOIM TOTAL,AL,area_mil_ha
regressao_linear,,,,,2,historico_insuficiente,produto_uf,UF,AMENDOIM TOTAL,AL,area_mil_ha
random_forest,,,,,2,historico_insuficiente,produto_uf,UF,AMENDOIM TOTAL,AL,area_mil_ha
xgboost,,,,,2,historico_insuficiente,produto_uf,UF,AMENDOIM TOTAL,AL,area_mil_ha
exponential_smoothing,,,,,2,historico_insuficiente,produto_uf,UF,AMENDOIM TOTAL,AL,area_mil_ha
baseline_ingenuo,0.0,0.0,,,2,,produto_uf,UF,AMENDOIM TOTAL,AM,area_mil_ha
regressao_linear,,,,,2,historico_insuficiente,produto_uf,UF,AMENDOIM TOTAL,AM,area_mil_ha
random_forest,,,,,2,historico_insuficiente,produto_uf,UF,AMENDOIM TOTAL,AM,area_mil_ha
xgboost,,,,,2,historico_insuficiente,produto_uf,UF,AMENDOIM TOTAL,AM,area_mil_ha
exponential_smoothing,,,,,2,historico_insuficiente,produto_uf,UF,AMENDOIM TOTAL,AM,area_mil_ha
baseline_ingenuo,0.0,0.0,,,2,,produto_uf,UF,AMENDOIM TOTAL,AP,area_mil_ha
regressao_linear,,,,,2,historico_insuficiente,produto_uf,UF,AMENDOIM TOTAL,AP,area_mil_ha
random_forest,,,,,2,historico_insuficiente,produto_uf,UF,AMENDOIM TOTAL,AP,area_mil_ha
xgboost,,,,,2,historico_insuficiente,produto_uf,UF,AMENDOIM TOTAL,AP,area_mil_ha
exponential_smoothing,,,,,2,historico_insuficiente,produto_uf,UF,AMENDOIM TOTAL,AP,area_mil_ha
baseline_ingenuo,0.0,0.0,0.0,,2,,produto_uf,UF,AMENDOIM TOTAL,BA,area_mil_ha
regressao_linear,,,,,2,historico_insuficiente,produto_uf,UF,AMENDOIM TOTAL,BA,area_mil_ha
random_forest,,,,,2,historico_insuficiente,produto_uf,UF,AMENDOIM TOTAL,BA,area_mil_ha
xgboost,,,,,2,historico_insuficiente,produto_uf,UF,AMENDOIM TOTAL,BA,area_mil_ha
exponential_smoothing,,,,,2,historico_insuficiente,produto_uf,UF,AMENDOIM TOTAL,BA,area_mil_ha
baseline_ingenuo,0.0,0.0,0.0,,2,,produto_uf,UF,AMENDOIM TOTAL,CE,area_mil_ha
regressao_linear,,,,,2,historico_insuficiente,produto_uf,UF,AMENDOIM TOTAL,CE,area_mil_ha
random_forest,,,,,2,historico_insuficiente,produto_uf,UF,AMENDOIM TOTAL,CE,area_mil_ha
xgboost,,,,,2,historico_insuficiente,produto_uf,UF,AMENDOIM TOTAL,CE,area_mil_ha
exponential_smoothing,,,,,2,historico_insuficiente,produto_uf,UF,AMENDOIM TOTAL,CE,area_mil_ha
baseline_ingenuo,0.0,0.0,,,2,,produto_uf,UF,AMENDOIM TOTAL,DF,area_mil_ha
regressao_linear,,,,,2,historico_insuficiente,produto_uf,UF,AMENDOIM TOTAL,DF,area_mil_ha
random_forest,,,,,2,historico_insuficiente,produto_uf,UF,AMENDOIM TOTAL,DF,area_mil_ha
xgboost,,,,,2,historico_insuficiente,produto_uf,UF,AMENDOIM TOTAL,DF,area_mil_ha
exponential_smoothing,,,,,2,historico_insuficiente,produto_uf,UF,AMENDOIM TOTAL,DF,area_mil_ha
baseline_ingenuo,0.0,0.0,,,2,,produto_uf,UF,AMENDOIM TOTAL,ES,area_mil_ha
regressao_linear,,,,,2,historico_insuficiente,produto_uf,UF,AMENDOIM TOTAL,ES,area_mil_ha
random_forest,,,,,2,historico_insuficiente,produto_uf,UF,AMENDOIM TOTAL,ES,area_mil_ha
xgboost,,,,,2,historico_insuficiente,produto_uf,UF,AMENDOIM TOTAL,ES,area_mil_ha
exponential_smoothing,,,,,2,historico_insuficiente,produto_uf,UF,AMENDOIM TOTAL,ES,area_mil_ha
baseline_ingenuo,0.0,0.0,,,2,,produto_uf,UF,AMENDOIM TOTAL,GO,area_mil_ha
regressao_linear,,,,,2,historico_insuficiente,produto_uf,UF,AMENDOIM TOTAL,GO,area_mil_ha
random_forest,,,,,2,historico_insuficiente,produto_uf,UF,AMENDOIM TOTAL,GO,area_mil_ha
xgboost,,,,,2,historico_insuficiente,produto_uf,UF,AMENDOIM TOTAL,GO,area_mil_ha
exponential_smoothing,,,,,2,historico_insuficiente,produto_uf,UF,AMENDOIM TOTAL,GO,area_mil_ha
baseline_ingenuo,0.0,0.0,,,2,,produto_uf,UF,AMENDOIM TOTAL,MA,area_mil_ha
regressao_linear,,,,,2,historico_insuficiente,produto_uf,UF,AMENDOIM TOTAL,MA,area_mil_ha
random_forest,,,,,2,historico_insuficiente,produto_uf,UF,AMENDOIM TOTAL,MA,area_mil_ha
xgboost,,,,,2,historico_insuficiente,produto_uf,UF,AMENDOIM TOTAL,MA,area_mil_ha
exponential_smoothing,,,,,2,historico_insuficiente,produto_uf,UF,AMENDOIM TOTAL,MA,area_mil_ha
baseline_ingenuo,1.5,1.5,9.375,,2,,produto_uf,UF,AMENDOIM TOTAL,MG,area_mil_ha
regressao_linear,,,,,2,historico_insuficiente,produto_uf,UF,AMENDOIM TOTAL,MG,area_mil_ha
random_forest,,,,,2,historico_insuficiente,produto_uf,UF,AMENDOIM TOTAL,MG,area_mil_ha
xgboost,,,,,2,historico_insuficiente,produto_uf,UF,AMENDOIM TOTAL,MG,area_mil_ha
exponential_smoothing,,,,,2,historico_insuficiente,produto_uf,UF,AMENDOIM TOTAL,MG,area_mil_ha
baseline_ingenuo,2.0,2.0,4.395604395604396,,2,,produto_uf,UF,AMENDOIM TOTAL,MS,area_mil_ha
regressao_linear,,,,,2,historico_insuficiente,produto_uf,UF,AMENDOIM TOTAL,MS,area_mil_ha
random_forest,,,,,2,historico_insuficiente,produto_uf,UF,AMENDOIM TOTAL,MS,area_mil_ha
xgboost,,,,,2,historico_insuficiente,produto_uf,UF,AMENDOIM TOTAL,MS,area_mil_ha
exponential_smoothing,,,,,2,historico_insuficiente,produto_uf,UF,AMENDOIM TOTAL,MS,area_mil_ha
baseline_ingenuo,0.0,0.0,,,2,,produto_uf,UF,AMENDOIM TOTAL,MT,area_mil_ha
regressao_linear,,,,,2,historico_insuficiente,produto_uf,UF,AMENDOIM TOTAL,MT,area_mil_ha
random_forest,,,,,2,historico_insuficiente,produto_uf,UF,AMENDOIM TOTAL,MT,area_mil_ha
xgboost,,,,,2,historico_insuficiente,produto_uf,UF,AMENDOIM TOTAL,MT,area_mil_ha
exponential_smoothing,,,,,2,historico_insuficiente,produto_uf,UF,AMENDOIM TOTAL,MT,area_mil_ha
baseline_ingenuo,0.0,0.0,,,2,,produto_uf,UF,AMENDOIM TOTAL,PA,area_mil_ha
regressao_linear,,,,,2,historico_insuficiente,produto_uf,UF,AMENDOIM TOTAL,PA,area_mil_ha
random_forest,,,,,2,historico_insuficiente,produto_uf,UF,AMENDOIM TOTAL,PA,area_mil_ha
xgboost,,,,,2,historico_insuficiente,produto_uf,UF,AMENDOIM TOTAL,PA,area_mil_ha
exponential_smoothing,,,,,2,historico_insuficiente,produto_uf,UF,AMENDOIM TOTAL,PA,area_mil_ha
baseline_ingenuo,0.0,0.0,0.0,,2,,produto_uf,UF,AMENDOIM TOTAL,PB,area_mil_ha
regressao_linear,,,,,2,historico_insuficiente,produto_uf,UF,AMENDOIM TOTAL,PB,area_mil_ha
random_forest,,,,,2,historico_insuficiente,produto_uf,UF,AMENDOIM TOTAL,PB,area_mil_ha
xgboost,,,,,2,historico_insuficiente,produto_uf,UF,AMENDOIM TOTAL,PB,area_mil_ha
exponential_smoothing,,,,,2,historico_insuficiente,produto_uf,UF,AMENDOIM TOTAL,PB,area_mil_ha
baseline_ingenuo,0.0,0.0,,,2,,produto_uf,UF,AMENDOIM TOTAL,PE,area_mil_ha
regressao_linear,,,,,2,historico_insuficiente,produto_uf,UF,AMENDOIM TOTAL,PE,area_mil_ha
random_forest,,,,,2,historico_insuficiente,produto_uf,UF,AMENDOIM TOTAL,PE,area_mil_ha
xgboost,,,,,2,historico_insuficiente,produto_uf,UF,AMENDOIM TOTAL,PE,area_mil_ha
exponential_smoothing,,,,,2,historico_insuficiente,produto_uf,UF,AMENDOIM TOTAL,PE,area_mil_ha
baseline_ingenuo,0.0,0.0,,,2,,produto_uf,UF,AMENDOIM TOTAL,PI,area_mil_ha
regressao_linear,,,,,2,historico_insuficiente,produto_uf,UF,AMENDOIM TOTAL,PI,area_mil_ha
random_forest,,,,,2,historico_insuficiente,produto_uf,UF,AMENDOIM TOTAL,PI,area_mil_ha
xgboost,,,,,2,historico_insuficiente,produto_uf,UF,AMENDOIM TOTAL,PI,area_mil_ha
exponential_smoothing,,,,,2,historico_insuficiente,produto_uf,UF,AMENDOIM TOTAL,PI,area_mil_ha
baseline_ingenuo,0.6000000000000001,0.6000000000000001,40.00000000000001,,2,,produto_uf,UF,AMENDOIM TOTAL,PR,area_mil_ha
regressao_linear,,,,,2,historico_insuficiente,produto_uf,UF,AMENDOIM TOTAL,PR,area_mil_ha
random_forest,,,,,2,historico_insuficiente,produto_uf,UF,AMENDOIM TOTAL,PR,area_mil_ha
xgboost,,,,,2,historico_insuficiente,produto_uf,UF,AMENDOIM TOTAL,PR,area_mil_ha
exponential_smoothing,,,,,2,historico_insuficiente,produto_uf,UF,AMENDOIM TOTAL,PR,area_mil_ha
baseline_ingenuo,0.0,0.0,,,2,,produto_uf,UF,AMENDOIM TOTAL,RJ,area_mil_ha
regressao_linear,,,,,2,historico_insuficiente,produto_uf,UF,AMENDOIM TOTAL,RJ,area_mil_ha
random_forest,,,,,2,historico_insuficiente,produto_uf,UF,AMENDOIM TOTAL,RJ,area_mil_ha
xgboost,,,,,2,historico_insuficiente,produto_uf,UF,AMENDOIM TOTAL,RJ,area_mil_ha
exponential_smoothing,,,,,2,historico_insuficiente,produto_uf,UF,AMENDOIM TOTAL,RJ,area_mil_ha
baseline_ingenuo,0.0,0.0,,,2,,produto_uf,UF,AMENDOIM TOTAL,RN,area_mil_ha
regressao_linear,,,,,2,historico_insuficiente,produto_uf,UF,AMENDOIM TOTAL,RN,area_mil_ha
random_forest,,,,,2,historico_insuficiente,produto_uf,UF,AMENDOIM TOTAL,RN,area_mil_ha
xgboost,,,,,2,historico_insuficiente,produto_uf,UF,AMENDOIM TOTAL,RN,area_mil_ha
exponential_smoothing,,,,,2,historico_insuficiente,produto_uf,UF,AMENDOIM TOTAL,RN,area_mil_ha
baseline_ingenuo,0.0,0.0,,,2,,produto_uf,UF,AMENDOIM TOTAL,RO,area_mil_ha
regressao_linear,,,,,2,historico_insuficiente,produto_uf,UF,AMENDOIM TOTAL,RO,area_mil_ha
random_forest,,,,,2,historico_insuficiente,produto_uf,UF,AMENDOIM TOTAL,RO,area_mil_ha
xgboost,,,,,2,historico_insuficiente,produto_uf,UF,AMENDOIM TOTAL,RO,area_mil_ha
exponential_smoothing,,,,,2,historico_insuficiente,produto_uf,UF,AMENDOIM TOTAL,RO,area_mil_ha
baseline_ingenuo,0.0,0.0,,,2,,produto_uf,UF,AMENDOIM TOTAL,RR,area_mil_ha
regressao_linear,,,,,2,historico_insuficiente,produto_uf,UF,AMENDOIM TOTAL,RR,area_mil_ha
random_forest,,,,,2,historico_insuficiente,produto_uf,UF,AMENDOIM TOTAL,RR,area_mil_ha
xgboost,,,,,2,historico_insuficiente,produto_uf,UF,AMENDOIM TOTAL,RR,area_mil_ha
exponential_smoothing,,,,,2,historico_insuficiente,produto_uf,UF,AMENDOIM TOTAL,RR,area_mil_ha
baseline_ingenuo,0.0,0.0,,,2,,produto_uf,UF,AMENDOIM TOTAL,RS,area_mil_ha
regressao_linear,,,,,2,historico_insuficiente,produto_uf,UF,AMENDOIM TOTAL,RS,area_mil_ha
random_forest,,,,,2,historico_insuficiente,produto_uf,UF,AMENDOIM TOTAL,RS,area_mil_ha
xgboost,,,,,2,historico_insuficiente,produto_uf,UF,AMENDOIM TOTAL,RS,area_mil_ha
exponential_smoothing,,,,,2,historico_insuficiente,produto_uf,UF,AMENDOIM TOTAL,RS,area_mil_ha
baseline_ingenuo,0.0,0.0,,,2,,produto_uf,UF,AMENDOIM TOTAL,SC,area_mil_ha
regressao_linear,,,,,2,historico_insuficiente,produto_uf,UF,AMENDOIM TOTAL,SC,area_mil_ha
random_forest,,,,,2,historico_insuficiente,produto_uf,UF,AMENDOIM TOTAL,SC,area_mil_ha
xgboost,,,,,2,historico_insuficiente,produto_uf,UF,AMENDOIM TOTAL,SC,area_mil_ha
exponential_smoothing,,,,,2,historico_insuficiente,produto_uf,UF,AMENDOIM TOTAL,SC,area_mil_ha
baseline_ingenuo,0.0,0.0,,,2,,produto_uf,UF,AMENDOIM TOTAL,SE,area_mil_ha
regressao_linear,,,,,2,historico_insuficiente,produto_uf,UF,AMENDOIM TOTAL,SE,area_mil_ha
random_forest,,,,,2,historico_insuficiente,produto_uf,UF,AMENDOIM TOTAL,SE,area_mil_ha
xgboost,,,,,2,historico_insuficiente,produto_uf,UF,AMENDOIM TOTAL,SE,area_mil_ha
exponential_smoothing,,,,,2,historico_insuficiente,produto_uf,UF,AMENDOIM TOTAL,SE,area_mil_ha
baseline_ingenuo,2.0999999999999943,2.0999999999999943,0.9840674789128371,,2,,produto_uf,UF,AMENDOIM TOTAL,SP,area_mil_ha
regressao_linear,,,,,2,historico_insuficiente,produto_uf,UF,AMENDOIM TOTAL,SP,area_mil_ha
random_forest,,,,,2,historico_insuficiente,produto_uf,UF,AMENDOIM TOTAL,SP,area_mil_ha
xgboost,,,,,2,historico_insuficiente,produto_uf,UF,AMENDOIM TOTAL,SP,area_mil_ha
exponential_smoothing,,,,,2,historico_insuficiente,produto_uf,UF,AMENDOIM TOTAL,SP,area_mil_ha
baseline_ingenuo,0.09999999999999998,0.09999999999999998,9.999999999999998,,2,,produto_uf,UF,AMENDOIM TOTAL,TO,area_mil_ha
regressao_linear,,,,,2,historico_insuficiente,produto_uf,UF,AMENDOIM TOTAL,TO,area_mil_ha
random_forest,,,,,2,historico_insuficiente,produto_uf,UF,AMENDOIM TOTAL,TO,area_mil_ha
xgboost,,,,,2,historico_insuficiente,produto_uf,UF,AMENDOIM TOTAL,TO,area_mil_ha
exponential_smoothing,,,,,2,historico_insuficiente,produto_uf,UF,AMENDOIM TOTAL,TO,area_mil_ha
baseline_ingenuo,0.2999999999999998,0.2999999999999998,8.571428571428566,,2,,produto_uf,UF,ARROZ,AC,area_mil_ha
regressao_linear,,,,,2,historico_insuficiente,produto_uf,UF,ARROZ,AC,area_mil_ha
random_forest,,,,,2,historico_insuficiente,produto_uf,UF,ARROZ,AC,area_mil_ha
xgboost,,,,,2,historico_insuficiente,produto_uf,UF,ARROZ,AC,area_mil_ha
exponential_smoothing,,,,,2,historico_insuficiente,produto_uf,UF,ARROZ,AC,area_mil_ha
baseline_ingenuo,0.30000000000000027,0.30000000000000027,13.043478260869579,,2,,produto_uf,UF,ARROZ,AL,area_mil_ha
regressao_linear,,,,,2,historico_insuficiente,produto_uf,UF,ARROZ,AL,area_mil_ha
random_forest,,,,,2,historico_insuficiente,produto_uf,UF,ARROZ,AL,area_mil_ha
xgboost,,,,,2,historico_insuficiente,produto_uf,UF,ARROZ,AL,area_mil_ha
exponential_smoothing,,,,,2,historico_insuficiente,produto_uf,UF,ARROZ,AL,area_mil_ha
baseline_ingenuo,1.5,1.5,24.590163934426233,,2,,produto_uf,UF,ARROZ,AM,area_mil_ha
regressao_linear,,,,,2,historico_insuficiente,produto_uf,UF,ARROZ,AM,area_mil_ha
random_forest,,,,,2,historico_insuficiente,produto_uf,UF,ARROZ,AM,area_mil_ha
xgboost,,,,,2,historico_insuficiente,produto_uf,UF,ARROZ,AM,area_mil_ha
exponential_smoothing,,,,,2,historico_insuficiente,produto_uf,UF,ARROZ,AM,area_mil_ha
baseline_ingenuo,0.30000000000000004,0.30000000000000004,50.000000000000014,,2,,produto_uf,UF,ARROZ,AP,area_mil_ha
regressao_linear,,,,,2,historico_insuficiente,produto_uf,UF,ARROZ,AP,area_mil_ha
random_forest,,,,,2,historico_insuficiente,produto_uf,UF,ARROZ,AP,area_mil_ha
xgboost,,,,,2,historico_insuficiente,produto_uf,UF,ARROZ,AP,area_mil_ha
exponential_smoothing,,,,,2,historico_insuficiente,produto_uf,UF,ARROZ,AP,area_mil_ha
baseline_ingenuo,0.0,0.0,,,2,,produto_uf,UF,ARROZ,BA,area_mil_ha
regressao_linear,,,,,2,historico_insuficiente,produto_uf,UF,ARROZ,BA,area_mil_ha
random_forest,,,,,2,historico_insuficiente,produto_uf,UF,ARROZ,BA,area_mil_ha
xgboost,,,,,2,historico_insuficiente,produto_uf,UF,ARROZ,BA,area_mil_ha
exponential_smoothing,,,,,2,historico_insuficiente,produto_uf,UF,ARROZ,BA,area_mil_ha
baseline_ingenuo,0.5000000000000004,0.5000000000000004,12.820512820512834,,2,,produto_uf,UF,ARROZ,CE,area_mil_ha
regressao_linear,,,,,2,historico_insuficiente,produto_uf,UF,ARROZ,CE,area_mil_ha
random_forest,,,,,2,historico_insuficiente,produto_uf,UF,ARROZ,CE,area_mil_ha
xgboost,,,,,2,historico_insuficiente,produto_uf,UF,ARROZ,CE,area_mil_ha
exponential_smoothing,,,,,2,historico_insuficiente,produto_uf,UF,ARROZ,CE,area_mil_ha
baseline_ingenuo,0.0,0.0,0.0,,2,,produto_uf,UF,ARROZ,DF,area_mil_ha
regressao_linear,,,,,2,historico_insuficiente,produto_uf,UF,ARROZ,DF,area_mil_ha
random_forest,,,,,2,historico_insuficiente,produto_uf,UF,ARROZ,DF,area_mil_ha
xgboost,,,,,2,historico_insuficiente,produto_uf,UF,ARROZ,DF,area_mil_ha
exponential_smoothing,,,,,2,historico_insuficiente,produto_uf,UF,ARROZ,DF,area_mil_ha
baseline_ingenuo,0.0,0.0,0.0,,2,,produto_uf,UF,ARROZ,ES,area_mil_ha
regressao_linear,,,,,2,historico_insuficiente,produto_uf,UF,ARROZ,ES,area_mil_ha
random_forest,,,,,2,historico_insuficiente,produto_uf,UF,ARROZ,ES,area_mil_ha
xgboost,,,,,2,historico_insuficiente,produto_uf,UF,ARROZ,ES,area_mil_ha
exponential_smoothing,,,,,2,historico_insuficiente,produto_uf,UF,ARROZ,ES,area_mil_ha
baseline_ingenuo,5.199999999999999,5.199999999999999,21.848739495798316,,2,,produto_uf,UF,ARROZ,GO,area_mil_ha
regressao_linear,,,,,2,historico_insuficiente,produto_uf,UF,ARROZ,GO,area_mil_ha
random_forest,,,,,2,historico_insuficiente,produto_uf,UF,ARROZ,GO,area_mil_ha
xgboost,,,,,2,historico_insuficiente,produto_uf,UF,ARROZ,GO,area_mil_ha
exponential_smoothing,,,,,2,historico_insuficiente,produto_uf,UF,ARROZ,GO,area_mil_ha
baseline_ingenuo,18.80000000000001,18.80000000000001,25.201072386058996,,2,,produto_uf,UF,ARROZ,MA,area_mil_ha
regressao_linear,,,,,2,historico_insuficiente,produto_uf,UF,ARROZ,MA,area_mil_ha
random_forest,,,,,2,historico_insuficiente,produto_uf,UF,ARROZ,MA,area_mil_ha
xgboost,,,,,2,historico_insuficiente,produto_uf,UF,ARROZ,MA,area_mil_ha
exponential_smoothing,,,,,2,historico_insuficiente,produto_uf,UF,ARROZ,MA,area_mil_ha
baseline_ingenuo,5.800000000000001,5.800000000000001,35.365853658536594,,2,,produto_uf,UF,ARROZ,MG,area_mil_ha
regressao_linear,,,,,2,historico_insuficiente,produto_uf,UF,ARROZ,MG,area_mil_ha
random_forest,,,,,2,historico_insuficiente,produto_uf,UF,ARROZ,MG,area_mil_ha
xgboost,,,,,2,historico_insuficiente,produto_uf,UF,ARROZ,MG,area_mil_ha
exponential_smoothing,,,,,2,historico_insuficiente,produto_uf,UF,ARROZ,MG,area_mil_ha
baseline_ingenuo,5.1,5.1,59.302325581395344,,2,,produto_uf,UF,ARROZ,MS,area_mil_ha
regressao_linear,,,,,2,historico_insuficiente,produto_uf,UF,ARROZ,MS,area_mil_ha
random_forest,,,,,2,historico_insuficiente,produto_uf,UF,ARROZ,MS,area_mil_ha
xgboost,,,,,2,historico_insuficiente,produto_uf,UF,ARROZ,MS,area_mil_ha
exponential_smoothing,,,,,2,historico_insuficiente,produto_uf,UF,ARROZ,MS,area_mil_ha
baseline_ingenuo,54.999999999999986,54.999999999999986,59.9781897491821,,2,,produto_uf,UF,ARROZ,MT,area_mil_ha
regressao_linear,,,,,2,historico_insuficiente,produto_uf,UF,ARROZ,MT,area_mil_ha
random_forest,,,,,2,historico_insuficiente,produto_uf,UF,ARROZ,MT,area_mil_ha
xgboost,,,,,2,historico_insuficiente,produto_uf,UF,ARROZ,MT,area_mil_ha
exponential_smoothing,,,,,2,historico_insuficiente,produto_uf,UF,ARROZ,MT,area_mil_ha
baseline_ingenuo,0.0,0.0,0.0,,2,,produto_uf,UF,ARROZ,PA,area_mil_ha
regressao_linear,,,,,2,historico_insuficiente,produto_uf,UF,ARROZ,PA,area_mil_ha
random_forest,,,,,2,historico_insuficiente,produto_uf,UF,ARROZ,PA,area_mil_ha
xgboost,,,,,2,historico_insuficiente,produto_uf,UF,ARROZ,PA,area_mil_ha
exponential_smoothing,,,,,2,historico_insuficiente,produto_uf,UF,ARROZ,PA,area_mil_ha
baseline_ingenuo,0.0,0.0,0.0,,2,,produto_uf,UF,ARROZ,PB,area_mil_ha
regressao_linear,,,,,2,historico_insuficiente,produto_uf,UF,ARROZ,PB,area_mil_ha
random_forest,,,,,2,historico_insuficiente,produto_uf,UF,ARROZ,PB,area_mil_ha
xgboost,,,,,2,historico_insuficiente,produto_uf,UF,ARROZ,PB,area_mil_ha
exponential_smoothing,,,,,2,historico_insuficiente,produto_uf,UF,ARROZ,PB,area_mil_ha
baseline_ingenuo,0.0,0.0,,,2,,produto_uf,UF,ARROZ,PE,area_mil_ha
regressao_linear,,,,,2,historico_insuficiente,produto_uf,UF,ARROZ,PE,area_mil_ha
random_forest,,,,,2,historico_insuficiente,produto_uf,UF,ARROZ,PE,area_mil_ha
xgboost,,,,,2,historico_insuficiente,produto_uf,UF,ARROZ,PE,area_mil_ha
exponential_smoothing,,,,,2,historico_insuficiente,produto_uf,UF,ARROZ,PE,area_mil_ha
baseline_ingenuo,5.0,5.0,9.70873786407767,,2,,produto_uf,UF,ARROZ,PI,area_mil_ha
regressao_linear,,,,,2,historico_insuficiente,produto_uf,UF,ARROZ,PI,area_mil_ha
random_forest,,,,,2,historico_insuficiente,produto_uf,UF,ARROZ,PI,area_mil_ha
xgboost,,,,,2,historico_insuficiente,produto_uf,UF,ARROZ,PI,area_mil_ha
exponential_smoothing,,,,,2,historico_insuficiente,produto_uf,UF,ARROZ,PI,area_mil_ha
baseline_ingenuo,0.6000000000000014,0.6000000000000014,3.14136125654451,,2,,produto_uf,UF,ARROZ,PR,area_mil_ha
regressao_linear,,,,,2,historico_insuficiente,produto_uf,UF,ARROZ,PR,area_mil_ha
random_forest,,,,,2,historico_insuficiente,produto_uf,UF,ARROZ,PR,area_mil_ha
xgboost,,,,,2,historico_insuficiente,produto_uf,UF,ARROZ,PR,area_mil_ha
exponential_smoothing,,,,,2,historico_insuficiente,produto_uf,UF,ARROZ,PR,area_mil_ha
baseline_ingenuo,0.0,0.0,0.0,,2,,produto_uf,UF,ARROZ,RJ,area_mil_ha
regressao_linear,,,,,2,historico_insuficiente,produto_uf,UF,ARROZ,RJ,area_mil_ha
random_forest,,,,,2,historico_insuficiente,produto_uf,UF,ARROZ,RJ,area_mil_ha
xgboost,,,,,2,historico_insuficiente,produto_uf,UF,ARROZ,RJ,area_mil_ha
exponential_smoothing,,,,,2,historico_insuficiente,produto_uf,UF,ARROZ,RJ,area_mil_ha
baseline_ingenuo,0.0,0.0,0.0,,2,,produto_uf,UF,ARROZ,RN,area_mil_ha
regressao_linear,,,,,2,historico_insuficiente,produto_uf,UF,ARROZ,RN,area_mil_ha
random_forest,,,,,2,historico_insuficiente,produto_uf,UF,ARROZ,RN,area_mil_ha
xgboost,,,,,2,historico_insuficiente,produto_uf,UF,ARROZ,RN,area_mil_ha
exponential_smoothing,,,,,2,historico_insuficiente,produto_uf,UF,ARROZ,RN,area_mil_ha
baseline_ingenuo,18.3,18.3,71.20622568093385,,2,,produto_uf,UF,ARROZ,RO,area_mil_ha
regressao_linear,,,,,2,historico_insuficiente,produto_uf,UF,ARROZ,RO,area_mil_ha
random_forest,,,,,2,historico_insuficiente,produto_uf,UF,ARROZ,RO,area_mil_ha
xgboost,,,,,2,historico_insuficiente,produto_uf,UF,ARROZ,RO,area_mil_ha
exponential_smoothing,,,,,2,historico_insuficiente,produto_uf,UF,ARROZ,RO,area_mil_ha
baseline_ingenuo,0.0,0.0,0.0,,2,,produto_uf,UF,ARROZ,RR,area_mil_ha
regressao_linear,,,,,2,historico_insuficiente,produto_uf,UF,ARROZ,RR,area_mil_ha
random_forest,,,,,2,historico_insuficiente,produto_uf,UF,ARROZ,RR,area_mil_ha
xgboost,,,,,2,historico_insuficiente,produto_uf,UF,ARROZ,RR,area_mil_ha
exponential_smoothing,,,,,2,historico_insuficiente,produto_uf,UF,ARROZ,RR,area_mil_ha
baseline_ingenuo,62.89999999999998,62.89999999999998,6.948740609809984,,2,,produto_uf,UF,ARROZ,RS,area_mil_ha
regressao_linear,,,,,2,historico_insuficiente,produto_uf,UF,ARROZ,RS,area_mil_ha
random_forest,,,,,2,historico_insuficiente,produto_uf,UF,ARROZ,RS,area_mil_ha
xgboost,,,,,2,historico_insuficiente,produto_uf,UF,ARROZ,RS,area_mil_ha
exponential_smoothing,,,,,2,historico_insuficiente,produto_uf,UF,ARROZ,RS,area_mil_ha
baseline_ingenuo,1.5,1.5,1.0101010101010102,,2,,produto_uf,UF,ARROZ,SC,area_mil_ha
regressao_linear,,,,,2,historico_insuficiente,produto_uf,UF,ARROZ,SC,area_mil_ha
random_forest,,,,,2,historico_insuficiente,produto_uf,UF,ARROZ,SC,area_mil_ha
xgboost,,,,,2,historico_insuficiente,produto_uf,UF,ARROZ,SC,area_mil_ha
exponential_smoothing,,,,,2,historico_insuficiente,produto_uf,UF,ARROZ,SC,area_mil_ha
baseline_ingenuo,0.20000000000000018,0.20000000000000018,3.333333333333336,,2,,produto_uf,UF,ARROZ,SE,area_mil_ha
regressao_linear,,,,,2,historico_insuficiente,produto_uf,UF,ARROZ,SE,area_mil_ha
random_forest,,,,,2,historico_insuficiente,produto_uf,UF,ARROZ,SE,area_mil_ha
xgboost,,,,,2,historico_insuficiente,produto_uf,UF,ARROZ,SE,area_mil_ha
exponential_smoothing,,,,,2,historico_insuficiente,produto_uf,UF,ARROZ,SE,area_mil_ha
baseline_ingenuo,0.0,0.0,0.0,,2,,produto_uf,UF,ARROZ,SP,area_mil_ha
regressao_linear,,,,,2,historico_insuficiente,produto_uf,UF,ARROZ,SP,area_mil_ha
random_forest,,,,,2,historico_insuficiente,produto_uf,UF,ARROZ,SP,area_mil_ha
xgboost,,,,,2,historico_insuficiente,produto_uf,UF,ARROZ,SP,area_mil_ha
exponential_smoothing,,,,,2,historico_insuficiente,produto_uf,UF,ARROZ,SP,area_mil_ha
baseline_ingenuo,25.700000000000003,25.700000000000003,23.8404452690167,,2,,produto_uf,UF,ARROZ,TO,area_mil_ha
regressao_linear,,,,,2,historico_insuficiente,produto_uf,UF,ARROZ,TO,area_mil_ha
random_forest,,,,,2,historico_insuficiente,produto_uf,UF,ARROZ,TO,area_mil_ha
xgboost,,,,,2,historico_insuficiente,produto_uf,UF,ARROZ,TO,area_mil_ha
exponential_smoothing,,,,,2,historico_insuficiente,produto_uf,UF,ARROZ,TO,area_mil_ha
baseline_ingenuo,0.0,0.0,,,2,,produto_uf,UF,AVEIA,AC,area_mil_ha
regressao_linear,,,,,2,historico_insuficiente,produto_uf,UF,AVEIA,AC,area_mil_ha
random_forest,,,,,2,historico_insuficiente,produto_uf,UF,AVEIA,AC,area_mil_ha
xgboost,,,,,2,historico_insuficiente,produto_uf,UF,AVEIA,AC,area_mil_ha
exponential_smoothing,,,,,2,historico_insuficiente,produto_uf,UF,AVEIA,AC,area_mil_ha
baseline_ingenuo,0.0,0.0,,,2,,produto_uf,UF,AVEIA,AL,area_mil_ha
regressao_linear,,,,,2,historico_insuficiente,produto_uf,UF,AVEIA,AL,area_mil_ha
random_forest,,,,,2,historico_insuficiente,produto_uf,UF,AVEIA,AL,area_mil_ha
xgboost,,,,,2,historico_insuficiente,produto_uf,UF,AVEIA,AL,area_mil_ha
exponential_smoothing,,,,,2,historico_insuficiente,produto_uf,UF,AVEIA,AL,area_mil_ha
baseline_ingenuo,0.0,0.0,,,2,,produto_uf,UF,AVEIA,AM,area_mil_ha
regressao_linear,,,,,2,historico_insuficiente,produto_uf,UF,AVEIA,AM,area_mil_ha
random_forest,,,,,2,historico_insuficiente,produto_uf,UF,AVEIA,AM,area_mil_ha
xgboost,,,,,2,historico_insuficiente,produto_uf,UF,AVEIA,AM,area_mil_ha
exponential_smoothing,,,,,2,historico_insuficiente,produto_uf,UF,AVEIA,AM,area_mil_ha
baseline_ingenuo,0.0,0.0,,,2,,produto_uf,UF,AVEIA,AP,area_mil_ha
regressao_linear,,,,,2,historico_insuficiente,produto_uf,UF,AVEIA,AP,area_mil_ha
random_forest,,,,,2,historico_insuficiente,produto_uf,UF,AVEIA,AP,area_mil_ha
xgboost,,,,,2,historico_insuficiente,produto_uf,UF,AVEIA,AP,area_mil_ha
exponential_smoothing,,,,,2,historico_insuficiente,produto_uf,UF,AVEIA,AP,area_mil_ha
baseline_ingenuo,0.0,0.0,,,2,,produto_uf,UF,AVEIA,BA,area_mil_ha
regressao_linear,,,,,2,historico_insuficiente,produto_uf,UF,AVEIA,BA,area_mil_ha
random_forest,,,,,2,historico_insuficiente,produto_uf,UF,AVEIA,BA,area_mil_ha
xgboost,,,,,2,historico_insuficiente,produto_uf,UF,AVEIA,BA,area_mil_ha
exponential_smoothing,,,,,2,historico_insuficiente,produto_uf,UF,AVEIA,BA,area_mil_ha
baseline_ingenuo,0.0,0.0,,,2,,produto_uf,UF,AVEIA,CE,area_mil_ha
regressao_linear,,,,,2,historico_insuficiente,produto_uf,UF,AVEIA,CE,area_mil_ha
random_forest,,,,,2,historico_insuficiente,produto_uf,UF,AVEIA,CE,area_mil_ha
xgboost,,,,,2,historico_insuficiente,produto_uf,UF,AVEIA,CE,area_mil_ha
exponential_smoothing,,,,,2,historico_insuficiente,produto_uf,UF,AVEIA,CE,area_mil_ha
baseline_ingenuo,0.0,0.0,,,2,,produto_uf,UF,AVEIA,DF,area_mil_ha
regressao_linear,,,,,2,historico_insuficiente,produto_uf,UF,AVEIA,DF,area_mil_ha
random_forest,,,,,2,historico_insuficiente,produto_uf,UF,AVEIA,DF,area_mil_ha
xgboost,,,,,2,historico_insuficiente,produto_uf,UF,AVEIA,DF,area_mil_ha
exponential_smoothing,,,,,2,historico_insuficiente,produto_uf,UF,AVEIA,DF,area_mil_ha
baseline_ingenuo,0.0,0.0,,,2,,produto_uf,UF,AVEIA,ES,area_mil_ha
regressao_linear,,,,,2,historico_insuficiente,produto_uf,UF,AVEIA,ES,area_mil_ha
random_forest,,,,,2,historico_insuficiente,produto_uf,UF,AVEIA,ES,area_mil_ha
xgboost,,,,,2,historico_insuficiente,produto_uf,UF,AVEIA,ES,area_mil_ha
exponential_smoothing,,,,,2,historico_insuficiente,produto_uf,UF,AVEIA,ES,area_mil_ha
baseline_ingenuo,0.0,0.0,,,2,,produto_uf,UF,AVEIA,GO,area_mil_ha
regressao_linear,,,,,2,historico_insuficiente,produto_uf,UF,AVEIA,GO,area_mil_ha
random_forest,,,,,2,historico_insuficiente,produto_uf,UF,AVEIA,GO,area_mil_ha
xgboost,,,,,2,historico_insuficiente,produto_uf,UF,AVEIA,GO,area_mil_ha
exponential_smoothing,,,,,2,historico_insuficiente,produto_uf,UF,AVEIA,GO,area_mil_ha
baseline_ingenuo,0.0,0.0,,,2,,produto_uf,UF,AVEIA,MA,area_mil_ha
regressao_linear,,,,,2,historico_insuficiente,produto_uf,UF,AVEIA,MA,area_mil_ha
random_forest,,,,,2,historico_insuficiente,produto_uf,UF,AVEIA,MA,area_mil_ha
xgboost,,,,,2,historico_insuficiente,produto_uf,UF,AVEIA,MA,area_mil_ha
exponential_smoothing,,,,,2,historico_insuficiente,produto_uf,UF,AVEIA,MA,area_mil_ha
baseline_ingenuo,0.0,0.0,,,2,,produto_uf,UF,AVEIA,MG,area_mil_ha
regressao_linear,,,,,2,historico_insuficiente,produto_uf,UF,AVEIA,MG,area_mil_ha
random_forest,,,,,2,historico_insuficiente,produto_uf,UF,AVEIA,MG,area_mil_ha
xgboost,,,,,2,historico_insuficiente,produto_uf,UF,AVEIA,MG,area_mil_ha
exponential_smoothing,,,,,2,historico_insuficiente,produto_uf,UF,AVEIA,MG,area_mil_ha
baseline_ingenuo,2.1999999999999957,2.1999999999999957,5.75916230366491,,2,,produto_uf,UF,AVEIA,MS,area_mil_ha
regressao_linear,,,,,2,historico_insuficiente,produto_uf,UF,AVEIA,MS,area_mil_ha
random_forest,,,,,2,historico_insuficiente,produto_uf,UF,AVEIA,MS,area_mil_ha
xgboost,,,,,2,historico_insuficiente,produto_uf,UF,AVEIA,MS,area_mil_ha
exponential_smoothing,,,,,2,historico_insuficiente,produto_uf,UF,AVEIA,MS,area_mil_ha
baseline_ingenuo,0.0,0.0,,,2,,produto_uf,UF,AVEIA,MT,area_mil_ha
regressao_linear,,,,,2,historico_insuficiente,produto_uf,UF,AVEIA,MT,area_mil_ha
random_forest,,,,,2,historico_insuficiente,produto_uf,UF,AVEIA,MT,area_mil_ha
xgboost,,,,,2,historico_insuficiente,produto_uf,UF,AVEIA,MT,area_mil_ha
exponential_smoothing,,,,,2,historico_insuficiente,produto_uf,UF,AVEIA,MT,area_mil_ha
baseline_ingenuo,0.0,0.0,,,2,,produto_uf,UF,AVEIA,PA,area_mil_ha
regressao_linear,,,,,2,historico_insuficiente,produto_uf,UF,AVEIA,PA,area_mil_ha
random_forest,,,,,2,historico_insuficiente,produto_uf,UF,AVEIA,PA,area_mil_ha
xgboost,,,,,2,historico_insuficiente,produto_uf,UF,AVEIA,PA,area_mil_ha
exponential_smoothing,,,,,2,historico_insuficiente,produto_uf,UF,AVEIA,PA,area_mil_ha
baseline_ingenuo,0.0,0.0,,,2,,produto_uf,UF,AVEIA,PB,area_mil_ha
regressao_linear,,,,,2,historico_insuficiente,produto_uf,UF,AVEIA,PB,area_mil_ha
random_forest,,,,,2,historico_insuficiente,produto_uf,UF,AVEIA,PB,area_mil_ha
xgboost,,,,,2,historico_insuficiente,produto_uf,UF,AVEIA,PB,area_mil_ha
exponential_smoothing,,,,,2,historico_insuficiente,produto_uf,UF,AVEIA,PB,area_mil_ha
baseline_ingenuo,0.0,0.0,,,2,,produto_uf,UF,AVEIA,PE,area_mil_ha
regressao_linear,,,,,2,historico_insuficiente,produto_uf,UF,AVEIA,PE,area_mil_ha
random_forest,,,,,2,historico_insuficiente,produto_uf,UF,AVEIA,PE,area_mil_ha
xgboost,,,,,2,historico_insuficiente,produto_uf,UF,AVEIA,PE,area_mil_ha
exponential_smoothing,,,,,2,historico_insuficiente,produto_uf,UF,AVEIA,PE,area_mil_ha
baseline_ingenuo,0.0,0.0,,,2,,produto_uf,UF,AVEIA,PI,area_mil_ha
regressao_linear,,,,,2,historico_insuficiente,produto_uf,UF,AVEIA,PI,area_mil_ha
random_forest,,,,,2,historico_insuficiente,produto_uf,UF,AVEIA,PI,area_mil_ha
xgboost,,,,,2,historico_insuficiente,produto_uf,UF,AVEIA,PI,area_mil_ha
exponential_smoothing,,,,,2,historico_insuficiente,produto_uf,UF,AVEIA,PI,area_mil_ha
baseline_ingenuo,4.8999999999999915,4.8999999999999915,4.96453900709219,,2,,produto_uf,UF,AVEIA,PR,area_mil_ha
regressao_linear,,,,,2,historico_insuficiente,produto_uf,UF,AVEIA,PR,area_mil_ha
random_forest,,,,,2,historico_insuficiente,produto_uf,UF,AVEIA,PR,area_mil_ha
xgboost,,,,,2,historico_insuficiente,produto_uf,UF,AVEIA,PR,area_mil_ha
exponential_smoothing,,,,,2,historico_insuficiente,produto_uf,UF,AVEIA,PR,area_mil_ha
baseline_ingenuo,0.0,0.0,,,2,,produto_uf,UF,AVEIA,RJ,area_mil_ha
regressao_linear,,,,,2,historico_insuficiente,produto_uf,UF,AVEIA,RJ,area_mil_ha
random_forest,,,,,2,historico_insuficiente,produto_uf,UF,AVEIA,RJ,area_mil_ha
xgboost,,,,,2,historico_insuficiente,produto_uf,UF,AVEIA,RJ,area_mil_ha
exponential_smoothing,,,,,2,historico_insuficiente,produto_uf,UF,AVEIA,RJ,area_mil_ha
baseline_ingenuo,0.0,0.0,,,2,,produto_uf,UF,AVEIA,RN,area_mil_ha
regressao_linear,,,,,2,historico_insuficiente,produto_uf,UF,AVEIA,RN,area_mil_ha
random_forest,,,,,2,historico_insuficiente,produto_uf,UF,AVEIA,RN,area_mil_ha
xgboost,,,,,2,historico_insuficiente,produto_uf,UF,AVEIA,RN,area_mil_ha
exponential_smoothing,,,,,2,historico_insuficiente,produto_uf,UF,AVEIA,RN,area_mil_ha
baseline_ingenuo,0.0,0.0,,,2,,produto_uf,UF,AVEIA,RO,area_mil_ha
regressao_linear,,,,,2,historico_insuficiente,produto_uf,UF,AVEIA,RO,area_mil_ha
random_forest,,,,,2,historico_insuficiente,produto_uf,UF,AVEIA,RO,area_mil_ha
xgboost,,,,,2,historico_insuficiente,produto_uf,UF,AVEIA,RO,area_mil_ha
exponential_smoothing,,,,,2,historico_insuficiente,produto_uf,UF,AVEIA,RO,area_mil_ha
baseline_ingenuo,0.0,0.0,,,2,,produto_uf,UF,AVEIA,RR,area_mil_ha
regressao_linear,,,,,2,historico_insuficiente,produto_uf,UF,AVEIA,RR,area_mil_ha
random_forest,,,,,2,historico_insuficiente,produto_uf,UF,AVEIA,RR,area_mil_ha
xgboost,,,,,2,historico_insuficiente,produto_uf,UF,AVEIA,RR,area_mil_ha
exponential_smoothing,,,,,2,historico_insuficiente,produto_uf,UF,AVEIA,RR,area_mil_ha
baseline_ingenuo,29.69999999999999,29.69999999999999,7.981725342649821,,2,,produto_uf,UF,AVEIA,RS,area_mil_ha
regressao_linear,,,,,2,historico_insuficiente,produto_uf,UF,AVEIA,RS,area_mil_ha
random_forest,,,,,2,historico_insuficiente,produto_uf,UF,AVEIA,RS,area_mil_ha
xgboost,,,,,2,historico_insuficiente,produto_uf,UF,AVEIA,RS,area_mil_ha
exponential_smoothing,,,,,2,historico_insuficiente,produto_uf,UF,AVEIA,RS,area_mil_ha
baseline_ingenuo,0.0,0.0,,,2,,produto_uf,UF,AVEIA,SC,area_mil_ha
regressao_linear,,,,,2,historico_insuficiente,produto_uf,UF,AVEIA,SC,area_mil_ha
random_forest,,,,,2,historico_insuficiente,produto_uf,UF,AVEIA,SC,area_mil_ha
xgboost,,,,,2,historico_insuficiente,produto_uf,UF,AVEIA,SC,area_mil_ha
exponential_smoothing,,,,,2,historico_insuficiente,produto_uf,UF,AVEIA,SC,area_mil_ha
baseline_ingenuo,0.0,0.0,,,2,,produto_uf,UF,AVEIA,SE,area_mil_ha
regressao_linear,,,,,2,historico_insuficiente,produto_uf,UF,AVEIA,SE,area_mil_ha
random_forest,,,,,2,historico_insuficiente,produto_uf,UF,AVEIA,SE,area_mil_ha
xgboost,,,,,2,historico_insuficiente,produto_uf,UF,AVEIA,SE,area_mil_ha
exponential_smoothing,,,,,2,historico_insuficiente,produto_uf,UF,AVEIA,SE,area_mil_ha
baseline_ingenuo,0.0,0.0,,,2,,produto_uf,UF,AVEIA,SP,area_mil_ha
regressao_linear,,,,,2,historico_insuficiente,produto_uf,UF,AVEIA,SP,area_mil_ha
random_forest,,,,,2,historico_insuficiente,produto_uf,UF,AVEIA,SP,area_mil_ha
xgboost,,,,,2,historico_insuficiente,produto_uf,UF,AVEIA,SP,area_mil_ha
exponential_smoothing,,,,,2,historico_insuficiente,produto_uf,UF,AVEIA,SP,area_mil_ha
baseline_ingenuo,0.0,0.0,,,2,,produto_uf,UF,AVEIA,TO,area_mil_ha
regressao_linear,,,,,2,historico_insuficiente,produto_uf,UF,AVEIA,TO,area_mil_ha
random_forest,,,,,2,historico_insuficiente,produto_uf,UF,AVEIA,TO,area_mil_ha
xgboost,,,,,2,historico_insuficiente,produto_uf,UF,AVEIA,TO,area_mil_ha
exponential_smoothing,,,,,2,historico_insuficiente,produto_uf,UF,AVEIA,TO,area_mil_ha
baseline_ingenuo,0.0,0.0,,,2,,produto_uf,UF,CANOLA,AC,area_mil_ha
regressao_linear,,,,,2,historico_insuficiente,produto_uf,UF,CANOLA,AC,area_mil_ha
random_forest,,,,,2,historico_insuficiente,produto_uf,UF,CANOLA,AC,area_mil_ha
xgboost,,,,,2,historico_insuficiente,produto_uf,UF,CANOLA,AC,area_mil_ha
exponential_smoothing,,,,,2,historico_insuficiente,produto_uf,UF,CANOLA,AC,area_mil_ha
baseline_ingenuo,0.0,0.0,,,2,,produto_uf,UF,CANOLA,AL,area_mil_ha
regressao_linear,,,,,2,historico_insuficiente,produto_uf,UF,CANOLA,AL,area_mil_ha
random_forest,,,,,2,historico_insuficiente,produto_uf,UF,CANOLA,AL,area_mil_ha
xgboost,,,,,2,historico_insuficiente,produto_uf,UF,CANOLA,AL,area_mil_ha
exponential_smoothing,,,,,2,historico_insuficiente,produto_uf,UF,CANOLA,AL,area_mil_ha
baseline_ingenuo,0.0,0.0,,,2,,produto_uf,UF,CANOLA,AM,area_mil_ha
regressao_linear,,,,,2,historico_insuficiente,produto_uf,UF,CANOLA,AM,area_mil_ha
random_forest,,,,,2,historico_insuficiente,produto_uf,UF,CANOLA,AM,area_mil_ha
xgboost,,,,,2,historico_insuficiente,produto_uf,UF,CANOLA,AM,area_mil_ha
exponential_smoothing,,,,,2,historico_insuficiente,produto_uf,UF,CANOLA,AM,area_mil_ha
baseline_ingenuo,0.0,0.0,,,2,,produto_uf,UF,CANOLA,AP,area_mil_ha
regressao_linear,,,,,2,historico_insuficiente,produto_uf,UF,CANOLA,AP,area_mil_ha
random_forest,,,,,2,historico_insuficiente,produto_uf,UF,CANOLA,AP,area_mil_ha
xgboost,,,,,2,historico_insuficiente,produto_uf,UF,CANOLA,AP,area_mil_ha
exponential_smoothing,,,,,2,historico_insuficiente,produto_uf,UF,CANOLA,AP,area_mil_ha
baseline_ingenuo,0.0,0.0,,,2,,produto_uf,UF,CANOLA,BA,area_mil_ha
regressao_linear,,,,,2,historico_insuficiente,produto_uf,UF,CANOLA,BA,area_mil_ha
random_forest,,,,,2,historico_insuficiente,produto_uf,UF,CANOLA,BA,area_mil_ha
xgboost,,,,,2,historico_insuficiente,produto_uf,UF,CANOLA,BA,area_mil_ha
exponential_smoothing,,,,,2,historico_insuficiente,produto_uf,UF,CANOLA,BA,area_mil_ha
baseline_ingenuo,0.0,0.0,,,2,,produto_uf,UF,CANOLA,CE,area_mil_ha
regressao_linear,,,,,2,historico_insuficiente,produto_uf,UF,CANOLA,CE,area_mil_ha
random_forest,,,,,2,historico_insuficiente,produto_uf,UF,CANOLA,CE,area_mil_ha
xgboost,,,,,2,historico_insuficiente,produto_uf,UF,CANOLA,CE,area_mil_ha
exponential_smoothing,,,,,2,historico_insuficiente,produto_uf,UF,CANOLA,CE,area_mil_ha
baseline_ingenuo,0.0,0.0,,,2,,produto_uf,UF,CANOLA,DF,area_mil_ha
regressao_linear,,,,,2,historico_insuficiente,produto_uf,UF,CANOLA,DF,area_mil_ha
random_forest,,,,,2,historico_insuficiente,produto_uf,UF,CANOLA,DF,area_mil_ha
xgboost,,,,,2,historico_insuficiente,produto_uf,UF,CANOLA,DF,area_mil_ha
exponential_smoothing,,,,,2,historico_insuficiente,produto_uf,UF,CANOLA,DF,area_mil_ha
baseline_ingenuo,0.0,0.0,,,2,,produto_uf,UF,CANOLA,ES,area_mil_ha
regressao_linear,,,,,2,historico_insuficiente,produto_uf,UF,CANOLA,ES,area_mil_ha
random_forest,,,,,2,historico_insuficiente,produto_uf,UF,CANOLA,ES,area_mil_ha
xgboost,,,,,2,historico_insuficiente,produto_uf,UF,CANOLA,ES,area_mil_ha
exponential_smoothing,,,,,2,historico_insuficiente,produto_uf,UF,CANOLA,ES,area_mil_ha
baseline_ingenuo,0.0,0.0,,,2,,produto_uf,UF,CANOLA,GO,area_mil_ha
regressao_linear,,,,,2,historico_insuficiente,produto_uf,UF,CANOLA,GO,area_mil_ha
random_forest,,,,,2,historico_insuficiente,produto_uf,UF,CANOLA,GO,area_mil_ha
xgboost,,,,,2,historico_insuficiente,produto_uf,UF,CANOLA,GO,area_mil_ha
exponential_smoothing,,,,,2,historico_insuficiente,produto_uf,UF,CANOLA,GO,area_mil_ha
baseline_ingenuo,0.0,0.0,,,2,,produto_uf,UF,CANOLA,MA,area_mil_ha
regressao_linear,,,,,2,historico_insuficiente,produto_uf,UF,CANOLA,MA,area_mil_ha
random_forest,,,,,2,historico_insuficiente,produto_uf,UF,CANOLA,MA,area_mil_ha
xgboost,,,,,2,historico_insuficiente,produto_uf,UF,CANOLA,MA,area_mil_ha
exponential_smoothing,,,,,2,historico_insuficiente,produto_uf,UF,CANOLA,MA,area_mil_ha
baseline_ingenuo,0.0,0.0,,,2,,produto_uf,UF,CANOLA,MG,area_mil_ha
regressao_linear,,,,,2,historico_insuficiente,produto_uf,UF,CANOLA,MG,area_mil_ha
random_forest,,,,,2,historico_insuficiente,produto_uf,UF,CANOLA,MG,area_mil_ha
xgboost,,,,,2,historico_insuficiente,produto_uf,UF,CANOLA,MG,area_mil_ha
exponential_smoothing,,,,,2,historico_insuficiente,produto_uf,UF,CANOLA,MG,area_mil_ha
baseline_ingenuo,0.0,0.0,,,2,,produto_uf,UF,CANOLA,MS,area_mil_ha
regressao_linear,,,,,2,historico_insuficiente,produto_uf,UF,CANOLA,MS,area_mil_ha
random_forest,,,,,2,historico_insuficiente,produto_uf,UF,CANOLA,MS,area_mil_ha
xgboost,,,,,2,historico_insuficiente,produto_uf,UF,CANOLA,MS,area_mil_ha
exponential_smoothing,,,,,2,historico_insuficiente,produto_uf,UF,CANOLA,MS,area_mil_ha
baseline_ingenuo,0.0,0.0,,,2,,produto_uf,UF,CANOLA,MT,area_mil_ha
regressao_linear,,,,,2,historico_insuficiente,produto_uf,UF,CANOLA,MT,area_mil_ha
random_forest,,,,,2,historico_insuficiente,produto_uf,UF,CANOLA,MT,area_mil_ha
xgboost,,,,,2,historico_insuficiente,produto_uf,UF,CANOLA,MT,area_mil_ha
exponential_smoothing,,,,,2,historico_insuficiente,produto_uf,UF,CANOLA,MT,area_mil_ha
baseline_ingenuo,0.0,0.0,,,2,,produto_uf,UF,CANOLA,PA,area_mil_ha
regressao_linear,,,,,2,historico_insuficiente,produto_uf,UF,CANOLA,PA,area_mil_ha
random_forest,,,,,2,historico_insuficiente,produto_uf,UF,CANOLA,PA,area_mil_ha
xgboost,,,,,2,historico_insuficiente,produto_uf,UF,CANOLA,PA,area_mil_ha
exponential_smoothing,,,,,2,historico_insuficiente,produto_uf,UF,CANOLA,PA,area_mil_ha
baseline_ingenuo,0.0,0.0,,,2,,produto_uf,UF,CANOLA,PB,area_mil_ha
regressao_linear,,,,,2,historico_insuficiente,produto_uf,UF,CANOLA,PB,area_mil_ha
random_forest,,,,,2,historico_insuficiente,produto_uf,UF,CANOLA,PB,area_mil_ha
xgboost,,,,,2,historico_insuficiente,produto_uf,UF,CANOLA,PB,area_mil_ha
exponential_smoothing,,,,,2,historico_insuficiente,produto_uf,UF,CANOLA,PB,area_mil_ha
baseline_ingenuo,0.0,0.0,,,2,,produto_uf,UF,CANOLA,PE,area_mil_ha
regressao_linear,,,,,2,historico_insuficiente,produto_uf,UF,CANOLA,PE,area_mil_ha
random_forest,,,,,2,historico_insuficiente,produto_uf,UF,CANOLA,PE,area_mil_ha
xgboost,,,,,2,historico_insuficiente,produto_uf,UF,CANOLA,PE,area_mil_ha
exponential_smoothing,,,,,2,historico_insuficiente,produto_uf,UF,CANOLA,PE,area_mil_ha
baseline_ingenuo,0.0,0.0,,,2,,produto_uf,UF,CANOLA,PI,area_mil_ha
regressao_linear,,,,,2,historico_insuficiente,produto_uf,UF,CANOLA,PI,area_mil_ha
random_forest,,,,,2,historico_insuficiente,produto_uf,UF,CANOLA,PI,area_mil_ha
xgboost,,,,,2,historico_insuficiente,produto_uf,UF,CANOLA,PI,area_mil_ha
exponential_smoothing,,,,,2,historico_insuficiente,produto_uf,UF,CANOLA,PI,area_mil_ha
baseline_ingenuo,0.0,0.0,0.0,,2,,produto_uf,UF,CANOLA,PR,area_mil_ha
regressao_linear,,,,,2,historico_insuficiente,produto_uf,UF,CANOLA,PR,area_mil_ha
random_forest,,,,,2,historico_insuficiente,produto_uf,UF,CANOLA,PR,area_mil_ha
xgboost,,,,,2,historico_insuficiente,produto_uf,UF,CANOLA,PR,area_mil_ha
exponential_smoothing,,,,,2,historico_insuficiente,produto_uf,UF,CANOLA,PR,area_mil_ha
baseline_ingenuo,0.0,0.0,,,2,,produto_uf,UF,CANOLA,RJ,area_mil_ha
regressao_linear,,,,,2,historico_insuficiente,produto_uf,UF,CANOLA,RJ,area_mil_ha
random_forest,,,,,2,historico_insuficiente,produto_uf,UF,CANOLA,RJ,area_mil_ha
xgboost,,,,,2,historico_insuficiente,produto_uf,UF,CANOLA,RJ,area_mil_ha
exponential_smoothing,,,,,2,historico_insuficiente,produto_uf,UF,CANOLA,RJ,area_mil_ha
baseline_ingenuo,0.0,0.0,,,2,,produto_uf,UF,CANOLA,RN,area_mil_ha
regressao_linear,,,,,2,historico_insuficiente,produto_uf,UF,CANOLA,RN,area_mil_ha
random_forest,,,,,2,historico_insuficiente,produto_uf,UF,CANOLA,RN,area_mil_ha
xgboost,,,,,2,historico_insuficiente,produto_uf,UF,CANOLA,RN,area_mil_ha
exponential_smoothing,,,,,2,historico_insuficiente,produto_uf,UF,CANOLA,RN,area_mil_ha
baseline_ingenuo,0.0,0.0,,,2,,produto_uf,UF,CANOLA,RO,area_mil_ha
regressao_linear,,,,,2,historico_insuficiente,produto_uf,UF,CANOLA,RO,area_mil_ha
random_forest,,,,,2,historico_insuficiente,produto_uf,UF,CANOLA,RO,area_mil_ha
xgboost,,,,,2,historico_insuficiente,produto_uf,UF,CANOLA,RO,area_mil_ha
exponential_smoothing,,,,,2,historico_insuficiente,produto_uf,UF,CANOLA,RO,area_mil_ha
baseline_ingenuo,0.0,0.0,,,2,,produto_uf,UF,CANOLA,RR,area_mil_ha
regressao_linear,,,,,2,historico_insuficiente,produto_uf,UF,CANOLA,RR,area_mil_ha
random_forest,,,,,2,historico_insuficiente,produto_uf,UF,CANOLA,RR,area_mil_ha
xgboost,,,,,2,historico_insuficiente,produto_uf,UF,CANOLA,RR,area_mil_ha
exponential_smoothing,,,,,2,historico_insuficiente,produto_uf,UF,CANOLA,RR,area_mil_ha
baseline_ingenuo,63.79999999999998,63.79999999999998,23.310193642674456,,2,,produto_uf,UF,CANOLA,RS,area_mil_ha
regressao_linear,,,,,2,historico_insuficiente,produto_uf,UF,CANOLA,RS,area_mil_ha
random_forest,,,,,2,historico_insuficiente,produto_uf,UF,CANOLA,RS,area_mil_ha
xgboost,,,,,2,historico_insuficiente,produto_uf,UF,CANOLA,RS,area_mil_ha
exponential_smoothing,,,,,2,historico_insuficiente,produto_uf,UF,CANOLA,RS,area_mil_ha
baseline_ingenuo,0.0,0.0,,,2,,produto_uf,UF,CANOLA,SC,area_mil_ha
regressao_linear,,,,,2,historico_insuficiente,produto_uf,UF,CANOLA,SC,area_mil_ha
random_forest,,,,,2,historico_insuficiente,produto_uf,UF,CANOLA,SC,area_mil_ha
xgboost,,,,,2,historico_insuficiente,produto_uf,UF,CANOLA,SC,area_mil_ha
exponential_smoothing,,,,,2,historico_insuficiente,produto_uf,UF,CANOLA,SC,area_mil_ha
baseline_ingenuo,0.0,0.0,,,2,,produto_uf,UF,CANOLA,SE,area_mil_ha
regressao_linear,,,,,2,historico_insuficiente,produto_uf,UF,CANOLA,SE,area_mil_ha
random_forest,,,,,2,historico_insuficiente,produto_uf,UF,CANOLA,SE,area_mil_ha
xgboost,,,,,2,historico_insuficiente,produto_uf,UF,CANOLA,SE,area_mil_ha
exponential_smoothing,,,,,2,historico_insuficiente,produto_uf,UF,CANOLA,SE,area_mil_ha
baseline_ingenuo,0.0,0.0,,,2,,produto_uf,UF,CANOLA,SP,area_mil_ha
regressao_linear,,,,,2,historico_insuficiente,produto_uf,UF,CANOLA,SP,area_mil_ha
random_forest,,,,,2,historico_insuficiente,produto_uf,UF,CANOLA,SP,area_mil_ha
xgboost,,,,,2,historico_insuficiente,produto_uf,UF,CANOLA,SP,area_mil_ha
exponential_smoothing,,,,,2,historico_insuficiente,produto_uf,UF,CANOLA,SP,area_mil_ha
baseline_ingenuo,0.0,0.0,,,2,,produto_uf,UF,CANOLA,TO,area_mil_ha
regressao_linear,,,,,2,historico_insuficiente,produto_uf,UF,CANOLA,TO,area_mil_ha
random_forest,,,,,2,historico_insuficiente,produto_uf,UF,CANOLA,TO,area_mil_ha
xgboost,,,,,2,historico_insuficiente,produto_uf,UF,CANOLA,TO,area_mil_ha
exponential_smoothing,,,,,2,historico_insuficiente,produto_uf,UF,CANOLA,TO,area_mil_ha
baseline_ingenuo,0.0,0.0,,,2,,produto_uf,UF,CENTEIO,AC,area_mil_ha
regressao_linear,,,,,2,historico_insuficiente,produto_uf,UF,CENTEIO,AC,area_mil_ha
random_forest,,,,,2,historico_insuficiente,produto_uf,UF,CENTEIO,AC,area_mil_ha
xgboost,,,,,2,historico_insuficiente,produto_uf,UF,CENTEIO,AC,area_mil_ha
exponential_smoothing,,,,,2,historico_insuficiente,produto_uf,UF,CENTEIO,AC,area_mil_ha
baseline_ingenuo,0.0,0.0,,,2,,produto_uf,UF,CENTEIO,AL,area_mil_ha
regressao_linear,,,,,2,historico_insuficiente,produto_uf,UF,CENTEIO,AL,area_mil_ha
random_forest,,,,,2,historico_insuficiente,produto_uf,UF,CENTEIO,AL,area_mil_ha
xgboost,,,,,2,historico_insuficiente,produto_uf,UF,CENTEIO,AL,area_mil_ha
exponential_smoothing,,,,,2,historico_insuficiente,produto_uf,UF,CENTEIO,AL,area_mil_ha
baseline_ingenuo,0.0,0.0,,,2,,produto_uf,UF,CENTEIO,AM,area_mil_ha
regressao_linear,,,,,2,historico_insuficiente,produto_uf,UF,CENTEIO,AM,area_mil_ha
random_forest,,,,,2,historico_insuficiente,produto_uf,UF,CENTEIO,AM,area_mil_ha
xgboost,,,,,2,historico_insuficiente,produto_uf,UF,CENTEIO,AM,area_mil_ha
exponential_smoothing,,,,,2,historico_insuficiente,produto_uf,UF,CENTEIO,AM,area_mil_ha
baseline_ingenuo,0.0,0.0,,,2,,produto_uf,UF,CENTEIO,AP,area_mil_ha
regressao_linear,,,,,2,historico_insuficiente,produto_uf,UF,CENTEIO,AP,area_mil_ha
random_forest,,,,,2,historico_insuficiente,produto_uf,UF,CENTEIO,AP,area_mil_ha
xgboost,,,,,2,historico_insuficiente,produto_uf,UF,CENTEIO,AP,area_mil_ha
exponential_smoothing,,,,,2,historico_insuficiente,produto_uf,UF,CENTEIO,AP,area_mil_ha
baseline_ingenuo,0.0,0.0,,,2,,produto_uf,UF,CENTEIO,BA,area_mil_ha
regressao_linear,,,,,2,historico_insuficiente,produto_uf,UF,CENTEIO,BA,area_mil_ha
random_forest,,,,,2,historico_insuficiente,produto_uf,UF,CENTEIO,BA,area_mil_ha
xgboost,,,,,2,historico_insuficiente,produto_uf,UF,CENTEIO,BA,area_mil_ha
exponential_smoothing,,,,,2,historico_insuficiente,produto_uf,UF,CENTEIO,BA,area_mil_ha
baseline_ingenuo,0.0,0.0,,,2,,produto_uf,UF,CENTEIO,CE,area_mil_ha
regressao_linear,,,,,2,historico_insuficiente,produto_uf,UF,CENTEIO,CE,area_mil_ha
random_forest,,,,,2,historico_insuficiente,produto_uf,UF,CENTEIO,CE,area_mil_ha
xgboost,,,,,2,historico_insuficiente,produto_uf,UF,CENTEIO,CE,area_mil_ha
exponential_smoothing,,,,,2,historico_insuficiente,produto_uf,UF,CENTEIO,CE,area_mil_ha
baseline_ingenuo,0.0,0.0,,,2,,produto_uf,UF,CENTEIO,DF,area_mil_ha
regressao_linear,,,,,2,historico_insuficiente,produto_uf,UF,CENTEIO,DF,area_mil_ha
random_forest,,,,,2,historico_insuficiente,produto_uf,UF,CENTEIO,DF,area_mil_ha
xgboost,,,,,2,historico_insuficiente,produto_uf,UF,CENTEIO,DF,area_mil_ha
exponential_smoothing,,,,,2,historico_insuficiente,produto_uf,UF,CENTEIO,DF,area_mil_ha
baseline_ingenuo,0.0,0.0,,,2,,produto_uf,UF,CENTEIO,ES,area_mil_ha
regressao_linear,,,,,2,historico_insuficiente,produto_uf,UF,CENTEIO,ES,area_mil_ha
random_forest,,,,,2,historico_insuficiente,produto_uf,UF,CENTEIO,ES,area_mil_ha
xgboost,,,,,2,historico_insuficiente,produto_uf,UF,CENTEIO,ES,area_mil_ha
exponential_smoothing,,,,,2,historico_insuficiente,produto_uf,UF,CENTEIO,ES,area_mil_ha
baseline_ingenuo,0.0,0.0,,,2,,produto_uf,UF,CENTEIO,GO,area_mil_ha
regressao_linear,,,,,2,historico_insuficiente,produto_uf,UF,CENTEIO,GO,area_mil_ha
random_forest,,,,,2,historico_insuficiente,produto_uf,UF,CENTEIO,GO,area_mil_ha
xgboost,,,,,2,historico_insuficiente,produto_uf,UF,CENTEIO,GO,area_mil_ha
exponential_smoothing,,,,,2,historico_insuficiente,produto_uf,UF,CENTEIO,GO,area_mil_ha
baseline_ingenuo,0.0,0.0,,,2,,produto_uf,UF,CENTEIO,MA,area_mil_ha
regressao_linear,,,,,2,historico_insuficiente,produto_uf,UF,CENTEIO,MA,area_mil_ha
random_forest,,,,,2,historico_insuficiente,produto_uf,UF,CENTEIO,MA,area_mil_ha
xgboost,,,,,2,historico_insuficiente,produto_uf,UF,CENTEIO,MA,area_mil_ha
exponential_smoothing,,,,,2,historico_insuficiente,produto_uf,UF,CENTEIO,MA,area_mil_ha
baseline_ingenuo,0.0,0.0,,,2,,produto_uf,UF,CENTEIO,MG,area_mil_ha
regressao_linear,,,,,2,historico_insuficiente,produto_uf,UF,CENTEIO,MG,area_mil_ha
random_forest,,,,,2,historico_insuficiente,produto_uf,UF,CENTEIO,MG,area_mil_ha
xgboost,,,,,2,historico_insuficiente,produto_uf,UF,CENTEIO,MG,area_mil_ha
exponential_smoothing,,,,,2,historico_insuficiente,produto_uf,UF,CENTEIO,MG,area_mil_ha
baseline_ingenuo,0.0,0.0,,,2,,produto_uf,UF,CENTEIO,MS,area_mil_ha
regressao_linear,,,,,2,historico_insuficiente,produto_uf,UF,CENTEIO,MS,area_mil_ha
random_forest,,,,,2,historico_insuficiente,produto_uf,UF,CENTEIO,MS,area_mil_ha
xgboost,,,,,2,historico_insuficiente,produto_uf,UF,CENTEIO,MS,area_mil_ha
exponential_smoothing,,,,,2,historico_insuficiente,produto_uf,UF,CENTEIO,MS,area_mil_ha
baseline_ingenuo,0.0,0.0,,,2,,produto_uf,UF,CENTEIO,MT,area_mil_ha
regressao_linear,,,,,2,historico_insuficiente,produto_uf,UF,CENTEIO,MT,area_mil_ha
random_forest,,,,,2,historico_insuficiente,produto_uf,UF,CENTEIO,MT,area_mil_ha
xgboost,,,,,2,historico_insuficiente,produto_uf,UF,CENTEIO,MT,area_mil_ha
exponential_smoothing,,,,,2,historico_insuficiente,produto_uf,UF,CENTEIO,MT,area_mil_ha
baseline_ingenuo,0.0,0.0,,,2,,produto_uf,UF,CENTEIO,PA,area_mil_ha
regressao_linear,,,,,2,historico_insuficiente,produto_uf,UF,CENTEIO,PA,area_mil_ha
random_forest,,,,,2,historico_insuficiente,produto_uf,UF,CENTEIO,PA,area_mil_ha
xgboost,,,,,2,historico_insuficiente,produto_uf,UF,CENTEIO,PA,area_mil_ha
exponential_smoothing,,,,,2,historico_insuficiente,produto_uf,UF,CENTEIO,PA,area_mil_ha
baseline_ingenuo,0.0,0.0,,,2,,produto_uf,UF,CENTEIO,PB,area_mil_ha
regressao_linear,,,,,2,historico_insuficiente,produto_uf,UF,CENTEIO,PB,area_mil_ha
random_forest,,,,,2,historico_insuficiente,produto_uf,UF,CENTEIO,PB,area_mil_ha
xgboost,,,,,2,historico_insuficiente,produto_uf,UF,CENTEIO,PB,area_mil_ha
exponential_smoothing,,,,,2,historico_insuficiente,produto_uf,UF,CENTEIO,PB,area_mil_ha
baseline_ingenuo,0.0,0.0,,,2,,produto_uf,UF,CENTEIO,PE,area_mil_ha
regressao_linear,,,,,2,historico_insuficiente,produto_uf,UF,CENTEIO,PE,area_mil_ha
random_forest,,,,,2,historico_insuficiente,produto_uf,UF,CENTEIO,PE,area_mil_ha
xgboost,,,,,2,historico_insuficiente,produto_uf,UF,CENTEIO,PE,area_mil_ha
exponential_smoothing,,,,,2,historico_insuficiente,produto_uf,UF,CENTEIO,PE,area_mil_ha
baseline_ingenuo,0.0,0.0,,,2,,produto_uf,UF,CENTEIO,PI,area_mil_ha
regressao_linear,,,,,2,historico_insuficiente,produto_uf,UF,CENTEIO,PI,area_mil_ha
random_forest,,,,,2,historico_insuficiente,produto_uf,UF,CENTEIO,PI,area_mil_ha
xgboost,,,,,2,historico_insuficiente,produto_uf,UF,CENTEIO,PI,area_mil_ha
exponential_smoothing,,,,,2,historico_insuficiente,produto_uf,UF,CENTEIO,PI,area_mil_ha
baseline_ingenuo,0.0,0.0,0.0,,2,,produto_uf,UF,CENTEIO,PR,area_mil_ha
regressao_linear,,,,,2,historico_insuficiente,produto_uf,UF,CENTEIO,PR,area_mil_ha
random_forest,,,,,2,historico_insuficiente,produto_uf,UF,CENTEIO,PR,area_mil_ha
xgboost,,,,,2,historico_insuficiente,produto_uf,UF,CENTEIO,PR,area_mil_ha
exponential_smoothing,,,,,2,historico_insuficiente,produto_uf,UF,CENTEIO,PR,area_mil_ha
baseline_ingenuo,0.0,0.0,,,2,,produto_uf,UF,CENTEIO,RJ,area_mil_ha
regressao_linear,,,,,2,historico_insuficiente,produto_uf,UF,CENTEIO,RJ,area_mil_ha
random_forest,,,,,2,historico_insuficiente,produto_uf,UF,CENTEIO,RJ,area_mil_ha
xgboost,,,,,2,historico_insuficiente,produto_uf,UF,CENTEIO,RJ,area_mil_ha
exponential_smoothing,,,,,2,historico_insuficiente,produto_uf,UF,CENTEIO,RJ,area_mil_ha
baseline_ingenuo,0.0,0.0,,,2,,produto_uf,UF,CENTEIO,RN,area_mil_ha
regressao_linear,,,,,2,historico_insuficiente,produto_uf,UF,CENTEIO,RN,area_mil_ha
random_forest,,,,,2,historico_insuficiente,produto_uf,UF,CENTEIO,RN,area_mil_ha
xgboost,,,,,2,historico_insuficiente,produto_uf,UF,CENTEIO,RN,area_mil_ha
exponential_smoothing,,,,,2,historico_insuficiente,produto_uf,UF,CENTEIO,RN,area_mil_ha
baseline_ingenuo,0.0,0.0,,,2,,produto_uf,UF,CENTEIO,RO,area_mil_ha
regressao_linear,,,,,2,historico_insuficiente,produto_uf,UF,CENTEIO,RO,area_mil_ha
random_forest,,,,,2,historico_insuficiente,produto_uf,UF,CENTEIO,RO,area_mil_ha
xgboost,,,,,2,historico_insuficiente,produto_uf,UF,CENTEIO,RO,area_mil_ha
exponential_smoothing,,,,,2,historico_insuficiente,produto_uf,UF,CENTEIO,RO,area_mil_ha
baseline_ingenuo,0.0,0.0,,,2,,produto_uf,UF,CENTEIO,RR,area_mil_ha
regressao_linear,,,,,2,historico_insuficiente,produto_uf,UF,CENTEIO,RR,area_mil_ha
random_forest,,,,,2,historico_insuficiente,produto_uf,UF,CENTEIO,RR,area_mil_ha
xgboost,,,,,2,historico_insuficiente,produto_uf,UF,CENTEIO,RR,area_mil_ha
exponential_smoothing,,,,,2,historico_insuficiente,produto_uf,UF,CENTEIO,RR,area_mil_ha
baseline_ingenuo,0.0,0.0,,,2,,produto_uf,UF,CENTEIO,RS,area_mil_ha
regressao_linear,,,,,2,historico_insuficiente,produto_uf,UF,CENTEIO,RS,area_mil_ha
random_forest,,,,,2,historico_insuficiente,produto_uf,UF,CENTEIO,RS,area_mil_ha
xgboost,,,,,2,historico_insuficiente,produto_uf,UF,CENTEIO,RS,area_mil_ha
exponential_smoothing,,,,,2,historico_insuficiente,produto_uf,UF,CENTEIO,RS,area_mil_ha
baseline_ingenuo,0.0,0.0,,,2,,produto_uf,UF,CENTEIO,SC,area_mil_ha
regressao_linear,,,,,2,historico_insuficiente,produto_uf,UF,CENTEIO,SC,area_mil_ha
random_forest,,,,,2,historico_insuficiente,produto_uf,UF,CENTEIO,SC,area_mil_ha
xgboost,,,,,2,historico_insuficiente,produto_uf,UF,CENTEIO,SC,area_mil_ha
exponential_smoothing,,,,,2,historico_insuficiente,produto_uf,UF,CENTEIO,SC,area_mil_ha
baseline_ingenuo,0.0,0.0,,,2,,produto_uf,UF,CENTEIO,SE,area_mil_ha
regressao_linear,,,,,2,historico_insuficiente,produto_uf,UF,CENTEIO,SE,area_mil_ha
random_forest,,,,,2,historico_insuficiente,produto_uf,UF,CENTEIO,SE,area_mil_ha
xgboost,,,,,2,historico_insuficiente,produto_uf,UF,CENTEIO,SE,area_mil_ha
exponential_smoothing,,,,,2,historico_insuficiente,produto_uf,UF,CENTEIO,SE,area_mil_ha
baseline_ingenuo,0.0,0.0,,,2,,produto_uf,UF,CENTEIO,SP,area_mil_ha
regressao_linear,,,,,2,historico_insuficiente,produto_uf,UF,CENTEIO,SP,area_mil_ha
random_forest,,,,,2,historico_insuficiente,produto_uf,UF,CENTEIO,SP,area_mil_ha
xgboost,,,,,2,historico_insuficiente,produto_uf,UF,CENTEIO,SP,area_mil_ha
exponential_smoothing,,,,,2,historico_insuficiente,produto_uf,UF,CENTEIO,SP,area_mil_ha
baseline_ingenuo,0.0,0.0,,,2,,produto_uf,UF,CENTEIO,TO,area_mil_ha
regressao_linear,,,,,2,historico_insuficiente,produto_uf,UF,CENTEIO,TO,area_mil_ha
random_forest,,,,,2,historico_insuficiente,produto_uf,UF,CENTEIO,TO,area_mil_ha
xgboost,,,,,2,historico_insuficiente,produto_uf,UF,CENTEIO,TO,area_mil_ha
exponential_smoothing,,,,,2,historico_insuficiente,produto_uf,UF,CENTEIO,TO,area_mil_ha
baseline_ingenuo,0.0,0.0,,,2,,produto_uf,UF,CEVADA,AC,area_mil_ha
regressao_linear,,,,,2,historico_insuficiente,produto_uf,UF,CEVADA,AC,area_mil_ha
random_forest,,,,,2,historico_insuficiente,produto_uf,UF,CEVADA,AC,area_mil_ha
xgboost,,,,,2,historico_insuficiente,produto_uf,UF,CEVADA,AC,area_mil_ha
exponential_smoothing,,,,,2,historico_insuficiente,produto_uf,UF,CEVADA,AC,area_mil_ha
baseline_ingenuo,0.0,0.0,,,2,,produto_uf,UF,CEVADA,AL,area_mil_ha
regressao_linear,,,,,2,historico_insuficiente,produto_uf,UF,CEVADA,AL,area_mil_ha
random_forest,,,,,2,historico_insuficiente,produto_uf,UF,CEVADA,AL,area_mil_ha
xgboost,,,,,2,historico_insuficiente,produto_uf,UF,CEVADA,AL,area_mil_ha
exponential_smoothing,,,,,2,historico_insuficiente,produto_uf,UF,CEVADA,AL,area_mil_ha
baseline_ingenuo,0.0,0.0,,,2,,produto_uf,UF,CEVADA,AM,area_mil_ha
regressao_linear,,,,,2,historico_insuficiente,produto_uf,UF,CEVADA,AM,area_mil_ha
random_forest,,,,,2,historico_insuficiente,produto_uf,UF,CEVADA,AM,area_mil_ha
xgboost,,,,,2,historico_insuficiente,produto_uf,UF,CEVADA,AM,area_mil_ha
exponential_smoothing,,,,,2,historico_insuficiente,produto_uf,UF,CEVADA,AM,area_mil_ha
baseline_ingenuo,0.0,0.0,,,2,,produto_uf,UF,CEVADA,AP,area_mil_ha
regressao_linear,,,,,2,historico_insuficiente,produto_uf,UF,CEVADA,AP,area_mil_ha
random_forest,,,,,2,historico_insuficiente,produto_uf,UF,CEVADA,AP,area_mil_ha
xgboost,,,,,2,historico_insuficiente,produto_uf,UF,CEVADA,AP,area_mil_ha
exponential_smoothing,,,,,2,historico_insuficiente,produto_uf,UF,CEVADA,AP,area_mil_ha
baseline_ingenuo,0.0,0.0,,,2,,produto_uf,UF,CEVADA,BA,area_mil_ha
regressao_linear,,,,,2,historico_insuficiente,produto_uf,UF,CEVADA,BA,area_mil_ha
random_forest,,,,,2,historico_insuficiente,produto_uf,UF,CEVADA,BA,area_mil_ha
xgboost,,,,,2,historico_insuficiente,produto_uf,UF,CEVADA,BA,area_mil_ha
exponential_smoothing,,,,,2,historico_insuficiente,produto_uf,UF,CEVADA,BA,area_mil_ha
baseline_ingenuo,0.0,0.0,,,2,,produto_uf,UF,CEVADA,CE,area_mil_ha
regressao_linear,,,,,2,historico_insuficiente,produto_uf,UF,CEVADA,CE,area_mil_ha
random_forest,,,,,2,historico_insuficiente,produto_uf,UF,CEVADA,CE,area_mil_ha
xgboost,,,,,2,historico_insuficiente,produto_uf,UF,CEVADA,CE,area_mil_ha
exponential_smoothing,,,,,2,historico_insuficiente,produto_uf,UF,CEVADA,CE,area_mil_ha
baseline_ingenuo,0.0,0.0,,,2,,produto_uf,UF,CEVADA,DF,area_mil_ha
regressao_linear,,,,,2,historico_insuficiente,produto_uf,UF,CEVADA,DF,area_mil_ha
random_forest,,,,,2,historico_insuficiente,produto_uf,UF,CEVADA,DF,area_mil_ha
xgboost,,,,,2,historico_insuficiente,produto_uf,UF,CEVADA,DF,area_mil_ha
exponential_smoothing,,,,,2,historico_insuficiente,produto_uf,UF,CEVADA,DF,area_mil_ha
baseline_ingenuo,0.0,0.0,,,2,,produto_uf,UF,CEVADA,ES,area_mil_ha
regressao_linear,,,,,2,historico_insuficiente,produto_uf,UF,CEVADA,ES,area_mil_ha
random_forest,,,,,2,historico_insuficiente,produto_uf,UF,CEVADA,ES,area_mil_ha
xgboost,,,,,2,historico_insuficiente,produto_uf,UF,CEVADA,ES,area_mil_ha
exponential_smoothing,,,,,2,historico_insuficiente,produto_uf,UF,CEVADA,ES,area_mil_ha
baseline_ingenuo,0.0,0.0,,,2,,produto_uf,UF,CEVADA,GO,area_mil_ha
regressao_linear,,,,,2,historico_insuficiente,produto_uf,UF,CEVADA,GO,area_mil_ha
random_forest,,,,,2,historico_insuficiente,produto_uf,UF,CEVADA,GO,area_mil_ha
xgboost,,,,,2,historico_insuficiente,produto_uf,UF,CEVADA,GO,area_mil_ha
exponential_smoothing,,,,,2,historico_insuficiente,produto_uf,UF,CEVADA,GO,area_mil_ha
baseline_ingenuo,0.0,0.0,,,2,,produto_uf,UF,CEVADA,MA,area_mil_ha
regressao_linear,,,,,2,historico_insuficiente,produto_uf,UF,CEVADA,MA,area_mil_ha
random_forest,,,,,2,historico_insuficiente,produto_uf,UF,CEVADA,MA,area_mil_ha
xgboost,,,,,2,historico_insuficiente,produto_uf,UF,CEVADA,MA,area_mil_ha
exponential_smoothing,,,,,2,historico_insuficiente,produto_uf,UF,CEVADA,MA,area_mil_ha
baseline_ingenuo,0.0,0.0,,,2,,produto_uf,UF,CEVADA,MG,area_mil_ha
regressao_linear,,,,,2,historico_insuficiente,produto_uf,UF,CEVADA,MG,area_mil_ha
random_forest,,,,,2,historico_insuficiente,produto_uf,UF,CEVADA,MG,area_mil_ha
xgboost,,,,,2,historico_insuficiente,produto_uf,UF,CEVADA,MG,area_mil_ha
exponential_smoothing,,,,,2,historico_insuficiente,produto_uf,UF,CEVADA,MG,area_mil_ha
baseline_ingenuo,0.0,0.0,,,2,,produto_uf,UF,CEVADA,MS,area_mil_ha
regressao_linear,,,,,2,historico_insuficiente,produto_uf,UF,CEVADA,MS,area_mil_ha
random_forest,,,,,2,historico_insuficiente,produto_uf,UF,CEVADA,MS,area_mil_ha
xgboost,,,,,2,historico_insuficiente,produto_uf,UF,CEVADA,MS,area_mil_ha
exponential_smoothing,,,,,2,historico_insuficiente,produto_uf,UF,CEVADA,MS,area_mil_ha
baseline_ingenuo,0.0,0.0,,,2,,produto_uf,UF,CEVADA,MT,area_mil_ha
regressao_linear,,,,,2,historico_insuficiente,produto_uf,UF,CEVADA,MT,area_mil_ha
random_forest,,,,,2,historico_insuficiente,produto_uf,UF,CEVADA,MT,area_mil_ha
xgboost,,,,,2,historico_insuficiente,produto_uf,UF,CEVADA,MT,area_mil_ha
exponential_smoothing,,,,,2,historico_insuficiente,produto_uf,UF,CEVADA,MT,area_mil_ha
baseline_ingenuo,0.0,0.0,,,2,,produto_uf,UF,CEVADA,PA,area_mil_ha
regressao_linear,,,,,2,historico_insuficiente,produto_uf,UF,CEVADA,PA,area_mil_ha
random_forest,,,,,2,historico_insuficiente,produto_uf,UF,CEVADA,PA,area_mil_ha
xgboost,,,,,2,historico_insuficiente,produto_uf,UF,CEVADA,PA,area_mil_ha
exponential_smoothing,,,,,2,historico_insuficiente,produto_uf,UF,CEVADA,PA,area_mil_ha
baseline_ingenuo,0.0,0.0,,,2,,produto_uf,UF,CEVADA,PB,area_mil_ha
regressao_linear,,,,,2,historico_insuficiente,produto_uf,UF,CEVADA,PB,area_mil_ha
random_forest,,,,,2,historico_insuficiente,produto_uf,UF,CEVADA,PB,area_mil_ha
xgboost,,,,,2,historico_insuficiente,produto_uf,UF,CEVADA,PB,area_mil_ha
exponential_smoothing,,,,,2,historico_insuficiente,produto_uf,UF,CEVADA,PB,area_mil_ha
baseline_ingenuo,0.0,0.0,,,2,,produto_uf,UF,CEVADA,PE,area_mil_ha
regressao_linear,,,,,2,historico_insuficiente,produto_uf,UF,CEVADA,PE,area_mil_ha
random_forest,,,,,2,historico_insuficiente,produto_uf,UF,CEVADA,PE,area_mil_ha
xgboost,,,,,2,historico_insuficiente,produto_uf,UF,CEVADA,PE,area_mil_ha
exponential_smoothing,,,,,2,historico_insuficiente,produto_uf,UF,CEVADA,PE,area_mil_ha
baseline_ingenuo,0.0,0.0,,,2,,produto_uf,UF,CEVADA,PI,area_mil_ha
regressao_linear,,,,,2,historico_insuficiente,produto_uf,UF,CEVADA,PI,area_mil_ha
random_forest,,,,,2,historico_insuficiente,produto_uf,UF,CEVADA,PI,area_mil_ha
xgboost,,,,,2,historico_insuficiente,produto_uf,UF,CEVADA,PI,area_mil_ha
exponential_smoothing,,,,,2,historico_insuficiente,produto_uf,UF,CEVADA,PI,area_mil_ha
baseline_ingenuo,7.599999999999994,7.599999999999994,6.828391734052107,,2,,produto_uf,UF,CEVADA,PR,area_mil_ha
regressao_linear,,,,,2,historico_insuficiente,produto_uf,UF,CEVADA,PR,area_mil_ha
random_forest,,,,,2,historico_insuficiente,produto_uf,UF,CEVADA,PR,area_mil_ha
xgboost,,,,,2,historico_insuficiente,produto_uf,UF,CEVADA,PR,area_mil_ha
exponential_smoothing,,,,,2,historico_insuficiente,produto_uf,UF,CEVADA,PR,area_mil_ha
baseline_ingenuo,0.0,0.0,,,2,,produto_uf,UF,CEVADA,RJ,area_mil_ha
regressao_linear,,,,,2,historico_insuficiente,produto_uf,UF,CEVADA,RJ,area_mil_ha
random_forest,,,,,2,historico_insuficiente,produto_uf,UF,CEVADA,RJ,area_mil_ha
xgboost,,,,,2,historico_insuficiente,produto_uf,UF,CEVADA,RJ,area_mil_ha
exponential_smoothing,,,,,2,historico_insuficiente,produto_uf,UF,CEVADA,RJ,area_mil_ha
baseline_ingenuo,0.0,0.0,,,2,,produto_uf,UF,CEVADA,RN,area_mil_ha
regressao_linear,,,,,2,historico_insuficiente,produto_uf,UF,CEVADA,RN,area_mil_ha
random_forest,,,,,2,historico_insuficiente,produto_uf,UF,CEVADA,RN,area_mil_ha
xgboost,,,,,2,historico_insuficiente,produto_uf,UF,CEVADA,RN,area_mil_ha
exponential_smoothing,,,,,2,historico_insuficiente,produto_uf,UF,CEVADA,RN,area_mil_ha
baseline_ingenuo,0.0,0.0,,,2,,produto_uf,UF,CEVADA,RO,area_mil_ha
regressao_linear,,,,,2,historico_insuficiente,produto_uf,UF,CEVADA,RO,area_mil_ha
random_forest,,,,,2,historico_insuficiente,produto_uf,UF,CEVADA,RO,area_mil_ha
xgboost,,,,,2,historico_insuficiente,produto_uf,UF,CEVADA,RO,area_mil_ha
exponential_smoothing,,,,,2,historico_insuficiente,produto_uf,UF,CEVADA,RO,area_mil_ha
baseline_ingenuo,0.0,0.0,,,2,,produto_uf,UF,CEVADA,RR,area_mil_ha
regressao_linear,,,,,2,historico_insuficiente,produto_uf,UF,CEVADA,RR,area_mil_ha
random_forest,,,,,2,historico_insuficiente,produto_uf,UF,CEVADA,RR,area_mil_ha
xgboost,,,,,2,historico_insuficiente,produto_uf,UF,CEVADA,RR,area_mil_ha
exponential_smoothing,,,,,2,historico_insuficiente,produto_uf,UF,CEVADA,RR,area_mil_ha
baseline_ingenuo,3.1000000000000014,3.1000000000000014,8.985507246376816,,2,,produto_uf,UF,CEVADA,RS,area_mil_ha
regressao_linear,,,,,2,historico_insuficiente,produto_uf,UF,CEVADA,RS,area_mil_ha
random_forest,,,,,2,historico_insuficiente,produto_uf,UF,CEVADA,RS,area_mil_ha
xgboost,,,,,2,historico_insuficiente,produto_uf,UF,CEVADA,RS,area_mil_ha
exponential_smoothing,,,,,2,historico_insuficiente,produto_uf,UF,CEVADA,RS,area_mil_ha
baseline_ingenuo,0.0,0.0,,,2,,produto_uf,UF,CEVADA,SC,area_mil_ha
regressao_linear,,,,,2,historico_insuficiente,produto_uf,UF,CEVADA,SC,area_mil_ha
random_forest,,,,,2,historico_insuficiente,produto_uf,UF,CEVADA,SC,area_mil_ha
xgboost,,,,,2,historico_insuficiente,produto_uf,UF,CEVADA,SC,area_mil_ha
exponential_smoothing,,,,,2,historico_insuficiente,produto_uf,UF,CEVADA,SC,area_mil_ha
baseline_ingenuo,0.0,0.0,,,2,,produto_uf,UF,CEVADA,SE,area_mil_ha
regressao_linear,,,,,2,historico_insuficiente,produto_uf,UF,CEVADA,SE,area_mil_ha
random_forest,,,,,2,historico_insuficiente,produto_uf,UF,CEVADA,SE,area_mil_ha
xgboost,,,,,2,historico_insuficiente,produto_uf,UF,CEVADA,SE,area_mil_ha
exponential_smoothing,,,,,2,historico_insuficiente,produto_uf,UF,CEVADA,SE,area_mil_ha
baseline_ingenuo,0.0,0.0,0.0,,2,,produto_uf,UF,CEVADA,SP,area_mil_ha
regressao_linear,,,,,2,historico_insuficiente,produto_uf,UF,CEVADA,SP,area_mil_ha
random_forest,,,,,2,historico_insuficiente,produto_uf,UF,CEVADA,SP,area_mil_ha
xgboost,,,,,2,historico_insuficiente,produto_uf,UF,CEVADA,SP,area_mil_ha
exponential_smoothing,,,,,2,historico_insuficiente,produto_uf,UF,CEVADA,SP,area_mil_ha
baseline_ingenuo,0.0,0.0,,,2,,produto_uf,UF,CEVADA,TO,area_mil_ha
regressao_linear,,,,,2,historico_insuficiente,produto_uf,UF,CEVADA,TO,area_mil_ha
random_forest,,,,,2,historico_insuficiente,produto_uf,UF,CEVADA,TO,area_mil_ha
xgboost,,,,,2,historico_insuficiente,produto_uf,UF,CEVADA,TO,area_mil_ha
exponential_smoothing,,,,,2,historico_insuficiente,produto_uf,UF,CEVADA,TO,area_mil_ha
baseline_ingenuo,0.0,0.0,0.0,,2,,produto_uf,UF,FEIJÃO TOTAL,AC,area_mil_ha
regressao_linear,,,,,2,historico_insuficiente,produto_uf,UF,FEIJÃO TOTAL,AC,area_mil_ha
random_forest,,,,,2,historico_insuficiente,produto_uf,UF,FEIJÃO TOTAL,AC,area_mil_ha
xgboost,,,,,2,historico_insuficiente,produto_uf,UF,FEIJÃO TOTAL,AC,area_mil_ha
exponential_smoothing,,,,,2,historico_insuficiente,produto_uf,UF,FEIJÃO TOTAL,AC,area_mil_ha
baseline_ingenuo,3.200000000000003,3.200000000000003,18.39080459770117,,2,,produto_uf,UF,FEIJÃO TOTAL,AL,area_mil_ha
regressao_linear,,,,,2,historico_insuficiente,produto_uf,UF,FEIJÃO TOTAL,AL,area_mil_ha
random_forest,,,,,2,historico_insuficiente,produto_uf,UF,FEIJÃO TOTAL,AL,area_mil_ha
xgboost,,,,,2,historico_insuficiente,produto_uf,UF,FEIJÃO TOTAL,AL,area_mil_ha
exponential_smoothing,,,,,2,historico_insuficiente,produto_uf,UF,FEIJÃO TOTAL,AL,area_mil_ha
baseline_ingenuo,0.0,0.0,0.0,,2,,produto_uf,UF,FEIJÃO TOTAL,AM,area_mil_ha
regressao_linear,,,,,2,historico_insuficiente,produto_uf,UF,FEIJÃO TOTAL,AM,area_mil_ha
random_forest,,,,,2,historico_insuficiente,produto_uf,UF,FEIJÃO TOTAL,AM,area_mil_ha
xgboost,,,,,2,historico_insuficiente,produto_uf,UF,FEIJÃO TOTAL,AM,area_mil_ha
exponential_smoothing,,,,,2,historico_insuficiente,produto_uf,UF,FEIJÃO TOTAL,AM,area_mil_ha
baseline_ingenuo,0.0,0.0,0.0,,2,,produto_uf,UF,FEIJÃO TOTAL,AP,area_mil_ha
regressao_linear,,,,,2,historico_insuficiente,produto_uf,UF,FEIJÃO TOTAL,AP,area_mil_ha
random_forest,,,,,2,historico_insuficiente,produto_uf,UF,FEIJÃO TOTAL,AP,area_mil_ha
xgboost,,,,,2,historico_insuficiente,produto_uf,UF,FEIJÃO TOTAL,AP,area_mil_ha
exponential_smoothing,,,,,2,historico_insuficiente,produto_uf,UF,FEIJÃO TOTAL,AP,area_mil_ha
baseline_ingenuo,12.099999999999966,12.099999999999966,3.107344632768353,,2,,produto_uf,UF,FEIJÃO TOTAL,BA,area_mil_ha
regressao_linear,,,,,2,historico_insuficiente,produto_uf,UF,FEIJÃO TOTAL,BA,area_mil_ha
random_forest,,,,,2,historico_insuficiente,produto_uf,UF,FEIJÃO TOTAL,BA,area_mil_ha
xgboost,,,,,2,historico_insuficiente,produto_uf,UF,FEIJÃO TOTAL,BA,area_mil_ha
exponential_smoothing,,,,,2,historico_insuficiente,produto_uf,UF,FEIJÃO TOTAL,BA,area_mil_ha
baseline_ingenuo,3.8000000000000114,3.8000000000000114,1.1425135297654874,,2,,produto_uf,UF,FEIJÃO TOTAL,CE,area_mil_ha
regressao_linear,,,,,2,historico_insuficiente,produto_uf,UF,FEIJÃO TOTAL,CE,area_mil_ha
random_forest,,,,,2,historico_insuficiente,produto_uf,UF,FEIJÃO TOTAL,CE,area_mil_ha
xgboost,,,,,2,historico_insuficiente,produto_uf,UF,FEIJÃO TOTAL,CE,area_mil_ha
exponential_smoothing,,,,,2,historico_insuficiente,produto_uf,UF,FEIJÃO TOTAL,CE,area_mil_ha
baseline_ingenuo,0.20000000000000107,0.20000000000000107,1.3605442176870821,,2,,produto_uf,UF,FEIJÃO TOTAL,DF,area_mil_ha
regressao_linear,,,,,2,historico_insuficiente,produto_uf,UF,FEIJÃO TOTAL,DF,area_mil_ha
random_forest,,,,,2,historico_insuficiente,produto_uf,UF,FEIJÃO TOTAL,DF,area_mil_ha
xgboost,,,,,2,historico_insuficiente,produto_uf,UF,FEIJÃO TOTAL,DF,area_mil_ha
exponential_smoothing,,,,,2,historico_insuficiente,produto_uf,UF,FEIJÃO TOTAL,DF,area_mil_ha
baseline_ingenuo,0.5,0.5,5.555555555555555,,2,,produto_uf,UF,FEIJÃO TOTAL,ES,area_mil_ha
regressao_linear,,,,,2,historico_insuficiente,produto_uf,UF,FEIJÃO TOTAL,ES,area_mil_ha
random_forest,,,,,2,historico_insuficiente,produto_uf,UF,FEIJÃO TOTAL,ES,area_mil_ha
xgboost,,,,,2,historico_insuficiente,produto_uf,UF,FEIJÃO TOTAL,ES,area_mil_ha
exponential_smoothing,,,,,2,historico_insuficiente,produto_uf,UF,FEIJÃO TOTAL,ES,area_mil_ha
baseline_ingenuo,5.799999999999997,5.799999999999997,5.114638447971778,,2,,produto_uf,UF,FEIJÃO TOTAL,GO,area_mil_ha
regressao_linear,,,,,2,historico_insuficiente,produto_uf,UF,FEIJÃO TOTAL,GO,area_mil_ha
random_forest,,,,,2,historico_insuficiente,produto_uf,UF,FEIJÃO TOTAL,GO,area_mil_ha
xgboost,,,,,2,historico_insuficiente,produto_uf,UF,FEIJÃO TOTAL,GO,area_mil_ha
exponential_smoothing,,,,,2,historico_insuficiente,produto_uf,UF,FEIJÃO TOTAL,GO,area_mil_ha
baseline_ingenuo,1.2000000000000028,1.2000000000000028,2.5974025974026036,,2,,produto_uf,UF,FEIJÃO TOTAL,MA,area_mil_ha
regressao_linear,,,,,2,historico_insuficiente,produto_uf,UF,FEIJÃO TOTAL,MA,area_mil_ha
random_forest,,,,,2,historico_insuficiente,produto_uf,UF,FEIJÃO TOTAL,MA,area_mil_ha
xgboost,,,,,2,historico_insuficiente,produto_uf,UF,FEIJÃO TOTAL,MA,area_mil_ha
exponential_smoothing,,,,,2,historico_insuficiente,produto_uf,UF,FEIJÃO TOTAL,MA,area_mil_ha
baseline_ingenuo,0.6999999999999318,0.6999999999999318,0.24356297842725536,,2,,produto_uf,UF,FEIJÃO TOTAL,MG,area_mil_ha
regressao_linear,,,,,2,historico_insuficiente,produto_uf,UF,FEIJÃO TOTAL,MG,area_mil_ha
random_forest,,,,,2,historico_insuficiente,produto_uf,UF,FEIJÃO TOTAL,MG,area_mil_ha
xgboost,,,,,2,historico_insuficiente,produto_uf,UF,FEIJÃO TOTAL,MG,area_mil_ha
exponential_smoothing,,,,,2,historico_insuficiente,produto_uf,UF,FEIJÃO TOTAL,MG,area_mil_ha
baseline_ingenuo,1.5,1.5,20.833333333333332,,2,,produto_uf,UF,FEIJÃO TOTAL,MS,area_mil_ha
regressao_linear,,,,,2,historico_insuficiente,produto_uf,UF,FEIJÃO TOTAL,MS,area_mil_ha
random_forest,,,,,2,historico_insuficiente,produto_uf,UF,FEIJÃO TOTAL,MS,area_mil_ha
xgboost,,,,,2,historico_insuficiente,produto_uf,UF,FEIJÃO TOTAL,MS,area_mil_ha
exponential_smoothing,,,,,2,historico_insuficiente,produto_uf,UF,FEIJÃO TOTAL,MS,area_mil_ha
baseline_ingenuo,0.19999999999998863,0.19999999999998863,0.12195121951218818,,2,,produto_uf,UF,FEIJÃO TOTAL,MT,area_mil_ha
regressao_linear,,,,,2,historico_insuficiente,produto_uf,UF,FEIJÃO TOTAL,MT,area_mil_ha
random_forest,,,,,2,historico_insuficiente,produto_uf,UF,FEIJÃO TOTAL,MT,area_mil_ha
xgboost,,,,,2,historico_insuficiente,produto_uf,UF,FEIJÃO TOTAL,MT,area_mil_ha
exponential_smoothing,,,,,2,historico_insuficiente,produto_uf,UF,FEIJÃO TOTAL,MT,area_mil_ha
baseline_ingenuo,5.100000000000001,5.100000000000001,23.502304147465445,,2,,produto_uf,UF,FEIJÃO TOTAL,PA,area_mil_ha
regressao_linear,,,,,2,historico_insuficiente,produto_uf,UF,FEIJÃO TOTAL,PA,area_mil_ha
random_forest,,,,,2,historico_insuficiente,produto_uf,UF,FEIJÃO TOTAL,PA,area_mil_ha
xgboost,,,,,2,historico_insuficiente,produto_uf,UF,FEIJÃO TOTAL,PA,area_mil_ha
exponential_smoothing,,,,,2,historico_insuficiente,produto_uf,UF,FEIJÃO TOTAL,PA,area_mil_ha
baseline_ingenuo,1.9000000000000057,1.9000000000000057,1.809523809523815,,2,,produto_uf,UF,FEIJÃO TOTAL,PB,area_mil_ha
regressao_linear,,,,,2,historico_insuficiente,produto_uf,UF,FEIJÃO TOTAL,PB,area_mil_ha
random_forest,,,,,2,historico_insuficiente,produto_uf,UF,FEIJÃO TOTAL,PB,area_mil_ha
xgboost,,,,,2,historico_insuficiente,produto_uf,UF,FEIJÃO TOTAL,PB,area_mil_ha
exponential_smoothing,,,,,2,historico_insuficiente,produto_uf,UF,FEIJÃO TOTAL,PB,area_mil_ha
baseline_ingenuo,0.39999999999997726,0.39999999999997726,0.23081361800344904,,2,,produto_uf,UF,FEIJÃO TOTAL,PE,area_mil_ha
regressao_linear,,,,,2,historico_insuficiente,produto_uf,UF,FEIJÃO TOTAL,PE,area_mil_ha
random_forest,,,,,2,historico_insuficiente,produto_uf,UF,FEIJÃO TOTAL,PE,area_mil_ha
xgboost,,,,,2,historico_insuficiente,produto_uf,UF,FEIJÃO TOTAL,PE,area_mil_ha
exponential_smoothing,,,,,2,historico_insuficiente,produto_uf,UF,FEIJÃO TOTAL,PE,area_mil_ha
baseline_ingenuo,4.0,4.0,1.9930244145490783,,2,,produto_uf,UF,FEIJÃO TOTAL,PI,area_mil_ha
regressao_linear,,,,,2,historico_insuficiente,produto_uf,UF,FEIJÃO TOTAL,PI,area_mil_ha
random_forest,,,,,2,historico_insuficiente,produto_uf,UF,FEIJÃO TOTAL,PI,area_mil_ha
xgboost,,,,,2,historico_insuficiente,produto_uf,UF,FEIJÃO TOTAL,PI,area_mil_ha
exponential_smoothing,,,,,2,historico_insuficiente,produto_uf,UF,FEIJÃO TOTAL,PI,area_mil_ha
baseline_ingenuo,94.5,94.5,23.79154078549849,,2,,produto_uf,UF,FEIJÃO TOTAL,PR,area_mil_ha
regressao_linear,,,,,2,historico_insuficiente,produto_uf,UF,FEIJÃO TOTAL,PR,area_mil_ha
random_forest,,,,,2,historico_insuficiente,produto_uf,UF,FEIJÃO TOTAL,PR,area_mil_ha
xgboost,,,,,2,historico_insuficiente,produto_uf,UF,FEIJÃO TOTAL,PR,area_mil_ha
exponential_smoothing,,,,,2,historico_insuficiente,produto_uf,UF,FEIJÃO TOTAL,PR,area_mil_ha
baseline_ingenuo,0.10000000000000009,0.10000000000000009,11.111111111111121,,2,,produto_uf,UF,FEIJÃO TOTAL,RJ,area_mil_ha
regressao_linear,,,,,2,historico_insuficiente,produto_uf,UF,FEIJÃO TOTAL,RJ,area_mil_ha
random_forest,,,,,2,historico_insuficiente,produto_uf,UF,FEIJÃO TOTAL,RJ,area_mil_ha
xgboost,,,,,2,historico_insuficiente,produto_uf,UF,FEIJÃO TOTAL,RJ,area_mil_ha
exponential_smoothing,,,,,2,historico_insuficiente,produto_uf,UF,FEIJÃO TOTAL,RJ,area_mil_ha
baseline_ingenuo,2.299999999999997,2.299999999999997,5.16853932584269,,2,,produto_uf,UF,FEIJÃO TOTAL,RN,area_mil_ha
regressao_linear,,,,,2,historico_insuficiente,produto_uf,UF,FEIJÃO TOTAL,RN,area_mil_ha
random_forest,,,,,2,historico_insuficiente,produto_uf,UF,FEIJÃO TOTAL,RN,area_mil_ha
xgboost,,,,,2,historico_insuficiente,produto_uf,UF,FEIJÃO TOTAL,RN,area_mil_ha
exponential_smoothing,,,,,2,historico_insuficiente,produto_uf,UF,FEIJÃO TOTAL,RN,area_mil_ha
baseline_ingenuo,0.20000000000000018,0.20000000000000018,9.090909090909099,,2,,produto_uf,UF,FEIJÃO TOTAL,RO,area_mil_ha
regressao_linear,,,,,2,historico_insuficiente,produto_uf,UF,FEIJÃO TOTAL,RO,area_mil_ha
random_forest,,,,,2,historico_insuficiente,produto_uf,UF,FEIJÃO TOTAL,RO,area_mil_ha
xgboost,,,,,2,historico_insuficiente,produto_uf,UF,FEIJÃO TOTAL,RO,area_mil_ha
exponential_smoothing,,,,,2,historico_insuficiente,produto_uf,UF,FEIJÃO TOTAL,RO,area_mil_ha
baseline_ingenuo,0.0,0.0,0.0,,2,,produto_uf,UF,FEIJÃO TOTAL,RR,area_mil_ha
regressao_linear,,,,,2,historico_insuficiente,produto_uf,UF,FEIJÃO TOTAL,RR,area_mil_ha
random_forest,,,,,2,historico_insuficiente,produto_uf,UF,FEIJÃO TOTAL,RR,area_mil_ha
xgboost,,,,,2,historico_insuficiente,produto_uf,UF,FEIJÃO TOTAL,RR,area_mil_ha
exponential_smoothing,,,,,2,historico_insuficiente,produto_uf,UF,FEIJÃO TOTAL,RR,area_mil_ha
baseline_ingenuo,1.500000000000007,1.500000000000007,3.416856492027351,,2,,produto_uf,UF,FEIJÃO TOTAL,RS,area_mil_ha
regressao_linear,,,,,2,historico_insuficiente,produto_uf,UF,FEIJÃO TOTAL,RS,area_mil_ha
random_forest,,,,,2,historico_insuficiente,produto_uf,UF,FEIJÃO TOTAL,RS,area_mil_ha
xgboost,,,,,2,historico_insuficiente,produto_uf,UF,FEIJÃO TOTAL,RS,area_mil_ha
exponential_smoothing,,,,,2,historico_insuficiente,produto_uf,UF,FEIJÃO TOTAL,RS,area_mil_ha
baseline_ingenuo,5.200000000000003,5.200000000000003,9.318996415770615,,2,,produto_uf,UF,FEIJÃO TOTAL,SC,area_mil_ha
regressao_linear,,,,,2,historico_insuficiente,produto_uf,UF,FEIJÃO TOTAL,SC,area_mil_ha
random_forest,,,,,2,historico_insuficiente,produto_uf,UF,FEIJÃO TOTAL,SC,area_mil_ha
xgboost,,,,,2,historico_insuficiente,produto_uf,UF,FEIJÃO TOTAL,SC,area_mil_ha
exponential_smoothing,,,,,2,historico_insuficiente,produto_uf,UF,FEIJÃO TOTAL,SC,area_mil_ha
baseline_ingenuo,0.0,0.0,0.0,,2,,produto_uf,UF,FEIJÃO TOTAL,SE,area_mil_ha
regressao_linear,,,,,2,historico_insuficiente,produto_uf,UF,FEIJÃO TOTAL,SE,area_mil_ha
random_forest,,,,,2,historico_insuficiente,produto_uf,UF,FEIJÃO TOTAL,SE,area_mil_ha
xgboost,,,,,2,historico_insuficiente,produto_uf,UF,FEIJÃO TOTAL,SE,area_mil_ha
exponential_smoothing,,,,,2,historico_insuficiente,produto_uf,UF,FEIJÃO TOTAL,SE,area_mil_ha
baseline_ingenuo,0.0,0.0,0.0,,2,,produto_uf,UF,FEIJÃO TOTAL,SP,area_mil_ha
regressao_linear,,,,,2,historico_insuficiente,produto_uf,UF,FEIJÃO TOTAL,SP,area_mil_ha
random_forest,,,,,2,historico_insuficiente,produto_uf,UF,FEIJÃO TOTAL,SP,area_mil_ha
xgboost,,,,,2,historico_insuficiente,produto_uf,UF,FEIJÃO TOTAL,SP,area_mil_ha
exponential_smoothing,,,,,2,historico_insuficiente,produto_uf,UF,FEIJÃO TOTAL,SP,area_mil_ha
baseline_ingenuo,5.000000000000014,5.000000000000014,6.053268765133189,,2,,produto_uf,UF,FEIJÃO TOTAL,TO,area_mil_ha
regressao_linear,,,,,2,historico_insuficiente,produto_uf,UF,FEIJÃO TOTAL,TO,area_mil_ha
random_forest,,,,,2,historico_insuficiente,produto_uf,UF,FEIJÃO TOTAL,TO,area_mil_ha
xgboost,,,,,2,historico_insuficiente,produto_uf,UF,FEIJÃO TOTAL,TO,area_mil_ha
exponential_smoothing,,,,,2,historico_insuficiente,produto_uf,UF,FEIJÃO TOTAL,TO,area_mil_ha
baseline_ingenuo,0.0,0.0,,,2,,produto_uf,UF,GERGELIM,AC,area_mil_ha
regressao_linear,,,,,2,historico_insuficiente,produto_uf,UF,GERGELIM,AC,area_mil_ha
random_forest,,,,,2,historico_insuficiente,produto_uf,UF,GERGELIM,AC,area_mil_ha
xgboost,,,,,2,historico_insuficiente,produto_uf,UF,GERGELIM,AC,area_mil_ha
exponential_smoothing,,,,,2,historico_insuficiente,produto_uf,UF,GERGELIM,AC,area_mil_ha
baseline_ingenuo,0.0,0.0,,,2,,produto_uf,UF,GERGELIM,AL,area_mil_ha
regressao_linear,,,,,2,historico_insuficiente,produto_uf,UF,GERGELIM,AL,area_mil_ha
random_forest,,,,,2,historico_insuficiente,produto_uf,UF,GERGELIM,AL,area_mil_ha
xgboost,,,,,2,historico_insuficiente,produto_uf,UF,GERGELIM,AL,area_mil_ha
exponential_smoothing,,,,,2,historico_insuficiente,produto_uf,UF,GERGELIM,AL,area_mil_ha
baseline_ingenuo,0.0,0.0,,,2,,produto_uf,UF,GERGELIM,AM,area_mil_ha
regressao_linear,,,,,2,historico_insuficiente,produto_uf,UF,GERGELIM,AM,area_mil_ha
random_forest,,,,,2,historico_insuficiente,produto_uf,UF,GERGELIM,AM,area_mil_ha
xgboost,,,,,2,historico_insuficiente,produto_uf,UF,GERGELIM,AM,area_mil_ha
exponential_smoothing,,,,,2,historico_insuficiente,produto_uf,UF,GERGELIM,AM,area_mil_ha
baseline_ingenuo,0.0,0.0,,,2,,produto_uf,UF,GERGELIM,AP,area_mil_ha
regressao_linear,,,,,2,historico_insuficiente,produto_uf,UF,GERGELIM,AP,area_mil_ha
random_forest,,,,,2,historico_insuficiente,produto_uf,UF,GERGELIM,AP,area_mil_ha
xgboost,,,,,2,historico_insuficiente,produto_uf,UF,GERGELIM,AP,area_mil_ha
exponential_smoothing,,,,,2,historico_insuficiente,produto_uf,UF,GERGELIM,AP,area_mil_ha
baseline_ingenuo,0.0,0.0,,,2,,produto_uf,UF,GERGELIM,BA,area_mil_ha
regressao_linear,,,,,2,historico_insuficiente,produto_uf,UF,GERGELIM,BA,area_mil_ha
random_forest,,,,,2,historico_insuficiente,produto_uf,UF,GERGELIM,BA,area_mil_ha
xgboost,,,,,2,historico_insuficiente,produto_uf,UF,GERGELIM,BA,area_mil_ha
exponential_smoothing,,,,,2,historico_insuficiente,produto_uf,UF,GERGELIM,BA,area_mil_ha
baseline_ingenuo,0.0,0.0,,,2,,produto_uf,UF,GERGELIM,CE,area_mil_ha
regressao_linear,,,,,2,historico_insuficiente,produto_uf,UF,GERGELIM,CE,area_mil_ha
random_forest,,,,,2,historico_insuficiente,produto_uf,UF,GERGELIM,CE,area_mil_ha
xgboost,,,,,2,historico_insuficiente,produto_uf,UF,GERGELIM,CE,area_mil_ha
exponential_smoothing,,,,,2,historico_insuficiente,produto_uf,UF,GERGELIM,CE,area_mil_ha
baseline_ingenuo,0.0,0.0,,,2,,produto_uf,UF,GERGELIM,DF,area_mil_ha
regressao_linear,,,,,2,historico_insuficiente,produto_uf,UF,GERGELIM,DF,area_mil_ha
random_forest,,,,,2,historico_insuficiente,produto_uf,UF,GERGELIM,DF,area_mil_ha
xgboost,,,,,2,historico_insuficiente,produto_uf,UF,GERGELIM,DF,area_mil_ha
exponential_smoothing,,,,,2,historico_insuficiente,produto_uf,UF,GERGELIM,DF,area_mil_ha
baseline_ingenuo,0.0,0.0,,,2,,produto_uf,UF,GERGELIM,ES,area_mil_ha
regressao_linear,,,,,2,historico_insuficiente,produto_uf,UF,GERGELIM,ES,area_mil_ha
random_forest,,,,,2,historico_insuficiente,produto_uf,UF,GERGELIM,ES,area_mil_ha
xgboost,,,,,2,historico_insuficiente,produto_uf,UF,GERGELIM,ES,area_mil_ha
exponential_smoothing,,,,,2,historico_insuficiente,produto_uf,UF,GERGELIM,ES,area_mil_ha
baseline_ingenuo,0.0,0.0,0.0,,2,,produto_uf,UF,GERGELIM,GO,area_mil_ha
regressao_linear,,,,,2,historico_insuficiente,produto_uf,UF,GERGELIM,GO,area_mil_ha
random_forest,,,,,2,historico_insuficiente,produto_uf,UF,GERGELIM,GO,area_mil_ha
xgboost,,,,,2,historico_insuficiente,produto_uf,UF,GERGELIM,GO,area_mil_ha
exponential_smoothing,,,,,2,historico_insuficiente,produto_uf,UF,GERGELIM,GO,area_mil_ha
baseline_ingenuo,0.0,0.0,,,2,,produto_uf,UF,GERGELIM,MA,area_mil_ha
regressao_linear,,,,,2,historico_insuficiente,produto_uf,UF,GERGELIM,MA,area_mil_ha
random_forest,,,,,2,historico_insuficiente,produto_uf,UF,GERGELIM,MA,area_mil_ha
xgboost,,,,,2,historico_insuficiente,produto_uf,UF,GERGELIM,MA,area_mil_ha
exponential_smoothing,,,,,2,historico_insuficiente,produto_uf,UF,GERGELIM,MA,area_mil_ha
baseline_ingenuo,0.0,0.0,,,2,,produto_uf,UF,GERGELIM,MG,area_mil_ha
regressao_linear,,,,,2,historico_insuficiente,produto_uf,UF,GERGELIM,MG,area_mil_ha
random_forest,,,,,2,historico_insuficiente,produto_uf,UF,GERGELIM,MG,area_mil_ha
xgboost,,,,,2,historico_insuficiente,produto_uf,UF,GERGELIM,MG,area_mil_ha
exponential_smoothing,,,,,2,historico_insuficiente,produto_uf,UF,GERGELIM,MG,area_mil_ha
baseline_ingenuo,0.0,0.0,,,2,,produto_uf,UF,GERGELIM,MS,area_mil_ha
regressao_linear,,,,,2,historico_insuficiente,produto_uf,UF,GERGELIM,MS,area_mil_ha
random_forest,,,,,2,historico_insuficiente,produto_uf,UF,GERGELIM,MS,area_mil_ha
xgboost,,,,,2,historico_insuficiente,produto_uf,UF,GERGELIM,MS,area_mil_ha
exponential_smoothing,,,,,2,historico_insuficiente,produto_uf,UF,GERGELIM,MS,area_mil_ha
baseline_ingenuo,0.0,0.0,0.0,,2,,produto_uf,UF,GERGELIM,MT,area_mil_ha
regressao_linear,,,,,2,historico_insuficiente,produto_uf,UF,GERGELIM,MT,area_mil_ha
random_forest,,,,,2,historico_insuficiente,produto_uf,UF,GERGELIM,MT,area_mil_ha
xgboost,,,,,2,historico_insuficiente,produto_uf,UF,GERGELIM,MT,area_mil_ha
exponential_smoothing,,,,,2,historico_insuficiente,produto_uf,UF,GERGELIM,MT,area_mil_ha
baseline_ingenuo,0.0,0.0,0.0,,2,,produto_uf,UF,GERGELIM,PA,area_mil_ha
regressao_linear,,,,,2,historico_insuficiente,produto_uf,UF,GERGELIM,PA,area_mil_ha
random_forest,,,,,2,historico_insuficiente,produto_uf,UF,GERGELIM,PA,area_mil_ha
xgboost,,,,,2,historico_insuficiente,produto_uf,UF,GERGELIM,PA,area_mil_ha
exponential_smoothing,,,,,2,historico_insuficiente,produto_uf,UF,GERGELIM,PA,area_mil_ha
baseline_ingenuo,0.0,0.0,,,2,,produto_uf,UF,GERGELIM,PB,area_mil_ha
regressao_linear,,,,,2,historico_insuficiente,produto_uf,UF,GERGELIM,PB,area_mil_ha
random_forest,,,,,2,historico_insuficiente,produto_uf,UF,GERGELIM,PB,area_mil_ha
xgboost,,,,,2,historico_insuficiente,produto_uf,UF,GERGELIM,PB,area_mil_ha
exponential_smoothing,,,,,2,historico_insuficiente,produto_uf,UF,GERGELIM,PB,area_mil_ha
baseline_ingenuo,0.0,0.0,,,2,,produto_uf,UF,GERGELIM,PE,area_mil_ha
regressao_linear,,,,,2,historico_insuficiente,produto_uf,UF,GERGELIM,PE,area_mil_ha
random_forest,,,,,2,historico_insuficiente,produto_uf,UF,GERGELIM,PE,area_mil_ha
xgboost,,,,,2,historico_insuficiente,produto_uf,UF,GERGELIM,PE,area_mil_ha
exponential_smoothing,,,,,2,historico_insuficiente,produto_uf,UF,GERGELIM,PE,area_mil_ha
baseline_ingenuo,0.0,0.0,,,2,,produto_uf,UF,GERGELIM,PI,area_mil_ha
regressao_linear,,,,,2,historico_insuficiente,produto_uf,UF,GERGELIM,PI,area_mil_ha
random_forest,,,,,2,historico_insuficiente,produto_uf,UF,GERGELIM,PI,area_mil_ha
xgboost,,,,,2,historico_insuficiente,produto_uf,UF,GERGELIM,PI,area_mil_ha
exponential_smoothing,,,,,2,historico_insuficiente,produto_uf,UF,GERGELIM,PI,area_mil_ha
baseline_ingenuo,0.0,0.0,,,2,,produto_uf,UF,GERGELIM,PR,area_mil_ha
regressao_linear,,,,,2,historico_insuficiente,produto_uf,UF,GERGELIM,PR,area_mil_ha
random_forest,,,,,2,historico_insuficiente,produto_uf,UF,GERGELIM,PR,area_mil_ha
xgboost,,,,,2,historico_insuficiente,produto_uf,UF,GERGELIM,PR,area_mil_ha
exponential_smoothing,,,,,2,historico_insuficiente,produto_uf,UF,GERGELIM,PR,area_mil_ha
baseline_ingenuo,0.0,0.0,,,2,,produto_uf,UF,GERGELIM,RJ,area_mil_ha
regressao_linear,,,,,2,historico_insuficiente,produto_uf,UF,GERGELIM,RJ,area_mil_ha
random_forest,,,,,2,historico_insuficiente,produto_uf,UF,GERGELIM,RJ,area_mil_ha
xgboost,,,,,2,historico_insuficiente,produto_uf,UF,GERGELIM,RJ,area_mil_ha
exponential_smoothing,,,,,2,historico_insuficiente,produto_uf,UF,GERGELIM,RJ,area_mil_ha
baseline_ingenuo,0.0,0.0,,,2,,produto_uf,UF,GERGELIM,RN,area_mil_ha
regressao_linear,,,,,2,historico_insuficiente,produto_uf,UF,GERGELIM,RN,area_mil_ha
random_forest,,,,,2,historico_insuficiente,produto_uf,UF,GERGELIM,RN,area_mil_ha
xgboost,,,,,2,historico_insuficiente,produto_uf,UF,GERGELIM,RN,area_mil_ha
exponential_smoothing,,,,,2,historico_insuficiente,produto_uf,UF,GERGELIM,RN,area_mil_ha
baseline_ingenuo,0.0,0.0,,,2,,produto_uf,UF,GERGELIM,RO,area_mil_ha
regressao_linear,,,,,2,historico_insuficiente,produto_uf,UF,GERGELIM,RO,area_mil_ha
random_forest,,,,,2,historico_insuficiente,produto_uf,UF,GERGELIM,RO,area_mil_ha
xgboost,,,,,2,historico_insuficiente,produto_uf,UF,GERGELIM,RO,area_mil_ha
exponential_smoothing,,,,,2,historico_insuficiente,produto_uf,UF,GERGELIM,RO,area_mil_ha
baseline_ingenuo,0.0,0.0,,,2,,produto_uf,UF,GERGELIM,RR,area_mil_ha
regressao_linear,,,,,2,historico_insuficiente,produto_uf,UF,GERGELIM,RR,area_mil_ha
random_forest,,,,,2,historico_insuficiente,produto_uf,UF,GERGELIM,RR,area_mil_ha
xgboost,,,,,2,historico_insuficiente,produto_uf,UF,GERGELIM,RR,area_mil_ha
exponential_smoothing,,,,,2,historico_insuficiente,produto_uf,UF,GERGELIM,RR,area_mil_ha
baseline_ingenuo,0.0,0.0,,,2,,produto_uf,UF,GERGELIM,RS,area_mil_ha
regressao_linear,,,,,2,historico_insuficiente,produto_uf,UF,GERGELIM,RS,area_mil_ha
random_forest,,,,,2,historico_insuficiente,produto_uf,UF,GERGELIM,RS,area_mil_ha
xgboost,,,,,2,historico_insuficiente,produto_uf,UF,GERGELIM,RS,area_mil_ha
exponential_smoothing,,,,,2,historico_insuficiente,produto_uf,UF,GERGELIM,RS,area_mil_ha
baseline_ingenuo,0.0,0.0,,,2,,produto_uf,UF,GERGELIM,SC,area_mil_ha
regressao_linear,,,,,2,historico_insuficiente,produto_uf,UF,GERGELIM,SC,area_mil_ha
random_forest,,,,,2,historico_insuficiente,produto_uf,UF,GERGELIM,SC,area_mil_ha
xgboost,,,,,2,historico_insuficiente,produto_uf,UF,GERGELIM,SC,area_mil_ha
exponential_smoothing,,,,,2,historico_insuficiente,produto_uf,UF,GERGELIM,SC,area_mil_ha
baseline_ingenuo,0.0,0.0,,,2,,produto_uf,UF,GERGELIM,SE,area_mil_ha
regressao_linear,,,,,2,historico_insuficiente,produto_uf,UF,GERGELIM,SE,area_mil_ha
random_forest,,,,,2,historico_insuficiente,produto_uf,UF,GERGELIM,SE,area_mil_ha
xgboost,,,,,2,historico_insuficiente,produto_uf,UF,GERGELIM,SE,area_mil_ha
exponential_smoothing,,,,,2,historico_insuficiente,produto_uf,UF,GERGELIM,SE,area_mil_ha
baseline_ingenuo,0.0,0.0,,,2,,produto_uf,UF,GERGELIM,SP,area_mil_ha
regressao_linear,,,,,2,historico_insuficiente,produto_uf,UF,GERGELIM,SP,area_mil_ha
random_forest,,,,,2,historico_insuficiente,produto_uf,UF,GERGELIM,SP,area_mil_ha
xgboost,,,,,2,historico_insuficiente,produto_uf,UF,GERGELIM,SP,area_mil_ha
exponential_smoothing,,,,,2,historico_insuficiente,produto_uf,UF,GERGELIM,SP,area_mil_ha
baseline_ingenuo,0.0,0.0,0.0,,2,,produto_uf,UF,GERGELIM,TO,area_mil_ha
regressao_linear,,,,,2,historico_insuficiente,produto_uf,UF,GERGELIM,TO,area_mil_ha
random_forest,,,,,2,historico_insuficiente,produto_uf,UF,GERGELIM,TO,area_mil_ha
xgboost,,,,,2,historico_insuficiente,produto_uf,UF,GERGELIM,TO,area_mil_ha
exponential_smoothing,,,,,2,historico_insuficiente,produto_uf,UF,GERGELIM,TO,area_mil_ha
baseline_ingenuo,0.0,0.0,,,2,,produto_uf,UF,GIRASSOL,AC,area_mil_ha
regressao_linear,,,,,2,historico_insuficiente,produto_uf,UF,GIRASSOL,AC,area_mil_ha
random_forest,,,,,2,historico_insuficiente,produto_uf,UF,GIRASSOL,AC,area_mil_ha
xgboost,,,,,2,historico_insuficiente,produto_uf,UF,GIRASSOL,AC,area_mil_ha
exponential_smoothing,,,,,2,historico_insuficiente,produto_uf,UF,GIRASSOL,AC,area_mil_ha
baseline_ingenuo,0.0,0.0,,,2,,produto_uf,UF,GIRASSOL,AL,area_mil_ha
regressao_linear,,,,,2,historico_insuficiente,produto_uf,UF,GIRASSOL,AL,area_mil_ha
random_forest,,,,,2,historico_insuficiente,produto_uf,UF,GIRASSOL,AL,area_mil_ha
xgboost,,,,,2,historico_insuficiente,produto_uf,UF,GIRASSOL,AL,area_mil_ha
exponential_smoothing,,,,,2,historico_insuficiente,produto_uf,UF,GIRASSOL,AL,area_mil_ha
baseline_ingenuo,0.0,0.0,,,2,,produto_uf,UF,GIRASSOL,AM,area_mil_ha
regressao_linear,,,,,2,historico_insuficiente,produto_uf,UF,GIRASSOL,AM,area_mil_ha
random_forest,,,,,2,historico_insuficiente,produto_uf,UF,GIRASSOL,AM,area_mil_ha
xgboost,,,,,2,historico_insuficiente,produto_uf,UF,GIRASSOL,AM,area_mil_ha
exponential_smoothing,,,,,2,historico_insuficiente,produto_uf,UF,GIRASSOL,AM,area_mil_ha
baseline_ingenuo,0.0,0.0,,,2,,produto_uf,UF,GIRASSOL,AP,area_mil_ha
regressao_linear,,,,,2,historico_insuficiente,produto_uf,UF,GIRASSOL,AP,area_mil_ha
random_forest,,,,,2,historico_insuficiente,produto_uf,UF,GIRASSOL,AP,area_mil_ha
xgboost,,,,,2,historico_insuficiente,produto_uf,UF,GIRASSOL,AP,area_mil_ha
exponential_smoothing,,,,,2,historico_insuficiente,produto_uf,UF,GIRASSOL,AP,area_mil_ha
baseline_ingenuo,0.0,0.0,,,2,,produto_uf,UF,GIRASSOL,BA,area_mil_ha
regressao_linear,,,,,2,historico_insuficiente,produto_uf,UF,GIRASSOL,BA,area_mil_ha
random_forest,,,,,2,historico_insuficiente,produto_uf,UF,GIRASSOL,BA,area_mil_ha
xgboost,,,,,2,historico_insuficiente,produto_uf,UF,GIRASSOL,BA,area_mil_ha
exponential_smoothing,,,,,2,historico_insuficiente,produto_uf,UF,GIRASSOL,BA,area_mil_ha
baseline_ingenuo,0.0,0.0,,,2,,produto_uf,UF,GIRASSOL,CE,area_mil_ha
regressao_linear,,,,,2,historico_insuficiente,produto_uf,UF,GIRASSOL,CE,area_mil_ha
random_forest,,,,,2,historico_insuficiente,produto_uf,UF,GIRASSOL,CE,area_mil_ha
xgboost,,,,,2,historico_insuficiente,produto_uf,UF,GIRASSOL,CE,area_mil_ha
exponential_smoothing,,,,,2,historico_insuficiente,produto_uf,UF,GIRASSOL,CE,area_mil_ha
baseline_ingenuo,0.0,0.0,0.0,,2,,produto_uf,UF,GIRASSOL,DF,area_mil_ha
regressao_linear,,,,,2,historico_insuficiente,produto_uf,UF,GIRASSOL,DF,area_mil_ha
random_forest,,,,,2,historico_insuficiente,produto_uf,UF,GIRASSOL,DF,area_mil_ha
xgboost,,,,,2,historico_insuficiente,produto_uf,UF,GIRASSOL,DF,area_mil_ha
exponential_smoothing,,,,,2,historico_insuficiente,produto_uf,UF,GIRASSOL,DF,area_mil_ha
baseline_ingenuo,0.0,0.0,,,2,,produto_uf,UF,GIRASSOL,ES,area_mil_ha
regressao_linear,,,,,2,historico_insuficiente,produto_uf,UF,GIRASSOL,ES,area_mil_ha
random_forest,,,,,2,historico_insuficiente,produto_uf,UF,GIRASSOL,ES,area_mil_ha
xgboost,,,,,2,historico_insuficiente,produto_uf,UF,GIRASSOL,ES,area_mil_ha
exponential_smoothing,,,,,2,historico_insuficiente,produto_uf,UF,GIRASSOL,ES,area_mil_ha
baseline_ingenuo,0.0,0.0,0.0,,2,,produto_uf,UF,GIRASSOL,GO,area_mil_ha
regressao_linear,,,,,2,historico_insuficiente,produto_uf,UF,GIRASSOL,GO,area_mil_ha
random_forest,,,,,2,historico_insuficiente,produto_uf,UF,GIRASSOL,GO,area_mil_ha
xgboost,,,,,2,historico_insuficiente,produto_uf,UF,GIRASSOL,GO,area_mil_ha
exponential_smoothing,,,,,2,historico_insuficiente,produto_uf,UF,GIRASSOL,GO,area_mil_ha
baseline_ingenuo,0.0,0.0,,,2,,produto_uf,UF,GIRASSOL,MA,area_mil_ha
regressao_linear,,,,,2,historico_insuficiente,produto_uf,UF,GIRASSOL,MA,area_mil_ha
random_forest,,,,,2,historico_insuficiente,produto_uf,UF,GIRASSOL,MA,area_mil_ha
xgboost,,,,,2,historico_insuficiente,produto_uf,UF,GIRASSOL,MA,area_mil_ha
exponential_smoothing,,,,,2,historico_insuficiente,produto_uf,UF,GIRASSOL,MA,area_mil_ha
baseline_ingenuo,0.0,0.0,0.0,,2,,produto_uf,UF,GIRASSOL,MG,area_mil_ha
regressao_linear,,,,,2,historico_insuficiente,produto_uf,UF,GIRASSOL,MG,area_mil_ha
random_forest,,,,,2,historico_insuficiente,produto_uf,UF,GIRASSOL,MG,area_mil_ha
xgboost,,,,,2,historico_insuficiente,produto_uf,UF,GIRASSOL,MG,area_mil_ha
exponential_smoothing,,,,,2,historico_insuficiente,produto_uf,UF,GIRASSOL,MG,area_mil_ha
baseline_ingenuo,0.0,0.0,0.0,,2,,produto_uf,UF,GIRASSOL,MS,area_mil_ha
regressao_linear,,,,,2,historico_insuficiente,produto_uf,UF,GIRASSOL,MS,area_mil_ha
random_forest,,,,,2,historico_insuficiente,produto_uf,UF,GIRASSOL,MS,area_mil_ha
xgboost,,,,,2,historico_insuficiente,produto_uf,UF,GIRASSOL,MS,area_mil_ha
exponential_smoothing,,,,,2,historico_insuficiente,produto_uf,UF,GIRASSOL,MS,area_mil_ha
baseline_ingenuo,0.0,0.0,0.0,,2,,produto_uf,UF,GIRASSOL,MT,area_mil_ha
regressao_linear,,,,,2,historico_insuficiente,produto_uf,UF,GIRASSOL,MT,area_mil_ha
random_forest,,,,,2,historico_insuficiente,produto_uf,UF,GIRASSOL,MT,area_mil_ha
xgboost,,,,,2,historico_insuficiente,produto_uf,UF,GIRASSOL,MT,area_mil_ha
exponential_smoothing,,,,,2,historico_insuficiente,produto_uf,UF,GIRASSOL,MT,area_mil_ha
baseline_ingenuo,0.0,0.0,,,2,,produto_uf,UF,GIRASSOL,PA,area_mil_ha
regressao_linear,,,,,2,historico_insuficiente,produto_uf,UF,GIRASSOL,PA,area_mil_ha
random_forest,,,,,2,historico_insuficiente,produto_uf,UF,GIRASSOL,PA,area_mil_ha
xgboost,,,,,2,historico_insuficiente,produto_uf,UF,GIRASSOL,PA,area_mil_ha
exponential_smoothing,,,,,2,historico_insuficiente,produto_uf,UF,GIRASSOL,PA,area_mil_ha
baseline_ingenuo,0.0,0.0,,,2,,produto_uf,UF,GIRASSOL,PB,area_mil_ha
regressao_linear,,,,,2,historico_insuficiente,produto_uf,UF,GIRASSOL,PB,area_mil_ha
random_forest,,,,,2,historico_insuficiente,produto_uf,UF,GIRASSOL,PB,area_mil_ha
xgboost,,,,,2,historico_insuficiente,produto_uf,UF,GIRASSOL,PB,area_mil_ha
exponential_smoothing,,,,,2,historico_insuficiente,produto_uf,UF,GIRASSOL,PB,area_mil_ha
baseline_ingenuo,0.0,0.0,,,2,,produto_uf,UF,GIRASSOL,PE,area_mil_ha
regressao_linear,,,,,2,historico_insuficiente,produto_uf,UF,GIRASSOL,PE,area_mil_ha
random_forest,,,,,2,historico_insuficiente,produto_uf,UF,GIRASSOL,PE,area_mil_ha
xgboost,,,,,2,historico_insuficiente,produto_uf,UF,GIRASSOL,PE,area_mil_ha
exponential_smoothing,,,,,2,historico_insuficiente,produto_uf,UF,GIRASSOL,PE,area_mil_ha
baseline_ingenuo,0.0,0.0,,,2,,produto_uf,UF,GIRASSOL,PI,area_mil_ha
regressao_linear,,,,,2,historico_insuficiente,produto_uf,UF,GIRASSOL,PI,area_mil_ha
random_forest,,,,,2,historico_insuficiente,produto_uf,UF,GIRASSOL,PI,area_mil_ha
xgboost,,,,,2,historico_insuficiente,produto_uf,UF,GIRASSOL,PI,area_mil_ha
exponential_smoothing,,,,,2,historico_insuficiente,produto_uf,UF,GIRASSOL,PI,area_mil_ha
baseline_ingenuo,0.0,0.0,,,2,,produto_uf,UF,GIRASSOL,PR,area_mil_ha
regressao_linear,,,,,2,historico_insuficiente,produto_uf,UF,GIRASSOL,PR,area_mil_ha
random_forest,,,,,2,historico_insuficiente,produto_uf,UF,GIRASSOL,PR,area_mil_ha
xgboost,,,,,2,historico_insuficiente,produto_uf,UF,GIRASSOL,PR,area_mil_ha
exponential_smoothing,,,,,2,historico_insuficiente,produto_uf,UF,GIRASSOL,PR,area_mil_ha
baseline_ingenuo,0.0,0.0,,,2,,produto_uf,UF,GIRASSOL,RJ,area_mil_ha
regressao_linear,,,,,2,historico_insuficiente,produto_uf,UF,GIRASSOL,RJ,area_mil_ha
random_forest,,,,,2,historico_insuficiente,produto_uf,UF,GIRASSOL,RJ,area_mil_ha
xgboost,,,,,2,historico_insuficiente,produto_uf,UF,GIRASSOL,RJ,area_mil_ha
exponential_smoothing,,,,,2,historico_insuficiente,produto_uf,UF,GIRASSOL,RJ,area_mil_ha
baseline_ingenuo,0.0,0.0,,,2,,produto_uf,UF,GIRASSOL,RN,area_mil_ha
regressao_linear,,,,,2,historico_insuficiente,produto_uf,UF,GIRASSOL,RN,area_mil_ha
random_forest,,,,,2,historico_insuficiente,produto_uf,UF,GIRASSOL,RN,area_mil_ha
xgboost,,,,,2,historico_insuficiente,produto_uf,UF,GIRASSOL,RN,area_mil_ha
exponential_smoothing,,,,,2,historico_insuficiente,produto_uf,UF,GIRASSOL,RN,area_mil_ha
baseline_ingenuo,0.0,0.0,,,2,,produto_uf,UF,GIRASSOL,RO,area_mil_ha
regressao_linear,,,,,2,historico_insuficiente,produto_uf,UF,GIRASSOL,RO,area_mil_ha
random_forest,,,,,2,historico_insuficiente,produto_uf,UF,GIRASSOL,RO,area_mil_ha
xgboost,,,,,2,historico_insuficiente,produto_uf,UF,GIRASSOL,RO,area_mil_ha
exponential_smoothing,,,,,2,historico_insuficiente,produto_uf,UF,GIRASSOL,RO,area_mil_ha
baseline_ingenuo,0.0,0.0,,,2,,produto_uf,UF,GIRASSOL,RR,area_mil_ha
regressao_linear,,,,,2,historico_insuficiente,produto_uf,UF,GIRASSOL,RR,area_mil_ha
random_forest,,,,,2,historico_insuficiente,produto_uf,UF,GIRASSOL,RR,area_mil_ha
xgboost,,,,,2,historico_insuficiente,produto_uf,UF,GIRASSOL,RR,area_mil_ha
exponential_smoothing,,,,,2,historico_insuficiente,produto_uf,UF,GIRASSOL,RR,area_mil_ha
baseline_ingenuo,1.9000000000000004,1.9000000000000004,31.66666666666667,,2,,produto_uf,UF,GIRASSOL,RS,area_mil_ha
regressao_linear,,,,,2,historico_insuficiente,produto_uf,UF,GIRASSOL,RS,area_mil_ha
random_forest,,,,,2,historico_insuficiente,produto_uf,UF,GIRASSOL,RS,area_mil_ha
xgboost,,,,,2,historico_insuficiente,produto_uf,UF,GIRASSOL,RS,area_mil_ha
exponential_smoothing,,,,,2,historico_insuficiente,produto_uf,UF,GIRASSOL,RS,area_mil_ha
baseline_ingenuo,0.0,0.0,,,2,,produto_uf,UF,GIRASSOL,SC,area_mil_ha
regressao_linear,,,,,2,historico_insuficiente,produto_uf,UF,GIRASSOL,SC,area_mil_ha
random_forest,,,,,2,historico_insuficiente,produto_uf,UF,GIRASSOL,SC,area_mil_ha
xgboost,,,,,2,historico_insuficiente,produto_uf,UF,GIRASSOL,SC,area_mil_ha
exponential_smoothing,,,,,2,historico_insuficiente,produto_uf,UF,GIRASSOL,SC,area_mil_ha
baseline_ingenuo,0.0,0.0,,,2,,produto_uf,UF,GIRASSOL,SE,area_mil_ha
regressao_linear,,,,,2,historico_insuficiente,produto_uf,UF,GIRASSOL,SE,area_mil_ha
random_forest,,,,,2,historico_insuficiente,produto_uf,UF,GIRASSOL,SE,area_mil_ha
xgboost,,,,,2,historico_insuficiente,produto_uf,UF,GIRASSOL,SE,area_mil_ha
exponential_smoothing,,,,,2,historico_insuficiente,produto_uf,UF,GIRASSOL,SE,area_mil_ha
baseline_ingenuo,0.0,0.0,,,2,,produto_uf,UF,GIRASSOL,SP,area_mil_ha
regressao_linear,,,,,2,historico_insuficiente,produto_uf,UF,GIRASSOL,SP,area_mil_ha
random_forest,,,,,2,historico_insuficiente,produto_uf,UF,GIRASSOL,SP,area_mil_ha
xgboost,,,,,2,historico_insuficiente,produto_uf,UF,GIRASSOL,SP,area_mil_ha
exponential_smoothing,,,,,2,historico_insuficiente,produto_uf,UF,GIRASSOL,SP,area_mil_ha
baseline_ingenuo,0.0,0.0,,,2,,produto_uf,UF,GIRASSOL,TO,area_mil_ha
regressao_linear,,,,,2,historico_insuficiente,produto_uf,UF,GIRASSOL,TO,area_mil_ha
random_forest,,,,,2,historico_insuficiente,produto_uf,UF,GIRASSOL,TO,area_mil_ha
xgboost,,,,,2,historico_insuficiente,produto_uf,UF,GIRASSOL,TO,area_mil_ha
exponential_smoothing,,,,,2,historico_insuficiente,produto_uf,UF,GIRASSOL,TO,area_mil_ha
baseline_ingenuo,0.0,0.0,,,2,,produto_uf,UF,MAMONA,AC,area_mil_ha
regressao_linear,,,,,2,historico_insuficiente,produto_uf,UF,MAMONA,AC,area_mil_ha
random_forest,,,,,2,historico_insuficiente,produto_uf,UF,MAMONA,AC,area_mil_ha
xgboost,,,,,2,historico_insuficiente,produto_uf,UF,MAMONA,AC,area_mil_ha
exponential_smoothing,,,,,2,historico_insuficiente,produto_uf,UF,MAMONA,AC,area_mil_ha
baseline_ingenuo,0.0,0.0,,,2,,produto_uf,UF,MAMONA,AL,area_mil_ha
regressao_linear,,,,,2,historico_insuficiente,produto_uf,UF,MAMONA,AL,area_mil_ha
random_forest,,,,,2,historico_insuficiente,produto_uf,UF,MAMONA,AL,area_mil_ha
xgboost,,,,,2,historico_insuficiente,produto_uf,UF,MAMONA,AL,area_mil_ha
exponential_smoothing,,,,,2,historico_insuficiente,produto_uf,UF,MAMONA,AL,area_mil_ha
baseline_ingenuo,0.0,0.0,,,2,,produto_uf,UF,MAMONA,AM,area_mil_ha
regressao_linear,,,,,2,historico_insuficiente,produto_uf,UF,MAMONA,AM,area_mil_ha
random_forest,,,,,2,historico_insuficiente,produto_uf,UF,MAMONA,AM,area_mil_ha
xgboost,,,,,2,historico_insuficiente,produto_uf,UF,MAMONA,AM,area_mil_ha
exponential_smoothing,,,,,2,historico_insuficiente,produto_uf,UF,MAMONA,AM,area_mil_ha
baseline_ingenuo,0.0,0.0,,,2,,produto_uf,UF,MAMONA,AP,area_mil_ha
regressao_linear,,,,,2,historico_insuficiente,produto_uf,UF,MAMONA,AP,area_mil_ha
random_forest,,,,,2,historico_insuficiente,produto_uf,UF,MAMONA,AP,area_mil_ha
xgboost,,,,,2,historico_insuficiente,produto_uf,UF,MAMONA,AP,area_mil_ha
exponential_smoothing,,,,,2,historico_insuficiente,produto_uf,UF,MAMONA,AP,area_mil_ha
baseline_ingenuo,6.5,6.5,8.552631578947368,,2,,produto_uf,UF,MAMONA,BA,area_mil_ha
regressao_linear,,,,,2,historico_insuficiente,produto_uf,UF,MAMONA,BA,area_mil_ha
random_forest,,,,,2,historico_insuficiente,produto_uf,UF,MAMONA,BA,area_mil_ha
xgboost,,,,,2,historico_insuficiente,produto_uf,UF,MAMONA,BA,area_mil_ha
exponential_smoothing,,,,,2,historico_insuficiente,produto_uf,UF,MAMONA,BA,area_mil_ha
baseline_ingenuo,0.0,0.0,0.0,,2,,produto_uf,UF,MAMONA,CE,area_mil_ha
regressao_linear,,,,,2,historico_insuficiente,produto_uf,UF,MAMONA,CE,area_mil_ha
random_forest,,,,,2,historico_insuficiente,produto_uf,UF,MAMONA,CE,area_mil_ha
xgboost,,,,,2,historico_insuficiente,produto_uf,UF,MAMONA,CE,area_mil_ha
exponential_smoothing,,,,,2,historico_insuficiente,produto_uf,UF,MAMONA,CE,area_mil_ha
baseline_ingenuo,0.0,0.0,,,2,,produto_uf,UF,MAMONA,DF,area_mil_ha
regressao_linear,,,,,2,historico_insuficiente,produto_uf,UF,MAMONA,DF,area_mil_ha
random_forest,,,,,2,historico_insuficiente,produto_uf,UF,MAMONA,DF,area_mil_ha
xgboost,,,,,2,historico_insuficiente,produto_uf,UF,MAMONA,DF,area_mil_ha
exponential_smoothing,,,,,2,historico_insuficiente,produto_uf,UF,MAMONA,DF,area_mil_ha
baseline_ingenuo,0.0,0.0,,,2,,produto_uf,UF,MAMONA,ES,area_mil_ha
regressao_linear,,,,,2,historico_insuficiente,produto_uf,UF,MAMONA,ES,area_mil_ha
random_forest,,,,,2,historico_insuficiente,produto_uf,UF,MAMONA,ES,area_mil_ha
xgboost,,,,,2,historico_insuficiente,produto_uf,UF,MAMONA,ES,area_mil_ha
exponential_smoothing,,,,,2,historico_insuficiente,produto_uf,UF,MAMONA,ES,area_mil_ha
baseline_ingenuo,0.0,0.0,,,2,,produto_uf,UF,MAMONA,GO,area_mil_ha
regressao_linear,,,,,2,historico_insuficiente,produto_uf,UF,MAMONA,GO,area_mil_ha
random_forest,,,,,2,historico_insuficiente,produto_uf,UF,MAMONA,GO,area_mil_ha
xgboost,,,,,2,historico_insuficiente,produto_uf,UF,MAMONA,GO,area_mil_ha
exponential_smoothing,,,,,2,historico_insuficiente,produto_uf,UF,MAMONA,GO,area_mil_ha
baseline_ingenuo,0.0,0.0,,,2,,produto_uf,UF,MAMONA,MA,area_mil_ha
regressao_linear,,,,,2,historico_insuficiente,produto_uf,UF,MAMONA,MA,area_mil_ha
random_forest,,,,,2,historico_insuficiente,produto_uf,UF,MAMONA,MA,area_mil_ha
xgboost,,,,,2,historico_insuficiente,produto_uf,UF,MAMONA,MA,area_mil_ha
exponential_smoothing,,,,,2,historico_insuficiente,produto_uf,UF,MAMONA,MA,area_mil_ha
baseline_ingenuo,0.0,0.0,,,2,,produto_uf,UF,MAMONA,MG,area_mil_ha
regressao_linear,,,,,2,historico_insuficiente,produto_uf,UF,MAMONA,MG,area_mil_ha
random_forest,,,,,2,historico_insuficiente,produto_uf,UF,MAMONA,MG,area_mil_ha
xgboost,,,,,2,historico_insuficiente,produto_uf,UF,MAMONA,MG,area_mil_ha
exponential_smoothing,,,,,2,historico_insuficiente,produto_uf,UF,MAMONA,MG,area_mil_ha
baseline_ingenuo,0.0,0.0,,,2,,produto_uf,UF,MAMONA,MS,area_mil_ha
regressao_linear,,,,,2,historico_insuficiente,produto_uf,UF,MAMONA,MS,area_mil_ha
random_forest,,,,,2,historico_insuficiente,produto_uf,UF,MAMONA,MS,area_mil_ha
xgboost,,,,,2,historico_insuficiente,produto_uf,UF,MAMONA,MS,area_mil_ha
exponential_smoothing,,,,,2,historico_insuficiente,produto_uf,UF,MAMONA,MS,area_mil_ha
baseline_ingenuo,0.0,0.0,,,2,,produto_uf,UF,MAMONA,MT,area_mil_ha
regressao_linear,,,,,2,historico_insuficiente,produto_uf,UF,MAMONA,MT,area_mil_ha
random_forest,,,,,2,historico_insuficiente,produto_uf,UF,MAMONA,MT,area_mil_ha
xgboost,,,,,2,historico_insuficiente,produto_uf,UF,MAMONA,MT,area_mil_ha
exponential_smoothing,,,,,2,historico_insuficiente,produto_uf,UF,MAMONA,MT,area_mil_ha
baseline_ingenuo,0.0,0.0,,,2,,produto_uf,UF,MAMONA,PA,area_mil_ha
regressao_linear,,,,,2,historico_insuficiente,produto_uf,UF,MAMONA,PA,area_mil_ha
random_forest,,,,,2,historico_insuficiente,produto_uf,UF,MAMONA,PA,area_mil_ha
xgboost,,,,,2,historico_insuficiente,produto_uf,UF,MAMONA,PA,area_mil_ha
exponential_smoothing,,,,,2,historico_insuficiente,produto_uf,UF,MAMONA,PA,area_mil_ha
baseline_ingenuo,0.0,0.0,,,2,,produto_uf,UF,MAMONA,PB,area_mil_ha
regressao_linear,,,,,2,historico_insuficiente,produto_uf,UF,MAMONA,PB,area_mil_ha
random_forest,,,,,2,historico_insuficiente,produto_uf,UF,MAMONA,PB,area_mil_ha
xgboost,,,,,2,historico_insuficiente,produto_uf,UF,MAMONA,PB,area_mil_ha
exponential_smoothing,,,,,2,historico_insuficiente,produto_uf,UF,MAMONA,PB,area_mil_ha
baseline_ingenuo,0.0,0.0,,,2,,produto_uf,UF,MAMONA,PE,area_mil_ha
regressao_linear,,,,,2,historico_insuficiente,produto_uf,UF,MAMONA,PE,area_mil_ha
random_forest,,,,,2,historico_insuficiente,produto_uf,UF,MAMONA,PE,area_mil_ha
xgboost,,,,,2,historico_insuficiente,produto_uf,UF,MAMONA,PE,area_mil_ha
exponential_smoothing,,,,,2,historico_insuficiente,produto_uf,UF,MAMONA,PE,area_mil_ha
baseline_ingenuo,0.0,0.0,,,2,,produto_uf,UF,MAMONA,PI,area_mil_ha
regressao_linear,,,,,2,historico_insuficiente,produto_uf,UF,MAMONA,PI,area_mil_ha
random_forest,,,,,2,historico_insuficiente,produto_uf,UF,MAMONA,PI,area_mil_ha
xgboost,,,,,2,historico_insuficiente,produto_uf,UF,MAMONA,PI,area_mil_ha
exponential_smoothing,,,,,2,historico_insuficiente,produto_uf,UF,MAMONA,PI,area_mil_ha
baseline_ingenuo,0.0,0.0,,,2,,produto_uf,UF,MAMONA,PR,area_mil_ha
regressao_linear,,,,,2,historico_insuficiente,produto_uf,UF,MAMONA,PR,area_mil_ha
random_forest,,,,,2,historico_insuficiente,produto_uf,UF,MAMONA,PR,area_mil_ha
xgboost,,,,,2,historico_insuficiente,produto_uf,UF,MAMONA,PR,area_mil_ha
exponential_smoothing,,,,,2,historico_insuficiente,produto_uf,UF,MAMONA,PR,area_mil_ha
baseline_ingenuo,0.0,0.0,,,2,,produto_uf,UF,MAMONA,RJ,area_mil_ha
regressao_linear,,,,,2,historico_insuficiente,produto_uf,UF,MAMONA,RJ,area_mil_ha
random_forest,,,,,2,historico_insuficiente,produto_uf,UF,MAMONA,RJ,area_mil_ha
xgboost,,,,,2,historico_insuficiente,produto_uf,UF,MAMONA,RJ,area_mil_ha
exponential_smoothing,,,,,2,historico_insuficiente,produto_uf,UF,MAMONA,RJ,area_mil_ha
baseline_ingenuo,0.0,0.0,,,2,,produto_uf,UF,MAMONA,RN,area_mil_ha
regressao_linear,,,,,2,historico_insuficiente,produto_uf,UF,MAMONA,RN,area_mil_ha
random_forest,,,,,2,historico_insuficiente,produto_uf,UF,MAMONA,RN,area_mil_ha
xgboost,,,,,2,historico_insuficiente,produto_uf,UF,MAMONA,RN,area_mil_ha
exponential_smoothing,,,,,2,historico_insuficiente,produto_uf,UF,MAMONA,RN,area_mil_ha
baseline_ingenuo,0.0,0.0,,,2,,produto_uf,UF,MAMONA,RO,area_mil_ha
regressao_linear,,,,,2,historico_insuficiente,produto_uf,UF,MAMONA,RO,area_mil_ha
random_forest,,,,,2,historico_insuficiente,produto_uf,UF,MAMONA,RO,area_mil_ha
xgboost,,,,,2,historico_insuficiente,produto_uf,UF,MAMONA,RO,area_mil_ha
exponential_smoothing,,,,,2,historico_insuficiente,produto_uf,UF,MAMONA,RO,area_mil_ha
baseline_ingenuo,0.0,0.0,,,2,,produto_uf,UF,MAMONA,RR,area_mil_ha
regressao_linear,,,,,2,historico_insuficiente,produto_uf,UF,MAMONA,RR,area_mil_ha
random_forest,,,,,2,historico_insuficiente,produto_uf,UF,MAMONA,RR,area_mil_ha
xgboost,,,,,2,historico_insuficiente,produto_uf,UF,MAMONA,RR,area_mil_ha
exponential_smoothing,,,,,2,historico_insuficiente,produto_uf,UF,MAMONA,RR,area_mil_ha
baseline_ingenuo,0.0,0.0,,,2,,produto_uf,UF,MAMONA,RS,area_mil_ha
regressao_linear,,,,,2,historico_insuficiente,produto_uf,UF,MAMONA,RS,area_mil_ha
random_forest,,,,,2,historico_insuficiente,produto_uf,UF,MAMONA,RS,area_mil_ha
xgboost,,,,,2,historico_insuficiente,produto_uf,UF,MAMONA,RS,area_mil_ha
exponential_smoothing,,,,,2,historico_insuficiente,produto_uf,UF,MAMONA,RS,area_mil_ha
baseline_ingenuo,0.0,0.0,,,2,,produto_uf,UF,MAMONA,SC,area_mil_ha
regressao_linear,,,,,2,historico_insuficiente,produto_uf,UF,MAMONA,SC,area_mil_ha
random_forest,,,,,2,historico_insuficiente,produto_uf,UF,MAMONA,SC,area_mil_ha
xgboost,,,,,2,historico_insuficiente,produto_uf,UF,MAMONA,SC,area_mil_ha
exponential_smoothing,,,,,2,historico_insuficiente,produto_uf,UF,MAMONA,SC,area_mil_ha
baseline_ingenuo,0.0,0.0,,,2,,produto_uf,UF,MAMONA,SE,area_mil_ha
regressao_linear,,,,,2,historico_insuficiente,produto_uf,UF,MAMONA,SE,area_mil_ha
random_forest,,,,,2,historico_insuficiente,produto_uf,UF,MAMONA,SE,area_mil_ha
xgboost,,,,,2,historico_insuficiente,produto_uf,UF,MAMONA,SE,area_mil_ha
exponential_smoothing,,,,,2,historico_insuficiente,produto_uf,UF,MAMONA,SE,area_mil_ha
baseline_ingenuo,0.0,0.0,,,2,,produto_uf,UF,MAMONA,SP,area_mil_ha
regressao_linear,,,,,2,historico_insuficiente,produto_uf,UF,MAMONA,SP,area_mil_ha
random_forest,,,,,2,historico_insuficiente,produto_uf,UF,MAMONA,SP,area_mil_ha
xgboost,,,,,2,historico_insuficiente,produto_uf,UF,MAMONA,SP,area_mil_ha
exponential_smoothing,,,,,2,historico_insuficiente,produto_uf,UF,MAMONA,SP,area_mil_ha
baseline_ingenuo,0.0,0.0,,,2,,produto_uf,UF,MAMONA,TO,area_mil_ha
regressao_linear,,,,,2,historico_insuficiente,produto_uf,UF,MAMONA,TO,area_mil_ha
random_forest,,,,,2,historico_insuficiente,produto_uf,UF,MAMONA,TO,area_mil_ha
xgboost,,,,,2,historico_insuficiente,produto_uf,UF,MAMONA,TO,area_mil_ha
exponential_smoothing,,,,,2,historico_insuficiente,produto_uf,UF,MAMONA,TO,area_mil_ha
baseline_ingenuo,1.4000000000000057,1.4000000000000057,3.3018867924528434,,2,,produto_uf,UF,MILHO TOTAL,AC,area_mil_ha
regressao_linear,,,,,2,historico_insuficiente,produto_uf,UF,MILHO TOTAL,AC,area_mil_ha
random_forest,,,,,2,historico_insuficiente,produto_uf,UF,MILHO TOTAL,AC,area_mil_ha
xgboost,,,,,2,historico_insuficiente,produto_uf,UF,MILHO TOTAL,AC,area_mil_ha
exponential_smoothing,,,,,2,historico_insuficiente,produto_uf,UF,MILHO TOTAL,AC,area_mil_ha
baseline_ingenuo,1.5000000000000036,1.5000000000000036,4.587155963302763,,2,,produto_uf,UF,MILHO TOTAL,AL,area_mil_ha
regressao_linear,,,,,2,historico_insuficiente,produto_uf,UF,MILHO TOTAL,AL,area_mil_ha
random_forest,,,,,2,historico_insuficiente,produto_uf,UF,MILHO TOTAL,AL,area_mil_ha
xgboost,,,,,2,historico_insuficiente,produto_uf,UF,MILHO TOTAL,AL,area_mil_ha
exponential_smoothing,,,,,2,historico_insuficiente,produto_uf,UF,MILHO TOTAL,AL,area_mil_ha
baseline_ingenuo,0.0,0.0,0.0,,2,,produto_uf,UF,MILHO TOTAL,AM,area_mil_ha
regressao_linear,,,,,2,historico_insuficiente,produto_uf,UF,MILHO TOTAL,AM,area_mil_ha
random_forest,,,,,2,historico_insuficiente,produto_uf,UF,MILHO TOTAL,AM,area_mil_ha
xgboost,,,,,2,historico_insuficiente,produto_uf,UF,MILHO TOTAL,AM,area_mil_ha
exponential_smoothing,,,,,2,historico_insuficiente,produto_uf,UF,MILHO TOTAL,AM,area_mil_ha
baseline_ingenuo,0.0,0.0,0.0,,2,,produto_uf,UF,MILHO TOTAL,AP,area_mil_ha
regressao_linear,,,,,2,historico_insuficiente,produto_uf,UF,MILHO TOTAL,AP,area_mil_ha
random_forest,,,,,2,historico_insuficiente,produto_uf,UF,MILHO TOTAL,AP,area_mil_ha
xgboost,,,,,2,historico_insuficiente,produto_uf,UF,MILHO TOTAL,AP,area_mil_ha
exponential_smoothing,,,,,2,historico_insuficiente,produto_uf,UF,MILHO TOTAL,AP,area_mil_ha
baseline_ingenuo,43.200000000000045,43.200000000000045,6.270866598925831,,2,,produto_uf,UF,MILHO TOTAL,BA,area_mil_ha
regressao_linear,,,,,2,historico_insuficiente,produto_uf,UF,MILHO TOTAL,BA,area_mil_ha
random_forest,,,,,2,historico_insuficiente,produto_uf,UF,MILHO TOTAL,BA,area_mil_ha
xgboost,,,,,2,historico_insuficiente,produto_uf,UF,MILHO TOTAL,BA,area_mil_ha
exponential_smoothing,,,,,2,historico_insuficiente,produto_uf,UF,MILHO TOTAL,BA,area_mil_ha
baseline_ingenuo,1.7999999999999545,1.7999999999999545,0.30364372469634865,,2,,produto_uf,UF,MILHO TOTAL,CE,area_mil_ha
regressao_linear,,,,,2,historico_insuficiente,produto_uf,UF,MILHO TOTAL,CE,area_mil_ha
random_forest,,,,,2,historico_insuficiente,produto_uf,UF,MILHO TOTAL,CE,area_mil_ha
xgboost,,,,,2,historico_insuficiente,produto_uf,UF,MILHO TOTAL,CE,area_mil_ha
exponential_smoothing,,,,,2,historico_insuficiente,produto_uf,UF,MILHO TOTAL,CE,area_mil_ha
baseline_ingenuo,1.0,1.0,1.8115942028985508,,2,,produto_uf,UF,MILHO TOTAL,DF,area_mil_ha
regressao_linear,,,,,2,historico_insuficiente,produto_uf,UF,MILHO TOTAL,DF,area_mil_ha
random_forest,,,,,2,historico_insuficiente,produto_uf,UF,MILHO TOTAL,DF,area_mil_ha
xgboost,,,,,2,historico_insuficiente,produto_uf,UF,MILHO TOTAL,DF,area_mil_ha
exponential_smoothing,,,,,2,historico_insuficiente,produto_uf,UF,MILHO TOTAL,DF,area_mil_ha
baseline_ingenuo,0.10000000000000142,0.10000000000000142,0.6060606060606146,,2,,produto_uf,UF,MILHO TOTAL,ES,area_mil_ha
regressao_linear,,,,,2,historico_insuficiente,produto_uf,UF,MILHO TOTAL,ES,area_mil_ha
random_forest,,,,,2,historico_insuficiente,produto_uf,UF,MILHO TOTAL,ES,area_mil_ha
xgboost,,,,,2,historico_insuficiente,produto_uf,UF,MILHO TOTAL,ES,area_mil_ha
exponential_smoothing,,,,,2,historico_insuficiente,produto_uf,UF,MILHO TOTAL,ES,area_mil_ha
baseline_ingenuo,20.0,20.0,1.0261146170027193,,2,,produto_uf,UF,MILHO TOTAL,GO,area_mil_ha
regressao_linear,,,,,2,historico_insuficiente,produto_uf,UF,MILHO TOTAL,GO,area_mil_ha
random_forest,,,,,2,historico_insuficiente,produto_uf,UF,MILHO TOTAL,GO,area_mil_ha
xgboost,,,,,2,historico_insuficiente,produto_uf,UF,MILHO TOTAL,GO,area_mil_ha
exponential_smoothing,,,,,2,historico_insuficiente,produto_uf,UF,MILHO TOTAL,GO,area_mil_ha
baseline_ingenuo,2.6000000000000227,2.6000000000000227,0.4335501083875309,,2,,produto_uf,UF,MILHO TOTAL,MA,area_mil_ha
regressao_linear,,,,,2,historico_insuficiente,produto_uf,UF,MILHO TOTAL,MA,area_mil_ha
random_forest,,,,,2,historico_insuficiente,produto_uf,UF,MILHO TOTAL,MA,area_mil_ha
xgboost,,,,,2,historico_insuficiente,produto_uf,UF,MILHO TOTAL,MA,area_mil_ha
exponential_smoothing,,,,,2,historico_insuficiente,produto_uf,UF,MILHO TOTAL,MA,area_mil_ha
baseline_ingenuo,57.59999999999991,57.59999999999991,5.046876369052827,,2,,produto_uf,UF,MILHO TOTAL,MG,area_mil_ha
regressao_linear,,,,,2,historico_insuficiente,produto_uf,UF,MILHO TOTAL,MG,area_mil_ha
random_forest,,,,,2,historico_insuficiente,produto_uf,UF,MILHO TOTAL,MG,area_mil_ha
xgboost,,,,,2,historico_insuficiente,produto_uf,UF,MILHO TOTAL,MG,area_mil_ha
exponential_smoothing,,,,,2,historico_insuficiente,produto_uf,UF,MILHO TOTAL,MG,area_mil_ha
baseline_ingenuo,65.40000000000009,65.40000000000009,3.046110852352123,,2,,produto_uf,UF,MILHO TOTAL,MS,area_mil_ha
regressao_linear,,,,,2,historico_insuficiente,produto_uf,UF,MILHO TOTAL,MS,area_mil_ha
random_forest,,,,,2,historico_insuficiente,produto_uf,UF,MILHO TOTAL,MS,area_mil_ha
xgboost,,,,,2,historico_insuficiente,produto_uf,UF,MILHO TOTAL,MS,area_mil_ha
exponential_smoothing,,,,,2,historico_insuficiente,produto_uf,UF,MILHO TOTAL,MS,area_mil_ha
baseline_ingenuo,274.1999999999998,274.1999999999998,3.6262166737198456,,2,,produto_uf,UF,MILHO TOTAL,MT,area_mil_ha
regressao_linear,,,,,2,historico_insuficiente,produto_uf,UF,MILHO TOTAL,MT,area_mil_ha
random_forest,,,,,2,historico_insuficiente,produto_uf,UF,MILHO TOTAL,MT,area_mil_ha
xgboost,,,,,2,historico_insuficiente,produto_uf,UF,MILHO TOTAL,MT,area_mil_ha
exponential_smoothing,,,,,2,historico_insuficiente,produto_uf,UF,MILHO TOTAL,MT,area_mil_ha
baseline_ingenuo,59.200000000000045,59.200000000000045,10.360518025901301,,2,,produto_uf,UF,MILHO TOTAL,PA,area_mil_ha
regressao_linear,,,,,2,historico_insuficiente,produto_uf,UF,MILHO TOTAL,PA,area_mil_ha
random_forest,,,,,2,historico_insuficiente,produto_uf,UF,MILHO TOTAL,PA,area_mil_ha
xgboost,,,,,2,historico_insuficiente,produto_uf,UF,MILHO TOTAL,PA,area_mil_ha
exponential_smoothing,,,,,2,historico_insuficiente,produto_uf,UF,MILHO TOTAL,PA,area_mil_ha
baseline_ingenuo,0.0,0.0,0.0,,2,,produto_uf,UF,MILHO TOTAL,PB,area_mil_ha
regressao_linear,,,,,2,historico_insuficiente,produto_uf,UF,MILHO TOTAL,PB,area_mil_ha
random_forest,,,,,2,historico_insuficiente,produto_uf,UF,MILHO TOTAL,PB,area_mil_ha
xgboost,,,,,2,historico_insuficiente,produto_uf,UF,MILHO TOTAL,PB,area_mil_ha
exponential_smoothing,,,,,2,historico_insuficiente,produto_uf,UF,MILHO TOTAL,PB,area_mil_ha
baseline_ingenuo,1.799999999999983,1.799999999999983,0.9259259259259172,,2,,produto_uf,UF,MILHO TOTAL,PE,area_mil_ha
regressao_linear,,,,,2,historico_insuficiente,produto_uf,UF,MILHO TOTAL,PE,area_mil_ha
random_forest,,,,,2,historico_insuficiente,produto_uf,UF,MILHO TOTAL,PE,area_mil_ha
xgboost,,,,,2,historico_insuficiente,produto_uf,UF,MILHO TOTAL,PE,area_mil_ha
exponential_smoothing,,,,,2,historico_insuficiente,produto_uf,UF,MILHO TOTAL,PE,area_mil_ha
baseline_ingenuo,50.599999999999966,50.599999999999966,12.09658140090843,,2,,produto_uf,UF,MILHO TOTAL,PI,area_mil_ha
regressao_linear,,,,,2,historico_insuficiente,produto_uf,UF,MILHO TOTAL,PI,area_mil_ha
random_forest,,,,,2,historico_insuficiente,produto_uf,UF,MILHO TOTAL,PI,area_mil_ha
xgboost,,,,,2,historico_insuficiente,produto_uf,UF,MILHO TOTAL,PI,area_mil_ha
exponential_smoothing,,,,,2,historico_insuficiente,produto_uf,UF,MILHO TOTAL,PI,area_mil_ha
baseline_ingenuo,121.5,121.5,3.819313466616371,,2,,produto_uf,UF,MILHO TOTAL,PR,area_mil_ha
regressao_linear,,,,,2,historico_insuficiente,produto_uf,UF,MILHO TOTAL,PR,area_mil_ha
random_forest,,,,,2,historico_insuficiente,produto_uf,UF,MILHO TOTAL,PR,area_mil_ha
xgboost,,,,,2,historico_insuficiente,produto_uf,UF,MILHO TOTAL,PR,area_mil_ha
exponential_smoothing,,,,,2,historico_insuficiente,produto_uf,UF,MILHO TOTAL,PR,area_mil_ha
baseline_ingenuo,0.10000000000000009,0.10000000000000009,7.1428571428571495,,2,,produto_uf,UF,MILHO TOTAL,RJ,area_mil_ha
regressao_linear,,,,,2,historico_insuficiente,produto_uf,UF,MILHO TOTAL,RJ,area_mil_ha
random_forest,,,,,2,historico_insuficiente,produto_uf,UF,MILHO TOTAL,RJ,area_mil_ha
xgboost,,,,,2,historico_insuficiente,produto_uf,UF,MILHO TOTAL,RJ,area_mil_ha
exponential_smoothing,,,,,2,historico_insuficiente,produto_uf,UF,MILHO TOTAL,RJ,area_mil_ha
baseline_ingenuo,3.200000000000003,3.200000000000003,5.245901639344267,,2,,produto_uf,UF,MILHO TOTAL,RN,area_mil_ha
regressao_linear,,,,,2,historico_insuficiente,produto_uf,UF,MILHO TOTAL,RN,area_mil_ha
random_forest,,,,,2,historico_insuficiente,produto_uf,UF,MILHO TOTAL,RN,area_mil_ha
xgboost,,,,,2,historico_insuficiente,produto_uf,UF,MILHO TOTAL,RN,area_mil_ha
exponential_smoothing,,,,,2,historico_insuficiente,produto_uf,UF,MILHO TOTAL,RN,area_mil_ha
baseline_ingenuo,30.30000000000001,30.30000000000001,5.786860198624907,,2,,produto_uf,UF,MILHO TOTAL,RO,area_mil_ha
regressao_linear,,,,,2,historico_insuficiente,produto_uf,UF,MILHO TOTAL,RO,area_mil_ha
random_forest,,,,,2,historico_insuficiente,produto_uf,UF,MILHO TOTAL,RO,area_mil_ha
xgboost,,,,,2,historico_insuficiente,produto_uf,UF,MILHO TOTAL,RO,area_mil_ha
exponential_smoothing,,,,,2,historico_insuficiente,produto_uf,UF,MILHO TOTAL,RO,area_mil_ha
baseline_ingenuo,0.0,0.0,0.0,,2,,produto_uf,UF,MILHO TOTAL,RR,area_mil_ha
regressao_linear,,,,,2,historico_insuficiente,produto_uf,UF,MILHO TOTAL,RR,area_mil_ha
random_forest,,,,,2,historico_insuficiente,produto_uf,UF,MILHO TOTAL,RR,area_mil_ha
xgboost,,,,,2,historico_insuficiente,produto_uf,UF,MILHO TOTAL,RR,area_mil_ha
exponential_smoothing,,,,,2,historico_insuficiente,produto_uf,UF,MILHO TOTAL,RR,area_mil_ha
baseline_ingenuo,101.60000000000002,101.60000000000002,12.434218577897445,,2,,produto_uf,UF,MILHO TOTAL,RS,area_mil_ha
regressao_linear,,,,,2,historico_insuficiente,produto_uf,UF,MILHO TOTAL,RS,area_mil_ha
random_forest,,,,,2,historico_insuficiente,produto_uf,UF,MILHO TOTAL,RS,area_mil_ha
xgboost,,,,,2,historico_insuficiente,produto_uf,UF,MILHO TOTAL,RS,area_mil_ha
exponential_smoothing,,,,,2,historico_insuficiente,produto_uf,UF,MILHO TOTAL,RS,area_mil_ha
baseline_ingenuo,21.299999999999955,21.299999999999955,6.884292178409811,,2,,produto_uf,UF,MILHO TOTAL,SC,area_mil_ha
regressao_linear,,,,,2,historico_insuficiente,produto_uf,UF,MILHO TOTAL,SC,area_mil_ha
random_forest,,,,,2,historico_insuficiente,produto_uf,UF,MILHO TOTAL,SC,area_mil_ha
xgboost,,,,,2,historico_insuficiente,produto_uf,UF,MILHO TOTAL,SC,area_mil_ha
exponential_smoothing,,,,,2,historico_insuficiente,produto_uf,UF,MILHO TOTAL,SC,area_mil_ha
baseline_ingenuo,0.0,0.0,0.0,,2,,produto_uf,UF,MILHO TOTAL,SE,area_mil_ha
regressao_linear,,,,,2,historico_insuficiente,produto_uf,UF,MILHO TOTAL,SE,area_mil_ha
random_forest,,,,,2,historico_insuficiente,produto_uf,UF,MILHO TOTAL,SE,area_mil_ha
xgboost,,,,,2,historico_insuficiente,produto_uf,UF,MILHO TOTAL,SE,area_mil_ha
exponential_smoothing,,,,,2,historico_insuficiente,produto_uf,UF,MILHO TOTAL,SE,area_mil_ha
baseline_ingenuo,27.90000000000009,27.90000000000009,3.610715672317858,,2,,produto_uf,UF,MILHO TOTAL,SP,area_mil_ha
regressao_linear,,,,,2,historico_insuficiente,produto_uf,UF,MILHO TOTAL,SP,area_mil_ha
random_forest,,,,,2,historico_insuficiente,produto_uf,UF,MILHO TOTAL,SP,area_mil_ha
xgboost,,,,,2,historico_insuficiente,produto_uf,UF,MILHO TOTAL,SP,area_mil_ha
exponential_smoothing,,,,,2,historico_insuficiente,produto_uf,UF,MILHO TOTAL,SP,area_mil_ha
baseline_ingenuo,41.299999999999955,41.299999999999955,8.030332490764138,,2,,produto_uf,UF,MILHO TOTAL,TO,area_mil_ha
regressao_linear,,,,,2,historico_insuficiente,produto_uf,UF,MILHO TOTAL,TO,area_mil_ha
random_forest,,,,,2,historico_insuficiente,produto_uf,UF,MILHO TOTAL,TO,area_mil_ha
xgboost,,,,,2,historico_insuficiente,produto_uf,UF,MILHO TOTAL,TO,area_mil_ha
exponential_smoothing,,,,,2,historico_insuficiente,produto_uf,UF,MILHO TOTAL,TO,area_mil_ha
baseline_ingenuo,3.3999999999999986,3.3999999999999986,15.454545454545448,,2,,produto_uf,UF,SOJA,AC,area_mil_ha
regressao_linear,,,,,2,historico_insuficiente,produto_uf,UF,SOJA,AC,area_mil_ha
random_forest,,,,,2,historico_insuficiente,produto_uf,UF,SOJA,AC,area_mil_ha
xgboost,,,,,2,historico_insuficiente,produto_uf,UF,SOJA,AC,area_mil_ha
exponential_smoothing,,,,,2,historico_insuficiente,produto_uf,UF,SOJA,AC,area_mil_ha
baseline_ingenuo,2.5999999999999996,2.5999999999999996,34.666666666666664,,2,,produto_uf,UF,SOJA,AL,area_mil_ha
regressao_linear,,,,,2,historico_insuficiente,produto_uf,UF,SOJA,AL,area_mil_ha
random_forest,,,,,2,historico_insuficiente,produto_uf,UF,SOJA,AL,area_mil_ha
xgboost,,,,,2,historico_insuficiente,produto_uf,UF,SOJA,AL,area_mil_ha
exponential_smoothing,,,,,2,historico_insuficiente,produto_uf,UF,SOJA,AL,area_mil_ha
baseline_ingenuo,4.199999999999999,4.199999999999999,23.72881355932203,,2,,produto_uf,UF,SOJA,AM,area_mil_ha
regressao_linear,,,,,2,historico_insuficiente,produto_uf,UF,SOJA,AM,area_mil_ha
random_forest,,,,,2,historico_insuficiente,produto_uf,UF,SOJA,AM,area_mil_ha
xgboost,,,,,2,historico_insuficiente,produto_uf,UF,SOJA,AM,area_mil_ha
exponential_smoothing,,,,,2,historico_insuficiente,produto_uf,UF,SOJA,AM,area_mil_ha
baseline_ingenuo,2.0,2.0,16.666666666666664,,2,,produto_uf,UF,SOJA,AP,area_mil_ha
regressao_linear,,,,,2,historico_insuficiente,produto_uf,UF,SOJA,AP,area_mil_ha
random_forest,,,,,2,historico_insuficiente,produto_uf,UF,SOJA,AP,area_mil_ha
xgboost,,,,,2,historico_insuficiente,produto_uf,UF,SOJA,AP,area_mil_ha
exponential_smoothing,,,,,2,historico_insuficiente,produto_uf,UF,SOJA,AP,area_mil_ha
baseline_ingenuo,200.70000000000027,200.70000000000027,8.590506356204266,,2,,produto_uf,UF,SOJA,BA,area_mil_ha
regressao_linear,,,,,2,historico_insuficiente,produto_uf,UF,SOJA,BA,area_mil_ha
random_forest,,,,,2,historico_insuficiente,produto_uf,UF,SOJA,BA,area_mil_ha
xgboost,,,,,2,historico_insuficiente,produto_uf,UF,SOJA,BA,area_mil_ha
exponential_smoothing,,,,,2,historico_insuficiente,produto_uf,UF,SOJA,BA,area_mil_ha
baseline_ingenuo,0.19999999999999973,0.19999999999999973,5.555555555555548,,2,,produto_uf,UF,SOJA,CE,area_mil_ha
regressao_linear,,,,,2,historico_insuficiente,produto_uf,UF,SOJA,CE,area_mil_ha
random_forest,,,,,2,historico_insuficiente,produto_uf,UF,SOJA,CE,area_mil_ha
xgboost,,,,,2,historico_insuficiente,produto_uf,UF,SOJA,CE,area_mil_ha
exponential_smoothing,,,,,2,historico_insuficiente,produto_uf,UF,SOJA,CE,area_mil_ha
baseline_ingenuo,1.2999999999999972,1.2999999999999972,1.4492753623188372,,2,,produto_uf,UF,SOJA,DF,area_mil_ha
regressao_linear,,,,,2,historico_insuficiente,produto_uf,UF,SOJA,DF,area_mil_ha
random_forest,,,,,2,historico_insuficiente,produto_uf,UF,SOJA,DF,area_mil_ha
xgboost,,,,,2,historico_insuficiente,produto_uf,UF,SOJA,DF,area_mil_ha
exponential_smoothing,,,,,2,historico_insuficiente,produto_uf,UF,SOJA,DF,area_mil_ha
baseline_ingenuo,0.0,0.0,,,2,,produto_uf,UF,SOJA,ES,area_mil_ha
regressao_linear,,,,,2,historico_insuficiente,produto_uf,UF,SOJA,ES,area_mil_ha
random_forest,,,,,2,historico_insuficiente,produto_uf,UF,SOJA,ES,area_mil_ha
xgboost,,,,,2,historico_insuficiente,produto_uf,UF,SOJA,ES,area_mil_ha
exponential_smoothing,,,,,2,historico_insuficiente,produto_uf,UF,SOJA,ES,area_mil_ha
baseline_ingenuo,198.19999999999982,198.19999999999982,3.8463777678588724,,2,,produto_uf,UF,SOJA,GO,area_mil_ha
regressao_linear,,,,,2,historico_insuficiente,produto_uf,UF,SOJA,GO,area_mil_ha
random_forest,,,,,2,historico_insuficiente,produto_uf,UF,SOJA,GO,area_mil_ha
xgboost,,,,,2,historico_insuficiente,produto_uf,UF,SOJA,GO,area_mil_ha
exponential_smoothing,,,,,2,historico_insuficiente,produto_uf,UF,SOJA,GO,area_mil_ha
baseline_ingenuo,86.20000000000005,86.20000000000005,5.662484398607374,,2,,produto_uf,UF,SOJA,MA,area_mil_ha
regressao_linear,,,,,2,historico_insuficiente,produto_uf,UF,SOJA,MA,area_mil_ha
random_forest,,,,,2,historico_insuficiente,produto_uf,UF,SOJA,MA,area_mil_ha
xgboost,,,,,2,historico_insuficiente,produto_uf,UF,SOJA,MA,area_mil_ha
exponential_smoothing,,,,,2,historico_insuficiente,produto_uf,UF,SOJA,MA,area_mil_ha
baseline_ingenuo,25.5,25.5,1.0886270491803278,,2,,produto_uf,UF,SOJA,MG,area_mil_ha
regressao_linear,,,,,2,historico_insuficiente,produto_uf,UF,SOJA,MG,area_mil_ha
random_forest,,,,,2,historico_insuficiente,produto_uf,UF,SOJA,MG,area_mil_ha
xgboost,,,,,2,historico_insuficiente,produto_uf,UF,SOJA,MG,area_mil_ha
exponential_smoothing,,,,,2,historico_insuficiente,produto_uf,UF,SOJA,MG,area_mil_ha
baseline_ingenuo,110.60000000000036,110.60000000000036,2.5343721356553703,,2,,produto_uf,UF,SOJA,MS,area_mil_ha
regressao_linear,,,,,2,historico_insuficiente,produto_uf,UF,SOJA,MS,area_mil_ha
random_forest,,,,,2,historico_insuficiente,produto_uf,UF,SOJA,MS,area_mil_ha
xgboost,,,,,2,historico_insuficiente,produto_uf,UF,SOJA,MS,area_mil_ha
exponential_smoothing,,,,,2,historico_insuficiente,produto_uf,UF,SOJA,MS,area_mil_ha
baseline_ingenuo,267.5,267.5,2.0567114145561347,,2,,produto_uf,UF,SOJA,MT,area_mil_ha
regressao_linear,,,,,2,historico_insuficiente,produto_uf,UF,SOJA,MT,area_mil_ha
random_forest,,,,,2,historico_insuficiente,produto_uf,UF,SOJA,MT,area_mil_ha
xgboost,,,,,2,historico_insuficiente,produto_uf,UF,SOJA,MT,area_mil_ha
exponential_smoothing,,,,,2,historico_insuficiente,produto_uf,UF,SOJA,MT,area_mil_ha
baseline_ingenuo,139.9000000000001,139.9000000000001,9.991429795743471,,2,,produto_uf,UF,SOJA,PA,area_mil_ha
regressao_linear,,,,,2,historico_insuficiente,produto_uf,UF,SOJA,PA,area_mil_ha
random_forest,,,,,2,historico_insuficiente,produto_uf,UF,SOJA,PA,area_mil_ha
xgboost,,,,,2,historico_insuficiente,produto_uf,UF,SOJA,PA,area_mil_ha
exponential_smoothing,,,,,2,historico_insuficiente,produto_uf,UF,SOJA,PA,area_mil_ha
baseline_ingenuo,0.0,0.0,,,2,,produto_uf,UF,SOJA,PB,area_mil_ha
regressao_linear,,,,,2,historico_insuficiente,produto_uf,UF,SOJA,PB,area_mil_ha
random_forest,,,,,2,historico_insuficiente,produto_uf,UF,SOJA,PB,area_mil_ha
xgboost,,,,,2,historico_insuficiente,produto_uf,UF,SOJA,PB,area_mil_ha
exponential_smoothing,,,,,2,historico_insuficiente,produto_uf,UF,SOJA,PB,area_mil_ha
baseline_ingenuo,0.0,0.0,0.0,,2,,produto_uf,UF,SOJA,PE,area_mil_ha
regressao_linear,,,,,2,historico_insuficiente,produto_uf,UF,SOJA,PE,area_mil_ha
random_forest,,,,,2,historico_insuficiente,produto_uf,UF,SOJA,PE,area_mil_ha
xgboost,,,,,2,historico_insuficiente,produto_uf,UF,SOJA,PE,area_mil_ha
exponential_smoothing,,,,,2,historico_insuficiente,produto_uf,UF,SOJA,PE,area_mil_ha
baseline_ingenuo,50.5,50.5,4.397422500870777,,2,,produto_uf,UF,SOJA,PI,area_mil_ha
regressao_linear,,,,,2,historico_insuficiente,produto_uf,UF,SOJA,PI,area_mil_ha
random_forest,,,,,2,historico_insuficiente,produto_uf,UF,SOJA,PI,area_mil_ha
xgboost,,,,,2,historico_insuficiente,produto_uf,UF,SOJA,PI,area_mil_ha
exponential_smoothing,,,,,2,historico_insuficiente,produto_uf,UF,SOJA,PI,area_mil_ha
baseline_ingenuo,69.5,69.5,1.2839934968962459,,2,,produto_uf,UF,SOJA,PR,area_mil_ha
regressao_linear,,,,,2,historico_insuficiente,produto_uf,UF,SOJA,PR,area_mil_ha
random_forest,,,,,2,historico_insuficiente,produto_uf,UF,SOJA,PR,area_mil_ha
xgboost,,,,,2,historico_insuficiente,produto_uf,UF,SOJA,PR,area_mil_ha
exponential_smoothing,,,,,2,historico_insuficiente,produto_uf,UF,SOJA,PR,area_mil_ha
baseline_ingenuo,0.0,0.0,,,2,,produto_uf,UF,SOJA,RJ,area_mil_ha
regressao_linear,,,,,2,historico_insuficiente,produto_uf,UF,SOJA,RJ,area_mil_ha
random_forest,,,,,2,historico_insuficiente,produto_uf,UF,SOJA,RJ,area_mil_ha
xgboost,,,,,2,historico_insuficiente,produto_uf,UF,SOJA,RJ,area_mil_ha
exponential_smoothing,,,,,2,historico_insuficiente,produto_uf,UF,SOJA,RJ,area_mil_ha
baseline_ingenuo,0.0,0.0,,,2,,produto_uf,UF,SOJA,RN,area_mil_ha
regressao_linear,,,,,2,historico_insuficiente,produto_uf,UF,SOJA,RN,area_mil_ha
random_forest,,,,,2,historico_insuficiente,produto_uf,UF,SOJA,RN,area_mil_ha
xgboost,,,,,2,historico_insuficiente,produto_uf,UF,SOJA,RN,area_mil_ha
exponential_smoothing,,,,,2,historico_insuficiente,produto_uf,UF,SOJA,RN,area_mil_ha
baseline_ingenuo,22.199999999999932,22.199999999999932,3.0966662017017623,,2,,produto_uf,UF,SOJA,RO,area_mil_ha
regressao_linear,,,,,2,historico_insuficiente,produto_uf,UF,SOJA,RO,area_mil_ha
random_forest,,,,,2,historico_insuficiente,produto_uf,UF,SOJA,RO,area_mil_ha
xgboost,,,,,2,historico_insuficiente,produto_uf,UF,SOJA,RO,area_mil_ha
exponential_smoothing,,,,,2,historico_insuficiente,produto_uf,UF,SOJA,RO,area_mil_ha
baseline_ingenuo,9.599999999999994,9.599999999999994,6.597938144329893,,2,,produto_uf,UF,SOJA,RR,area_mil_ha
regressao_linear,,,,,2,historico_insuficiente,produto_uf,UF,SOJA,RR,area_mil_ha
random_forest,,,,,2,historico_insuficiente,produto_uf,UF,SOJA,RR,area_mil_ha
xgboost,,,,,2,historico_insuficiente,produto_uf,UF,SOJA,RR,area_mil_ha
exponential_smoothing,,,,,2,historico_insuficiente,produto_uf,UF,SOJA,RR,area_mil_ha
baseline_ingenuo,262.6999999999998,262.6999999999998,3.84289057928613,,2,,produto_uf,UF,SOJA,RS,area_mil_ha
regressao_linear,,,,,2,historico_insuficiente,produto_uf,UF,SOJA,RS,area_mil_ha
random_forest,,,,,2,historico_insuficiente,produto_uf,UF,SOJA,RS,area_mil_ha
xgboost,,,,,2,historico_insuficiente,produto_uf,UF,SOJA,RS,area_mil_ha
exponential_smoothing,,,,,2,historico_insuficiente,produto_uf,UF,SOJA,RS,area_mil_ha
baseline_ingenuo,0.8000000000000682,0.8000000000000682,0.09748964172557496,,2,,produto_uf,UF,SOJA,SC,area_mil_ha
regressao_linear,,,,,2,historico_insuficiente,produto_uf,UF,SOJA,SC,area_mil_ha
random_forest,,,,,2,historico_insuficiente,produto_uf,UF,SOJA,SC,area_mil_ha
xgboost,,,,,2,historico_insuficiente,produto_uf,UF,SOJA,SC,area_mil_ha
exponential_smoothing,,,,,2,historico_insuficiente,produto_uf,UF,SOJA,SC,area_mil_ha
baseline_ingenuo,0.0,0.0,,,2,,produto_uf,UF,SOJA,SE,area_mil_ha
regressao_linear,,,,,2,historico_insuficiente,produto_uf,UF,SOJA,SE,area_mil_ha
random_forest,,,,,2,historico_insuficiente,produto_uf,UF,SOJA,SE,area_mil_ha
xgboost,,,,,2,historico_insuficiente,produto_uf,UF,SOJA,SE,area_mil_ha
exponential_smoothing,,,,,2,historico_insuficiente,produto_uf,UF,SOJA,SE,area_mil_ha
baseline_ingenuo,40.700000000000045,40.700000000000045,2.914846379717829,,2,,produto_uf,UF,SOJA,SP,area_mil_ha
regressao_linear,,,,,2,historico_insuficiente,produto_uf,UF,SOJA,SP,area_mil_ha
random_forest,,,,,2,historico_insuficiente,produto_uf,UF,SOJA,SP,area_mil_ha
xgboost,,,,,2,historico_insuficiente,produto_uf,UF,SOJA,SP,area_mil_ha
exponential_smoothing,,,,,2,historico_insuficiente,produto_uf,UF,SOJA,SP,area_mil_ha
baseline_ingenuo,115.79999999999995,115.79999999999995,6.891626495268699,,2,,produto_uf,UF,SOJA,TO,area_mil_ha
regressao_linear,,,,,2,historico_insuficiente,produto_uf,UF,SOJA,TO,area_mil_ha
random_forest,,,,,2,historico_insuficiente,produto_uf,UF,SOJA,TO,area_mil_ha
xgboost,,,,,2,historico_insuficiente,produto_uf,UF,SOJA,TO,area_mil_ha
exponential_smoothing,,,,,2,historico_insuficiente,produto_uf,UF,SOJA,TO,area_mil_ha
baseline_ingenuo,0.0,0.0,,,2,,produto_uf,UF,SORGO,AC,area_mil_ha
regressao_linear,,,,,2,historico_insuficiente,produto_uf,UF,SORGO,AC,area_mil_ha
random_forest,,,,,2,historico_insuficiente,produto_uf,UF,SORGO,AC,area_mil_ha
xgboost,,,,,2,historico_insuficiente,produto_uf,UF,SORGO,AC,area_mil_ha
exponential_smoothing,,,,,2,historico_insuficiente,produto_uf,UF,SORGO,AC,area_mil_ha
baseline_ingenuo,0.0,0.0,,,2,,produto_uf,UF,SORGO,AL,area_mil_ha
regressao_linear,,,,,2,historico_insuficiente,produto_uf,UF,SORGO,AL,area_mil_ha
random_forest,,,,,2,historico_insuficiente,produto_uf,UF,SORGO,AL,area_mil_ha
xgboost,,,,,2,historico_insuficiente,produto_uf,UF,SORGO,AL,area_mil_ha
exponential_smoothing,,,,,2,historico_insuficiente,produto_uf,UF,SORGO,AL,area_mil_ha
baseline_ingenuo,0.0,0.0,,,2,,produto_uf,UF,SORGO,AM,area_mil_ha
regressao_linear,,,,,2,historico_insuficiente,produto_uf,UF,SORGO,AM,area_mil_ha
random_forest,,,,,2,historico_insuficiente,produto_uf,UF,SORGO,AM,area_mil_ha
xgboost,,,,,2,historico_insuficiente,produto_uf,UF,SORGO,AM,area_mil_ha
exponential_smoothing,,,,,2,historico_insuficiente,produto_uf,UF,SORGO,AM,area_mil_ha
baseline_ingenuo,0.0,0.0,,,2,,produto_uf,UF,SORGO,AP,area_mil_ha
regressao_linear,,,,,2,historico_insuficiente,produto_uf,UF,SORGO,AP,area_mil_ha
random_forest,,,,,2,historico_insuficiente,produto_uf,UF,SORGO,AP,area_mil_ha
xgboost,,,,,2,historico_insuficiente,produto_uf,UF,SORGO,AP,area_mil_ha
exponential_smoothing,,,,,2,historico_insuficiente,produto_uf,UF,SORGO,AP,area_mil_ha
baseline_ingenuo,4.300000000000011,4.300000000000011,2.04469805040419,,2,,produto_uf,UF,SORGO,BA,area_mil_ha
regressao_linear,,,,,2,historico_insuficiente,produto_uf,UF,SORGO,BA,area_mil_ha
random_forest,,,,,2,historico_insuficiente,produto_uf,UF,SORGO,BA,area_mil_ha
xgboost,,,,,2,historico_insuficiente,produto_uf,UF,SORGO,BA,area_mil_ha
exponential_smoothing,,,,,2,historico_insuficiente,produto_uf,UF,SORGO,BA,area_mil_ha
baseline_ingenuo,0.0,0.0,,,2,,produto_uf,UF,SORGO,CE,area_mil_ha
regressao_linear,,,,,2,historico_insuficiente,produto_uf,UF,SORGO,CE,area_mil_ha
random_forest,,,,,2,historico_insuficiente,produto_uf,UF,SORGO,CE,area_mil_ha
xgboost,,,,,2,historico_insuficiente,produto_uf,UF,SORGO,CE,area_mil_ha
exponential_smoothing,,,,,2,historico_insuficiente,produto_uf,UF,SORGO,CE,area_mil_ha
baseline_ingenuo,0.0,0.0,0.0,,2,,produto_uf,UF,SORGO,DF,area_mil_ha
regressao_linear,,,,,2,historico_insuficiente,produto_uf,UF,SORGO,DF,area_mil_ha
random_forest,,,,,2,historico_insuficiente,produto_uf,UF,SORGO,DF,area_mil_ha
xgboost,,,,,2,historico_insuficiente,produto_uf,UF,SORGO,DF,area_mil_ha
exponential_smoothing,,,,,2,historico_insuficiente,produto_uf,UF,SORGO,DF,area_mil_ha
baseline_ingenuo,0.0,0.0,,,2,,produto_uf,UF,SORGO,ES,area_mil_ha
regressao_linear,,,,,2,historico_insuficiente,produto_uf,UF,SORGO,ES,area_mil_ha
random_forest,,,,,2,historico_insuficiente,produto_uf,UF,SORGO,ES,area_mil_ha
xgboost,,,,,2,historico_insuficiente,produto_uf,UF,SORGO,ES,area_mil_ha
exponential_smoothing,,,,,2,historico_insuficiente,produto_uf,UF,SORGO,ES,area_mil_ha
baseline_ingenuo,43.400000000000034,43.400000000000034,9.906414060716738,,2,,produto_uf,UF,SORGO,GO,area_mil_ha
regressao_linear,,,,,2,historico_insuficiente,produto_uf,UF,SORGO,GO,area_mil_ha
random_forest,,,,,2,historico_insuficiente,produto_uf,UF,SORGO,GO,area_mil_ha
xgboost,,,,,2,historico_insuficiente,produto_uf,UF,SORGO,GO,area_mil_ha
exponential_smoothing,,,,,2,historico_insuficiente,produto_uf,UF,SORGO,GO,area_mil_ha
baseline_ingenuo,29.4,29.4,36.75,,2,,produto_uf,UF,SORGO,MA,area_mil_ha
regressao_linear,,,,,2,historico_insuficiente,produto_uf,UF,SORGO,MA,area_mil_ha
random_forest,,,,,2,historico_insuficiente,produto_uf,UF,SORGO,MA,area_mil_ha
xgboost,,,,,2,historico_insuficiente,produto_uf,UF,SORGO,MA,area_mil_ha
exponential_smoothing,,,,,2,historico_insuficiente,produto_uf,UF,SORGO,MA,area_mil_ha
baseline_ingenuo,30.899999999999977,30.899999999999977,7.663690476190471,,2,,produto_uf,UF,SORGO,MG,area_mil_ha
regressao_linear,,,,,2,historico_insuficiente,produto_uf,UF,SORGO,MG,area_mil_ha
random_forest,,,,,2,historico_insuficiente,produto_uf,UF,SORGO,MG,area_mil_ha
xgboost,,,,,2,historico_insuficiente,produto_uf,UF,SORGO,MG,area_mil_ha
exponential_smoothing,,,,,2,historico_insuficiente,produto_uf,UF,SORGO,MG,area_mil_ha
baseline_ingenuo,30.0,30.0,17.878426698450536,,2,,produto_uf,UF,SORGO,MS,area_mil_ha
regressao_linear,,,,,2,historico_insuficiente,produto_uf,UF,SORGO,MS,area_mil_ha
random_forest,,,,,2,historico_insuficiente,produto_uf,UF,SORGO,MS,area_mil_ha
xgboost,,,,,2,historico_insuficiente,produto_uf,UF,SORGO,MS,area_mil_ha
exponential_smoothing,,,,,2,historico_insuficiente,produto_uf,UF,SORGO,MS,area_mil_ha
baseline_ingenuo,12.900000000000006,12.900000000000006,11.845730027548214,,2,,produto_uf,UF,SORGO,MT,area_mil_ha
regressao_linear,,,,,2,historico_insuficiente,produto_uf,UF,SORGO,MT,area_mil_ha
random_forest,,,,,2,historico_insuficiente,produto_uf,UF,SORGO,MT,area_mil_ha
xgboost,,,,,2,historico_insuficiente,produto_uf,UF,SORGO,MT,area_mil_ha
exponential_smoothing,,,,,2,historico_insuficiente,produto_uf,UF,SORGO,MT,area_mil_ha
baseline_ingenuo,9.0,9.0,9.868421052631579,,2,,produto_uf,UF,SORGO,PA,area_mil_ha
regressao_linear,,,,,2,historico_insuficiente,produto_uf,UF,SORGO,PA,area_mil_ha
random_forest,,,,,2,historico_insuficiente,produto_uf,UF,SORGO,PA,area_mil_ha
xgboost,,,,,2,historico_insuficiente,produto_uf,UF,SORGO,PA,area_mil_ha
exponential_smoothing,,,,,2,historico_insuficiente,produto_uf,UF,SORGO,PA,area_mil_ha
baseline_ingenuo,0.0,0.0,,,2,,produto_uf,UF,SORGO,PB,area_mil_ha
regressao_linear,,,,,2,historico_insuficiente,produto_uf,UF,SORGO,PB,area_mil_ha
random_forest,,,,,2,historico_insuficiente,produto_uf,UF,SORGO,PB,area_mil_ha
xgboost,,,,,2,historico_insuficiente,produto_uf,UF,SORGO,PB,area_mil_ha
exponential_smoothing,,,,,2,historico_insuficiente,produto_uf,UF,SORGO,PB,area_mil_ha
baseline_ingenuo,0.0,0.0,,,2,,produto_uf,UF,SORGO,PE,area_mil_ha
regressao_linear,,,,,2,historico_insuficiente,produto_uf,UF,SORGO,PE,area_mil_ha
random_forest,,,,,2,historico_insuficiente,produto_uf,UF,SORGO,PE,area_mil_ha
xgboost,,,,,2,historico_insuficiente,produto_uf,UF,SORGO,PE,area_mil_ha
exponential_smoothing,,,,,2,historico_insuficiente,produto_uf,UF,SORGO,PE,area_mil_ha
baseline_ingenuo,6.099999999999994,6.099999999999994,7.011494252873557,,2,,produto_uf,UF,SORGO,PI,area_mil_ha
regressao_linear,,,,,2,historico_insuficiente,produto_uf,UF,SORGO,PI,area_mil_ha
random_forest,,,,,2,historico_insuficiente,produto_uf,UF,SORGO,PI,area_mil_ha
xgboost,,,,,2,historico_insuficiente,produto_uf,UF,SORGO,PI,area_mil_ha
exponential_smoothing,,,,,2,historico_insuficiente,produto_uf,UF,SORGO,PI,area_mil_ha
baseline_ingenuo,0.0,0.0,0.0,,2,,produto_uf,UF,SORGO,PR,area_mil_ha
regressao_linear,,,,,2,historico_insuficiente,produto_uf,UF,SORGO,PR,area_mil_ha
random_forest,,,,,2,historico_insuficiente,produto_uf,UF,SORGO,PR,area_mil_ha
xgboost,,,,,2,historico_insuficiente,produto_uf,UF,SORGO,PR,area_mil_ha
exponential_smoothing,,,,,2,historico_insuficiente,produto_uf,UF,SORGO,PR,area_mil_ha
baseline_ingenuo,0.0,0.0,,,2,,produto_uf,UF,SORGO,RJ,area_mil_ha
regressao_linear,,,,,2,historico_insuficiente,produto_uf,UF,SORGO,RJ,area_mil_ha
random_forest,,,,,2,historico_insuficiente,produto_uf,UF,SORGO,RJ,area_mil_ha
xgboost,,,,,2,historico_insuficiente,produto_uf,UF,SORGO,RJ,area_mil_ha
exponential_smoothing,,,,,2,historico_insuficiente,produto_uf,UF,SORGO,RJ,area_mil_ha
baseline_ingenuo,0.0,0.0,,,2,,produto_uf,UF,SORGO,RN,area_mil_ha
regressao_linear,,,,,2,historico_insuficiente,produto_uf,UF,SORGO,RN,area_mil_ha
random_forest,,,,,2,historico_insuficiente,produto_uf,UF,SORGO,RN,area_mil_ha
xgboost,,,,,2,historico_insuficiente,produto_uf,UF,SORGO,RN,area_mil_ha
exponential_smoothing,,,,,2,historico_insuficiente,produto_uf,UF,SORGO,RN,area_mil_ha
baseline_ingenuo,0.0,0.0,,,2,,produto_uf,UF,SORGO,RO,area_mil_ha
regressao_linear,,,,,2,historico_insuficiente,produto_uf,UF,SORGO,RO,area_mil_ha
random_forest,,,,,2,historico_insuficiente,produto_uf,UF,SORGO,RO,area_mil_ha
xgboost,,,,,2,historico_insuficiente,produto_uf,UF,SORGO,RO,area_mil_ha
exponential_smoothing,,,,,2,historico_insuficiente,produto_uf,UF,SORGO,RO,area_mil_ha
baseline_ingenuo,0.0,0.0,,,2,,produto_uf,UF,SORGO,RR,area_mil_ha
regressao_linear,,,,,2,historico_insuficiente,produto_uf,UF,SORGO,RR,area_mil_ha
random_forest,,,,,2,historico_insuficiente,produto_uf,UF,SORGO,RR,area_mil_ha
xgboost,,,,,2,historico_insuficiente,produto_uf,UF,SORGO,RR,area_mil_ha
exponential_smoothing,,,,,2,historico_insuficiente,produto_uf,UF,SORGO,RR,area_mil_ha
baseline_ingenuo,6.2,6.2,100.0,,2,,produto_uf,UF,SORGO,RS,area_mil_ha
regressao_linear,,,,,2,historico_insuficiente,produto_uf,UF,SORGO,RS,area_mil_ha
random_forest,,,,,2,historico_insuficiente,produto_uf,UF,SORGO,RS,area_mil_ha
xgboost,,,,,2,historico_insuficiente,produto_uf,UF,SORGO,RS,area_mil_ha
exponential_smoothing,,,,,2,historico_insuficiente,produto_uf,UF,SORGO,RS,area_mil_ha
baseline_ingenuo,0.0,0.0,,,2,,produto_uf,UF,SORGO,SC,area_mil_ha
regressao_linear,,,,,2,historico_insuficiente,produto_uf,UF,SORGO,SC,area_mil_ha
random_forest,,,,,2,historico_insuficiente,produto_uf,UF,SORGO,SC,area_mil_ha
xgboost,,,,,2,historico_insuficiente,produto_uf,UF,SORGO,SC,area_mil_ha
exponential_smoothing,,,,,2,historico_insuficiente,produto_uf,UF,SORGO,SC,area_mil_ha
baseline_ingenuo,0.0,0.0,,,2,,produto_uf,UF,SORGO,SE,area_mil_ha
regressao_linear,,,,,2,historico_insuficiente,produto_uf,UF,SORGO,SE,area_mil_ha
random_forest,,,,,2,historico_insuficiente,produto_uf,UF,SORGO,SE,area_mil_ha
xgboost,,,,,2,historico_insuficiente,produto_uf,UF,SORGO,SE,area_mil_ha
exponential_smoothing,,,,,2,historico_insuficiente,produto_uf,UF,SORGO,SE,area_mil_ha
baseline_ingenuo,10.800000000000011,10.800000000000011,7.25806451612904,,2,,produto_uf,UF,SORGO,SP,area_mil_ha
regressao_linear,,,,,2,historico_insuficiente,produto_uf,UF,SORGO,SP,area_mil_ha
random_forest,,,,,2,historico_insuficiente,produto_uf,UF,SORGO,SP,area_mil_ha
xgboost,,,,,2,historico_insuficiente,produto_uf,UF,SORGO,SP,area_mil_ha
exponential_smoothing,,,,,2,historico_insuficiente,produto_uf,UF,SORGO,SP,area_mil_ha
baseline_ingenuo,8.699999999999996,8.699999999999996,13.744075829383881,,2,,produto_uf,UF,SORGO,TO,area_mil_ha
regressao_linear,,,,,2,historico_insuficiente,produto_uf,UF,SORGO,TO,area_mil_ha
random_forest,,,,,2,historico_insuficiente,produto_uf,UF,SORGO,TO,area_mil_ha
xgboost,,,,,2,historico_insuficiente,produto_uf,UF,SORGO,TO,area_mil_ha
exponential_smoothing,,,,,2,historico_insuficiente,produto_uf,UF,SORGO,TO,area_mil_ha
baseline_ingenuo,0.0,0.0,,,2,,produto_uf,UF,TRIGO,AC,area_mil_ha
regressao_linear,,,,,2,historico_insuficiente,produto_uf,UF,TRIGO,AC,area_mil_ha
random_forest,,,,,2,historico_insuficiente,produto_uf,UF,TRIGO,AC,area_mil_ha
xgboost,,,,,2,historico_insuficiente,produto_uf,UF,TRIGO,AC,area_mil_ha
exponential_smoothing,,,,,2,historico_insuficiente,produto_uf,UF,TRIGO,AC,area_mil_ha
baseline_ingenuo,0.0,0.0,,,2,,produto_uf,UF,TRIGO,AL,area_mil_ha
regressao_linear,,,,,2,historico_insuficiente,produto_uf,UF,TRIGO,AL,area_mil_ha
random_forest,,,,,2,historico_insuficiente,produto_uf,UF,TRIGO,AL,area_mil_ha
xgboost,,,,,2,historico_insuficiente,produto_uf,UF,TRIGO,AL,area_mil_ha
exponential_smoothing,,,,,2,historico_insuficiente,produto_uf,UF,TRIGO,AL,area_mil_ha
baseline_ingenuo,0.0,0.0,,,2,,produto_uf,UF,TRIGO,AM,area_mil_ha
regressao_linear,,,,,2,historico_insuficiente,produto_uf,UF,TRIGO,AM,area_mil_ha
random_forest,,,,,2,historico_insuficiente,produto_uf,UF,TRIGO,AM,area_mil_ha
xgboost,,,,,2,historico_insuficiente,produto_uf,UF,TRIGO,AM,area_mil_ha
exponential_smoothing,,,,,2,historico_insuficiente,produto_uf,UF,TRIGO,AM,area_mil_ha
baseline_ingenuo,0.0,0.0,,,2,,produto_uf,UF,TRIGO,AP,area_mil_ha
regressao_linear,,,,,2,historico_insuficiente,produto_uf,UF,TRIGO,AP,area_mil_ha
random_forest,,,,,2,historico_insuficiente,produto_uf,UF,TRIGO,AP,area_mil_ha
xgboost,,,,,2,historico_insuficiente,produto_uf,UF,TRIGO,AP,area_mil_ha
exponential_smoothing,,,,,2,historico_insuficiente,produto_uf,UF,TRIGO,AP,area_mil_ha
baseline_ingenuo,0.0,0.0,0.0,,2,,produto_uf,UF,TRIGO,BA,area_mil_ha
regressao_linear,,,,,2,historico_insuficiente,produto_uf,UF,TRIGO,BA,area_mil_ha
random_forest,,,,,2,historico_insuficiente,produto_uf,UF,TRIGO,BA,area_mil_ha
xgboost,,,,,2,historico_insuficiente,produto_uf,UF,TRIGO,BA,area_mil_ha
exponential_smoothing,,,,,2,historico_insuficiente,produto_uf,UF,TRIGO,BA,area_mil_ha
baseline_ingenuo,0.0,0.0,,,2,,produto_uf,UF,TRIGO,CE,area_mil_ha
regressao_linear,,,,,2,historico_insuficiente,produto_uf,UF,TRIGO,CE,area_mil_ha
random_forest,,,,,2,historico_insuficiente,produto_uf,UF,TRIGO,CE,area_mil_ha
xgboost,,,,,2,historico_insuficiente,produto_uf,UF,TRIGO,CE,area_mil_ha
exponential_smoothing,,,,,2,historico_insuficiente,produto_uf,UF,TRIGO,CE,area_mil_ha
baseline_ingenuo,0.5,0.5,6.329113924050632,,2,,produto_uf,UF,TRIGO,DF,area_mil_ha
regressao_linear,,,,,2,historico_insuficiente,produto_uf,UF,TRIGO,DF,area_mil_ha
random_forest,,,,,2,historico_insuficiente,produto_uf,UF,TRIGO,DF,area_mil_ha
xgboost,,,,,2,historico_insuficiente,produto_uf,UF,TRIGO,DF,area_mil_ha
exponential_smoothing,,,,,2,historico_insuficiente,produto_uf,UF,TRIGO,DF,area_mil_ha
baseline_ingenuo,0.0,0.0,,,2,,produto_uf,UF,TRIGO,ES,area_mil_ha
regressao_linear,,,,,2,historico_insuficiente,produto_uf,UF,TRIGO,ES,area_mil_ha
random_forest,,,,,2,historico_insuficiente,produto_uf,UF,TRIGO,ES,area_mil_ha
xgboost,,,,,2,historico_insuficiente,produto_uf,UF,TRIGO,ES,area_mil_ha
exponential_smoothing,,,,,2,historico_insuficiente,produto_uf,UF,TRIGO,ES,area_mil_ha
baseline_ingenuo,0.0,0.0,0.0,,2,,produto_uf,UF,TRIGO,GO,area_mil_ha
regressao_linear,,,,,2,historico_insuficiente,produto_uf,UF,TRIGO,GO,area_mil_ha
random_forest,,,,,2,historico_insuficiente,produto_uf,UF,TRIGO,GO,area_mil_ha
xgboost,,,,,2,historico_insuficiente,produto_uf,UF,TRIGO,GO,area_mil_ha
exponential_smoothing,,,,,2,historico_insuficiente,produto_uf,UF,TRIGO,GO,area_mil_ha
baseline_ingenuo,0.0,0.0,,,2,,produto_uf,UF,TRIGO,MA,area_mil_ha
regressao_linear,,,,,2,historico_insuficiente,produto_uf,UF,TRIGO,MA,area_mil_ha
random_forest,,,,,2,historico_insuficiente,produto_uf,UF,TRIGO,MA,area_mil_ha
xgboost,,,,,2,historico_insuficiente,produto_uf,UF,TRIGO,MA,area_mil_ha
exponential_smoothing,,,,,2,historico_insuficiente,produto_uf,UF,TRIGO,MA,area_mil_ha
baseline_ingenuo,7.0,7.0,4.857737682165164,,2,,produto_uf,UF,TRIGO,MG,area_mil_ha
regressao_linear,,,,,2,historico_insuficiente,produto_uf,UF,TRIGO,MG,area_mil_ha
random_forest,,,,,2,historico_insuficiente,produto_uf,UF,TRIGO,MG,area_mil_ha
xgboost,,,,,2,historico_insuficiente,produto_uf,UF,TRIGO,MG,area_mil_ha
exponential_smoothing,,,,,2,historico_insuficiente,produto_uf,UF,TRIGO,MG,area_mil_ha
baseline_ingenuo,1.8999999999999986,1.8999999999999986,5.50724637681159,,2,,produto_uf,UF,TRIGO,MS,area_mil_ha
regressao_linear,,,,,2,historico_insuficiente,produto_uf,UF,TRIGO,MS,area_mil_ha
random_forest,,,,,2,historico_insuficiente,produto_uf,UF,TRIGO,MS,area_mil_ha
xgboost,,,,,2,historico_insuficiente,produto_uf,UF,TRIGO,MS,area_mil_ha
exponential_smoothing,,,,,2,historico_insuficiente,produto_uf,UF,TRIGO,MS,area_mil_ha
baseline_ingenuo,0.0,0.0,,,2,,produto_uf,UF,TRIGO,MT,area_mil_ha
regressao_linear,,,,,2,historico_insuficiente,produto_uf,UF,TRIGO,MT,area_mil_ha
random_forest,,,,,2,historico_insuficiente,produto_uf,UF,TRIGO,MT,area_mil_ha
xgboost,,,,,2,historico_insuficiente,produto_uf,UF,TRIGO,MT,area_mil_ha
exponential_smoothing,,,,,2,historico_insuficiente,produto_uf,UF,TRIGO,MT,area_mil_ha
baseline_ingenuo,0.0,0.0,,,2,,produto_uf,UF,TRIGO,PA,area_mil_ha
regressao_linear,,,,,2,historico_insuficiente,produto_uf,UF,TRIGO,PA,area_mil_ha
random_forest,,,,,2,historico_insuficiente,produto_uf,UF,TRIGO,PA,area_mil_ha
xgboost,,,,,2,historico_insuficiente,produto_uf,UF,TRIGO,PA,area_mil_ha
exponential_smoothing,,,,,2,historico_insuficiente,produto_uf,UF,TRIGO,PA,area_mil_ha
baseline_ingenuo,0.0,0.0,,,2,,produto_uf,UF,TRIGO,PB,area_mil_ha
regressao_linear,,,,,2,historico_insuficiente,produto_uf,UF,TRIGO,PB,area_mil_ha
random_forest,,,,,2,historico_insuficiente,produto_uf,UF,TRIGO,PB,area_mil_ha
xgboost,,,,,2,historico_insuficiente,produto_uf,UF,TRIGO,PB,area_mil_ha
exponential_smoothing,,,,,2,historico_insuficiente,produto_uf,UF,TRIGO,PB,area_mil_ha
baseline_ingenuo,0.0,0.0,,,2,,produto_uf,UF,TRIGO,PE,area_mil_ha
regressao_linear,,,,,2,historico_insuficiente,produto_uf,UF,TRIGO,PE,area_mil_ha
random_forest,,,,,2,historico_insuficiente,produto_uf,UF,TRIGO,PE,area_mil_ha
xgboost,,,,,2,historico_insuficiente,produto_uf,UF,TRIGO,PE,area_mil_ha
exponential_smoothing,,,,,2,historico_insuficiente,produto_uf,UF,TRIGO,PE,area_mil_ha
baseline_ingenuo,0.0,0.0,,,2,,produto_uf,UF,TRIGO,PI,area_mil_ha
regressao_linear,,,,,2,historico_insuficiente,produto_uf,UF,TRIGO,PI,area_mil_ha
random_forest,,,,,2,historico_insuficiente,produto_uf,UF,TRIGO,PI,area_mil_ha
xgboost,,,,,2,historico_insuficiente,produto_uf,UF,TRIGO,PI,area_mil_ha
exponential_smoothing,,,,,2,historico_insuficiente,produto_uf,UF,TRIGO,PI,area_mil_ha
baseline_ingenuo,0.0,0.0,0.0,,2,,produto_uf,UF,TRIGO,PR,area_mil_ha
regressao_linear,,,,,2,historico_insuficiente,produto_uf,UF,TRIGO,PR,area_mil_ha
random_forest,,,,,2,historico_insuficiente,produto_uf,UF,TRIGO,PR,area_mil_ha
xgboost,,,,,2,historico_insuficiente,produto_uf,UF,TRIGO,PR,area_mil_ha
exponential_smoothing,,,,,2,historico_insuficiente,produto_uf,UF,TRIGO,PR,area_mil_ha
baseline_ingenuo,0.0,0.0,,,2,,produto_uf,UF,TRIGO,RJ,area_mil_ha
regressao_linear,,,,,2,historico_insuficiente,produto_uf,UF,TRIGO,RJ,area_mil_ha
random_forest,,,,,2,historico_insuficiente,produto_uf,UF,TRIGO,RJ,area_mil_ha
xgboost,,,,,2,historico_insuficiente,produto_uf,UF,TRIGO,RJ,area_mil_ha
exponential_smoothing,,,,,2,historico_insuficiente,produto_uf,UF,TRIGO,RJ,area_mil_ha
baseline_ingenuo,0.0,0.0,,,2,,produto_uf,UF,TRIGO,RN,area_mil_ha
regressao_linear,,,,,2,historico_insuficiente,produto_uf,UF,TRIGO,RN,area_mil_ha
random_forest,,,,,2,historico_insuficiente,produto_uf,UF,TRIGO,RN,area_mil_ha
xgboost,,,,,2,historico_insuficiente,produto_uf,UF,TRIGO,RN,area_mil_ha
exponential_smoothing,,,,,2,historico_insuficiente,produto_uf,UF,TRIGO,RN,area_mil_ha
baseline_ingenuo,0.0,0.0,,,2,,produto_uf,UF,TRIGO,RO,area_mil_ha
regressao_linear,,,,,2,historico_insuficiente,produto_uf,UF,TRIGO,RO,area_mil_ha
random_forest,,,,,2,historico_insuficiente,produto_uf,UF,TRIGO,RO,area_mil_ha
xgboost,,,,,2,historico_insuficiente,produto_uf,UF,TRIGO,RO,area_mil_ha
exponential_smoothing,,,,,2,historico_insuficiente,produto_uf,UF,TRIGO,RO,area_mil_ha
baseline_ingenuo,0.0,0.0,,,2,,produto_uf,UF,TRIGO,RR,area_mil_ha
regressao_linear,,,,,2,historico_insuficiente,produto_uf,UF,TRIGO,RR,area_mil_ha
random_forest,,,,,2,historico_insuficiente,produto_uf,UF,TRIGO,RR,area_mil_ha
xgboost,,,,,2,historico_insuficiente,produto_uf,UF,TRIGO,RR,area_mil_ha
exponential_smoothing,,,,,2,historico_insuficiente,produto_uf,UF,TRIGO,RR,area_mil_ha
baseline_ingenuo,119.20000000000005,119.20000000000005,11.486942276187726,,2,,produto_uf,UF,TRIGO,RS,area_mil_ha
regressao_linear,,,,,2,historico_insuficiente,produto_uf,UF,TRIGO,RS,area_mil_ha
random_forest,,,,,2,historico_insuficiente,produto_uf,UF,TRIGO,RS,area_mil_ha
xgboost,,,,,2,historico_insuficiente,produto_uf,UF,TRIGO,RS,area_mil_ha
exponential_smoothing,,,,,2,historico_insuficiente,produto_uf,UF,TRIGO,RS,area_mil_ha
baseline_ingenuo,0.0,0.0,0.0,,2,,produto_uf,UF,TRIGO,SC,area_mil_ha
regressao_linear,,,,,2,historico_insuficiente,produto_uf,UF,TRIGO,SC,area_mil_ha
random_forest,,,,,2,historico_insuficiente,produto_uf,UF,TRIGO,SC,area_mil_ha
xgboost,,,,,2,historico_insuficiente,produto_uf,UF,TRIGO,SC,area_mil_ha
exponential_smoothing,,,,,2,historico_insuficiente,produto_uf,UF,TRIGO,SC,area_mil_ha
baseline_ingenuo,0.0,0.0,,,2,,produto_uf,UF,TRIGO,SE,area_mil_ha
regressao_linear,,,,,2,historico_insuficiente,produto_uf,UF,TRIGO,SE,area_mil_ha
random_forest,,,,,2,historico_insuficiente,produto_uf,UF,TRIGO,SE,area_mil_ha
xgboost,,,,,2,historico_insuficiente,produto_uf,UF,TRIGO,SE,area_mil_ha
exponential_smoothing,,,,,2,historico_insuficiente,produto_uf,UF,TRIGO,SE,area_mil_ha
baseline_ingenuo,0.0,0.0,0.0,,2,,produto_uf,UF,TRIGO,SP,area_mil_ha
regressao_linear,,,,,2,historico_insuficiente,produto_uf,UF,TRIGO,SP,area_mil_ha
random_forest,,,,,2,historico_insuficiente,produto_uf,UF,TRIGO,SP,area_mil_ha
xgboost,,,,,2,historico_insuficiente,produto_uf,UF,TRIGO,SP,area_mil_ha
exponential_smoothing,,,,,2,historico_insuficiente,produto_uf,UF,TRIGO,SP,area_mil_ha
baseline_ingenuo,0.0,0.0,,,2,,produto_uf,UF,TRIGO,TO,area_mil_ha
regressao_linear,,,,,2,historico_insuficiente,produto_uf,UF,TRIGO,TO,area_mil_ha
random_forest,,,,,2,historico_insuficiente,produto_uf,UF,TRIGO,TO,area_mil_ha
xgboost,,,,,2,historico_insuficiente,produto_uf,UF,TRIGO,TO,area_mil_ha
exponential_smoothing,,,,,2,historico_insuficiente,produto_uf,UF,TRIGO,TO,area_mil_ha
baseline_ingenuo,0.0,0.0,,,2,,produto_uf,UF,TRITICALE,AC,area_mil_ha
regressao_linear,,,,,2,historico_insuficiente,produto_uf,UF,TRITICALE,AC,area_mil_ha
random_forest,,,,,2,historico_insuficiente,produto_uf,UF,TRITICALE,AC,area_mil_ha
xgboost,,,,,2,historico_insuficiente,produto_uf,UF,TRITICALE,AC,area_mil_ha
exponential_smoothing,,,,,2,historico_insuficiente,produto_uf,UF,TRITICALE,AC,area_mil_ha
baseline_ingenuo,0.0,0.0,,,2,,produto_uf,UF,TRITICALE,AL,area_mil_ha
regressao_linear,,,,,2,historico_insuficiente,produto_uf,UF,TRITICALE,AL,area_mil_ha
random_forest,,,,,2,historico_insuficiente,produto_uf,UF,TRITICALE,AL,area_mil_ha
xgboost,,,,,2,historico_insuficiente,produto_uf,UF,TRITICALE,AL,area_mil_ha
exponential_smoothing,,,,,2,historico_insuficiente,produto_uf,UF,TRITICALE,AL,area_mil_ha
baseline_ingenuo,0.0,0.0,,,2,,produto_uf,UF,TRITICALE,AM,area_mil_ha
regressao_linear,,,,,2,historico_insuficiente,produto_uf,UF,TRITICALE,AM,area_mil_ha
random_forest,,,,,2,historico_insuficiente,produto_uf,UF,TRITICALE,AM,area_mil_ha
xgboost,,,,,2,historico_insuficiente,produto_uf,UF,TRITICALE,AM,area_mil_ha
exponential_smoothing,,,,,2,historico_insuficiente,produto_uf,UF,TRITICALE,AM,area_mil_ha
baseline_ingenuo,0.0,0.0,,,2,,produto_uf,UF,TRITICALE,AP,area_mil_ha
regressao_linear,,,,,2,historico_insuficiente,produto_uf,UF,TRITICALE,AP,area_mil_ha
random_forest,,,,,2,historico_insuficiente,produto_uf,UF,TRITICALE,AP,area_mil_ha
xgboost,,,,,2,historico_insuficiente,produto_uf,UF,TRITICALE,AP,area_mil_ha
exponential_smoothing,,,,,2,historico_insuficiente,produto_uf,UF,TRITICALE,AP,area_mil_ha
baseline_ingenuo,0.0,0.0,,,2,,produto_uf,UF,TRITICALE,BA,area_mil_ha
regressao_linear,,,,,2,historico_insuficiente,produto_uf,UF,TRITICALE,BA,area_mil_ha
random_forest,,,,,2,historico_insuficiente,produto_uf,UF,TRITICALE,BA,area_mil_ha
xgboost,,,,,2,historico_insuficiente,produto_uf,UF,TRITICALE,BA,area_mil_ha
exponential_smoothing,,,,,2,historico_insuficiente,produto_uf,UF,TRITICALE,BA,area_mil_ha
baseline_ingenuo,0.0,0.0,,,2,,produto_uf,UF,TRITICALE,CE,area_mil_ha
regressao_linear,,,,,2,historico_insuficiente,produto_uf,UF,TRITICALE,CE,area_mil_ha
random_forest,,,,,2,historico_insuficiente,produto_uf,UF,TRITICALE,CE,area_mil_ha
xgboost,,,,,2,historico_insuficiente,produto_uf,UF,TRITICALE,CE,area_mil_ha
exponential_smoothing,,,,,2,historico_insuficiente,produto_uf,UF,TRITICALE,CE,area_mil_ha
baseline_ingenuo,0.0,0.0,,,2,,produto_uf,UF,TRITICALE,DF,area_mil_ha
regressao_linear,,,,,2,historico_insuficiente,produto_uf,UF,TRITICALE,DF,area_mil_ha
random_forest,,,,,2,historico_insuficiente,produto_uf,UF,TRITICALE,DF,area_mil_ha
xgboost,,,,,2,historico_insuficiente,produto_uf,UF,TRITICALE,DF,area_mil_ha
exponential_smoothing,,,,,2,historico_insuficiente,produto_uf,UF,TRITICALE,DF,area_mil_ha
baseline_ingenuo,0.0,0.0,,,2,,produto_uf,UF,TRITICALE,ES,area_mil_ha
regressao_linear,,,,,2,historico_insuficiente,produto_uf,UF,TRITICALE,ES,area_mil_ha
random_forest,,,,,2,historico_insuficiente,produto_uf,UF,TRITICALE,ES,area_mil_ha
xgboost,,,,,2,historico_insuficiente,produto_uf,UF,TRITICALE,ES,area_mil_ha
exponential_smoothing,,,,,2,historico_insuficiente,produto_uf,UF,TRITICALE,ES,area_mil_ha
baseline_ingenuo,0.0,0.0,,,2,,produto_uf,UF,TRITICALE,GO,area_mil_ha
regressao_linear,,,,,2,historico_insuficiente,produto_uf,UF,TRITICALE,GO,area_mil_ha
random_forest,,,,,2,historico_insuficiente,produto_uf,UF,TRITICALE,GO,area_mil_ha
xgboost,,,,,2,historico_insuficiente,produto_uf,UF,TRITICALE,GO,area_mil_ha
exponential_smoothing,,,,,2,historico_insuficiente,produto_uf,UF,TRITICALE,GO,area_mil_ha
baseline_ingenuo,0.0,0.0,,,2,,produto_uf,UF,TRITICALE,MA,area_mil_ha
regressao_linear,,,,,2,historico_insuficiente,produto_uf,UF,TRITICALE,MA,area_mil_ha
random_forest,,,,,2,historico_insuficiente,produto_uf,UF,TRITICALE,MA,area_mil_ha
xgboost,,,,,2,historico_insuficiente,produto_uf,UF,TRITICALE,MA,area_mil_ha
exponential_smoothing,,,,,2,historico_insuficiente,produto_uf,UF,TRITICALE,MA,area_mil_ha
baseline_ingenuo,0.0,0.0,,,2,,produto_uf,UF,TRITICALE,MG,area_mil_ha
regressao_linear,,,,,2,historico_insuficiente,produto_uf,UF,TRITICALE,MG,area_mil_ha
random_forest,,,,,2,historico_insuficiente,produto_uf,UF,TRITICALE,MG,area_mil_ha
xgboost,,,,,2,historico_insuficiente,produto_uf,UF,TRITICALE,MG,area_mil_ha
exponential_smoothing,,,,,2,historico_insuficiente,produto_uf,UF,TRITICALE,MG,area_mil_ha
baseline_ingenuo,0.0,0.0,,,2,,produto_uf,UF,TRITICALE,MS,area_mil_ha
regressao_linear,,,,,2,historico_insuficiente,produto_uf,UF,TRITICALE,MS,area_mil_ha
random_forest,,,,,2,historico_insuficiente,produto_uf,UF,TRITICALE,MS,area_mil_ha
xgboost,,,,,2,historico_insuficiente,produto_uf,UF,TRITICALE,MS,area_mil_ha
exponential_smoothing,,,,,2,historico_insuficiente,produto_uf,UF,TRITICALE,MS,area_mil_ha
baseline_ingenuo,0.0,0.0,,,2,,produto_uf,UF,TRITICALE,MT,area_mil_ha
regressao_linear,,,,,2,historico_insuficiente,produto_uf,UF,TRITICALE,MT,area_mil_ha
random_forest,,,,,2,historico_insuficiente,produto_uf,UF,TRITICALE,MT,area_mil_ha
xgboost,,,,,2,historico_insuficiente,produto_uf,UF,TRITICALE,MT,area_mil_ha
exponential_smoothing,,,,,2,historico_insuficiente,produto_uf,UF,TRITICALE,MT,area_mil_ha
baseline_ingenuo,0.0,0.0,,,2,,produto_uf,UF,TRITICALE,PA,area_mil_ha
regressao_linear,,,,,2,historico_insuficiente,produto_uf,UF,TRITICALE,PA,area_mil_ha
random_forest,,,,,2,historico_insuficiente,produto_uf,UF,TRITICALE,PA,area_mil_ha
xgboost,,,,,2,historico_insuficiente,produto_uf,UF,TRITICALE,PA,area_mil_ha
exponential_smoothing,,,,,2,historico_insuficiente,produto_uf,UF,TRITICALE,PA,area_mil_ha
baseline_ingenuo,0.0,0.0,,,2,,produto_uf,UF,TRITICALE,PB,area_mil_ha
regressao_linear,,,,,2,historico_insuficiente,produto_uf,UF,TRITICALE,PB,area_mil_ha
random_forest,,,,,2,historico_insuficiente,produto_uf,UF,TRITICALE,PB,area_mil_ha
xgboost,,,,,2,historico_insuficiente,produto_uf,UF,TRITICALE,PB,area_mil_ha
exponential_smoothing,,,,,2,historico_insuficiente,produto_uf,UF,TRITICALE,PB,area_mil_ha
baseline_ingenuo,0.0,0.0,,,2,,produto_uf,UF,TRITICALE,PE,area_mil_ha
regressao_linear,,,,,2,historico_insuficiente,produto_uf,UF,TRITICALE,PE,area_mil_ha
random_forest,,,,,2,historico_insuficiente,produto_uf,UF,TRITICALE,PE,area_mil_ha
xgboost,,,,,2,historico_insuficiente,produto_uf,UF,TRITICALE,PE,area_mil_ha
exponential_smoothing,,,,,2,historico_insuficiente,produto_uf,UF,TRITICALE,PE,area_mil_ha
baseline_ingenuo,0.0,0.0,,,2,,produto_uf,UF,TRITICALE,PI,area_mil_ha
regressao_linear,,,,,2,historico_insuficiente,produto_uf,UF,TRITICALE,PI,area_mil_ha
random_forest,,,,,2,historico_insuficiente,produto_uf,UF,TRITICALE,PI,area_mil_ha
xgboost,,,,,2,historico_insuficiente,produto_uf,UF,TRITICALE,PI,area_mil_ha
exponential_smoothing,,,,,2,historico_insuficiente,produto_uf,UF,TRITICALE,PI,area_mil_ha
baseline_ingenuo,0.0,0.0,0.0,,2,,produto_uf,UF,TRITICALE,PR,area_mil_ha
regressao_linear,,,,,2,historico_insuficiente,produto_uf,UF,TRITICALE,PR,area_mil_ha
random_forest,,,,,2,historico_insuficiente,produto_uf,UF,TRITICALE,PR,area_mil_ha
xgboost,,,,,2,historico_insuficiente,produto_uf,UF,TRITICALE,PR,area_mil_ha
exponential_smoothing,,,,,2,historico_insuficiente,produto_uf,UF,TRITICALE,PR,area_mil_ha
baseline_ingenuo,0.0,0.0,,,2,,produto_uf,UF,TRITICALE,RJ,area_mil_ha
regressao_linear,,,,,2,historico_insuficiente,produto_uf,UF,TRITICALE,RJ,area_mil_ha
random_forest,,,,,2,historico_insuficiente,produto_uf,UF,TRITICALE,RJ,area_mil_ha
xgboost,,,,,2,historico_insuficiente,produto_uf,UF,TRITICALE,RJ,area_mil_ha
exponential_smoothing,,,,,2,historico_insuficiente,produto_uf,UF,TRITICALE,RJ,area_mil_ha
baseline_ingenuo,0.0,0.0,,,2,,produto_uf,UF,TRITICALE,RN,area_mil_ha
regressao_linear,,,,,2,historico_insuficiente,produto_uf,UF,TRITICALE,RN,area_mil_ha
random_forest,,,,,2,historico_insuficiente,produto_uf,UF,TRITICALE,RN,area_mil_ha
xgboost,,,,,2,historico_insuficiente,produto_uf,UF,TRITICALE,RN,area_mil_ha
exponential_smoothing,,,,,2,historico_insuficiente,produto_uf,UF,TRITICALE,RN,area_mil_ha
baseline_ingenuo,0.0,0.0,,,2,,produto_uf,UF,TRITICALE,RO,area_mil_ha
regressao_linear,,,,,2,historico_insuficiente,produto_uf,UF,TRITICALE,RO,area_mil_ha
random_forest,,,,,2,historico_insuficiente,produto_uf,UF,TRITICALE,RO,area_mil_ha
xgboost,,,,,2,historico_insuficiente,produto_uf,UF,TRITICALE,RO,area_mil_ha
exponential_smoothing,,,,,2,historico_insuficiente,produto_uf,UF,TRITICALE,RO,area_mil_ha
baseline_ingenuo,0.0,0.0,,,2,,produto_uf,UF,TRITICALE,RR,area_mil_ha
regressao_linear,,,,,2,historico_insuficiente,produto_uf,UF,TRITICALE,RR,area_mil_ha
random_forest,,,,,2,historico_insuficiente,produto_uf,UF,TRITICALE,RR,area_mil_ha
xgboost,,,,,2,historico_insuficiente,produto_uf,UF,TRITICALE,RR,area_mil_ha
exponential_smoothing,,,,,2,historico_insuficiente,produto_uf,UF,TRITICALE,RR,area_mil_ha
baseline_ingenuo,0.0,0.0,0.0,,2,,produto_uf,UF,TRITICALE,RS,area_mil_ha
regressao_linear,,,,,2,historico_insuficiente,produto_uf,UF,TRITICALE,RS,area_mil_ha
random_forest,,,,,2,historico_insuficiente,produto_uf,UF,TRITICALE,RS,area_mil_ha
xgboost,,,,,2,historico_insuficiente,produto_uf,UF,TRITICALE,RS,area_mil_ha
exponential_smoothing,,,,,2,historico_insuficiente,produto_uf,UF,TRITICALE,RS,area_mil_ha
baseline_ingenuo,0.0,0.0,,,2,,produto_uf,UF,TRITICALE,SC,area_mil_ha
regressao_linear,,,,,2,historico_insuficiente,produto_uf,UF,TRITICALE,SC,area_mil_ha
random_forest,,,,,2,historico_insuficiente,produto_uf,UF,TRITICALE,SC,area_mil_ha
xgboost,,,,,2,historico_insuficiente,produto_uf,UF,TRITICALE,SC,area_mil_ha
exponential_smoothing,,,,,2,historico_insuficiente,produto_uf,UF,TRITICALE,SC,area_mil_ha
baseline_ingenuo,0.0,0.0,,,2,,produto_uf,UF,TRITICALE,SE,area_mil_ha
regressao_linear,,,,,2,historico_insuficiente,produto_uf,UF,TRITICALE,SE,area_mil_ha
random_forest,,,,,2,historico_insuficiente,produto_uf,UF,TRITICALE,SE,area_mil_ha
xgboost,,,,,2,historico_insuficiente,produto_uf,UF,TRITICALE,SE,area_mil_ha
exponential_smoothing,,,,,2,historico_insuficiente,produto_uf,UF,TRITICALE,SE,area_mil_ha
baseline_ingenuo,0.0,0.0,0.0,,2,,produto_uf,UF,TRITICALE,SP,area_mil_ha
regressao_linear,,,,,2,historico_insuficiente,produto_uf,UF,TRITICALE,SP,area_mil_ha
random_forest,,,,,2,historico_insuficiente,produto_uf,UF,TRITICALE,SP,area_mil_ha
xgboost,,,,,2,historico_insuficiente,produto_uf,UF,TRITICALE,SP,area_mil_ha
exponential_smoothing,,,,,2,historico_insuficiente,produto_uf,UF,TRITICALE,SP,area_mil_ha
baseline_ingenuo,0.0,0.0,,,2,,produto_uf,UF,TRITICALE,TO,area_mil_ha
regressao_linear,,,,,2,historico_insuficiente,produto_uf,UF,TRITICALE,TO,area_mil_ha
random_forest,,,,,2,historico_insuficiente,produto_uf,UF,TRITICALE,TO,area_mil_ha
xgboost,,,,,2,historico_insuficiente,produto_uf,UF,TRITICALE,TO,area_mil_ha
exponential_smoothing,,,,,2,historico_insuficiente,produto_uf,UF,TRITICALE,TO,area_mil_ha
baseline_ingenuo,859.3000000000029,859.3000000000029,2.2863574199522207,,2,,uf,REGIAO,TODAS,CENTRO-OESTE,area_mil_ha
regressao_linear,,,,,2,historico_insuficiente,uf,REGIAO,TODAS,CENTRO-OESTE,area_mil_ha
random_forest,,,,,2,historico_insuficiente,uf,REGIAO,TODAS,CENTRO-OESTE,area_mil_ha
xgboost,,,,,2,historico_insuficiente,uf,REGIAO,TODAS,CENTRO-OESTE,area_mil_ha
exponential_smoothing,,,,,2,historico_insuficiente,uf,REGIAO,TODAS,CENTRO-OESTE,area_mil_ha
baseline_ingenuo,253.79999999999927,253.79999999999927,2.465178623462899,,2,,uf,REGIAO,TODAS,NORDESTE,area_mil_ha
regressao_linear,,,,,2,historico_insuficiente,uf,REGIAO,TODAS,NORDESTE,area_mil_ha
random_forest,,,,,2,historico_insuficiente,uf,REGIAO,TODAS,NORDESTE,area_mil_ha
xgboost,,,,,2,historico_insuficiente,uf,REGIAO,TODAS,NORDESTE,area_mil_ha
exponential_smoothing,,,,,2,historico_insuficiente,uf,REGIAO,TODAS,NORDESTE,area_mil_ha
baseline_ingenuo,415.0,415.0,6.511438164872753,,2,,uf,REGIAO,TODAS,NORTE,area_mil_ha
regressao_linear,,,,,2,historico_insuficiente,uf,REGIAO,TODAS,NORTE,area_mil_ha
random_forest,,,,,2,historico_insuficiente,uf,REGIAO,TODAS,NORTE,area_mil_ha
xgboost,,,,,2,historico_insuficiente,uf,REGIAO,TODAS,NORTE,area_mil_ha
exponential_smoothing,,,,,2,historico_insuficiente,uf,REGIAO,TODAS,NORTE,area_mil_ha
baseline_ingenuo,178.0,178.0,2.481873954266592,,2,,uf,REGIAO,TODAS,SUDESTE,area_mil_ha
regressao_linear,,,,,2,historico_insuficiente,uf,REGIAO,TODAS,SUDESTE,area_mil_ha
random_forest,,,,,2,historico_insuficiente,uf,REGIAO,TODAS,SUDESTE,area_mil_ha
xgboost,,,,,2,historico_insuficiente,uf,REGIAO,TODAS,SUDESTE,area_mil_ha
exponential_smoothing,,,,,2,historico_insuficiente,uf,REGIAO,TODAS,SUDESTE,area_mil_ha
baseline_ingenuo,183.0,183.0,0.8381692185789597,,2,,uf,REGIAO,TODAS,SUL,area_mil_ha
regressao_linear,,,,,2,historico_insuficiente,uf,REGIAO,TODAS,SUL,area_mil_ha
random_forest,,,,,2,historico_insuficiente,uf,REGIAO,TODAS,SUL,area_mil_ha
xgboost,,,,,2,historico_insuficiente,uf,REGIAO,TODAS,SUL,area_mil_ha
exponential_smoothing,,,,,2,historico_insuficiente,uf,REGIAO,TODAS,SUL,area_mil_ha
baseline_ingenuo,1523.0999999999913,1523.0999999999913,1.8293759511109353,,2,,uf,TOTAL_BRASIL,TODAS,BRASIL,area_mil_ha
regressao_linear,,,,,2,historico_insuficiente,uf,TOTAL_BRASIL,TODAS,BRASIL,area_mil_ha
random_forest,,,,,2,historico_insuficiente,uf,TOTAL_BRASIL,TODAS,BRASIL,area_mil_ha
xgboost,,,,,2,historico_insuficiente,uf,TOTAL_BRASIL,TODAS,BRASIL,area_mil_ha
exponential_smoothing,,,,,2,historico_insuficiente,uf,TOTAL_BRASIL,TODAS,BRASIL,area_mil_ha
baseline_ingenuo,4.5,4.5,6.147540983606557,,2,,uf,UF,TODAS,AC,area_mil_ha
regressao_linear,,,,,2,historico_insuficiente,uf,UF,TODAS,AC,area_mil_ha
random_forest,,,,,2,historico_insuficiente,uf,UF,TODAS,AC,area_mil_ha
xgboost,,,,,2,historico_insuficiente,uf,UF,TODAS,AC,area_mil_ha
exponential_smoothing,,,,,2,historico_insuficiente,uf,UF,TODAS,AC,area_mil_ha
baseline_ingenuo,0.6000000000000014,0.6000000000000014,1.0016694490818054,,2,,uf,UF,TODAS,AL,area_mil_ha
regressao_linear,,,,,2,historico_insuficiente,uf,UF,TODAS,AL,area_mil_ha
random_forest,,,,,2,historico_insuficiente,uf,UF,TODAS,AL,area_mil_ha
xgboost,,,,,2,historico_insuficiente,uf,UF,TODAS,AL,area_mil_ha
exponential_smoothing,,,,,2,historico_insuficiente,uf,UF,TODAS,AL,area_mil_ha
baseline_ingenuo,5.699999999999996,5.699999999999996,16.61807580174926,,2,,uf,UF,TODAS,AM,area_mil_ha
regressao_linear,,,,,2,historico_insuficiente,uf,UF,TODAS,AM,area_mil_ha
random_forest,,,,,2,historico_insuficiente,uf,UF,TODAS,AM,area_mil_ha
xgboost,,,,,2,historico_insuficiente,uf,UF,TODAS,AM,area_mil_ha
exponential_smoothing,,,,,2,historico_insuficiente,uf,UF,TODAS,AM,area_mil_ha
baseline_ingenuo,1.6999999999999993,1.6999999999999993,10.828025477707003,,2,,uf,UF,TODAS,AP,area_mil_ha
regressao_linear,,,,,2,historico_insuficiente,uf,UF,TODAS,AP,area_mil_ha
random_forest,,,,,2,historico_insuficiente,uf,UF,TODAS,AP,area_mil_ha
xgboost,,,,,2,historico_insuficiente,uf,UF,TODAS,AP,area_mil_ha
exponential_smoothing,,,,,2,historico_insuficiente,uf,UF,TODAS,AP,area_mil_ha
baseline_ingenuo,169.69999999999982,169.69999999999982,4.128049818774474,,2,,uf,UF,TODAS,BA,area_mil_ha
regressao_linear,,,,,2,historico_insuficiente,uf,UF,TODAS,BA,area_mil_ha
random_forest,,,,,2,historico_insuficiente,uf,UF,TODAS,BA,area_mil_ha
xgboost,,,,,2,historico_insuficiente,uf,UF,TODAS,BA,area_mil_ha
exponential_smoothing,,,,,2,historico_insuficiente,uf,UF,TODAS,BA,area_mil_ha
baseline_ingenuo,3.2000000000000455,3.2000000000000455,0.3420630678781449,,2,,uf,UF,TODAS,CE,area_mil_ha
regressao_linear,,,,,2,historico_insuficiente,uf,UF,TODAS,CE,area_mil_ha
random_forest,,,,,2,historico_insuficiente,uf,UF,TODAS,CE,area_mil_ha
xgboost,,,,,2,historico_insuficiente,uf,UF,TODAS,CE,area_mil_ha
exponential_smoothing,,,,,2,historico_insuficiente,uf,UF,TODAS,CE,area_mil_ha
baseline_ingenuo,0.5999999999999943,0.5999999999999943,0.320855614973259,,2,,uf,UF,TODAS,DF,area_mil_ha
regressao_linear,,,,,2,historico_insuficiente,uf,UF,TODAS,DF,area_mil_ha
random_forest,,,,,2,historico_insuficiente,uf,UF,TODAS,DF,area_mil_ha
xgboost,,,,,2,historico_insuficiente,uf,UF,TODAS,DF,area_mil_ha
exponential_smoothing,,,,,2,historico_insuficiente,uf,UF,TODAS,DF,area_mil_ha
baseline_ingenuo,0.40000000000000213,0.40000000000000213,1.5625000000000084,,2,,uf,UF,TODAS,ES,area_mil_ha
regressao_linear,,,,,2,historico_insuficiente,uf,UF,TODAS,ES,area_mil_ha
random_forest,,,,,2,historico_insuficiente,uf,UF,TODAS,ES,area_mil_ha
xgboost,,,,,2,historico_insuficiente,uf,UF,TODAS,ES,area_mil_ha
exponential_smoothing,,,,,2,historico_insuficiente,uf,UF,TODAS,ES,area_mil_ha
baseline_ingenuo,210.10000000000036,210.10000000000036,2.6925196396304076,,2,,uf,UF,TODAS,GO,area_mil_ha
regressao_linear,,,,,2,historico_insuficiente,uf,UF,TODAS,GO,area_mil_ha
random_forest,,,,,2,historico_insuficiente,uf,UF,TODAS,GO,area_mil_ha
xgboost,,,,,2,historico_insuficiente,uf,UF,TODAS,GO,area_mil_ha
exponential_smoothing,,,,,2,historico_insuficiente,uf,UF,TODAS,GO,area_mil_ha
baseline_ingenuo,94.90000000000009,94.90000000000009,4.03400637619554,,2,,uf,UF,TODAS,MA,area_mil_ha
regressao_linear,,,,,2,historico_insuficiente,uf,UF,TODAS,MA,area_mil_ha
random_forest,,,,,2,historico_insuficiente,uf,UF,TODAS,MA,area_mil_ha
xgboost,,,,,2,historico_insuficiente,uf,UF,TODAS,MA,area_mil_ha
exponential_smoothing,,,,,2,historico_insuficiente,uf,UF,TODAS,MA,area_mil_ha
baseline_ingenuo,100.5,100.5,2.284869841991588,,2,,uf,UF,TODAS,MG,area_mil_ha
regressao_linear,,,,,2,historico_insuficiente,uf,UF,TODAS,MG,area_mil_ha
random_forest,,,,,2,historico_insuficiente,uf,UF,TODAS,MG,area_mil_ha
xgboost,,,,,2,historico_insuficiente,uf,UF,TODAS,MG,area_mil_ha
exponential_smoothing,,,,,2,historico_insuficiente,uf,UF,TODAS,MG,area_mil_ha
baseline_ingenuo,200.39999999999964,200.39999999999964,2.9275133666403663,,2,,uf,UF,TODAS,MS,area_mil_ha
regressao_linear,,,,,2,historico_insuficiente,uf,UF,TODAS,MS,area_mil_ha
random_forest,,,,,2,historico_insuficiente,uf,UF,TODAS,MS,area_mil_ha
xgboost,,,,,2,historico_insuficiente,uf,UF,TODAS,MS,area_mil_ha
exponential_smoothing,,,,,2,historico_insuficiente,uf,UF,TODAS,MS,area_mil_ha
baseline_ingenuo,448.2000000000007,448.2000000000007,1.9702571181143238,,2,,uf,UF,TODAS,MT,area_mil_ha
regressao_linear,,,,,2,historico_insuficiente,uf,UF,TODAS,MT,area_mil_ha
random_forest,,,,,2,historico_insuficiente,uf,UF,TODAS,MT,area_mil_ha
xgboost,,,,,2,historico_insuficiente,uf,UF,TODAS,MT,area_mil_ha
exponential_smoothing,,,,,2,historico_insuficiente,uf,UF,TODAS,MT,area_mil_ha
baseline_ingenuo,213.20000000000005,213.20000000000005,9.530621367903445,,2,,uf,UF,TODAS,PA,area_mil_ha
regressao_linear,,,,,2,historico_insuficiente,uf,UF,TODAS,PA,area_mil_ha
random_forest,,,,,2,historico_insuficiente,uf,UF,TODAS,PA,area_mil_ha
xgboost,,,,,2,historico_insuficiente,uf,UF,TODAS,PA,area_mil_ha
exponential_smoothing,,,,,2,historico_insuficiente,uf,UF,TODAS,PA,area_mil_ha
baseline_ingenuo,1.9000000000000057,1.9000000000000057,0.8403361344537841,,2,,uf,UF,TODAS,PB,area_mil_ha
regressao_linear,,,,,2,historico_insuficiente,uf,UF,TODAS,PB,area_mil_ha
random_forest,,,,,2,historico_insuficiente,uf,UF,TODAS,PB,area_mil_ha
xgboost,,,,,2,historico_insuficiente,uf,UF,TODAS,PB,area_mil_ha
exponential_smoothing,,,,,2,historico_insuficiente,uf,UF,TODAS,PB,area_mil_ha
baseline_ingenuo,2.1999999999999886,2.1999999999999886,0.5970149253731312,,2,,uf,UF,TODAS,PE,area_mil_ha
regressao_linear,,,,,2,historico_insuficiente,uf,UF,TODAS,PE,area_mil_ha
random_forest,,,,,2,historico_insuficiente,uf,UF,TODAS,PE,area_mil_ha
xgboost,,,,,2,historico_insuficiente,uf,UF,TODAS,PE,area_mil_ha
exponential_smoothing,,,,,2,historico_insuficiente,uf,UF,TODAS,PE,area_mil_ha
baseline_ingenuo,2.099999999999909,2.099999999999909,0.10821953104869411,,2,,uf,UF,TODAS,PI,area_mil_ha
regressao_linear,,,,,2,historico_insuficiente,uf,UF,TODAS,PI,area_mil_ha
random_forest,,,,,2,historico_insuficiente,uf,UF,TODAS,PI,area_mil_ha
xgboost,,,,,2,historico_insuficiente,uf,UF,TODAS,PI,area_mil_ha
exponential_smoothing,,,,,2,historico_insuficiente,uf,UF,TODAS,PI,area_mil_ha
baseline_ingenuo,98.0,98.0,0.974843080106238,,2,,uf,UF,TODAS,PR,area_mil_ha
regressao_linear,,,,,2,historico_insuficiente,uf,UF,TODAS,PR,area_mil_ha
random_forest,,,,,2,historico_insuficiente,uf,UF,TODAS,PR,area_mil_ha
xgboost,,,,,2,historico_insuficiente,uf,UF,TODAS,PR,area_mil_ha
exponential_smoothing,,,,,2,historico_insuficiente,uf,UF,TODAS,PR,area_mil_ha
baseline_ingenuo,0.19999999999999973,0.19999999999999973,7.692307692307682,,2,,uf,UF,TODAS,RJ,area_mil_ha
regressao_linear,,,,,2,historico_insuficiente,uf,UF,TODAS,RJ,area_mil_ha
random_forest,,,,,2,historico_insuficiente,uf,UF,TODAS,RJ,area_mil_ha
xgboost,,,,,2,historico_insuficiente,uf,UF,TODAS,RJ,area_mil_ha
exponential_smoothing,,,,,2,historico_insuficiente,uf,UF,TODAS,RJ,area_mil_ha
baseline_ingenuo,5.599999999999994,5.599999999999994,5.2336448598130785,,2,,uf,UF,TODAS,RN,area_mil_ha
regressao_linear,,,,,2,historico_insuficiente,uf,UF,TODAS,RN,area_mil_ha
random_forest,,,,,2,historico_insuficiente,uf,UF,TODAS,RN,area_mil_ha
xgboost,,,,,2,historico_insuficiente,uf,UF,TODAS,RN,area_mil_ha
exponential_smoothing,,,,,2,historico_insuficiente,uf,UF,TODAS,RN,area_mil_ha
baseline_ingenuo,34.40000000000009,34.40000000000009,2.6933917945505863,,2,,uf,UF,TODAS,RO,area_mil_ha
regressao_linear,,,,,2,historico_insuficiente,uf,UF,TODAS,RO,area_mil_ha
random_forest,,,,,2,historico_insuficiente,uf,UF,TODAS,RO,area_mil_ha
xgboost,,,,,2,historico_insuficiente,uf,UF,TODAS,RO,area_mil_ha
exponential_smoothing,,,,,2,historico_insuficiente,uf,UF,TODAS,RO,area_mil_ha
baseline_ingenuo,9.599999999999994,9.599999999999994,5.289256198347105,,2,,uf,UF,TODAS,RR,area_mil_ha
regressao_linear,,,,,2,historico_insuficiente,uf,UF,TODAS,RR,area_mil_ha
random_forest,,,,,2,historico_insuficiente,uf,UF,TODAS,RR,area_mil_ha
xgboost,,,,,2,historico_insuficiente,uf,UF,TODAS,RR,area_mil_ha
exponential_smoothing,,,,,2,historico_insuficiente,uf,UF,TODAS,RR,area_mil_ha
baseline_ingenuo,296.39999999999964,296.39999999999964,2.867647058823526,,2,,uf,UF,TODAS,RS,area_mil_ha
regressao_linear,,,,,2,historico_insuficiente,uf,UF,TODAS,RS,area_mil_ha
random_forest,,,,,2,historico_insuficiente,uf,UF,TODAS,RS,area_mil_ha
xgboost,,,,,2,historico_insuficiente,uf,UF,TODAS,RS,area_mil_ha
exponential_smoothing,,,,,2,historico_insuficiente,uf,UF,TODAS,RS,area_mil_ha
baseline_ingenuo,15.400000000000091,15.400000000000091,1.0661866518969876,,2,,uf,UF,TODAS,SC,area_mil_ha
regressao_linear,,,,,2,historico_insuficiente,uf,UF,TODAS,SC,area_mil_ha
random_forest,,,,,2,historico_insuficiente,uf,UF,TODAS,SC,area_mil_ha
xgboost,,,,,2,historico_insuficiente,uf,UF,TODAS,SC,area_mil_ha
exponential_smoothing,,,,,2,historico_insuficiente,uf,UF,TODAS,SC,area_mil_ha
baseline_ingenuo,0.19999999999998863,0.19999999999998863,0.10282776349613812,,2,,uf,UF,TODAS,SE,area_mil_ha
regressao_linear,,,,,2,historico_insuficiente,uf,UF,TODAS,SE,area_mil_ha
random_forest,,,,,2,historico_insuficiente,uf,UF,TODAS,SE,area_mil_ha
xgboost,,,,,2,historico_insuficiente,uf,UF,TODAS,SE,area_mil_ha
exponential_smoothing,,,,,2,historico_insuficiente,uf,UF,TODAS,SE,area_mil_ha
baseline_ingenuo,77.30000000000018,77.30000000000018,2.8157214147816334,,2,,uf,UF,TODAS,SP,area_mil_ha
regressao_linear,,,,,2,historico_insuficiente,uf,UF,TODAS,SP,area_mil_ha
random_forest,,,,,2,historico_insuficiente,uf,UF,TODAS,SP,area_mil_ha
xgboost,,,,,2,historico_insuficiente,uf,UF,TODAS,SP,area_mil_ha
exponential_smoothing,,,,,2,historico_insuficiente,uf,UF,TODAS,SP,area_mil_ha
baseline_ingenuo,145.9000000000001,145.9000000000001,5.711489528283424,,2,,uf,UF,TODAS,TO,area_mil_ha
regressao_linear,,,,,2,historico_insuficiente,uf,UF,TODAS,TO,area_mil_ha
random_forest,,,,,2,historico_insuficiente,uf,UF,TODAS,TO,area_mil_ha
xgboost,,,,,2,historico_insuficiente,uf,UF,TODAS,TO,area_mil_ha
exponential_smoothing,,,,,2,historico_insuficiente,uf,UF,TODAS,TO,area_mil_ha
