tipo_linha,produto,regiao_uf,periodo_anterior,periodo_atual,area_anterior_mil_ha,area_atual_mil_ha,area_variacao_pct,produtividade_anterior_kg_ha,produtividade_atual_kg_ha,produtividade_variacao_pct,producao_anterior_mil_t,producao_atual_mil_t,producao_variacao_pct,fonte,referencia,source_url,variacao_area_pct_calc,variacao_produtividade_pct_calc,variacao_producao_pct_calc,participacao_producao_pct,crescimento_producao_mil_t,crescimento_area_mil_ha,crescimento_produtividade_kg_ha,classificacao_decomposicao,ranking_produto_localidade_producao
regiao,ALGODÃO - CAROÇO (1),NORTE,2024/25,2025/26,23.5,24.2,3.0,2678.294910638298,2647.2822479338847,-1.2,63.00000000000001,64.2,1.9,Conab,Estimativa em fevereiro/2026,https://www.gov.br/conab/pt-br/atuacao/informacoes-agropecuarias/safras/safra-de-graos/boletim-da-safra-de-graos/5o-levantamento-safra-2025-26/site_previsao_de_safra-por-produto-fev-2026.xlsx,2.9787234042553163,-1.1579256108515052,1.9047619047618976,,1.1999999999999957,0.6999999999999993,-31.012662704413287,expansao por area,171.0
uf,ALGODÃO - CAROÇO (1),RR,2024/25,2025/26,0.0,0.0,0.0,0.0,0.0,0.0,0.0,0.0,0.0,Conab,Estimativa em fevereiro/2026,https://www.gov.br/conab/pt-br/atuacao/informacoes-agropecuarias/safras/safra-de-graos/boletim-da-safra-de-graos/5o-levantamento-safra-2025-26/site_previsao_de_safra-por-produto-fev-2026.xlsx,,,,,0.0,0.0,0.0,estabilidade aproximada,254.0
uf,ALGODÃO - CAROÇO (1),RO,2024/25,2025/26,8.8,8.8,0.0,2790.0,2600.8999999999996,-6.8,24.6,22.9,-6.9,Conab,Estimativa em fevereiro/2026,https://www.gov.br/conab/pt-br/atuacao/informacoes-agropecuarias/safras/safra-de-graos/boletim-da-safra-de-graos/5o-levantamento-safra-2025-26/site_previsao_de_safra-por-produto-fev-2026.xlsx,0.0,-6.777777777777791,-6.910569105691068,,-1.7000000000000028,0.0,-189.10000000000036,queda por produtividade,199.0
uf,ALGODÃO - CAROÇO (1),AC,2024/25,2025/26,0.0,0.0,0.0,0.0,0.0,0.0,0.0,0.0,0.0,Conab,Estimativa em fevereiro/2026,https://www.gov.br/conab/pt-br/atuacao/informacoes-agropecuarias/safras/safra-de-graos/boletim-da-safra-de-graos/5o-levantamento-safra-2025-26/site_previsao_de_safra-por-produto-fev-2026.xlsx,,,,,0.0,0.0,0.0,estabilidade aproximada,254.0
uf,ALGODÃO - CAROÇO (1),AM,2024/25,2025/26,0.0,0.0,0.0,0.0,0.0,0.0,0.0,0.0,0.0,Conab,Estimativa em fevereiro/2026,https://www.gov.br/conab/pt-br/atuacao/informacoes-agropecuarias/safras/safra-de-graos/boletim-da-safra-de-graos/5o-levantamento-safra-2025-26/site_previsao_de_safra-por-produto-fev-2026.xlsx,,,,,0.0,0.0,0.0,estabilidade aproximada,254.0
uf,ALGODÃO - CAROÇO (1),AP,2024/25,2025/26,0.0,0.0,0.0,0.0,0.0,0.0,0.0,0.0,0.0,Conab,Estimativa em fevereiro/2026,https://www.gov.br/conab/pt-br/atuacao/informacoes-agropecuarias/safras/safra-de-graos/boletim-da-safra-de-graos/5o-levantamento-safra-2025-26/site_previsao_de_safra-por-produto-fev-2026.xlsx,,,,,0.0,0.0,0.0,estabilidade aproximada,254.0
uf,ALGODÃO - CAROÇO (1),PA,2024/25,2025/26,0.2,0.2,0.0,2323.152,2323.152,0.0,0.5,0.5,0.0,Conab,Estimativa em fevereiro/2026,https://www.gov.br/conab/pt-br/atuacao/informacoes-agropecuarias/safras/safra-de-graos/boletim-da-safra-de-graos/5o-levantamento-safra-2025-26/site_previsao_de_safra-por-produto-fev-2026.xlsx,0.0,0.0,0.0,,0.0,0.0,0.0,estabilidade aproximada,249.0
uf,ALGODÃO - CAROÇO (1),TO,2024/25,2025/26,14.5,15.2,4.8,2615.4,2678.4000000000005,2.4,37.900000000000006,40.800000000000004,7.7,Conab,Estimativa em fevereiro/2026,https://www.gov.br/conab/pt-br/atuacao/informacoes-agropecuarias/safras/safra-de-graos/boletim-da-safra-de-graos/5o-levantamento-safra-2025-26/site_previsao_de_safra-por-produto-fev-2026.xlsx,4.827586206896547,2.408809359944959,7.651715039577832,,2.8999999999999986,0.6999999999999993,63.000000000000455,expansao combinada,186.0
regiao,ALGODÃO - CAROÇO (1),NORDESTE,2024/25,2025/26,483.90000000000003,470.2,-2.8,2766.8171688365364,2717.5752126754574,-1.8,1338.8999999999999,1277.8,-4.6,Conab,Estimativa em fevereiro/2026,https://www.gov.br/conab/pt-br/atuacao/informacoes-agropecuarias/safras/safra-de-graos/boletim-da-safra-de-graos/5o-levantamento-safra-2025-26/site_previsao_de_safra-por-produto-fev-2026.xlsx,-2.831163463525531,-1.779732926183396,-4.563447606243925,,-61.09999999999991,-13.700000000000045,-49.24195616107909,queda combinada,74.0
uf,ALGODÃO - CAROÇO (1),MA,2024/25,2025/26,33.0,29.7,-10.0,2597.4449999999997,2570.85,-1.0,85.7,76.39999999999999,-10.9,Conab,Estimativa em fevereiro/2026,https://www.gov.br/conab/pt-br/atuacao/informacoes-agropecuarias/safras/safra-de-graos/boletim-da-safra-de-graos/5o-levantamento-safra-2025-26/site_previsao_de_safra-por-produto-fev-2026.xlsx,-10.000000000000002,-1.0238907849829275,-10.851808634772475,,-9.300000000000011,-3.3000000000000007,-26.5949999999998,queda combinada,164.0
uf,ALGODÃO - CAROÇO (1),PI,2024/25,2025/26,33.7,34.6,2.7,2702.7900000000004,2525.2,-6.6,91.10000000000001,87.39999999999999,-4.1,Conab,Estimativa em fevereiro/2026,https://www.gov.br/conab/pt-br/atuacao/informacoes-agropecuarias/safras/safra-de-graos/boletim-da-safra-de-graos/5o-levantamento-safra-2025-26/site_previsao_de_safra-por-produto-fev-2026.xlsx,2.670623145400589,-6.5706177690460805,-4.061470911086737,,-3.700000000000017,0.8999999999999986,-177.5900000000006,queda por produtividade,157.0
uf,ALGODÃO - CAROÇO (1),CE,2024/25,2025/26,2.4,1.9,-20.7,1163.5,1683.5000000000002,44.7,2.8,3.2,14.3,Conab,Estimativa em fevereiro/2026,https://www.gov.br/conab/pt-br/atuacao/informacoes-agropecuarias/safras/safra-de-graos/boletim-da-safra-de-graos/5o-levantamento-safra-2025-26/site_previsao_de_safra-por-produto-fev-2026.xlsx,-20.833333333333336,44.69273743016762,14.285714285714299,,0.40000000000000036,-0.5,520.0000000000002,expansao por produtividade,230.0
uf,ALGODÃO - CAROÇO (1),RN,2024/25,2025/26,1.2,1.1,-8.3,1125.9199999999998,1126.5400000000002,0.1,1.4000000000000001,1.2,-14.3,Conab,Estimativa em fevereiro/2026,https://www.gov.br/conab/pt-br/atuacao/informacoes-agropecuarias/safras/safra-de-graos/boletim-da-safra-de-graos/5o-levantamento-safra-2025-26/site_previsao_de_safra-por-produto-fev-2026.xlsx,-8.333333333333323,0.05506607929518488,-14.285714285714295,,-0.20000000000000018,-0.09999999999999987,0.6200000000003456,queda por area,243.0
uf,ALGODÃO - CAROÇO (1),PB,2024/25,2025/26,0.5,0.5,0.0,364.15999999999997,655.36,80.0,0.19999999999999998,0.3,50.0,Conab,Estimativa em fevereiro/2026,https://www.gov.br/conab/pt-br/atuacao/informacoes-agropecuarias/safras/safra-de-graos/boletim-da-safra-de-graos/5o-levantamento-safra-2025-26/site_previsao_de_safra-por-produto-fev-2026.xlsx,0.0,79.96485061511426,50.000000000000014,,0.1,0.0,291.20000000000005,expansao por produtividade,251.0
uf,ALGODÃO - CAROÇO (1),PE,2024/25,2025/26,0.0,0.0,0.0,0.0,0.0,0.0,0.0,0.0,0.0,Conab,Estimativa em fevereiro/2026,https://www.gov.br/conab/pt-br/atuacao/informacoes-agropecuarias/safras/safra-de-graos/boletim-da-safra-de-graos/5o-levantamento-safra-2025-26/site_previsao_de_safra-por-produto-fev-2026.xlsx,,,,,0.0,0.0,0.0,estabilidade aproximada,254.0
uf,ALGODÃO - CAROÇO (1),AL,2024/25,2025/26,0.0,0.0,0.0,0.0,0.0,0.0,0.0,0.0,0.0,Conab,Estimativa em fevereiro/2026,https://www.gov.br/conab/pt-br/atuacao/informacoes-agropecuarias/safras/safra-de-graos/boletim-da-safra-de-graos/5o-levantamento-safra-2025-26/site_previsao_de_safra-por-produto-fev-2026.xlsx,,,,,0.0,0.0,0.0,estabilidade aproximada,254.0
uf,ALGODÃO - CAROÇO (1),SE,2024/25,2025/26,0.0,0.0,0.0,0.0,0.0,0.0,0.0,0.0,0.0,Conab,Estimativa em fevereiro/2026,https://www.gov.br/conab/pt-br/atuacao/informacoes-agropecuarias/safras/safra-de-graos/boletim-da-safra-de-graos/5o-levantamento-safra-2025-26/site_previsao_de_safra-por-produto-fev-2026.xlsx,,,,,0.0,0.0,0.0,estabilidade aproximada,254.0
uf,ALGODÃO - CAROÇO (1),BA,2024/25,2025/26,413.1,402.4,-2.6,2802.56,2756.7400000000002,-1.6,1157.6999999999998,1109.3,-4.2,Conab,Estimativa em fevereiro/2026,https://www.gov.br/conab/pt-br/atuacao/informacoes-agropecuarias/safras/safra-de-graos/boletim-da-safra-de-graos/5o-levantamento-safra-2025-26/site_previsao_de_safra-por-produto-fev-2026.xlsx,-2.590171871217634,-1.6349337748344266,-4.180703118251695,,-48.399999999999864,-10.700000000000045,-45.81999999999971,queda combinada,79.0
regiao,ALGODÃO - CAROÇO (1),CENTRO-OESTE,2024/25,2025/26,1524.0,1472.3999999999999,-3.4,2789.4679265091863,2661.8885867970657,-4.6,4251.2,3919.2999999999997,-7.8,Conab,Estimativa em fevereiro/2026,https://www.gov.br/conab/pt-br/atuacao/informacoes-agropecuarias/safras/safra-de-graos/boletim-da-safra-de-graos/5o-levantamento-safra-2025-26/site_previsao_de_safra-por-produto-fev-2026.xlsx,-3.3858267716535524,-4.573608411112894,-7.807207376740688,,-331.9000000000001,-51.600000000000136,-127.5793397121206,queda combinada,47.0
uf,ALGODÃO - CAROÇO (1),MT,2024/25,2025/26,1462.0,1410.8,-3.5,2784.1800000000003,2653.644,-4.7,4070.5000000000005,3743.7,-8.0,Conab,Estimativa em fevereiro/2026,https://www.gov.br/conab/pt-br/atuacao/informacoes-agropecuarias/safras/safra-de-graos/boletim-da-safra-de-graos/5o-levantamento-safra-2025-26/site_previsao_de_safra-por-produto-fev-2026.xlsx,-3.502051983584135,-4.688489968321032,-8.028497727551914,,-326.80000000000064,-51.200000000000045,-130.5360000000005,queda combinada,49.0
uf,ALGODÃO - CAROÇO (1),MS,2024/25,2025/26,31.7,31.8,0.3,3085.6000000000004,2946.4,-4.5,97.8,93.7,-4.2,Conab,Estimativa em fevereiro/2026,https://www.gov.br/conab/pt-br/atuacao/informacoes-agropecuarias/safras/safra-de-graos/boletim-da-safra-de-graos/5o-levantamento-safra-2025-26/site_previsao_de_safra-por-produto-fev-2026.xlsx,0.31545741324921583,-4.51127819548873,-4.1922290388548,,-4.099999999999994,0.10000000000000142,-139.20000000000027,queda por produtividade,153.0
uf,ALGODÃO - CAROÇO (1),GO,2024/25,2025/26,30.3,29.8,-1.7,2734.8,2748.6,0.5,82.89999999999999,81.9,-1.2,Conab,Estimativa em fevereiro/2026,https://www.gov.br/conab/pt-br/atuacao/informacoes-agropecuarias/safras/safra-de-graos/boletim-da-safra-de-graos/5o-levantamento-safra-2025-26/site_previsao_de_safra-por-produto-fev-2026.xlsx,-1.65016501650165,0.5046072838964357,-1.2062726176115632,,-0.9999999999999858,-0.5,13.799999999999727,queda por area,160.0
uf,ALGODÃO - CAROÇO (1),DF,2024/25,2025/26,0.0,0.0,0.0,0.0,0.0,0.0,0.0,0.0,0.0,Conab,Estimativa em fevereiro/2026,https://www.gov.br/conab/pt-br/atuacao/informacoes-agropecuarias/safras/safra-de-graos/boletim-da-safra-de-graos/5o-levantamento-safra-2025-26/site_previsao_de_safra-por-produto-fev-2026.xlsx,,,,,0.0,0.0,0.0,estabilidade aproximada,254.0
regiao,ALGODÃO - CAROÇO (1),SUDESTE,2024/25,2025/26,52.6,49.7,-5.5,2412.1465779467676,2622.6366277665993,8.7,126.9,130.3,2.7,Conab,Estimativa em fevereiro/2026,https://www.gov.br/conab/pt-br/atuacao/informacoes-agropecuarias/safras/safra-de-graos/boletim-da-safra-de-graos/5o-levantamento-safra-2025-26/site_previsao_de_safra-por-produto-fev-2026.xlsx,-5.513307984790872,8.726254521356742,2.679275019700556,,3.4000000000000057,-2.8999999999999986,210.4900498198317,expansao por produtividade,139.0
uf,ALGODÃO - CAROÇO (1),MG,2024/25,2025/26,45.1,42.2,-6.4,2448.5999999999995,2698.707,10.2,110.4,113.80000000000001,3.1,Conab,Estimativa em fevereiro/2026,https://www.gov.br/conab/pt-br/atuacao/informacoes-agropecuarias/safras/safra-de-graos/boletim-da-safra-de-graos/5o-levantamento-safra-2025-26/site_previsao_de_safra-por-produto-fev-2026.xlsx,-6.430155210643012,10.214285714285735,3.079710144927541,,3.4000000000000057,-2.8999999999999986,250.10700000000043,expansao por produtividade,144.0
uf,ALGODÃO - CAROÇO (1),ES,2024/25,2025/26,0.0,0.0,0.0,0.0,0.0,0.0,0.0,0.0,0.0,Conab,Estimativa em fevereiro/2026,https://www.gov.br/conab/pt-br/atuacao/informacoes-agropecuarias/safras/safra-de-graos/boletim-da-safra-de-graos/5o-levantamento-safra-2025-26/site_previsao_de_safra-por-produto-fev-2026.xlsx,,,,,0.0,0.0,0.0,estabilidade aproximada,254.0
uf,ALGODÃO - CAROÇO (1),RJ,2024/25,2025/26,0.0,0.0,0.0,0.0,0.0,0.0,0.0,0.0,0.0,Conab,Estimativa em fevereiro/2026,https://www.gov.br/conab/pt-br/atuacao/informacoes-agropecuarias/safras/safra-de-graos/boletim-da-safra-de-graos/5o-levantamento-safra-2025-26/site_previsao_de_safra-por-produto-fev-2026.xlsx,,,,,0.0,0.0,0.0,estabilidade aproximada,254.0
uf,ALGODÃO - CAROÇO (1),SP,2024/25,2025/26,7.5,7.5,0.0,2192.94,2194.614,0.1,16.5,16.5,0.0,Conab,Estimativa em fevereiro/2026,https://www.gov.br/conab/pt-br/atuacao/informacoes-agropecuarias/safras/safra-de-graos/boletim-da-safra-de-graos/5o-levantamento-safra-2025-26/site_previsao_de_safra-por-produto-fev-2026.xlsx,0.0,0.07633587786259442,0.0,,0.0,0.0,1.6739999999999782,estabilidade aproximada,204.0
regiao,ALGODÃO - CAROÇO (1),SUL,2024/25,2025/26,1.6,1.6,0.0,1770.0,1770.0,0.0,2.8,2.8,0.0,Conab,Estimativa em fevereiro/2026,https://www.gov.br/conab/pt-br/atuacao/informacoes-agropecuarias/safras/safra-de-graos/boletim-da-safra-de-graos/5o-levantamento-safra-2025-26/site_previsao_de_safra-por-produto-fev-2026.xlsx,0.0,0.0,0.0,,0.0,0.0,0.0,estabilidade aproximada,232.0
uf,ALGODÃO - CAROÇO (1),PR,2024/25,2025/26,1.6,1.6,0.0,1770.0,1770.0,0.0,2.8,2.8,0.0,Conab,Estimativa em fevereiro/2026,https://www.gov.br/conab/pt-br/atuacao/informacoes-agropecuarias/safras/safra-de-graos/boletim-da-safra-de-graos/5o-levantamento-safra-2025-26/site_previsao_de_safra-por-produto-fev-2026.xlsx,0.0,0.0,0.0,,0.0,0.0,0.0,estabilidade aproximada,232.0
uf,ALGODÃO - CAROÇO (1),SC,2024/25,2025/26,0.0,0.0,0.0,0.0,0.0,0.0,0.0,0.0,0.0,Conab,Estimativa em fevereiro/2026,https://www.gov.br/conab/pt-br/atuacao/informacoes-agropecuarias/safras/safra-de-graos/boletim-da-safra-de-graos/5o-levantamento-safra-2025-26/site_previsao_de_safra-por-produto-fev-2026.xlsx,,,,,0.0,0.0,0.0,estabilidade aproximada,254.0
uf,ALGODÃO - CAROÇO (1),RS,2024/25,2025/26,0.0,0.0,0.0,0.0,0.0,0.0,0.0,0.0,0.0,Conab,Estimativa em fevereiro/2026,https://www.gov.br/conab/pt-br/atuacao/informacoes-agropecuarias/safras/safra-de-graos/boletim-da-safra-de-graos/5o-levantamento-safra-2025-26/site_previsao_de_safra-por-produto-fev-2026.xlsx,,,,,0.0,0.0,0.0,estabilidade aproximada,254.0
agregado_regional,ALGODÃO - CAROÇO (1),NORTE/NORDESTE,2024/25,2025/26,507.40000000000003,494.4,-2.6,2762.717300748916,2714.1344971682847,-1.8,1401.8999999999999,1342.0,-4.3,Conab,Estimativa em fevereiro/2026,https://www.gov.br/conab/pt-br/atuacao/informacoes-agropecuarias/safras/safra-de-graos/boletim-da-safra-de-graos/5o-levantamento-safra-2025-26/site_previsao_de_safra-por-produto-fev-2026.xlsx,-2.5620811982656795,-1.7585151968846544,-4.272772665668013,,-59.899999999999864,-13.000000000000057,-48.58280358063121,queda combinada,72.0
agregado_regional,ALGODÃO - CAROÇO (1),CENTRO-SUL,2024/25,2025/26,1578.1999999999998,1523.6999999999998,-3.5,2775.858592066912,2659.6717172671783,-4.2,4380.9,4052.4,-7.5,Conab,Estimativa em fevereiro/2026,https://www.gov.br/conab/pt-br/atuacao/informacoes-agropecuarias/safras/safra-de-graos/boletim-da-safra-de-graos/5o-levantamento-safra-2025-26/site_previsao_de_safra-por-produto-fev-2026.xlsx,-3.4533012292485115,-4.185619365906555,-7.498459220708063,,-328.49999999999955,-54.5,-116.18687479973369,queda combinada,46.0
total_brasil,ALGODÃO - CAROÇO (1),BRASIL,2024/25,2025/26,2085.6,2018.1,-3.2,2772.6614827387803,2673.0141672860614,-3.6,5782.799999999999,5394.4,-6.7,Conab,Estimativa em fevereiro/2026,https://www.gov.br/conab/pt-br/atuacao/informacoes-agropecuarias/safras/safra-de-graos/boletim-da-safra-de-graos/5o-levantamento-safra-2025-26/site_previsao_de_safra-por-produto-fev-2026.xlsx,-3.2364787111622557,-3.593922881429046,-6.716469530331322,,-388.39999999999964,-67.5,-99.64731545271889,queda combinada,39.0
regiao,ALGODÃO - PLUMA,NORTE,2024/25,2025/26,23.5,24.2,3.0,1728.7136,1713.378909090909,-0.9,40.6,41.400000000000006,2.0,Conab,Estimativa em fevereiro/2026,https://www.gov.br/conab/pt-br/atuacao/informacoes-agropecuarias/safras/safra-de-graos/boletim-da-safra-de-graos/5o-levantamento-safra-2025-26/site_previsao_de_safra-por-produto-fev-2026.xlsx,2.9787234042553163,-0.8870579203571385,1.970443349753705,,0.8000000000000043,0.6999999999999993,-15.334690909091023,expansao por area,185.0
uf,ALGODÃO - PLUMA,RR,2024/25,2025/26,0.0,0.0,0.0,0.0,0.0,0.0,0.0,0.0,0.0,Conab,Estimativa em fevereiro/2026,https://www.gov.br/conab/pt-br/atuacao/informacoes-agropecuarias/safras/safra-de-graos/boletim-da-safra-de-graos/5o-levantamento-safra-2025-26/site_previsao_de_safra-por-produto-fev-2026.xlsx,,,,,0.0,0.0,0.0,estabilidade aproximada,254.0
uf,ALGODÃO - PLUMA,RO,2024/25,2025/26,8.8,8.8,0.0,1709.9999999999998,1594.1,-6.8,15.0,14.0,-6.7,Conab,Estimativa em fevereiro/2026,https://www.gov.br/conab/pt-br/atuacao/informacoes-agropecuarias/safras/safra-de-graos/boletim-da-safra-de-graos/5o-levantamento-safra-2025-26/site_previsao_de_safra-por-produto-fev-2026.xlsx,0.0,-6.77777777777777,-6.666666666666667,,-1.0,0.0,-115.89999999999986,queda por produtividade,207.0
uf,ALGODÃO - PLUMA,AC,2024/25,2025/26,0.0,0.0,0.0,0.0,0.0,0.0,0.0,0.0,0.0,Conab,Estimativa em fevereiro/2026,https://www.gov.br/conab/pt-br/atuacao/informacoes-agropecuarias/safras/safra-de-graos/boletim-da-safra-de-graos/5o-levantamento-safra-2025-26/site_previsao_de_safra-por-produto-fev-2026.xlsx,,,,,0.0,0.0,0.0,estabilidade aproximada,254.0
uf,ALGODÃO - PLUMA,AM,2024/25,2025/26,0.0,0.0,0.0,0.0,0.0,0.0,0.0,0.0,0.0,Conab,Estimativa em fevereiro/2026,https://www.gov.br/conab/pt-br/atuacao/informacoes-agropecuarias/safras/safra-de-graos/boletim-da-safra-de-graos/5o-levantamento-safra-2025-26/site_previsao_de_safra-por-produto-fev-2026.xlsx,,,,,0.0,0.0,0.0,estabilidade aproximada,254.0
uf,ALGODÃO - PLUMA,AP,2024/25,2025/26,0.0,0.0,0.0,0.0,0.0,0.0,0.0,0.0,0.0,Conab,Estimativa em fevereiro/2026,https://www.gov.br/conab/pt-br/atuacao/informacoes-agropecuarias/safras/safra-de-graos/boletim-da-safra-de-graos/5o-levantamento-safra-2025-26/site_previsao_de_safra-por-produto-fev-2026.xlsx,,,,,0.0,0.0,0.0,estabilidade aproximada,254.0
uf,ALGODÃO - PLUMA,PA,2024/25,2025/26,0.2,0.2,0.0,1472.8479999999997,1472.8479999999997,0.0,0.3,0.3,0.0,Conab,Estimativa em fevereiro/2026,https://www.gov.br/conab/pt-br/atuacao/informacoes-agropecuarias/safras/safra-de-graos/boletim-da-safra-de-graos/5o-levantamento-safra-2025-26/site_previsao_de_safra-por-produto-fev-2026.xlsx,0.0,0.0,0.0,,0.0,0.0,0.0,estabilidade aproximada,251.0
uf,ALGODÃO - PLUMA,TO,2024/25,2025/26,14.5,15.2,4.8,1743.6000000000001,1785.6,2.4,25.3,27.1,7.1,Conab,Estimativa em fevereiro/2026,https://www.gov.br/conab/pt-br/atuacao/informacoes-agropecuarias/safras/safra-de-graos/boletim-da-safra-de-graos/5o-levantamento-safra-2025-26/site_previsao_de_safra-por-produto-fev-2026.xlsx,4.827586206896547,2.4088093599449283,7.114624505928855,,1.8000000000000007,0.6999999999999993,41.99999999999977,expansao combinada,196.0
regiao,ALGODÃO - PLUMA,NORDESTE,2024/25,2025/26,483.90000000000003,470.2,-2.8,1990.9294730316183,1955.5891854529987,-1.8,963.4,919.5,-4.6,Conab,Estimativa em fevereiro/2026,https://www.gov.br/conab/pt-br/atuacao/informacoes-agropecuarias/safras/safra-de-graos/boletim-da-safra-de-graos/5o-levantamento-safra-2025-26/site_previsao_de_safra-por-produto-fev-2026.xlsx,-2.831163463525531,-1.775064765343316,-4.556778077641684,,-43.89999999999998,-13.700000000000045,-35.34028757861961,queda combinada,86.0
uf,ALGODÃO - PLUMA,MA,2024/25,2025/26,33.0,29.7,-10.0,1797.555,1779.1499999999999,-1.0,59.3,52.8,-11.0,Conab,Estimativa em fevereiro/2026,https://www.gov.br/conab/pt-br/atuacao/informacoes-agropecuarias/safras/safra-de-graos/boletim-da-safra-de-graos/5o-levantamento-safra-2025-26/site_previsao_de_safra-por-produto-fev-2026.xlsx,-10.000000000000002,-1.0238907849829462,-10.961214165261383,,-6.5,-3.3000000000000007,-18.4050000000002,queda combinada,181.0
uf,ALGODÃO - PLUMA,PI,2024/25,2025/26,33.7,34.6,2.7,1878.21,1754.8,-6.6,63.3,60.7,-4.1,Conab,Estimativa em fevereiro/2026,https://www.gov.br/conab/pt-br/atuacao/informacoes-agropecuarias/safras/safra-de-graos/boletim-da-safra-de-graos/5o-levantamento-safra-2025-26/site_previsao_de_safra-por-produto-fev-2026.xlsx,2.670623145400589,-6.570617769046064,-4.10742496050552,,-2.5999999999999943,0.8999999999999986,-123.41000000000008,queda por produtividade,172.0
uf,ALGODÃO - PLUMA,CE,2024/25,2025/26,2.4,1.9,-20.7,626.5,906.5,44.7,1.5,1.7,13.3,Conab,Estimativa em fevereiro/2026,https://www.gov.br/conab/pt-br/atuacao/informacoes-agropecuarias/safras/safra-de-graos/boletim-da-safra-de-graos/5o-levantamento-safra-2025-26/site_previsao_de_safra-por-produto-fev-2026.xlsx,-20.833333333333336,44.6927374301676,13.33333333333333,,0.19999999999999996,-0.5,280.0,expansao por produtividade,239.0
uf,ALGODÃO - PLUMA,RN,2024/25,2025/26,1.2,1.1,-8.3,690.0799999999999,690.46,0.1,0.8,0.8,0.0,Conab,Estimativa em fevereiro/2026,https://www.gov.br/conab/pt-br/atuacao/informacoes-agropecuarias/safras/safra-de-graos/boletim-da-safra-de-graos/5o-levantamento-safra-2025-26/site_previsao_de_safra-por-produto-fev-2026.xlsx,-8.333333333333323,0.05506607929517001,0.0,,0.0,-0.09999999999999987,0.38000000000010914,estabilidade aproximada,247.0
uf,ALGODÃO - PLUMA,PB,2024/25,2025/26,0.5,0.5,0.0,204.84,368.64,80.0,0.1,0.2,100.0,Conab,Estimativa em fevereiro/2026,https://www.gov.br/conab/pt-br/atuacao/informacoes-agropecuarias/safras/safra-de-graos/boletim-da-safra-de-graos/5o-levantamento-safra-2025-26/site_previsao_de_safra-por-produto-fev-2026.xlsx,0.0,79.96485061511423,100.0,,0.1,0.0,163.79999999999998,expansao por produtividade,252.0
uf,ALGODÃO - PLUMA,PE,2024/25,2025/26,0.0,0.0,0.0,0.0,0.0,0.0,0.0,0.0,0.0,Conab,Estimativa em fevereiro/2026,https://www.gov.br/conab/pt-br/atuacao/informacoes-agropecuarias/safras/safra-de-graos/boletim-da-safra-de-graos/5o-levantamento-safra-2025-26/site_previsao_de_safra-por-produto-fev-2026.xlsx,,,,,0.0,0.0,0.0,estabilidade aproximada,254.0
uf,ALGODÃO - PLUMA,AL,2024/25,2025/26,0.0,0.0,0.0,0.0,0.0,0.0,0.0,0.0,0.0,Conab,Estimativa em fevereiro/2026,https://www.gov.br/conab/pt-br/atuacao/informacoes-agropecuarias/safras/safra-de-graos/boletim-da-safra-de-graos/5o-levantamento-safra-2025-26/site_previsao_de_safra-por-produto-fev-2026.xlsx,,,,,0.0,0.0,0.0,estabilidade aproximada,254.0
uf,ALGODÃO - PLUMA,SE,2024/25,2025/26,0.0,0.0,0.0,0.0,0.0,0.0,0.0,0.0,0.0,Conab,Estimativa em fevereiro/2026,https://www.gov.br/conab/pt-br/atuacao/informacoes-agropecuarias/safras/safra-de-graos/boletim-da-safra-de-graos/5o-levantamento-safra-2025-26/site_previsao_de_safra-por-produto-fev-2026.xlsx,,,,,0.0,0.0,0.0,estabilidade aproximada,254.0
uf,ALGODÃO - PLUMA,BA,2024/25,2025/26,413.1,402.4,-2.6,2029.0,1996.2599999999998,-1.6,838.4,803.3,-4.2,Conab,Estimativa em fevereiro/2026,https://www.gov.br/conab/pt-br/atuacao/informacoes-agropecuarias/safras/safra-de-graos/boletim-da-safra-de-graos/5o-levantamento-safra-2025-26/site_previsao_de_safra-por-produto-fev-2026.xlsx,-2.590171871217634,-1.6136027599802976,-4.18654580152672,,-35.10000000000002,-10.700000000000045,-32.74000000000024,queda combinada,90.0
regiao,ALGODÃO - PLUMA,CENTRO-OESTE,2024/25,2025/26,1524.0,1472.3999999999999,-3.4,1954.1812860892387,1864.7333909263787,-4.6,2978.1,2745.6,-7.8,Conab,Estimativa em fevereiro/2026,https://www.gov.br/conab/pt-br/atuacao/informacoes-agropecuarias/safras/safra-de-graos/boletim-da-safra-de-graos/5o-levantamento-safra-2025-26/site_previsao_de_safra-por-produto-fev-2026.xlsx,-3.3858267716535524,-4.577256767301545,-7.806991034552231,,-232.5,-51.600000000000136,-89.44789516286005,queda combinada,59.0
uf,ALGODÃO - PLUMA,MT,2024/25,2025/26,1462.0,1410.8,-3.5,1950.82,1859.3559999999998,-4.7,2852.1,2623.2,-8.0,Conab,Estimativa em fevereiro/2026,https://www.gov.br/conab/pt-br/atuacao/informacoes-agropecuarias/safras/safra-de-graos/boletim-da-safra-de-graos/5o-levantamento-safra-2025-26/site_previsao_de_safra-por-produto-fev-2026.xlsx,-3.502051983584135,-4.688489968321022,-8.025665299253186,,-228.9000000000001,-51.200000000000045,-91.46400000000017,queda combinada,62.0
uf,ALGODÃO - PLUMA,MS,2024/25,2025/26,31.7,31.8,0.3,2234.4,2133.6,-4.5,70.8,67.8,-4.2,Conab,Estimativa em fevereiro/2026,https://www.gov.br/conab/pt-br/atuacao/informacoes-agropecuarias/safras/safra-de-graos/boletim-da-safra-de-graos/5o-levantamento-safra-2025-26/site_previsao_de_safra-por-produto-fev-2026.xlsx,0.31545741324921583,-4.51127819548873,-4.237288135593221,,-3.0,0.10000000000000142,-100.80000000000018,queda por produtividade,169.0
uf,ALGODÃO - PLUMA,GO,2024/25,2025/26,30.3,29.8,-1.7,1823.1999999999998,1832.4000000000003,0.5,55.2,54.6,-1.1,Conab,Estimativa em fevereiro/2026,https://www.gov.br/conab/pt-br/atuacao/informacoes-agropecuarias/safras/safra-de-graos/boletim-da-safra-de-graos/5o-levantamento-safra-2025-26/site_previsao_de_safra-por-produto-fev-2026.xlsx,-1.65016501650165,0.5046072838964734,-1.086956521739133,,-0.6000000000000014,-0.5,9.2000000000005,queda por area,177.0
uf,ALGODÃO - PLUMA,DF,2024/25,2025/26,0.0,0.0,0.0,0.0,0.0,0.0,0.0,0.0,0.0,Conab,Estimativa em fevereiro/2026,https://www.gov.br/conab/pt-br/atuacao/informacoes-agropecuarias/safras/safra-de-graos/boletim-da-safra-de-graos/5o-levantamento-safra-2025-26/site_previsao_de_safra-por-produto-fev-2026.xlsx,,,,,0.0,0.0,0.0,estabilidade aproximada,254.0
regiao,ALGODÃO - PLUMA,SUDESTE,2024/25,2025/26,52.6,49.7,-5.5,1749.3553231939165,1901.3331911468815,8.7,92.0,94.5,2.7,Conab,Estimativa em fevereiro/2026,https://www.gov.br/conab/pt-br/atuacao/informacoes-agropecuarias/safras/safra-de-graos/boletim-da-safra-de-graos/5o-levantamento-safra-2025-26/site_previsao_de_safra-por-produto-fev-2026.xlsx,-5.513307984790872,8.687650012433648,2.717391304347826,,2.5,-2.8999999999999986,151.97786795296497,expansao por produtividade,152.0
uf,ALGODÃO - PLUMA,MG,2024/25,2025/26,45.1,42.2,-6.4,1751.4000000000003,1930.2930000000001,10.2,79.0,81.5,3.2,Conab,Estimativa em fevereiro/2026,https://www.gov.br/conab/pt-br/atuacao/informacoes-agropecuarias/safras/safra-de-graos/boletim-da-safra-de-graos/5o-levantamento-safra-2025-26/site_previsao_de_safra-por-produto-fev-2026.xlsx,-6.430155210643012,10.214285714285701,3.1645569620253164,,2.5,-2.8999999999999986,178.8929999999998,expansao por produtividade,161.0
uf,ALGODÃO - PLUMA,ES,2024/25,2025/26,0.0,0.0,0.0,0.0,0.0,0.0,0.0,0.0,0.0,Conab,Estimativa em fevereiro/2026,https://www.gov.br/conab/pt-br/atuacao/informacoes-agropecuarias/safras/safra-de-graos/boletim-da-safra-de-graos/5o-levantamento-safra-2025-26/site_previsao_de_safra-por-produto-fev-2026.xlsx,,,,,0.0,0.0,0.0,estabilidade aproximada,254.0
uf,ALGODÃO - PLUMA,RJ,2024/25,2025/26,0.0,0.0,0.0,0.0,0.0,0.0,0.0,0.0,0.0,Conab,Estimativa em fevereiro/2026,https://www.gov.br/conab/pt-br/atuacao/informacoes-agropecuarias/safras/safra-de-graos/boletim-da-safra-de-graos/5o-levantamento-safra-2025-26/site_previsao_de_safra-por-produto-fev-2026.xlsx,,,,,0.0,0.0,0.0,estabilidade aproximada,254.0
uf,ALGODÃO - PLUMA,SP,2024/25,2025/26,7.5,7.5,0.0,1737.0600000000002,1738.386,0.1,13.0,13.0,0.0,Conab,Estimativa em fevereiro/2026,https://www.gov.br/conab/pt-br/atuacao/informacoes-agropecuarias/safras/safra-de-graos/boletim-da-safra-de-graos/5o-levantamento-safra-2025-26/site_previsao_de_safra-por-produto-fev-2026.xlsx,0.0,0.07633587786258358,0.0,,0.0,0.0,1.3259999999997945,estabilidade aproximada,210.0
regiao,ALGODÃO - PLUMA,SUL,2024/25,2025/26,1.6,1.6,0.0,1230.0,1230.0,0.0,2.0,2.0,0.0,Conab,Estimativa em fevereiro/2026,https://www.gov.br/conab/pt-br/atuacao/informacoes-agropecuarias/safras/safra-de-graos/boletim-da-safra-de-graos/5o-levantamento-safra-2025-26/site_previsao_de_safra-por-produto-fev-2026.xlsx,0.0,0.0,0.0,,0.0,0.0,0.0,estabilidade aproximada,237.0
uf,ALGODÃO - PLUMA,PR,2024/25,2025/26,1.6,1.6,0.0,1230.0,1230.0,0.0,2.0,2.0,0.0,Conab,Estimativa em fevereiro/2026,https://www.gov.br/conab/pt-br/atuacao/informacoes-agropecuarias/safras/safra-de-graos/boletim-da-safra-de-graos/5o-levantamento-safra-2025-26/site_previsao_de_safra-por-produto-fev-2026.xlsx,0.0,0.0,0.0,,0.0,0.0,0.0,estabilidade aproximada,237.0
uf,ALGODÃO - PLUMA,SC,2024/25,2025/26,0.0,0.0,0.0,0.0,0.0,0.0,0.0,0.0,0.0,Conab,Estimativa em fevereiro/2026,https://www.gov.br/conab/pt-br/atuacao/informacoes-agropecuarias/safras/safra-de-graos/boletim-da-safra-de-graos/5o-levantamento-safra-2025-26/site_previsao_de_safra-por-produto-fev-2026.xlsx,,,,,0.0,0.0,0.0,estabilidade aproximada,254.0
uf,ALGODÃO - PLUMA,RS,2024/25,2025/26,0.0,0.0,0.0,0.0,0.0,0.0,0.0,0.0,0.0,Conab,Estimativa em fevereiro/2026,https://www.gov.br/conab/pt-br/atuacao/informacoes-agropecuarias/safras/safra-de-graos/boletim-da-safra-de-graos/5o-levantamento-safra-2025-26/site_previsao_de_safra-por-produto-fev-2026.xlsx,,,,,0.0,0.0,0.0,estabilidade aproximada,254.0
agregado_regional,ALGODÃO - PLUMA,NORTE/NORDESTE,2024/25,2025/26,507.40000000000003,494.4,-2.6,1978.7850642491132,1943.7334235436892,-1.8,1004.0,960.9,-4.3,Conab,Estimativa em fevereiro/2026,https://www.gov.br/conab/pt-br/atuacao/informacoes-agropecuarias/safras/safra-de-graos/boletim-da-safra-de-graos/5o-levantamento-safra-2025-26/site_previsao_de_safra-por-produto-fev-2026.xlsx,-2.5620811982656795,-1.771371804785933,-4.292828685258966,,-43.10000000000002,-13.000000000000057,-35.051640705424006,queda combinada,83.0
agregado_regional,ALGODÃO - PLUMA,CENTRO-SUL,2024/25,2025/26,1578.1999999999998,1523.6999999999998,-3.5,1946.6204346724116,1865.2606841241713,-4.2,3072.1,2842.1,-7.5,Conab,Estimativa em fevereiro/2026,https://www.gov.br/conab/pt-br/atuacao/informacoes-agropecuarias/safras/safra-de-graos/boletim-da-safra-de-graos/5o-levantamento-safra-2025-26/site_previsao_de_safra-por-produto-fev-2026.xlsx,-3.4533012292485115,-4.179538501656179,-7.486735457830148,,-230.0,-54.5,-81.3597505482403,queda combinada,55.0
total_brasil,ALGODÃO - PLUMA,BRASIL,2024/25,2025/26,2085.6,2018.1,-3.2,1954.4456806674339,1884.4851637679003,-3.6,4076.1,3803.0,-6.7,Conab,Estimativa em fevereiro/2026,https://www.gov.br/conab/pt-br/atuacao/informacoes-agropecuarias/safras/safra-de-graos/boletim-da-safra-de-graos/5o-levantamento-safra-2025-26/site_previsao_de_safra-por-produto-fev-2026.xlsx,-3.2364787111622557,-3.5795580092889754,-6.700031893231273,,-273.0999999999999,-67.5,-69.96051689953356,queda combinada,48.0
regiao,AMENDOIM TOTAL,NORTE,2024/25,2025/26,0.9,1.0,11.1,4000.0,4000.0,0.0,3.6,4.0,11.1,Conab,Estimativa em fevereiro/2026,https://www.gov.br/conab/pt-br/atuacao/informacoes-agropecuarias/safras/safra-de-graos/boletim-da-safra-de-graos/5o-levantamento-safra-2025-26/site_previsao_de_safra-por-produto-fev-2026.xlsx,11.111111111111107,0.0,11.111111111111107,,0.3999999999999999,0.09999999999999998,0.0,expansao por area,226.0
uf,AMENDOIM TOTAL,RR,2024/25,2025/26,0.0,0.0,0.0,0.0,0.0,0.0,0.0,0.0,0.0,Conab,Estimativa em fevereiro/2026,https://www.gov.br/conab/pt-br/atuacao/informacoes-agropecuarias/safras/safra-de-graos/boletim-da-safra-de-graos/5o-levantamento-safra-2025-26/site_previsao_de_safra-por-produto-fev-2026.xlsx,,,,,0.0,0.0,0.0,estabilidade aproximada,254.0
uf,AMENDOIM TOTAL,RO,2024/25,2025/26,0.0,0.0,0.0,0.0,0.0,0.0,0.0,0.0,0.0,Conab,Estimativa em fevereiro/2026,https://www.gov.br/conab/pt-br/atuacao/informacoes-agropecuarias/safras/safra-de-graos/boletim-da-safra-de-graos/5o-levantamento-safra-2025-26/site_previsao_de_safra-por-produto-fev-2026.xlsx,,,,,0.0,0.0,0.0,estabilidade aproximada,254.0
uf,AMENDOIM TOTAL,AC,2024/25,2025/26,0.0,0.0,0.0,0.0,0.0,0.0,0.0,0.0,0.0,Conab,Estimativa em fevereiro/2026,https://www.gov.br/conab/pt-br/atuacao/informacoes-agropecuarias/safras/safra-de-graos/boletim-da-safra-de-graos/5o-levantamento-safra-2025-26/site_previsao_de_safra-por-produto-fev-2026.xlsx,,,,,0.0,0.0,0.0,estabilidade aproximada,254.0
uf,AMENDOIM TOTAL,AM,2024/25,2025/26,0.0,0.0,0.0,0.0,0.0,0.0,0.0,0.0,0.0,Conab,Estimativa em fevereiro/2026,https://www.gov.br/conab/pt-br/atuacao/informacoes-agropecuarias/safras/safra-de-graos/boletim-da-safra-de-graos/5o-levantamento-safra-2025-26/site_previsao_de_safra-por-produto-fev-2026.xlsx,,,,,0.0,0.0,0.0,estabilidade aproximada,254.0
uf,AMENDOIM TOTAL,AP,2024/25,2025/26,0.0,0.0,0.0,0.0,0.0,0.0,0.0,0.0,0.0,Conab,Estimativa em fevereiro/2026,https://www.gov.br/conab/pt-br/atuacao/informacoes-agropecuarias/safras/safra-de-graos/boletim-da-safra-de-graos/5o-levantamento-safra-2025-26/site_previsao_de_safra-por-produto-fev-2026.xlsx,,,,,0.0,0.0,0.0,estabilidade aproximada,254.0
uf,AMENDOIM TOTAL,PA,2024/25,2025/26,0.0,0.0,0.0,0.0,0.0,0.0,0.0,0.0,0.0,Conab,Estimativa em fevereiro/2026,https://www.gov.br/conab/pt-br/atuacao/informacoes-agropecuarias/safras/safra-de-graos/boletim-da-safra-de-graos/5o-levantamento-safra-2025-26/site_previsao_de_safra-por-produto-fev-2026.xlsx,,,,,0.0,0.0,0.0,estabilidade aproximada,254.0
uf,AMENDOIM TOTAL,TO,2024/25,2025/26,0.9,1.0,11.1,4000.0,4000.0,0.0,3.6,4.0,11.1,Conab,Estimativa em fevereiro/2026,https://www.gov.br/conab/pt-br/atuacao/informacoes-agropecuarias/safras/safra-de-graos/boletim-da-safra-de-graos/5o-levantamento-safra-2025-26/site_previsao_de_safra-por-produto-fev-2026.xlsx,11.111111111111107,0.0,11.111111111111107,,0.3999999999999999,0.09999999999999998,0.0,expansao por area,226.0
regiao,AMENDOIM TOTAL,NORDESTE,2024/25,2025/26,3.9,3.9,0.0,994.7435897435897,981.4102564102565,-1.3,3.8,3.7,-2.6,Conab,Estimativa em fevereiro/2026,https://www.gov.br/conab/pt-br/atuacao/informacoes-agropecuarias/safras/safra-de-graos/boletim-da-safra-de-graos/5o-levantamento-safra-2025-26/site_previsao_de_safra-por-produto-fev-2026.xlsx,0.0,-1.3403789148086018,-2.631578947368412,,-0.09999999999999964,0.0,-13.333333333333258,queda por produtividade,227.0
uf,AMENDOIM TOTAL,MA,2024/25,2025/26,0.0,0.0,0.0,0.0,0.0,0.0,0.0,0.0,0.0,Conab,Estimativa em fevereiro/2026,https://www.gov.br/conab/pt-br/atuacao/informacoes-agropecuarias/safras/safra-de-graos/boletim-da-safra-de-graos/5o-levantamento-safra-2025-26/site_previsao_de_safra-por-produto-fev-2026.xlsx,,,,,0.0,0.0,0.0,estabilidade aproximada,254.0
uf,AMENDOIM TOTAL,PI,2024/25,2025/26,0.0,0.0,0.0,0.0,0.0,0.0,0.0,0.0,0.0,Conab,Estimativa em fevereiro/2026,https://www.gov.br/conab/pt-br/atuacao/informacoes-agropecuarias/safras/safra-de-graos/boletim-da-safra-de-graos/5o-levantamento-safra-2025-26/site_previsao_de_safra-por-produto-fev-2026.xlsx,,,,,0.0,0.0,0.0,estabilidade aproximada,254.0
uf,AMENDOIM TOTAL,CE,2024/25,2025/26,0.6,0.6,0.0,911.0000000000001,911.0000000000001,0.0,0.5,0.5,0.0,Conab,Estimativa em fevereiro/2026,https://www.gov.br/conab/pt-br/atuacao/informacoes-agropecuarias/safras/safra-de-graos/boletim-da-safra-de-graos/5o-levantamento-safra-2025-26/site_previsao_de_safra-por-produto-fev-2026.xlsx,0.0,0.0,0.0,,0.0,0.0,0.0,estabilidade aproximada,249.0
uf,AMENDOIM TOTAL,RN,2024/25,2025/26,0.0,0.0,0.0,0.0,0.0,0.0,0.0,0.0,0.0,Conab,Estimativa em fevereiro/2026,https://www.gov.br/conab/pt-br/atuacao/informacoes-agropecuarias/safras/safra-de-graos/boletim-da-safra-de-graos/5o-levantamento-safra-2025-26/site_previsao_de_safra-por-produto-fev-2026.xlsx,,,,,0.0,0.0,0.0,estabilidade aproximada,254.0
uf,AMENDOIM TOTAL,PB,2024/25,2025/26,0.7,0.7,0.0,761.0,761.0,0.0,0.5,0.5,0.0,Conab,Estimativa em fevereiro/2026,https://www.gov.br/conab/pt-br/atuacao/informacoes-agropecuarias/safras/safra-de-graos/boletim-da-safra-de-graos/5o-levantamento-safra-2025-26/site_previsao_de_safra-por-produto-fev-2026.xlsx,0.0,0.0,0.0,,0.0,0.0,0.0,estabilidade aproximada,249.0
uf,AMENDOIM TOTAL,PE,2024/25,2025/26,0.0,0.0,0.0,0.0,0.0,0.0,0.0,0.0,0.0,Conab,Estimativa em fevereiro/2026,https://www.gov.br/conab/pt-br/atuacao/informacoes-agropecuarias/safras/safra-de-graos/boletim-da-safra-de-graos/5o-levantamento-safra-2025-26/site_previsao_de_safra-por-produto-fev-2026.xlsx,,,,,0.0,0.0,0.0,estabilidade aproximada,254.0
uf,AMENDOIM TOTAL,AL,2024/25,2025/26,0.0,0.0,0.0,0.0,0.0,0.0,0.0,0.0,0.0,Conab,Estimativa em fevereiro/2026,https://www.gov.br/conab/pt-br/atuacao/informacoes-agropecuarias/safras/safra-de-graos/boletim-da-safra-de-graos/5o-levantamento-safra-2025-26/site_previsao_de_safra-por-produto-fev-2026.xlsx,,,,,0.0,0.0,0.0,estabilidade aproximada,254.0
uf,AMENDOIM TOTAL,SE,2024/25,2025/26,0.0,0.0,0.0,0.0,0.0,0.0,0.0,0.0,0.0,Conab,Estimativa em fevereiro/2026,https://www.gov.br/conab/pt-br/atuacao/informacoes-agropecuarias/safras/safra-de-graos/boletim-da-safra-de-graos/5o-levantamento-safra-2025-26/site_previsao_de_safra-por-produto-fev-2026.xlsx,,,,,0.0,0.0,0.0,estabilidade aproximada,254.0
uf,AMENDOIM TOTAL,BA,2024/25,2025/26,2.6,2.6,0.0,1077.0,1057.0,-1.9,2.8,2.7,-3.6,Conab,Estimativa em fevereiro/2026,https://www.gov.br/conab/pt-br/atuacao/informacoes-agropecuarias/safras/safra-de-graos/boletim-da-safra-de-graos/5o-levantamento-safra-2025-26/site_previsao_de_safra-por-produto-fev-2026.xlsx,0.0,-1.8570102135561743,-3.5714285714285587,,-0.09999999999999964,0.0,-20.0,queda por produtividade,233.0
regiao,AMENDOIM TOTAL,CENTRO-OESTE,2024/25,2025/26,43.5,45.5,4.6,3992.0,3969.0,-0.6,173.7,180.6,4.0,Conab,Estimativa em fevereiro/2026,https://www.gov.br/conab/pt-br/atuacao/informacoes-agropecuarias/safras/safra-de-graos/boletim-da-safra-de-graos/5o-levantamento-safra-2025-26/site_previsao_de_safra-por-produto-fev-2026.xlsx,4.597701149425287,-0.5761523046092184,3.972366148531955,,6.900000000000006,2.0,-23.0,expansao por area,133.0
uf,AMENDOIM TOTAL,MT,2024/25,2025/26,0.0,0.0,0.0,0.0,0.0,0.0,0.0,0.0,0.0,Conab,Estimativa em fevereiro/2026,https://www.gov.br/conab/pt-br/atuacao/informacoes-agropecuarias/safras/safra-de-graos/boletim-da-safra-de-graos/5o-levantamento-safra-2025-26/site_previsao_de_safra-por-produto-fev-2026.xlsx,,,,,0.0,0.0,0.0,estabilidade aproximada,254.0
uf,AMENDOIM TOTAL,MS,2024/25,2025/26,43.5,45.5,4.6,3992.0,3969.0,-0.6,173.7,180.6,4.0,Conab,Estimativa em fevereiro/2026,https://www.gov.br/conab/pt-br/atuacao/informacoes-agropecuarias/safras/safra-de-graos/boletim-da-safra-de-graos/5o-levantamento-safra-2025-26/site_previsao_de_safra-por-produto-fev-2026.xlsx,4.597701149425287,-0.5761523046092184,3.972366148531955,,6.900000000000006,2.0,-23.0,expansao por area,133.0
uf,AMENDOIM TOTAL,GO,2024/25,2025/26,0.0,0.0,0.0,0.0,0.0,0.0,0.0,0.0,0.0,Conab,Estimativa em fevereiro/2026,https://www.gov.br/conab/pt-br/atuacao/informacoes-agropecuarias/safras/safra-de-graos/boletim-da-safra-de-graos/5o-levantamento-safra-2025-26/site_previsao_de_safra-por-produto-fev-2026.xlsx,,,,,0.0,0.0,0.0,estabilidade aproximada,254.0
uf,AMENDOIM TOTAL,DF,2024/25,2025/26,0.0,0.0,0.0,0.0,0.0,0.0,0.0,0.0,0.0,Conab,Estimativa em fevereiro/2026,https://www.gov.br/conab/pt-br/atuacao/informacoes-agropecuarias/safras/safra-de-graos/boletim-da-safra-de-graos/5o-levantamento-safra-2025-26/site_previsao_de_safra-por-produto-fev-2026.xlsx,,,,,0.0,0.0,0.0,estabilidade aproximada,254.0
regiao,AMENDOIM TOTAL,SUDESTE,2024/25,2025/26,230.0,229.4,-0.3,4227.44,4405.941586748038,4.2,972.3,1010.6999999999999,3.9,Conab,Estimativa em fevereiro/2026,https://www.gov.br/conab/pt-br/atuacao/informacoes-agropecuarias/safras/safra-de-graos/boletim-da-safra-de-graos/5o-levantamento-safra-2025-26/site_previsao_de_safra-por-produto-fev-2026.xlsx,-0.26086956521738885,4.222451099200433,3.9493983338475758,,38.39999999999998,-0.5999999999999943,178.5015867480388,expansao por produtividade,82.0
uf,AMENDOIM TOTAL,MG,2024/25,2025/26,14.5,16.0,10.3,3588.0,3586.0,-0.1,52.0,57.4,10.4,Conab,Estimativa em fevereiro/2026,https://www.gov.br/conab/pt-br/atuacao/informacoes-agropecuarias/safras/safra-de-graos/boletim-da-safra-de-graos/5o-levantamento-safra-2025-26/site_previsao_de_safra-por-produto-fev-2026.xlsx,10.344827586206897,-0.055741360089186176,10.384615384615383,,5.399999999999999,1.5,-2.0,expansao por area,175.0
uf,AMENDOIM TOTAL,ES,2024/25,2025/26,0.0,0.0,0.0,0.0,0.0,0.0,0.0,0.0,0.0,Conab,Estimativa em fevereiro/2026,https://www.gov.br/conab/pt-br/atuacao/informacoes-agropecuarias/safras/safra-de-graos/boletim-da-safra-de-graos/5o-levantamento-safra-2025-26/site_previsao_de_safra-por-produto-fev-2026.xlsx,,,,,0.0,0.0,0.0,estabilidade aproximada,254.0
uf,AMENDOIM TOTAL,RJ,2024/25,2025/26,0.0,0.0,0.0,0.0,0.0,0.0,0.0,0.0,0.0,Conab,Estimativa em fevereiro/2026,https://www.gov.br/conab/pt-br/atuacao/informacoes-agropecuarias/safras/safra-de-graos/boletim-da-safra-de-graos/5o-levantamento-safra-2025-26/site_previsao_de_safra-por-produto-fev-2026.xlsx,,,,,0.0,0.0,0.0,estabilidade aproximada,254.0
uf,AMENDOIM TOTAL,SP,2024/25,2025/26,215.5,213.4,-1.0,4270.464965197216,4467.417994376757,4.6,920.3,953.3,3.6,Conab,Estimativa em fevereiro/2026,https://www.gov.br/conab/pt-br/atuacao/informacoes-agropecuarias/safras/safra-de-graos/boletim-da-safra-de-graos/5o-levantamento-safra-2025-26/site_previsao_de_safra-por-produto-fev-2026.xlsx,-0.9744779582366563,4.611980915067531,3.585787243290232,,33.0,-2.0999999999999943,196.95302917954086,expansao por produtividade,85.0
regiao,AMENDOIM TOTAL,SUL,2024/25,2025/26,2.1,1.5,-28.6,2989.0,2889.0,-3.3,6.3,4.3,-31.7,Conab,Estimativa em fevereiro/2026,https://www.gov.br/conab/pt-br/atuacao/informacoes-agropecuarias/safras/safra-de-graos/boletim-da-safra-de-graos/5o-levantamento-safra-2025-26/site_previsao_de_safra-por-produto-fev-2026.xlsx,-28.571428571428577,-3.345600535296086,-31.746031746031743,,-2.0,-0.6000000000000001,-100.0,queda combinada,225.0
uf,AMENDOIM TOTAL,PR,2024/25,2025/26,2.1,1.5,-28.6,2989.0,2889.0,-3.3,6.3,4.3,-31.7,Conab,Estimativa em fevereiro/2026,https://www.gov.br/conab/pt-br/atuacao/informacoes-agropecuarias/safras/safra-de-graos/boletim-da-safra-de-graos/5o-levantamento-safra-2025-26/site_previsao_de_safra-por-produto-fev-2026.xlsx,-28.571428571428577,-3.345600535296086,-31.746031746031743,,-2.0,-0.6000000000000001,-100.0,queda combinada,225.0
uf,AMENDOIM TOTAL,SC,2024/25,2025/26,0.0,0.0,0.0,0.0,0.0,0.0,0.0,0.0,0.0,Conab,Estimativa em fevereiro/2026,https://www.gov.br/conab/pt-br/atuacao/informacoes-agropecuarias/safras/safra-de-graos/boletim-da-safra-de-graos/5o-levantamento-safra-2025-26/site_previsao_de_safra-por-produto-fev-2026.xlsx,,,,,0.0,0.0,0.0,estabilidade aproximada,254.0
uf,AMENDOIM TOTAL,RS,2024/25,2025/26,0.0,0.0,0.0,0.0,0.0,0.0,0.0,0.0,0.0,Conab,Estimativa em fevereiro/2026,https://www.gov.br/conab/pt-br/atuacao/informacoes-agropecuarias/safras/safra-de-graos/boletim-da-safra-de-graos/5o-levantamento-safra-2025-26/site_previsao_de_safra-por-produto-fev-2026.xlsx,,,,,0.0,0.0,0.0,estabilidade aproximada,254.0
agregado_regional,AMENDOIM TOTAL,NORTE/NORDESTE,2024/25,2025/26,4.8,4.9,2.1,1558.2291666666667,1597.4489795918366,2.5,7.4,7.7,4.1,Conab,Estimativa em fevereiro/2026,https://www.gov.br/conab/pt-br/atuacao/informacoes-agropecuarias/safras/safra-de-graos/boletim-da-safra-de-graos/5o-levantamento-safra-2025-26/site_previsao_de_safra-por-produto-fev-2026.xlsx,2.0833333333333446,2.516947684214392,4.054054054054052,,0.2999999999999998,0.10000000000000053,39.21981292516989,expansao combinada,218.0
agregado_regional,AMENDOIM TOTAL,CENTRO-SUL,2024/25,2025/26,275.6,276.4,0.3,4180.842162554426,4325.781476121563,3.5,1152.3,1195.6,3.8,Conab,Estimativa em fevereiro/2026,https://www.gov.br/conab/pt-br/atuacao/informacoes-agropecuarias/safras/safra-de-graos/boletim-da-safra-de-graos/5o-levantamento-safra-2025-26/site_previsao_de_safra-por-produto-fev-2026.xlsx,0.2902757619738587,3.4667492321351245,3.7577019873296846,,43.299999999999955,0.7999999999999545,144.9393135671371,expansao combinada,77.0
total_brasil,AMENDOIM TOTAL,BRASIL,2024/25,2025/26,280.40000000000003,281.3,0.3,4135.947218259628,4278.256309989335,3.4,1159.6999999999998,1203.3,3.8,Conab,Estimativa em fevereiro/2026,https://www.gov.br/conab/pt-br/atuacao/informacoes-agropecuarias/safras/safra-de-graos/boletim-da-safra-de-graos/5o-levantamento-safra-2025-26/site_previsao_de_safra-por-produto-fev-2026.xlsx,0.32097004279599756,3.4407859728342776,3.7595929981891993,,43.600000000000136,0.8999999999999773,142.30909172970678,expansao combinada,76.0
regiao,ARROZ,NORTE,2024/25,2025/26,239.6,196.5,-18.0,5077.920283806345,4879.980661577609,-3.9,1216.8,958.9,-21.2,Conab,Estimativa em fevereiro/2026,https://www.gov.br/conab/pt-br/atuacao/informacoes-agropecuarias/safras/safra-de-graos/boletim-da-safra-de-graos/5o-levantamento-safra-2025-26/site_previsao_de_safra-por-produto-fev-2026.xlsx,-17.988313856427375,-3.8980450886551323,-21.194937541091385,,-257.9,-43.099999999999994,-197.93962222873597,queda combinada,84.0
uf,ARROZ,RR,2024/25,2025/26,13.3,13.3,0.0,7530.0,7444.000000000001,-1.1,100.1,99.0,-1.1,Conab,Estimativa em fevereiro/2026,https://www.gov.br/conab/pt-br/atuacao/informacoes-agropecuarias/safras/safra-de-graos/boletim-da-safra-de-graos/5o-levantamento-safra-2025-26/site_previsao_de_safra-por-produto-fev-2026.xlsx,0.0,-1.142098273572365,-1.0989010989010932,,-1.0999999999999943,0.0,-85.99999999999909,queda por produtividade,151.0
uf,ARROZ,RO,2024/25,2025/26,44.0,25.7,-41.6,3690.0,3597.0,-2.5,162.4,92.4,-43.1,Conab,Estimativa em fevereiro/2026,https://www.gov.br/conab/pt-br/atuacao/informacoes-agropecuarias/safras/safra-de-graos/boletim-da-safra-de-graos/5o-levantamento-safra-2025-26/site_previsao_de_safra-por-produto-fev-2026.xlsx,-41.59090909090909,-2.5203252032520327,-43.103448275862064,,-70.0,-18.3,-93.0,queda combinada,155.0
uf,ARROZ,AC,2024/25,2025/26,3.8,3.5,-7.9,1227.0,1259.0,2.6,4.7,4.4,-6.4,Conab,Estimativa em fevereiro/2026,https://www.gov.br/conab/pt-br/atuacao/informacoes-agropecuarias/safras/safra-de-graos/boletim-da-safra-de-graos/5o-levantamento-safra-2025-26/site_previsao_de_safra-por-produto-fev-2026.xlsx,-7.894736842105258,2.6079869600651997,-6.382978723404251,,-0.2999999999999998,-0.2999999999999998,32.0,queda por area,224.0
uf,ARROZ,AM,2024/25,2025/26,4.6,6.1,32.6,3252.0,3356.0,3.2,15.0,20.5,36.7,Conab,Estimativa em fevereiro/2026,https://www.gov.br/conab/pt-br/atuacao/informacoes-agropecuarias/safras/safra-de-graos/boletim-da-safra-de-graos/5o-levantamento-safra-2025-26/site_previsao_de_safra-por-produto-fev-2026.xlsx,32.608695652173914,3.198031980319803,36.666666666666664,,5.5,1.5,104.0,expansao combinada,200.0
uf,ARROZ,AP,2024/25,2025/26,0.9,0.6,-33.3,1030.0,1016.0000000000001,-1.4,0.9,0.6,-33.3,Conab,Estimativa em fevereiro/2026,https://www.gov.br/conab/pt-br/atuacao/informacoes-agropecuarias/safras/safra-de-graos/boletim-da-safra-de-graos/5o-levantamento-safra-2025-26/site_previsao_de_safra-por-produto-fev-2026.xlsx,-33.333333333333336,-1.3592233009708627,-33.333333333333336,,-0.30000000000000004,-0.30000000000000004,-13.999999999999886,queda combinada,248.0
uf,ARROZ,PA,2024/25,2025/26,39.5,39.5,0.0,2814.1265822784812,2849.4177215189875,1.3,111.2,112.6,1.3,Conab,Estimativa em fevereiro/2026,https://www.gov.br/conab/pt-br/atuacao/informacoes-agropecuarias/safras/safra-de-graos/boletim-da-safra-de-graos/5o-levantamento-safra-2025-26/site_previsao_de_safra-por-produto-fev-2026.xlsx,0.0,1.2540707821299384,1.258992805755388,,1.3999999999999915,0.0,35.291139240506254,expansao por produtividade,145.0
uf,ARROZ,TO,2024/25,2025/26,133.5,107.80000000000001,-19.3,6160.703370786518,5838.853432282003,-5.2,822.5,629.4,-23.5,Conab,Estimativa em fevereiro/2026,https://www.gov.br/conab/pt-br/atuacao/informacoes-agropecuarias/safras/safra-de-graos/boletim-da-safra-de-graos/5o-levantamento-safra-2025-26/site_previsao_de_safra-por-produto-fev-2026.xlsx,-19.250936329588004,-5.224240141648384,-23.477203647416417,,-193.10000000000002,-25.69999999999999,-321.8499385045143,queda combinada,97.0
regiao,ARROZ,NORDESTE,2024/25,2025/26,166.2,141.4,-14.9,2788.1046931407946,2820.9653465346532,1.2,463.40000000000003,398.79999999999995,-13.9,Conab,Estimativa em fevereiro/2026,https://www.gov.br/conab/pt-br/atuacao/informacoes-agropecuarias/safras/safra-de-graos/boletim-da-safra-de-graos/5o-levantamento-safra-2025-26/site_previsao_de_safra-por-produto-fev-2026.xlsx,-14.921780986762927,1.1786018464335792,-13.940440224428155,,-64.60000000000008,-24.799999999999983,32.860653393858684,queda por area,111.0
uf,ARROZ,MA,2024/25,2025/26,93.4,74.6,-20.1,2992.009635974304,2981.5134048257373,-0.4,279.5,222.4,-20.4,Conab,Estimativa em fevereiro/2026,https://www.gov.br/conab/pt-br/atuacao/informacoes-agropecuarias/safras/safra-de-graos/boletim-da-safra-de-graos/5o-levantamento-safra-2025-26/site_previsao_de_safra-por-produto-fev-2026.xlsx,-20.12847965738759,-0.35080873478365493,-20.429338103756706,,-57.099999999999994,-18.80000000000001,-10.496231148566494,queda combinada,129.0
uf,ARROZ,PI,2024/25,2025/26,56.5,51.5,-8.8,1756.4106194690264,1738.706796116505,-1.0,99.3,89.5,-9.9,Conab,Estimativa em fevereiro/2026,https://www.gov.br/conab/pt-br/atuacao/informacoes-agropecuarias/safras/safra-de-graos/boletim-da-safra-de-graos/5o-levantamento-safra-2025-26/site_previsao_de_safra-por-produto-fev-2026.xlsx,-8.849557522123893,-1.0079546978526759,-9.869083585095668,,-9.799999999999997,-5.0,-17.70382335252134,queda combinada,156.0
uf,ARROZ,CE,2024/25,2025/26,4.4,3.9,-11.4,2340.7499999999995,2877.7948717948716,22.9,10.3,11.2,8.7,Conab,Estimativa em fevereiro/2026,https://www.gov.br/conab/pt-br/atuacao/informacoes-agropecuarias/safras/safra-de-graos/boletim-da-safra-de-graos/5o-levantamento-safra-2025-26/site_previsao_de_safra-por-produto-fev-2026.xlsx,-11.363636363636372,22.943281930785954,8.737864077669888,,0.8999999999999986,-0.5000000000000004,537.044871794872,expansao por produtividade,214.0
uf,ARROZ,RN,2024/25,2025/26,0.4,0.4,0.0,2811.0,3212.0000000000005,14.3,1.1,1.3,18.2,Conab,Estimativa em fevereiro/2026,https://www.gov.br/conab/pt-br/atuacao/informacoes-agropecuarias/safras/safra-de-graos/boletim-da-safra-de-graos/5o-levantamento-safra-2025-26/site_previsao_de_safra-por-produto-fev-2026.xlsx,0.0,14.265385983635733,18.181818181818176,,0.19999999999999996,0.0,401.00000000000045,expansao por produtividade,242.0
uf,ARROZ,PB,2024/25,2025/26,2.6999999999999997,2.6999999999999997,0.0,1311.4814814814815,1745.1851851851854,33.1,3.5,4.7,34.3,Conab,Estimativa em fevereiro/2026,https://www.gov.br/conab/pt-br/atuacao/informacoes-agropecuarias/safras/safra-de-graos/boletim-da-safra-de-graos/5o-levantamento-safra-2025-26/site_previsao_de_safra-por-produto-fev-2026.xlsx,0.0,33.06975430669304,34.28571428571429,,1.2000000000000002,0.0,433.7037037037039,expansao por produtividade,223.0
uf,ARROZ,PE,2024/25,2025/26,0.0,0.0,0.0,0.0,0.0,0.0,0.0,0.0,0.0,Conab,Estimativa em fevereiro/2026,https://www.gov.br/conab/pt-br/atuacao/informacoes-agropecuarias/safras/safra-de-graos/boletim-da-safra-de-graos/5o-levantamento-safra-2025-26/site_previsao_de_safra-por-produto-fev-2026.xlsx,,,,,0.0,0.0,0.0,estabilidade aproximada,254.0
uf,ARROZ,AL,2024/25,2025/26,2.6,2.3,-11.5,7200.0,8600.0,19.4,18.7,19.8,5.9,Conab,Estimativa em fevereiro/2026,https://www.gov.br/conab/pt-br/atuacao/informacoes-agropecuarias/safras/safra-de-graos/boletim-da-safra-de-graos/5o-levantamento-safra-2025-26/site_previsao_de_safra-por-produto-fev-2026.xlsx,-11.538461538461549,19.444444444444446,5.882352941176478,,1.1000000000000014,-0.30000000000000027,1400.0,expansao por produtividade,201.0
uf,ARROZ,SE,2024/25,2025/26,6.2,6.0,-3.2,8227.0,8320.0,1.1,51.0,49.9,-2.2,Conab,Estimativa em fevereiro/2026,https://www.gov.br/conab/pt-br/atuacao/informacoes-agropecuarias/safras/safra-de-graos/boletim-da-safra-de-graos/5o-levantamento-safra-2025-26/site_previsao_de_safra-por-produto-fev-2026.xlsx,-3.2258064516129057,1.1304242129573356,-2.1568627450980418,,-1.1000000000000014,-0.20000000000000018,93.0,queda por area,184.0
uf,ARROZ,BA,2024/25,2025/26,0.0,0.0,0.0,0.0,0.0,0.0,0.0,0.0,0.0,Conab,Estimativa em fevereiro/2026,https://www.gov.br/conab/pt-br/atuacao/informacoes-agropecuarias/safras/safra-de-graos/boletim-da-safra-de-graos/5o-levantamento-safra-2025-26/site_previsao_de_safra-por-produto-fev-2026.xlsx,,,,,0.0,0.0,0.0,estabilidade aproximada,254.0
regiao,ARROZ,CENTRO-OESTE,2024/25,2025/26,189.79999999999998,124.5,-34.4,4157.660695468915,4230.666666666667,1.8,789.2,526.7,-33.3,Conab,Estimativa em fevereiro/2026,https://www.gov.br/conab/pt-br/atuacao/informacoes-agropecuarias/safras/safra-de-graos/boletim-da-safra-de-graos/5o-levantamento-safra-2025-26/site_previsao_de_safra-por-produto-fev-2026.xlsx,-34.404636459430975,1.7559386526494334,-33.261530663963505,,-262.5,-65.29999999999998,73.00597119775193,queda por area,102.0
uf,ARROZ,MT,2024/25,2025/26,146.7,91.7,-37.5,3661.0,3648.9999999999995,-0.3,537.1,334.6,-37.7,Conab,Estimativa em fevereiro/2026,https://www.gov.br/conab/pt-br/atuacao/informacoes-agropecuarias/safras/safra-de-graos/boletim-da-safra-de-graos/5o-levantamento-safra-2025-26/site_previsao_de_safra-por-produto-fev-2026.xlsx,-37.491479209270615,-0.3277792952745276,-37.70247626140383,,-202.5,-54.999999999999986,-12.000000000000455,queda combinada,120.0
uf,ARROZ,MS,2024/25,2025/26,13.7,8.6,-37.2,6888.999999999999,7041.0,2.2,94.4,60.6,-35.8,Conab,Estimativa em fevereiro/2026,https://www.gov.br/conab/pt-br/atuacao/informacoes-agropecuarias/safras/safra-de-graos/boletim-da-safra-de-graos/5o-levantamento-safra-2025-26/site_previsao_de_safra-por-produto-fev-2026.xlsx,-37.22627737226277,2.2064160255479885,-35.80508474576271,,-33.800000000000004,-5.1,152.0000000000009,queda por area,173.0
uf,ARROZ,GO,2024/25,2025/26,29.0,23.8,-17.9,5350.551724137931,5419.86974789916,1.3,155.2,129.0,-16.9,Conab,Estimativa em fevereiro/2026,https://www.gov.br/conab/pt-br/atuacao/informacoes-agropecuarias/safras/safra-de-graos/boletim-da-safra-de-graos/5o-levantamento-safra-2025-26/site_previsao_de_safra-por-produto-fev-2026.xlsx,-17.93103448275862,1.2955303926605262,-16.881443298969064,,-26.19999999999999,-5.199999999999999,69.31802376122869,queda por area,140.0
uf,ARROZ,DF,2024/25,2025/26,0.4,0.4,0.0,6275.0,6397.999999999999,2.0,2.5,2.5,0.0,Conab,Estimativa em fevereiro/2026,https://www.gov.br/conab/pt-br/atuacao/informacoes-agropecuarias/safras/safra-de-graos/boletim-da-safra-de-graos/5o-levantamento-safra-2025-26/site_previsao_de_safra-por-produto-fev-2026.xlsx,0.0,1.9601593625497862,0.0,,0.0,0.0,122.99999999999909,estabilidade aproximada,234.0
regiao,ARROZ,SUDESTE,2024/25,2025/26,30.5,24.700000000000003,-19.0,4709.596721311475,4872.61943319838,3.5,143.60000000000002,120.5,-16.1,Conab,Estimativa em fevereiro/2026,https://www.gov.br/conab/pt-br/atuacao/informacoes-agropecuarias/safras/safra-de-graos/boletim-da-safra-de-graos/5o-levantamento-safra-2025-26/site_previsao_de_safra-por-produto-fev-2026.xlsx,-19.01639344262294,3.4615004539392404,-16.086350974930376,,-23.100000000000023,-5.799999999999997,163.0227118869043,queda por area,141.0
uf,ARROZ,MG,2024/25,2025/26,22.2,16.4,-26.1,3933.981981981982,3952.8292682926835,0.5,87.30000000000001,64.8,-25.8,Conab,Estimativa em fevereiro/2026,https://www.gov.br/conab/pt-br/atuacao/informacoes-agropecuarias/safras/safra-de-graos/boletim-da-safra-de-graos/5o-levantamento-safra-2025-26/site_previsao_de_safra-por-produto-fev-2026.xlsx,-26.12612612612613,0.47908928909751347,-25.773195876288675,,-22.500000000000014,-5.800000000000001,18.847286310701747,queda por area,170.0
uf,ARROZ,ES,2024/25,2025/26,0.1,0.1,0.0,3656.0,3596.0,-1.6,0.4,0.4,0.0,Conab,Estimativa em fevereiro/2026,https://www.gov.br/conab/pt-br/atuacao/informacoes-agropecuarias/safras/safra-de-graos/boletim-da-safra-de-graos/5o-levantamento-safra-2025-26/site_previsao_de_safra-por-produto-fev-2026.xlsx,0.0,-1.6411378555798686,0.0,,0.0,0.0,-60.0,estabilidade aproximada,250.0
uf,ARROZ,RJ,2024/25,2025/26,0.3,0.3,0.0,2809.0,2843.0,1.2,0.8,0.9,12.5,Conab,Estimativa em fevereiro/2026,https://www.gov.br/conab/pt-br/atuacao/informacoes-agropecuarias/safras/safra-de-graos/boletim-da-safra-de-graos/5o-levantamento-safra-2025-26/site_previsao_de_safra-por-produto-fev-2026.xlsx,0.0,1.2103951584193664,12.499999999999996,,0.09999999999999998,0.0,34.0,expansao por produtividade,246.0
uf,ARROZ,SP,2024/25,2025/26,7.9,7.9,0.0,6974.683544303797,6875.291139240507,-1.4,55.1,54.4,-1.3,Conab,Estimativa em fevereiro/2026,https://www.gov.br/conab/pt-br/atuacao/informacoes-agropecuarias/safras/safra-de-graos/boletim-da-safra-de-graos/5o-levantamento-safra-2025-26/site_previsao_de_safra-por-produto-fev-2026.xlsx,0.0,-1.4250453720508065,-1.2704174228675187,,-0.7000000000000028,0.0,-99.39240506329043,queda por produtividade,179.0
regiao,ARROZ,SUL,2024/25,2025/26,1137.8,1072.8,-5.7,8916.0511513447,8305.130406413125,-6.9,10144.7,8909.699999999999,-12.2,Conab,Estimativa em fevereiro/2026,https://www.gov.br/conab/pt-br/atuacao/informacoes-agropecuarias/safras/safra-de-graos/boletim-da-safra-de-graos/5o-levantamento-safra-2025-26/site_previsao_de_safra-por-produto-fev-2026.xlsx,-5.712779047284233,-6.8519205931141025,-12.173844470511714,,-1235.0000000000018,-65.0,-610.9207449315745,queda combinada,29.0
uf,ARROZ,PR,2024/25,2025/26,19.700000000000003,19.1,-3.0,6926.543147208121,7365.55497382199,6.3,136.5,140.7,3.1,Conab,Estimativa em fevereiro/2026,https://www.gov.br/conab/pt-br/atuacao/informacoes-agropecuarias/safras/safra-de-graos/boletim-da-safra-de-graos/5o-levantamento-safra-2025-26/site_previsao_de_safra-por-produto-fev-2026.xlsx,-3.045685279187824,6.338108595928131,3.0769230769230687,,4.199999999999989,-0.6000000000000014,439.01182661386883,expansao por produtividade,138.0
uf,ARROZ,SC,2024/25,2025/26,150.0,148.5,-1.0,8500.0,8250.0,-2.9,1275.0,1225.1,-3.9,Conab,Estimativa em fevereiro/2026,https://www.gov.br/conab/pt-br/atuacao/informacoes-agropecuarias/safras/safra-de-graos/boletim-da-safra-de-graos/5o-levantamento-safra-2025-26/site_previsao_de_safra-por-produto-fev-2026.xlsx,-1.0,-2.941176470588235,-3.913725490196086,,-49.90000000000009,-1.5,-250.0,queda combinada,75.0
uf,ARROZ,RS,2024/25,2025/26,968.1,905.2,-6.5,9021.0,8334.0,-7.6,8733.2,7543.9,-13.6,Conab,Estimativa em fevereiro/2026,https://www.gov.br/conab/pt-br/atuacao/informacoes-agropecuarias/safras/safra-de-graos/boletim-da-safra-de-graos/5o-levantamento-safra-2025-26/site_previsao_de_safra-por-produto-fev-2026.xlsx,-6.497262679475259,-7.615563684735617,-13.618146841936529,,-1189.300000000001,-62.89999999999998,-687.0,queda combinada,31.0
agregado_regional,ARROZ,NORTE/NORDESTE,2024/25,2025/26,405.79999999999995,337.9,-16.7,4140.100295712175,4018.3506954720337,-2.9,1680.2,1357.6999999999998,-19.2,Conab,Estimativa em fevereiro/2026,https://www.gov.br/conab/pt-br/atuacao/informacoes-agropecuarias/safras/safra-de-graos/boletim-da-safra-de-graos/5o-levantamento-safra-2025-26/site_previsao_de_safra-por-produto-fev-2026.xlsx,-16.732380482996547,-2.940740357576231,-19.194143554338783,,-322.5000000000002,-67.89999999999998,-121.74960024014081,queda combinada,71.0
agregado_regional,ARROZ,CENTRO-SUL,2024/25,2025/26,1358.1,1222.0,-10.0,8156.57882335616,7820.634697217675,-4.1,11077.5,9556.9,-13.7,Conab,Estimativa em fevereiro/2026,https://www.gov.br/conab/pt-br/atuacao/informacoes-agropecuarias/safras/safra-de-graos/boletim-da-safra-de-graos/5o-levantamento-safra-2025-26/site_previsao_de_safra-por-produto-fev-2026.xlsx,-10.021353361313594,-4.11868913933029,-13.726923944933429,,-1520.6000000000004,-136.0999999999999,-335.94412613848453,queda combinada,26.0
total_brasil,ARROZ,BRASIL,2024/25,2025/26,1763.8999999999999,1559.9,-11.6,7232.554226430069,6996.99743573306,-3.3,12757.7,10914.599999999999,-14.4,Conab,Estimativa em fevereiro/2026,https://www.gov.br/conab/pt-br/atuacao/informacoes-agropecuarias/safras/safra-de-graos/boletim-da-safra-de-graos/5o-levantamento-safra-2025-26/site_previsao_de_safra-por-produto-fev-2026.xlsx,-11.565281478541856,-3.256896295864733,-14.446961442893327,,-1843.1000000000022,-203.99999999999977,-235.5567906970091,queda combinada,24.0
regiao,FEIJÃO TOTAL,NORTE,2024/25,2025/26,107.5,117.80000000000001,9.6,1087.6279069767443,1022.6400679117148,-6.0,116.9,120.5,3.1,Conab,Estimativa em fevereiro/2026,https://www.gov.br/conab/pt-br/atuacao/informacoes-agropecuarias/safras/safra-de-graos/boletim-da-safra-de-graos/5o-levantamento-safra-2025-26/site_previsao_de_safra-por-produto-fev-2026.xlsx,9.58139534883722,-5.97519047168206,3.0795551753635535,,3.5999999999999943,10.300000000000011,-64.98783906502945,expansao por area,141.0
uf,FEIJÃO TOTAL,RR,2024/25,2025/26,2.7,2.7,0.0,1212.0,1208.0,-0.3,3.3,3.3,0.0,Conab,Estimativa em fevereiro/2026,https://www.gov.br/conab/pt-br/atuacao/informacoes-agropecuarias/safras/safra-de-graos/boletim-da-safra-de-graos/5o-levantamento-safra-2025-26/site_previsao_de_safra-por-produto-fev-2026.xlsx,0.0,-0.33003300330033003,0.0,,0.0,0.0,-4.0,estabilidade aproximada,229.0
uf,FEIJÃO TOTAL,RO,2024/25,2025/26,2.0,2.2,10.0,1060.0,1007.0,-5.0,2.1,2.2,4.8,Conab,Estimativa em fevereiro/2026,https://www.gov.br/conab/pt-br/atuacao/informacoes-agropecuarias/safras/safra-de-graos/boletim-da-safra-de-graos/5o-levantamento-safra-2025-26/site_previsao_de_safra-por-produto-fev-2026.xlsx,10.000000000000009,-5.0,4.761904761904765,,0.10000000000000009,0.20000000000000018,-53.0,expansao por area,236.0
uf,FEIJÃO TOTAL,AC,2024/25,2025/26,5.3,5.3,0.0,563.0,563.0,0.0,3.0,3.0,0.0,Conab,Estimativa em fevereiro/2026,https://www.gov.br/conab/pt-br/atuacao/informacoes-agropecuarias/safras/safra-de-graos/boletim-da-safra-de-graos/5o-levantamento-safra-2025-26/site_previsao_de_safra-por-produto-fev-2026.xlsx,0.0,0.0,0.0,,0.0,0.0,0.0,estabilidade aproximada,231.0
uf,FEIJÃO TOTAL,AM,2024/25,2025/26,2.2,2.2,0.0,731.0,731.0,0.0,1.6,1.6,0.0,Conab,Estimativa em fevereiro/2026,https://www.gov.br/conab/pt-br/atuacao/informacoes-agropecuarias/safras/safra-de-graos/boletim-da-safra-de-graos/5o-levantamento-safra-2025-26/site_previsao_de_safra-por-produto-fev-2026.xlsx,0.0,0.0,0.0,,0.0,0.0,0.0,estabilidade aproximada,240.0
uf,FEIJÃO TOTAL,AP,2024/25,2025/26,1.1,1.1,0.0,909.0,910.0,0.1,1.0,1.0,0.0,Conab,Estimativa em fevereiro/2026,https://www.gov.br/conab/pt-br/atuacao/informacoes-agropecuarias/safras/safra-de-graos/boletim-da-safra-de-graos/5o-levantamento-safra-2025-26/site_previsao_de_safra-por-produto-fev-2026.xlsx,0.0,0.11001100110011,0.0,,0.0,0.0,1.0,estabilidade aproximada,245.0
uf,FEIJÃO TOTAL,PA,2024/25,2025/26,16.599999999999998,21.7,30.7,748.1144578313254,731.3686635944701,-2.2,12.4,15.9,28.2,Conab,Estimativa em fevereiro/2026,https://www.gov.br/conab/pt-br/atuacao/informacoes-agropecuarias/safras/safra-de-graos/boletim-da-safra-de-graos/5o-levantamento-safra-2025-26/site_previsao_de_safra-por-produto-fev-2026.xlsx,30.72289156626507,-2.23840002843934,28.2258064516129,,3.5,5.100000000000001,-16.745794236855204,expansao por area,205.0
uf,FEIJÃO TOTAL,TO,2024/25,2025/26,77.6,82.60000000000001,6.4,1205.1146907216496,1132.278450363196,-6.0,93.5,93.5,0.0,Conab,Estimativa em fevereiro/2026,https://www.gov.br/conab/pt-br/atuacao/informacoes-agropecuarias/safras/safra-de-graos/boletim-da-safra-de-graos/5o-levantamento-safra-2025-26/site_previsao_de_safra-por-produto-fev-2026.xlsx,6.443298969072184,-6.043926019592175,0.0,,0.0,5.000000000000014,-72.83624035845355,estabilidade aproximada,154.0
regiao,FEIJÃO TOTAL,NORDESTE,2024/25,2025/26,1312.3999999999999,1311.5,-0.1,460.2230265163061,527.8137399923751,14.7,604.0,692.1,14.6,Conab,Estimativa em fevereiro/2026,https://www.gov.br/conab/pt-br/atuacao/informacoes-agropecuarias/safras/safra-de-graos/boletim-da-safra-de-graos/5o-levantamento-safra-2025-26/site_previsao_de_safra-por-produto-fev-2026.xlsx,-0.0685766534593008,14.686512751806905,14.586092715231791,,88.10000000000002,-0.8999999999998636,67.59071347606897,expansao por produtividade,94.0
uf,FEIJÃO TOTAL,MA,2024/25,2025/26,47.400000000000006,46.2,-2.5,670.4535864978902,673.3939393939394,0.4,31.8,31.1,-2.2,Conab,Estimativa em fevereiro/2026,https://www.gov.br/conab/pt-br/atuacao/informacoes-agropecuarias/safras/safra-de-graos/boletim-da-safra-de-graos/5o-levantamento-safra-2025-26/site_previsao_de_safra-por-produto-fev-2026.xlsx,-2.531645569620259,0.4385617371976578,-2.201257861635218,,-0.6999999999999993,-1.2000000000000028,2.9403528960491485,queda por area,193.0
uf,FEIJÃO TOTAL,PI,2024/25,2025/26,204.70000000000002,200.70000000000002,-2.0,261.8436736687836,365.4439461883408,39.6,53.6,73.3,36.8,Conab,Estimativa em fevereiro/2026,https://www.gov.br/conab/pt-br/atuacao/informacoes-agropecuarias/safras/safra-de-graos/boletim-da-safra-de-graos/5o-levantamento-safra-2025-26/site_previsao_de_safra-por-produto-fev-2026.xlsx,-1.9540791402051783,39.5656962293484,36.753731343283576,,19.699999999999996,-4.0,103.60027251955722,expansao por produtividade,167.0
uf,FEIJÃO TOTAL,CE,2024/25,2025/26,336.40000000000003,332.6,-1.1,157.35463733650417,157.6710763680096,0.2,52.9,52.4,-0.9,Conab,Estimativa em fevereiro/2026,https://www.gov.br/conab/pt-br/atuacao/informacoes-agropecuarias/safras/safra-de-graos/boletim-da-safra-de-graos/5o-levantamento-safra-2025-26/site_previsao_de_safra-por-produto-fev-2026.xlsx,-1.1296076099881127,0.20109927286650703,-0.945179584120983,,-0.5,-3.8000000000000114,0.31643903150543906,queda por area,182.0
uf,FEIJÃO TOTAL,RN,2024/25,2025/26,46.8,44.5,-4.9,165.0,168.0,1.8,7.7,7.5,-2.6,Conab,Estimativa em fevereiro/2026,https://www.gov.br/conab/pt-br/atuacao/informacoes-agropecuarias/safras/safra-de-graos/boletim-da-safra-de-graos/5o-levantamento-safra-2025-26/site_previsao_de_safra-por-produto-fev-2026.xlsx,-4.914529914529909,1.8181818181818181,-2.5974025974025996,,-0.20000000000000018,-2.299999999999997,3.0,queda por area,219.0
uf,FEIJÃO TOTAL,PB,2024/25,2025/26,103.10000000000001,105.00000000000001,1.8,292.72356935014545,370.53142857142853,26.6,30.2,38.9,28.8,Conab,Estimativa em fevereiro/2026,https://www.gov.br/conab/pt-br/atuacao/informacoes-agropecuarias/safras/safra-de-graos/boletim-da-safra-de-graos/5o-levantamento-safra-2025-26/site_previsao_de_safra-por-produto-fev-2026.xlsx,1.8428709990300731,26.580660858303524,28.807947019867548,,8.7,1.9000000000000057,77.80785922128308,expansao combinada,187.0
uf,FEIJÃO TOTAL,PE,2024/25,2025/26,173.7,173.3,-0.2,707.8560736902707,670.2152336987882,-5.3,123.0,116.1,-5.6,Conab,Estimativa em fevereiro/2026,https://www.gov.br/conab/pt-br/atuacao/informacoes-agropecuarias/safras/safra-de-graos/boletim-da-safra-de-graos/5o-levantamento-safra-2025-26/site_previsao_de_safra-por-produto-fev-2026.xlsx,-0.2302820955670566,-5.31758381265972,-5.60975609756098,,-6.900000000000006,-0.39999999999997726,-37.640839991482494,queda combinada,143.0
uf,FEIJÃO TOTAL,AL,2024/25,2025/26,20.599999999999998,17.4,-15.5,617.9708737864079,701.7011494252874,13.5,12.7,12.2,-3.9,Conab,Estimativa em fevereiro/2026,https://www.gov.br/conab/pt-br/atuacao/informacoes-agropecuarias/safras/safra-de-graos/boletim-da-safra-de-graos/5o-levantamento-safra-2025-26/site_previsao_de_safra-por-produto-fev-2026.xlsx,-15.53398058252427,13.5492268633715,-3.937007874015748,,-0.5,-3.1999999999999993,83.73027563887956,queda por area,211.0
uf,FEIJÃO TOTAL,SE,2024/25,2025/26,2.4,2.4,0.0,513.0,737.0,43.7,1.2,1.8,50.0,Conab,Estimativa em fevereiro/2026,https://www.gov.br/conab/pt-br/atuacao/informacoes-agropecuarias/safras/safra-de-graos/boletim-da-safra-de-graos/5o-levantamento-safra-2025-26/site_previsao_de_safra-por-produto-fev-2026.xlsx,0.0,43.66471734892787,50.000000000000014,,0.6000000000000001,0.0,224.0,expansao por produtividade,238.0
uf,FEIJÃO TOTAL,BA,2024/25,2025/26,377.29999999999995,389.4,3.2,770.9141266896371,921.4751412429379,19.5,290.9,358.8,23.3,Conab,Estimativa em fevereiro/2026,https://www.gov.br/conab/pt-br/atuacao/informacoes-agropecuarias/safras/safra-de-graos/boletim-da-safra-de-graos/5o-levantamento-safra-2025-26/site_previsao_de_safra-por-produto-fev-2026.xlsx,3.206997084548111,19.530192707691196,23.341354417325554,,67.90000000000003,12.100000000000023,150.56101455330077,expansao combinada,116.0
regiao,FEIJÃO TOTAL,CENTRO-OESTE,2024/25,2025/26,303.99999999999994,299.3,-1.5,2111.106907894737,2089.5115268960903,-1.0,641.7,625.4000000000001,-2.5,Conab,Estimativa em fevereiro/2026,https://www.gov.br/conab/pt-br/atuacao/informacoes-agropecuarias/safras/safra-de-graos/boletim-da-safra-de-graos/5o-levantamento-safra-2025-26/site_previsao_de_safra-por-produto-fev-2026.xlsx,-1.5460526315789254,-1.0229411366088685,-2.540127785569574,,-16.299999999999955,-4.699999999999932,-21.59538099864676,queda combinada,98.0
uf,FEIJÃO TOTAL,MT,2024/25,2025/26,164.2,164.0,-0.1,1843.6345919610235,1753.271951219512,-4.9,302.7,287.5,-5.0,Conab,Estimativa em fevereiro/2026,https://www.gov.br/conab/pt-br/atuacao/informacoes-agropecuarias/safras/safra-de-graos/boletim-da-safra-de-graos/5o-levantamento-safra-2025-26/site_previsao_de_safra-por-produto-fev-2026.xlsx,-0.12180267965894558,-4.9013313774610445,-5.02147340601255,,-15.199999999999989,-0.19999999999998863,-90.36264074151154,queda combinada,125.0
uf,FEIJÃO TOTAL,MS,2024/25,2025/26,5.7,7.2,26.3,1775.0,1649.0,-7.1,10.1,11.9,17.8,Conab,Estimativa em fevereiro/2026,https://www.gov.br/conab/pt-br/atuacao/informacoes-agropecuarias/safras/safra-de-graos/boletim-da-safra-de-graos/5o-levantamento-safra-2025-26/site_previsao_de_safra-por-produto-fev-2026.xlsx,26.31578947368421,-7.098591549295774,17.82178217821783,,1.8000000000000007,1.5,-126.0,expansao por area,212.0
uf,FEIJÃO TOTAL,GO,2024/25,2025/26,119.2,113.4,-4.9,2432.3255033557048,2537.6366843033506,4.3,289.9,287.8,-0.7,Conab,Estimativa em fevereiro/2026,https://www.gov.br/conab/pt-br/atuacao/informacoes-agropecuarias/safras/safra-de-graos/boletim-da-safra-de-graos/5o-levantamento-safra-2025-26/site_previsao_de_safra-por-produto-fev-2026.xlsx,-4.865771812080535,4.329649991432298,-0.7243877199034032,,-2.099999999999966,-5.799999999999997,105.31118094764588,queda por area,124.0
uf,FEIJÃO TOTAL,DF,2024/25,2025/26,14.9,14.7,-1.3,2617.51677852349,2599.5510204081634,-0.7,39.0,38.2,-2.1,Conab,Estimativa em fevereiro/2026,https://www.gov.br/conab/pt-br/atuacao/informacoes-agropecuarias/safras/safra-de-graos/boletim-da-safra-de-graos/5o-levantamento-safra-2025-26/site_previsao_de_safra-por-produto-fev-2026.xlsx,-1.342281879194638,-0.6863664929575256,-2.051282051282044,,-0.7999999999999972,-0.20000000000000107,-17.96575811532648,queda combinada,188.0
regiao,FEIJÃO TOTAL,SUDESTE,2024/25,2025/26,374.00000000000006,375.09999999999997,0.3,1737.6943850267376,1847.0583844308185,6.3,650.0,692.8,6.6,Conab,Estimativa em fevereiro/2026,https://www.gov.br/conab/pt-br/atuacao/informacoes-agropecuarias/safras/safra-de-graos/boletim-da-safra-de-graos/5o-levantamento-safra-2025-26/site_previsao_de_safra-por-produto-fev-2026.xlsx,0.29411764705879917,6.2936267934363,6.584615384615377,,42.799999999999955,1.099999999999909,109.36399940408091,expansao combinada,93.0
uf,FEIJÃO TOTAL,MG,2024/25,2025/26,286.70000000000005,287.4,0.2,1614.2026508545514,1738.698677800974,7.7,462.8,499.7,8.0,Conab,Estimativa em fevereiro/2026,https://www.gov.br/conab/pt-br/atuacao/informacoes-agropecuarias/safras/safra-de-graos/boletim-da-safra-de-graos/5o-levantamento-safra-2025-26/site_previsao_de_safra-por-produto-fev-2026.xlsx,0.24415765608647774,7.71254011263797,7.9732065687121825,,36.89999999999998,0.6999999999999318,124.49602694642272,expansao combinada,103.0
uf,FEIJÃO TOTAL,ES,2024/25,2025/26,8.5,9.0,5.9,1056.3999999999999,1080.1333333333334,2.2,9.0,9.7,7.8,Conab,Estimativa em fevereiro/2026,https://www.gov.br/conab/pt-br/atuacao/informacoes-agropecuarias/safras/safra-de-graos/boletim-da-safra-de-graos/5o-levantamento-safra-2025-26/site_previsao_de_safra-por-produto-fev-2026.xlsx,5.88235294117647,2.2466237536286995,7.77777777777777,,0.6999999999999993,0.5,23.733333333333576,expansao combinada,217.0
uf,FEIJÃO TOTAL,RJ,2024/25,2025/26,1.0,0.8999999999999999,-10.0,1354.3999999999999,1528.0000000000002,12.8,1.4,1.4,0.0,Conab,Estimativa em fevereiro/2026,https://www.gov.br/conab/pt-br/atuacao/informacoes-agropecuarias/safras/safra-de-graos/boletim-da-safra-de-graos/5o-levantamento-safra-2025-26/site_previsao_de_safra-por-produto-fev-2026.xlsx,-10.000000000000009,12.817483756645037,0.0,,0.0,-0.10000000000000009,173.60000000000036,estabilidade aproximada,241.0
uf,FEIJÃO TOTAL,SP,2024/25,2025/26,77.8,77.8,0.0,2272.133676092545,2339.7583547557842,3.0,176.8,182.0,2.9,Conab,Estimativa em fevereiro/2026,https://www.gov.br/conab/pt-br/atuacao/informacoes-agropecuarias/safras/safra-de-graos/boletim-da-safra-de-graos/5o-levantamento-safra-2025-26/site_previsao_de_safra-por-produto-fev-2026.xlsx,0.0,2.9762632091055172,2.941176470588229,,5.199999999999989,0.0,67.62467866323914,expansao por produtividade,132.0
regiao,FEIJÃO TOTAL,SUL,2024/25,2025/26,595.1,496.9,-16.5,1759.9408502772644,1680.947474340914,-4.5,1047.3000000000002,835.3,-20.2,Conab,Estimativa em fevereiro/2026,https://www.gov.br/conab/pt-br/atuacao/informacoes-agropecuarias/safras/safra-de-graos/boletim-da-safra-de-graos/5o-levantamento-safra-2025-26/site_previsao_de_safra-por-produto-fev-2026.xlsx,-16.501428331372885,-4.488410841984021,-20.242528406378323,,-212.00000000000023,-98.20000000000005,-78.9933759363505,queda combinada,88.0
uf,FEIJÃO TOTAL,PR,2024/25,2025/26,491.7,397.2,-19.2,1750.462273744153,1652.617321248741,-5.6,860.7,656.4,-23.7,Conab,Estimativa em fevereiro/2026,https://www.gov.br/conab/pt-br/atuacao/informacoes-agropecuarias/safras/safra-de-graos/boletim-da-safra-de-graos/5o-levantamento-safra-2025-26/site_previsao_de_safra-por-produto-fev-2026.xlsx,-19.219035997559487,-5.589663597040932,-23.7364935517602,,-204.30000000000007,-94.5,-97.84495249541192,queda combinada,95.0
uf,FEIJÃO TOTAL,SC,2024/25,2025/26,61.0,55.8,-8.5,1854.7868852459017,1886.9175627240145,1.7,113.1,105.3,-6.9,Conab,Estimativa em fevereiro/2026,https://www.gov.br/conab/pt-br/atuacao/informacoes-agropecuarias/safras/safra-de-graos/boletim-da-safra-de-graos/5o-levantamento-safra-2025-26/site_previsao_de_safra-por-produto-fev-2026.xlsx,-8.52459016393443,1.7323110128554229,-6.89655172413793,,-7.799999999999997,-5.200000000000003,32.13067747811283,queda por area,147.0
uf,FEIJÃO TOTAL,RS,2024/25,2025/26,42.4,43.900000000000006,3.5,1733.4080188679245,1675.4715261958997,-3.3,73.5,73.6,0.1,Conab,Estimativa em fevereiro/2026,https://www.gov.br/conab/pt-br/atuacao/informacoes-agropecuarias/safras/safra-de-graos/boletim-da-safra-de-graos/5o-levantamento-safra-2025-26/site_previsao_de_safra-por-produto-fev-2026.xlsx,3.53773584905662,-3.3423459474857307,0.13605442176869975,,0.09999999999999432,1.500000000000007,-57.93649267202477,expansao por area,166.0
agregado_regional,FEIJÃO TOTAL,NORTE/NORDESTE,2024/25,2025/26,1419.8999999999999,1429.3,0.7,507.7235720825411,568.5963198768628,12.0,720.9,812.6,12.7,Conab,Estimativa em fevereiro/2026,https://www.gov.br/conab/pt-br/atuacao/informacoes-agropecuarias/safras/safra-de-graos/boletim-da-safra-de-graos/5o-levantamento-safra-2025-26/site_previsao_de_safra-por-produto-fev-2026.xlsx,0.6620184520036687,11.98934836620616,12.720210847551677,,91.70000000000005,9.400000000000091,60.8727477943217,expansao combinada,89.0
agregado_regional,FEIJÃO TOTAL,CENTRO-SUL,2024/25,2025/26,1273.1,1171.3,-8.0,1837.2594454481189,1838.5428156748915,0.1,2339.0,2153.5,-7.9,Conab,Estimativa em fevereiro/2026,https://www.gov.br/conab/pt-br/atuacao/informacoes-agropecuarias/safras/safra-de-graos/boletim-da-safra-de-graos/5o-levantamento-safra-2025-26/site_previsao_de_safra-por-produto-fev-2026.xlsx,-7.996229675595002,0.06985242231042563,-7.930739632321505,,-185.5,-101.79999999999995,1.283370226772604,queda por area,64.0
total_brasil,FEIJÃO TOTAL,BRASIL,2024/25,2025/26,2693.0,2600.6,-3.4,1136.2538804307464,1140.5752211028225,0.4,3059.9,2966.1,-3.1,Conab,Estimativa em fevereiro/2026,https://www.gov.br/conab/pt-br/atuacao/informacoes-agropecuarias/safras/safra-de-graos/boletim-da-safra-de-graos/5o-levantamento-safra-2025-26/site_previsao_de_safra-por-produto-fev-2026.xlsx,-3.431117712588195,0.38031471192317373,-3.0654596555443048,,-93.80000000000018,-92.40000000000009,4.321340672076076,queda por area,54.0
regiao,GERGELIM,NORTE,2024/25,2025/26,202.8,202.8,0.0,534.8461538461538,534.8461538461538,0.0,108.5,108.5,0.0,Conab,Estimativa em fevereiro/2026,https://www.gov.br/conab/pt-br/atuacao/informacoes-agropecuarias/safras/safra-de-graos/boletim-da-safra-de-graos/5o-levantamento-safra-2025-26/site_previsao_de_safra-por-produto-fev-2026.xlsx,0.0,0.0,0.0,,0.0,0.0,0.0,estabilidade aproximada,146.0
uf,GERGELIM,RR,2024/25,2025/26,0.0,0.0,0.0,0.0,0.0,0.0,0.0,0.0,0.0,Conab,Estimativa em fevereiro/2026,https://www.gov.br/conab/pt-br/atuacao/informacoes-agropecuarias/safras/safra-de-graos/boletim-da-safra-de-graos/5o-levantamento-safra-2025-26/site_previsao_de_safra-por-produto-fev-2026.xlsx,,,,,0.0,0.0,0.0,estabilidade aproximada,254.0
uf,GERGELIM,RO,2024/25,2025/26,0.0,0.0,0.0,0.0,0.0,0.0,0.0,0.0,0.0,Conab,Estimativa em fevereiro/2026,https://www.gov.br/conab/pt-br/atuacao/informacoes-agropecuarias/safras/safra-de-graos/boletim-da-safra-de-graos/5o-levantamento-safra-2025-26/site_previsao_de_safra-por-produto-fev-2026.xlsx,,,,,0.0,0.0,0.0,estabilidade aproximada,254.0
uf,GERGELIM,AC,2024/25,2025/26,0.0,0.0,0.0,0.0,0.0,0.0,0.0,0.0,0.0,Conab,Estimativa em fevereiro/2026,https://www.gov.br/conab/pt-br/atuacao/informacoes-agropecuarias/safras/safra-de-graos/boletim-da-safra-de-graos/5o-levantamento-safra-2025-26/site_previsao_de_safra-por-produto-fev-2026.xlsx,,,,,0.0,0.0,0.0,estabilidade aproximada,254.0
uf,GERGELIM,AM,2024/25,2025/26,0.0,0.0,0.0,0.0,0.0,0.0,0.0,0.0,0.0,Conab,Estimativa em fevereiro/2026,https://www.gov.br/conab/pt-br/atuacao/informacoes-agropecuarias/safras/safra-de-graos/boletim-da-safra-de-graos/5o-levantamento-safra-2025-26/site_previsao_de_safra-por-produto-fev-2026.xlsx,,,,,0.0,0.0,0.0,estabilidade aproximada,254.0
uf,GERGELIM,AP,2024/25,2025/26,0.0,0.0,0.0,0.0,0.0,0.0,0.0,0.0,0.0,Conab,Estimativa em fevereiro/2026,https://www.gov.br/conab/pt-br/atuacao/informacoes-agropecuarias/safras/safra-de-graos/boletim-da-safra-de-graos/5o-levantamento-safra-2025-26/site_previsao_de_safra-por-produto-fev-2026.xlsx,,,,,0.0,0.0,0.0,estabilidade aproximada,254.0
uf,GERGELIM,PA,2024/25,2025/26,112.8,112.8,0.0,506.0,506.0,0.0,57.1,57.1,0.0,Conab,Estimativa em fevereiro/2026,https://www.gov.br/conab/pt-br/atuacao/informacoes-agropecuarias/safras/safra-de-graos/boletim-da-safra-de-graos/5o-levantamento-safra-2025-26/site_previsao_de_safra-por-produto-fev-2026.xlsx,0.0,0.0,0.0,,0.0,0.0,0.0,estabilidade aproximada,176.0
uf,GERGELIM,TO,2024/25,2025/26,90.0,90.0,0.0,571.0,571.0,0.0,51.4,51.4,0.0,Conab,Estimativa em fevereiro/2026,https://www.gov.br/conab/pt-br/atuacao/informacoes-agropecuarias/safras/safra-de-graos/boletim-da-safra-de-graos/5o-levantamento-safra-2025-26/site_previsao_de_safra-por-produto-fev-2026.xlsx,0.0,0.0,0.0,,0.0,0.0,0.0,estabilidade aproximada,183.0
regiao,GERGELIM,NORDESTE,2024/25,2025/26,0.0,0.0,0.0,0.0,0.0,0.0,0.0,0.0,0.0,Conab,Estimativa em fevereiro/2026,https://www.gov.br/conab/pt-br/atuacao/informacoes-agropecuarias/safras/safra-de-graos/boletim-da-safra-de-graos/5o-levantamento-safra-2025-26/site_previsao_de_safra-por-produto-fev-2026.xlsx,,,,,0.0,0.0,0.0,estabilidade aproximada,254.0
uf,GERGELIM,MA,2024/25,2025/26,0.0,0.0,0.0,0.0,0.0,0.0,0.0,0.0,0.0,Conab,Estimativa em fevereiro/2026,https://www.gov.br/conab/pt-br/atuacao/informacoes-agropecuarias/safras/safra-de-graos/boletim-da-safra-de-graos/5o-levantamento-safra-2025-26/site_previsao_de_safra-por-produto-fev-2026.xlsx,,,,,0.0,0.0,0.0,estabilidade aproximada,254.0
uf,GERGELIM,PI,2024/25,2025/26,0.0,0.0,0.0,0.0,0.0,0.0,0.0,0.0,0.0,Conab,Estimativa em fevereiro/2026,https://www.gov.br/conab/pt-br/atuacao/informacoes-agropecuarias/safras/safra-de-graos/boletim-da-safra-de-graos/5o-levantamento-safra-2025-26/site_previsao_de_safra-por-produto-fev-2026.xlsx,,,,,0.0,0.0,0.0,estabilidade aproximada,254.0
uf,GERGELIM,CE,2024/25,2025/26,0.0,0.0,0.0,0.0,0.0,0.0,0.0,0.0,0.0,Conab,Estimativa em fevereiro/2026,https://www.gov.br/conab/pt-br/atuacao/informacoes-agropecuarias/safras/safra-de-graos/boletim-da-safra-de-graos/5o-levantamento-safra-2025-26/site_previsao_de_safra-por-produto-fev-2026.xlsx,,,,,0.0,0.0,0.0,estabilidade aproximada,254.0
uf,GERGELIM,RN,2024/25,2025/26,0.0,0.0,0.0,0.0,0.0,0.0,0.0,0.0,0.0,Conab,Estimativa em fevereiro/2026,https://www.gov.br/conab/pt-br/atuacao/informacoes-agropecuarias/safras/safra-de-graos/boletim-da-safra-de-graos/5o-levantamento-safra-2025-26/site_previsao_de_safra-por-produto-fev-2026.xlsx,,,,,0.0,0.0,0.0,estabilidade aproximada,254.0
uf,GERGELIM,PB,2024/25,2025/26,0.0,0.0,0.0,0.0,0.0,0.0,0.0,0.0,0.0,Conab,Estimativa em fevereiro/2026,https://www.gov.br/conab/pt-br/atuacao/informacoes-agropecuarias/safras/safra-de-graos/boletim-da-safra-de-graos/5o-levantamento-safra-2025-26/site_previsao_de_safra-por-produto-fev-2026.xlsx,,,,,0.0,0.0,0.0,estabilidade aproximada,254.0
uf,GERGELIM,PE,2024/25,2025/26,0.0,0.0,0.0,0.0,0.0,0.0,0.0,0.0,0.0,Conab,Estimativa em fevereiro/2026,https://www.gov.br/conab/pt-br/atuacao/informacoes-agropecuarias/safras/safra-de-graos/boletim-da-safra-de-graos/5o-levantamento-safra-2025-26/site_previsao_de_safra-por-produto-fev-2026.xlsx,,,,,0.0,0.0,0.0,estabilidade aproximada,254.0
uf,GERGELIM,AL,2024/25,2025/26,0.0,0.0,0.0,0.0,0.0,0.0,0.0,0.0,0.0,Conab,Estimativa em fevereiro/2026,https://www.gov.br/conab/pt-br/atuacao/informacoes-agropecuarias/safras/safra-de-graos/boletim-da-safra-de-graos/5o-levantamento-safra-2025-26/site_previsao_de_safra-por-produto-fev-2026.xlsx,,,,,0.0,0.0,0.0,estabilidade aproximada,254.0
uf,GERGELIM,SE,2024/25,2025/26,0.0,0.0,0.0,0.0,0.0,0.0,0.0,0.0,0.0,Conab,Estimativa em fevereiro/2026,https://www.gov.br/conab/pt-br/atuacao/informacoes-agropecuarias/safras/safra-de-graos/boletim-da-safra-de-graos/5o-levantamento-safra-2025-26/site_previsao_de_safra-por-produto-fev-2026.xlsx,,,,,0.0,0.0,0.0,estabilidade aproximada,254.0
uf,GERGELIM,BA,2024/25,2025/26,0.0,0.0,0.0,0.0,0.0,0.0,0.0,0.0,0.0,Conab,Estimativa em fevereiro/2026,https://www.gov.br/conab/pt-br/atuacao/informacoes-agropecuarias/safras/safra-de-graos/boletim-da-safra-de-graos/5o-levantamento-safra-2025-26/site_previsao_de_safra-por-produto-fev-2026.xlsx,,,,,0.0,0.0,0.0,estabilidade aproximada,254.0
regiao,GERGELIM,CENTRO-OESTE,2024/25,2025/26,405.2,405.2,0.0,717.8282329713721,717.8282329713721,0.0,290.9,290.9,0.0,Conab,Estimativa em fevereiro/2026,https://www.gov.br/conab/pt-br/atuacao/informacoes-agropecuarias/safras/safra-de-graos/boletim-da-safra-de-graos/5o-levantamento-safra-2025-26/site_previsao_de_safra-por-produto-fev-2026.xlsx,0.0,0.0,0.0,,0.0,0.0,0.0,estabilidade aproximada,122.0
uf,GERGELIM,MT,2024/25,2025/26,401.2,401.2,0.0,720.0,720.0,0.0,288.9,288.9,0.0,Conab,Estimativa em fevereiro/2026,https://www.gov.br/conab/pt-br/atuacao/informacoes-agropecuarias/safras/safra-de-graos/boletim-da-safra-de-graos/5o-levantamento-safra-2025-26/site_previsao_de_safra-por-produto-fev-2026.xlsx,0.0,0.0,0.0,,0.0,0.0,0.0,estabilidade aproximada,123.0
uf,GERGELIM,MS,2024/25,2025/26,0.0,0.0,0.0,0.0,0.0,0.0,0.0,0.0,0.0,Conab,Estimativa em fevereiro/2026,https://www.gov.br/conab/pt-br/atuacao/informacoes-agropecuarias/safras/safra-de-graos/boletim-da-safra-de-graos/5o-levantamento-safra-2025-26/site_previsao_de_safra-por-produto-fev-2026.xlsx,,,,,0.0,0.0,0.0,estabilidade aproximada,254.0
uf,GERGELIM,GO,2024/25,2025/26,4.0,4.0,0.0,500.0,500.0,0.0,2.0,2.0,0.0,Conab,Estimativa em fevereiro/2026,https://www.gov.br/conab/pt-br/atuacao/informacoes-agropecuarias/safras/safra-de-graos/boletim-da-safra-de-graos/5o-levantamento-safra-2025-26/site_previsao_de_safra-por-produto-fev-2026.xlsx,0.0,0.0,0.0,,0.0,0.0,0.0,estabilidade aproximada,237.0
uf,GERGELIM,DF,2024/25,2025/26,0.0,0.0,0.0,0.0,0.0,0.0,0.0,0.0,0.0,Conab,Estimativa em fevereiro/2026,https://www.gov.br/conab/pt-br/atuacao/informacoes-agropecuarias/safras/safra-de-graos/boletim-da-safra-de-graos/5o-levantamento-safra-2025-26/site_previsao_de_safra-por-produto-fev-2026.xlsx,,,,,0.0,0.0,0.0,estabilidade aproximada,254.0
regiao,GERGELIM,SUDESTE,2024/25,2025/26,0.0,0.0,0.0,0.0,0.0,0.0,0.0,0.0,0.0,Conab,Estimativa em fevereiro/2026,https://www.gov.br/conab/pt-br/atuacao/informacoes-agropecuarias/safras/safra-de-graos/boletim-da-safra-de-graos/5o-levantamento-safra-2025-26/site_previsao_de_safra-por-produto-fev-2026.xlsx,,,,,0.0,0.0,0.0,estabilidade aproximada,254.0
uf,GERGELIM,MG,2024/25,2025/26,0.0,0.0,0.0,0.0,0.0,0.0,0.0,0.0,0.0,Conab,Estimativa em fevereiro/2026,https://www.gov.br/conab/pt-br/atuacao/informacoes-agropecuarias/safras/safra-de-graos/boletim-da-safra-de-graos/5o-levantamento-safra-2025-26/site_previsao_de_safra-por-produto-fev-2026.xlsx,,,,,0.0,0.0,0.0,estabilidade aproximada,254.0
uf,GERGELIM,ES,2024/25,2025/26,0.0,0.0,0.0,0.0,0.0,0.0,0.0,0.0,0.0,Conab,Estimativa em fevereiro/2026,https://www.gov.br/conab/pt-br/atuacao/informacoes-agropecuarias/safras/safra-de-graos/boletim-da-safra-de-graos/5o-levantamento-safra-2025-26/site_previsao_de_safra-por-produto-fev-2026.xlsx,,,,,0.0,0.0,0.0,estabilidade aproximada,254.0
uf,GERGELIM,RJ,2024/25,2025/26,0.0,0.0,0.0,0.0,0.0,0.0,0.0,0.0,0.0,Conab,Estimativa em fevereiro/2026,https://www.gov.br/conab/pt-br/atuacao/informacoes-agropecuarias/safras/safra-de-graos/boletim-da-safra-de-graos/5o-levantamento-safra-2025-26/site_previsao_de_safra-por-produto-fev-2026.xlsx,,,,,0.0,0.0,0.0,estabilidade aproximada,254.0
uf,GERGELIM,SP,2024/25,2025/26,0.0,0.0,0.0,0.0,0.0,0.0,0.0,0.0,0.0,Conab,Estimativa em fevereiro/2026,https://www.gov.br/conab/pt-br/atuacao/informacoes-agropecuarias/safras/safra-de-graos/boletim-da-safra-de-graos/5o-levantamento-safra-2025-26/site_previsao_de_safra-por-produto-fev-2026.xlsx,,,,,0.0,0.0,0.0,estabilidade aproximada,254.0
regiao,GERGELIM,SUL,2024/25,2025/26,0.0,0.0,0.0,0.0,0.0,0.0,0.0,0.0,0.0,Conab,Estimativa em fevereiro/2026,https://www.gov.br/conab/pt-br/atuacao/informacoes-agropecuarias/safras/safra-de-graos/boletim-da-safra-de-graos/5o-levantamento-safra-2025-26/site_previsao_de_safra-por-produto-fev-2026.xlsx,,,,,0.0,0.0,0.0,estabilidade aproximada,254.0
uf,GERGELIM,PR,2024/25,2025/26,0.0,0.0,0.0,0.0,0.0,0.0,0.0,0.0,0.0,Conab,Estimativa em fevereiro/2026,https://www.gov.br/conab/pt-br/atuacao/informacoes-agropecuarias/safras/safra-de-graos/boletim-da-safra-de-graos/5o-levantamento-safra-2025-26/site_previsao_de_safra-por-produto-fev-2026.xlsx,,,,,0.0,0.0,0.0,estabilidade aproximada,254.0
uf,GERGELIM,SC,2024/25,2025/26,0.0,0.0,0.0,0.0,0.0,0.0,0.0,0.0,0.0,Conab,Estimativa em fevereiro/2026,https://www.gov.br/conab/pt-br/atuacao/informacoes-agropecuarias/safras/safra-de-graos/boletim-da-safra-de-graos/5o-levantamento-safra-2025-26/site_previsao_de_safra-por-produto-fev-2026.xlsx,,,,,0.0,0.0,0.0,estabilidade aproximada,254.0
uf,GERGELIM,RS,2024/25,2025/26,0.0,0.0,0.0,0.0,0.0,0.0,0.0,0.0,0.0,Conab,Estimativa em fevereiro/2026,https://www.gov.br/conab/pt-br/atuacao/informacoes-agropecuarias/safras/safra-de-graos/boletim-da-safra-de-graos/5o-levantamento-safra-2025-26/site_previsao_de_safra-por-produto-fev-2026.xlsx,,,,,0.0,0.0,0.0,estabilidade aproximada,254.0
agregado_regional,GERGELIM,NORTE/NORDESTE,2024/25,2025/26,202.8,202.8,0.0,534.8461538461538,534.8461538461538,0.0,108.5,108.5,0.0,Conab,Estimativa em fevereiro/2026,https://www.gov.br/conab/pt-br/atuacao/informacoes-agropecuarias/safras/safra-de-graos/boletim-da-safra-de-graos/5o-levantamento-safra-2025-26/site_previsao_de_safra-por-produto-fev-2026.xlsx,0.0,0.0,0.0,,0.0,0.0,0.0,estabilidade aproximada,146.0
agregado_regional,GERGELIM,CENTRO-SUL,2024/25,2025/26,405.2,405.2,0.0,717.8282329713721,717.8282329713721,0.0,290.9,290.9,0.0,Conab,Estimativa em fevereiro/2026,https://www.gov.br/conab/pt-br/atuacao/informacoes-agropecuarias/safras/safra-de-graos/boletim-da-safra-de-graos/5o-levantamento-safra-2025-26/site_previsao_de_safra-por-produto-fev-2026.xlsx,0.0,0.0,0.0,,0.0,0.0,0.0,estabilidade aproximada,122.0
total_brasil,GERGELIM,BRASIL,2024/25,2025/26,608.0,608.0,0.0,656.7940789473683,656.7940789473683,0.0,399.4,399.4,0.0,Conab,Estimativa em fevereiro/2026,https://www.gov.br/conab/pt-br/atuacao/informacoes-agropecuarias/safras/safra-de-graos/boletim-da-safra-de-graos/5o-levantamento-safra-2025-26/site_previsao_de_safra-por-produto-fev-2026.xlsx,0.0,0.0,0.0,,0.0,0.0,0.0,estabilidade aproximada,110.0
regiao,GIRASSOL,NORTE,2024/25,2025/26,0.0,0.0,0.0,0.0,0.0,0.0,0.0,0.0,0.0,Conab,Estimativa em fevereiro/2026,https://www.gov.br/conab/pt-br/atuacao/informacoes-agropecuarias/safras/safra-de-graos/boletim-da-safra-de-graos/5o-levantamento-safra-2025-26/site_previsao_de_safra-por-produto-fev-2026.xlsx,,,,,0.0,0.0,0.0,estabilidade aproximada,254.0
uf,GIRASSOL,RR,2024/25,2025/26,0.0,0.0,0.0,0.0,0.0,0.0,0.0,0.0,0.0,Conab,Estimativa em fevereiro/2026,https://www.gov.br/conab/pt-br/atuacao/informacoes-agropecuarias/safras/safra-de-graos/boletim-da-safra-de-graos/5o-levantamento-safra-2025-26/site_previsao_de_safra-por-produto-fev-2026.xlsx,,,,,0.0,0.0,0.0,estabilidade aproximada,254.0
uf,GIRASSOL,RO,2024/25,2025/26,0.0,0.0,0.0,0.0,0.0,0.0,0.0,0.0,0.0,Conab,Estimativa em fevereiro/2026,https://www.gov.br/conab/pt-br/atuacao/informacoes-agropecuarias/safras/safra-de-graos/boletim-da-safra-de-graos/5o-levantamento-safra-2025-26/site_previsao_de_safra-por-produto-fev-2026.xlsx,,,,,0.0,0.0,0.0,estabilidade aproximada,254.0
uf,GIRASSOL,AC,2024/25,2025/26,0.0,0.0,0.0,0.0,0.0,0.0,0.0,0.0,0.0,Conab,Estimativa em fevereiro/2026,https://www.gov.br/conab/pt-br/atuacao/informacoes-agropecuarias/safras/safra-de-graos/boletim-da-safra-de-graos/5o-levantamento-safra-2025-26/site_previsao_de_safra-por-produto-fev-2026.xlsx,,,,,0.0,0.0,0.0,estabilidade aproximada,254.0
uf,GIRASSOL,AM,2024/25,2025/26,0.0,0.0,0.0,0.0,0.0,0.0,0.0,0.0,0.0,Conab,Estimativa em fevereiro/2026,https://www.gov.br/conab/pt-br/atuacao/informacoes-agropecuarias/safras/safra-de-graos/boletim-da-safra-de-graos/5o-levantamento-safra-2025-26/site_previsao_de_safra-por-produto-fev-2026.xlsx,,,,,0.0,0.0,0.0,estabilidade aproximada,254.0
uf,GIRASSOL,AP,2024/25,2025/26,0.0,0.0,0.0,0.0,0.0,0.0,0.0,0.0,0.0,Conab,Estimativa em fevereiro/2026,https://www.gov.br/conab/pt-br/atuacao/informacoes-agropecuarias/safras/safra-de-graos/boletim-da-safra-de-graos/5o-levantamento-safra-2025-26/site_previsao_de_safra-por-produto-fev-2026.xlsx,,,,,0.0,0.0,0.0,estabilidade aproximada,254.0
uf,GIRASSOL,PA,2024/25,2025/26,0.0,0.0,0.0,0.0,0.0,0.0,0.0,0.0,0.0,Conab,Estimativa em fevereiro/2026,https://www.gov.br/conab/pt-br/atuacao/informacoes-agropecuarias/safras/safra-de-graos/boletim-da-safra-de-graos/5o-levantamento-safra-2025-26/site_previsao_de_safra-por-produto-fev-2026.xlsx,,,,,0.0,0.0,0.0,estabilidade aproximada,254.0
uf,GIRASSOL,TO,2024/25,2025/26,0.0,0.0,0.0,0.0,0.0,0.0,0.0,0.0,0.0,Conab,Estimativa em fevereiro/2026,https://www.gov.br/conab/pt-br/atuacao/informacoes-agropecuarias/safras/safra-de-graos/boletim-da-safra-de-graos/5o-levantamento-safra-2025-26/site_previsao_de_safra-por-produto-fev-2026.xlsx,,,,,0.0,0.0,0.0,estabilidade aproximada,254.0
regiao,GIRASSOL,NORDESTE,2024/25,2025/26,0.0,0.0,0.0,0.0,0.0,0.0,0.0,0.0,0.0,Conab,Estimativa em fevereiro/2026,https://www.gov.br/conab/pt-br/atuacao/informacoes-agropecuarias/safras/safra-de-graos/boletim-da-safra-de-graos/5o-levantamento-safra-2025-26/site_previsao_de_safra-por-produto-fev-2026.xlsx,,,,,0.0,0.0,0.0,estabilidade aproximada,254.0
uf,GIRASSOL,MA,2024/25,2025/26,0.0,0.0,0.0,0.0,0.0,0.0,0.0,0.0,0.0,Conab,Estimativa em fevereiro/2026,https://www.gov.br/conab/pt-br/atuacao/informacoes-agropecuarias/safras/safra-de-graos/boletim-da-safra-de-graos/5o-levantamento-safra-2025-26/site_previsao_de_safra-por-produto-fev-2026.xlsx,,,,,0.0,0.0,0.0,estabilidade aproximada,254.0
uf,GIRASSOL,PI,2024/25,2025/26,0.0,0.0,0.0,0.0,0.0,0.0,0.0,0.0,0.0,Conab,Estimativa em fevereiro/2026,https://www.gov.br/conab/pt-br/atuacao/informacoes-agropecuarias/safras/safra-de-graos/boletim-da-safra-de-graos/5o-levantamento-safra-2025-26/site_previsao_de_safra-por-produto-fev-2026.xlsx,,,,,0.0,0.0,0.0,estabilidade aproximada,254.0
uf,GIRASSOL,CE,2024/25,2025/26,0.0,0.0,0.0,0.0,0.0,0.0,0.0,0.0,0.0,Conab,Estimativa em fevereiro/2026,https://www.gov.br/conab/pt-br/atuacao/informacoes-agropecuarias/safras/safra-de-graos/boletim-da-safra-de-graos/5o-levantamento-safra-2025-26/site_previsao_de_safra-por-produto-fev-2026.xlsx,,,,,0.0,0.0,0.0,estabilidade aproximada,254.0
uf,GIRASSOL,RN,2024/25,2025/26,0.0,0.0,0.0,0.0,0.0,0.0,0.0,0.0,0.0,Conab,Estimativa em fevereiro/2026,https://www.gov.br/conab/pt-br/atuacao/informacoes-agropecuarias/safras/safra-de-graos/boletim-da-safra-de-graos/5o-levantamento-safra-2025-26/site_previsao_de_safra-por-produto-fev-2026.xlsx,,,,,0.0,0.0,0.0,estabilidade aproximada,254.0
uf,GIRASSOL,PB,2024/25,2025/26,0.0,0.0,0.0,0.0,0.0,0.0,0.0,0.0,0.0,Conab,Estimativa em fevereiro/2026,https://www.gov.br/conab/pt-br/atuacao/informacoes-agropecuarias/safras/safra-de-graos/boletim-da-safra-de-graos/5o-levantamento-safra-2025-26/site_previsao_de_safra-por-produto-fev-2026.xlsx,,,,,0.0,0.0,0.0,estabilidade aproximada,254.0
uf,GIRASSOL,PE,2024/25,2025/26,0.0,0.0,0.0,0.0,0.0,0.0,0.0,0.0,0.0,Conab,Estimativa em fevereiro/2026,https://www.gov.br/conab/pt-br/atuacao/informacoes-agropecuarias/safras/safra-de-graos/boletim-da-safra-de-graos/5o-levantamento-safra-2025-26/site_previsao_de_safra-por-produto-fev-2026.xlsx,,,,,0.0,0.0,0.0,estabilidade aproximada,254.0
uf,GIRASSOL,AL,2024/25,2025/26,0.0,0.0,0.0,0.0,0.0,0.0,0.0,0.0,0.0,Conab,Estimativa em fevereiro/2026,https://www.gov.br/conab/pt-br/atuacao/informacoes-agropecuarias/safras/safra-de-graos/boletim-da-safra-de-graos/5o-levantamento-safra-2025-26/site_previsao_de_safra-por-produto-fev-2026.xlsx,,,,,0.0,0.0,0.0,estabilidade aproximada,254.0
uf,GIRASSOL,SE,2024/25,2025/26,0.0,0.0,0.0,0.0,0.0,0.0,0.0,0.0,0.0,Conab,Estimativa em fevereiro/2026,https://www.gov.br/conab/pt-br/atuacao/informacoes-agropecuarias/safras/safra-de-graos/boletim-da-safra-de-graos/5o-levantamento-safra-2025-26/site_previsao_de_safra-por-produto-fev-2026.xlsx,,,,,0.0,0.0,0.0,estabilidade aproximada,254.0
uf,GIRASSOL,BA,2024/25,2025/26,0.0,0.0,0.0,0.0,0.0,0.0,0.0,0.0,0.0,Conab,Estimativa em fevereiro/2026,https://www.gov.br/conab/pt-br/atuacao/informacoes-agropecuarias/safras/safra-de-graos/boletim-da-safra-de-graos/5o-levantamento-safra-2025-26/site_previsao_de_safra-por-produto-fev-2026.xlsx,,,,,0.0,0.0,0.0,estabilidade aproximada,254.0
regiao,GIRASSOL,CENTRO-OESTE,2024/25,2025/26,52.300000000000004,52.300000000000004,0.0,1589.5430210325044,1553.5965583173993,-2.3,83.1,81.19999999999999,-2.3,Conab,Estimativa em fevereiro/2026,https://www.gov.br/conab/pt-br/atuacao/informacoes-agropecuarias/safras/safra-de-graos/boletim-da-safra-de-graos/5o-levantamento-safra-2025-26/site_previsao_de_safra-por-produto-fev-2026.xlsx,0.0,-2.261433773069929,-2.286401925391102,,-1.9000000000000057,0.0,-35.9464627151051,queda por produtividade,162.0
uf,GIRASSOL,MT,2024/25,2025/26,3.9,3.9,0.0,1591.0,1591.0,0.0,6.2,6.2,0.0,Conab,Estimativa em fevereiro/2026,https://www.gov.br/conab/pt-br/atuacao/informacoes-agropecuarias/safras/safra-de-graos/boletim-da-safra-de-graos/5o-levantamento-safra-2025-26/site_previsao_de_safra-por-produto-fev-2026.xlsx,0.0,0.0,0.0,,0.0,0.0,0.0,estabilidade aproximada,221.0
uf,GIRASSOL,MS,2024/25,2025/26,0.8,0.8,0.0,1810.0,1810.0,0.0,1.4,1.4,0.0,Conab,Estimativa em fevereiro/2026,https://www.gov.br/conab/pt-br/atuacao/informacoes-agropecuarias/safras/safra-de-graos/boletim-da-safra-de-graos/5o-levantamento-safra-2025-26/site_previsao_de_safra-por-produto-fev-2026.xlsx,0.0,0.0,0.0,,0.0,0.0,0.0,estabilidade aproximada,241.0
uf,GIRASSOL,GO,2024/25,2025/26,47.0,47.0,0.0,1579.0,1539.0,-2.5,74.2,72.3,-2.6,Conab,Estimativa em fevereiro/2026,https://www.gov.br/conab/pt-br/atuacao/informacoes-agropecuarias/safras/safra-de-graos/boletim-da-safra-de-graos/5o-levantamento-safra-2025-26/site_previsao_de_safra-por-produto-fev-2026.xlsx,0.0,-2.53324889170361,-2.5606469002695493,,-1.9000000000000057,0.0,-40.0,queda por produtividade,168.0
uf,GIRASSOL,DF,2024/25,2025/26,0.6,0.6,0.0,2112.0,2112.0,0.0,1.3,1.3,0.0,Conab,Estimativa em fevereiro/2026,https://www.gov.br/conab/pt-br/atuacao/informacoes-agropecuarias/safras/safra-de-graos/boletim-da-safra-de-graos/5o-levantamento-safra-2025-26/site_previsao_de_safra-por-produto-fev-2026.xlsx,0.0,0.0,0.0,,0.0,0.0,0.0,estabilidade aproximada,242.0
regiao,GIRASSOL,SUDESTE,2024/25,2025/26,5.5,5.5,0.0,1800.0,1800.0,0.0,9.9,9.9,0.0,Conab,Estimativa em fevereiro/2026,https://www.gov.br/conab/pt-br/atuacao/informacoes-agropecuarias/safras/safra-de-graos/boletim-da-safra-de-graos/5o-levantamento-safra-2025-26/site_previsao_de_safra-por-produto-fev-2026.xlsx,0.0,0.0,0.0,,0.0,0.0,0.0,estabilidade aproximada,216.0
uf,GIRASSOL,MG,2024/25,2025/26,5.5,5.5,0.0,1800.0,1800.0,0.0,9.9,9.9,0.0,Conab,Estimativa em fevereiro/2026,https://www.gov.br/conab/pt-br/atuacao/informacoes-agropecuarias/safras/safra-de-graos/boletim-da-safra-de-graos/5o-levantamento-safra-2025-26/site_previsao_de_safra-por-produto-fev-2026.xlsx,0.0,0.0,0.0,,0.0,0.0,0.0,estabilidade aproximada,216.0
uf,GIRASSOL,ES,2024/25,2025/26,0.0,0.0,0.0,0.0,0.0,0.0,0.0,0.0,0.0,Conab,Estimativa em fevereiro/2026,https://www.gov.br/conab/pt-br/atuacao/informacoes-agropecuarias/safras/safra-de-graos/boletim-da-safra-de-graos/5o-levantamento-safra-2025-26/site_previsao_de_safra-por-produto-fev-2026.xlsx,,,,,0.0,0.0,0.0,estabilidade aproximada,254.0
uf,GIRASSOL,RJ,2024/25,2025/26,0.0,0.0,0.0,0.0,0.0,0.0,0.0,0.0,0.0,Conab,Estimativa em fevereiro/2026,https://www.gov.br/conab/pt-br/atuacao/informacoes-agropecuarias/safras/safra-de-graos/boletim-da-safra-de-graos/5o-levantamento-safra-2025-26/site_previsao_de_safra-por-produto-fev-2026.xlsx,,,,,0.0,0.0,0.0,estabilidade aproximada,254.0
uf,GIRASSOL,SP,2024/25,2025/26,0.0,0.0,0.0,0.0,0.0,0.0,0.0,0.0,0.0,Conab,Estimativa em fevereiro/2026,https://www.gov.br/conab/pt-br/atuacao/informacoes-agropecuarias/safras/safra-de-graos/boletim-da-safra-de-graos/5o-levantamento-safra-2025-26/site_previsao_de_safra-por-produto-fev-2026.xlsx,,,,,0.0,0.0,0.0,estabilidade aproximada,254.0
regiao,GIRASSOL,SUL,2024/25,2025/26,4.1,6.0,46.3,1800.0,1893.0,5.2,7.4,11.4,54.1,Conab,Estimativa em fevereiro/2026,https://www.gov.br/conab/pt-br/atuacao/informacoes-agropecuarias/safras/safra-de-graos/boletim-da-safra-de-graos/5o-levantamento-safra-2025-26/site_previsao_de_safra-por-produto-fev-2026.xlsx,46.34146341463416,5.166666666666667,54.05405405405405,,4.0,1.9000000000000004,93.0,expansao combinada,213.0
uf,GIRASSOL,PR,2024/25,2025/26,0.0,0.0,0.0,0.0,0.0,0.0,0.0,0.0,0.0,Conab,Estimativa em fevereiro/2026,https://www.gov.br/conab/pt-br/atuacao/informacoes-agropecuarias/safras/safra-de-graos/boletim-da-safra-de-graos/5o-levantamento-safra-2025-26/site_previsao_de_safra-por-produto-fev-2026.xlsx,,,,,0.0,0.0,0.0,estabilidade aproximada,254.0
uf,GIRASSOL,SC,2024/25,2025/26,0.0,0.0,0.0,0.0,0.0,0.0,0.0,0.0,0.0,Conab,Estimativa em fevereiro/2026,https://www.gov.br/conab/pt-br/atuacao/informacoes-agropecuarias/safras/safra-de-graos/boletim-da-safra-de-graos/5o-levantamento-safra-2025-26/site_previsao_de_safra-por-produto-fev-2026.xlsx,,,,,0.0,0.0,0.0,estabilidade aproximada,254.0
uf,GIRASSOL,RS,2024/25,2025/26,4.1,6.0,46.3,1800.0,1893.0,5.2,7.4,11.4,54.1,Conab,Estimativa em fevereiro/2026,https://www.gov.br/conab/pt-br/atuacao/informacoes-agropecuarias/safras/safra-de-graos/boletim-da-safra-de-graos/5o-levantamento-safra-2025-26/site_previsao_de_safra-por-produto-fev-2026.xlsx,46.34146341463416,5.166666666666667,54.05405405405405,,4.0,1.9000000000000004,93.0,expansao combinada,213.0
agregado_regional,GIRASSOL,NORTE/NORDESTE,2024/25,2025/26,0.0,0.0,0.0,0.0,0.0,0.0,0.0,0.0,0.0,Conab,Estimativa em fevereiro/2026,https://www.gov.br/conab/pt-br/atuacao/informacoes-agropecuarias/safras/safra-de-graos/boletim-da-safra-de-graos/5o-levantamento-safra-2025-26/site_previsao_de_safra-por-produto-fev-2026.xlsx,,,,,0.0,0.0,0.0,estabilidade aproximada,254.0
agregado_regional,GIRASSOL,CENTRO-SUL,2024/25,2025/26,61.900000000000006,63.800000000000004,3.1,1622.1825525040385,1606.7570532915358,-1.0,100.4,102.5,2.1,Conab,Estimativa em fevereiro/2026,https://www.gov.br/conab/pt-br/atuacao/informacoes-agropecuarias/safras/safra-de-graos/boletim-da-safra-de-graos/5o-levantamento-safra-2025-26/site_previsao_de_safra-por-produto-fev-2026.xlsx,3.069466882067849,-0.9509101912538476,2.0916334661354523,,2.0999999999999943,1.8999999999999986,-15.4254992125027,expansao por area,148.0
total_brasil,GIRASSOL,BRASIL,2024/25,2025/26,61.900000000000006,63.800000000000004,3.1,1622.1825525040385,1606.7570532915358,-1.0,100.4,102.5,2.1,Conab,Estimativa em fevereiro/2026,https://www.gov.br/conab/pt-br/atuacao/informacoes-agropecuarias/safras/safra-de-graos/boletim-da-safra-de-graos/5o-levantamento-safra-2025-26/site_previsao_de_safra-por-produto-fev-2026.xlsx,3.069466882067849,-0.9509101912538476,2.0916334661354523,,2.0999999999999943,1.8999999999999986,-15.4254992125027,expansao por area,148.0
regiao,MAMONA,NORTE,2024/25,2025/26,0.0,0.0,0.0,0.0,0.0,0.0,0.0,0.0,0.0,Conab,Estimativa em fevereiro/2026,https://www.gov.br/conab/pt-br/atuacao/informacoes-agropecuarias/safras/safra-de-graos/boletim-da-safra-de-graos/5o-levantamento-safra-2025-26/site_previsao_de_safra-por-produto-fev-2026.xlsx,,,,,0.0,0.0,0.0,estabilidade aproximada,254.0
uf,MAMONA,RR,2024/25,2025/26,0.0,0.0,0.0,0.0,0.0,0.0,0.0,0.0,0.0,Conab,Estimativa em fevereiro/2026,https://www.gov.br/conab/pt-br/atuacao/informacoes-agropecuarias/safras/safra-de-graos/boletim-da-safra-de-graos/5o-levantamento-safra-2025-26/site_previsao_de_safra-por-produto-fev-2026.xlsx,,,,,0.0,0.0,0.0,estabilidade aproximada,254.0
uf,MAMONA,RO,2024/25,2025/26,0.0,0.0,0.0,0.0,0.0,0.0,0.0,0.0,0.0,Conab,Estimativa em fevereiro/2026,https://www.gov.br/conab/pt-br/atuacao/informacoes-agropecuarias/safras/safra-de-graos/boletim-da-safra-de-graos/5o-levantamento-safra-2025-26/site_previsao_de_safra-por-produto-fev-2026.xlsx,,,,,0.0,0.0,0.0,estabilidade aproximada,254.0
uf,MAMONA,AC,2024/25,2025/26,0.0,0.0,0.0,0.0,0.0,0.0,0.0,0.0,0.0,Conab,Estimativa em fevereiro/2026,https://www.gov.br/conab/pt-br/atuacao/informacoes-agropecuarias/safras/safra-de-graos/boletim-da-safra-de-graos/5o-levantamento-safra-2025-26/site_previsao_de_safra-por-produto-fev-2026.xlsx,,,,,0.0,0.0,0.0,estabilidade aproximada,254.0
uf,MAMONA,AM,2024/25,2025/26,0.0,0.0,0.0,0.0,0.0,0.0,0.0,0.0,0.0,Conab,Estimativa em fevereiro/2026,https://www.gov.br/conab/pt-br/atuacao/informacoes-agropecuarias/safras/safra-de-graos/boletim-da-safra-de-graos/5o-levantamento-safra-2025-26/site_previsao_de_safra-por-produto-fev-2026.xlsx,,,,,0.0,0.0,0.0,estabilidade aproximada,254.0
uf,MAMONA,AP,2024/25,2025/26,0.0,0.0,0.0,0.0,0.0,0.0,0.0,0.0,0.0,Conab,Estimativa em fevereiro/2026,https://www.gov.br/conab/pt-br/atuacao/informacoes-agropecuarias/safras/safra-de-graos/boletim-da-safra-de-graos/5o-levantamento-safra-2025-26/site_previsao_de_safra-por-produto-fev-2026.xlsx,,,,,0.0,0.0,0.0,estabilidade aproximada,254.0
uf,MAMONA,PA,2024/25,2025/26,0.0,0.0,0.0,0.0,0.0,0.0,0.0,0.0,0.0,Conab,Estimativa em fevereiro/2026,https://www.gov.br/conab/pt-br/atuacao/informacoes-agropecuarias/safras/safra-de-graos/boletim-da-safra-de-graos/5o-levantamento-safra-2025-26/site_previsao_de_safra-por-produto-fev-2026.xlsx,,,,,0.0,0.0,0.0,estabilidade aproximada,254.0
uf,MAMONA,TO,2024/25,2025/26,0.0,0.0,0.0,0.0,0.0,0.0,0.0,0.0,0.0,Conab,Estimativa em fevereiro/2026,https://www.gov.br/conab/pt-br/atuacao/informacoes-agropecuarias/safras/safra-de-graos/boletim-da-safra-de-graos/5o-levantamento-safra-2025-26/site_previsao_de_safra-por-produto-fev-2026.xlsx,,,,,0.0,0.0,0.0,estabilidade aproximada,254.0
regiao,MAMONA,NORDESTE,2024/25,2025/26,69.6,76.1,9.3,1437.1724137931035,1935.672798948752,34.7,100.02,147.32000000000002,47.3,Conab,Estimativa em fevereiro/2026,https://www.gov.br/conab/pt-br/atuacao/informacoes-agropecuarias/safras/safra-de-graos/boletim-da-safra-de-graos/5o-levantamento-safra-2025-26/site_previsao_de_safra-por-produto-fev-2026.xlsx,9.339080459770116,34.686192162564915,47.2905418916217,,47.300000000000026,6.5,498.5003851556485,expansao combinada,135.0
uf,MAMONA,MA,2024/25,2025/26,0.0,0.0,0.0,,,0.0,0.0,0.0,0.0,Conab,Estimativa em fevereiro/2026,https://www.gov.br/conab/pt-br/atuacao/informacoes-agropecuarias/safras/safra-de-graos/boletim-da-safra-de-graos/5o-levantamento-safra-2025-26/site_previsao_de_safra-por-produto-fev-2026.xlsx,,,,,0.0,0.0,,estabilidade aproximada,254.0
uf,MAMONA,PI,2024/25,2025/26,0.0,0.0,0.0,,,0.0,0.0,0.0,0.0,Conab,Estimativa em fevereiro/2026,https://www.gov.br/conab/pt-br/atuacao/informacoes-agropecuarias/safras/safra-de-graos/boletim-da-safra-de-graos/5o-levantamento-safra-2025-26/site_previsao_de_safra-por-produto-fev-2026.xlsx,,,,,0.0,0.0,,estabilidade aproximada,254.0
uf,MAMONA,CE,2024/25,2025/26,0.1,0.1,0.0,167.0,167.0,0.0,0.02,0.02,0.0,Conab,Estimativa em fevereiro/2026,https://www.gov.br/conab/pt-br/atuacao/informacoes-agropecuarias/safras/safra-de-graos/boletim-da-safra-de-graos/5o-levantamento-safra-2025-26/site_previsao_de_safra-por-produto-fev-2026.xlsx,0.0,0.0,0.0,,0.0,0.0,0.0,estabilidade aproximada,253.0
uf,MAMONA,RN,2024/25,2025/26,0.0,0.0,,0.0,0.0,0.0,0.0,0.0,0.0,Conab,Estimativa em fevereiro/2026,https://www.gov.br/conab/pt-br/atuacao/informacoes-agropecuarias/safras/safra-de-graos/boletim-da-safra-de-graos/5o-levantamento-safra-2025-26/site_previsao_de_safra-por-produto-fev-2026.xlsx,,,,,0.0,0.0,0.0,estabilidade aproximada,254.0
uf,MAMONA,PB,2024/25,2025/26,0.0,0.0,,0.0,0.0,0.0,0.0,0.0,0.0,Conab,Estimativa em fevereiro/2026,https://www.gov.br/conab/pt-br/atuacao/informacoes-agropecuarias/safras/safra-de-graos/boletim-da-safra-de-graos/5o-levantamento-safra-2025-26/site_previsao_de_safra-por-produto-fev-2026.xlsx,,,,,0.0,0.0,0.0,estabilidade aproximada,254.0
uf,MAMONA,PE,2024/25,2025/26,0.0,0.0,,0.0,0.0,0.0,0.0,0.0,0.0,Conab,Estimativa em fevereiro/2026,https://www.gov.br/conab/pt-br/atuacao/informacoes-agropecuarias/safras/safra-de-graos/boletim-da-safra-de-graos/5o-levantamento-safra-2025-26/site_previsao_de_safra-por-produto-fev-2026.xlsx,,,,,0.0,0.0,0.0,estabilidade aproximada,254.0
uf,MAMONA,AL,2024/25,2025/26,0.0,0.0,,0.0,0.0,0.0,0.0,0.0,0.0,Conab,Estimativa em fevereiro/2026,https://www.gov.br/conab/pt-br/atuacao/informacoes-agropecuarias/safras/safra-de-graos/boletim-da-safra-de-graos/5o-levantamento-safra-2025-26/site_previsao_de_safra-por-produto-fev-2026.xlsx,,,,,0.0,0.0,0.0,estabilidade aproximada,254.0
uf,MAMONA,SE,2024/25,2025/26,0.0,0.0,,0.0,0.0,0.0,0.0,0.0,0.0,Conab,Estimativa em fevereiro/2026,https://www.gov.br/conab/pt-br/atuacao/informacoes-agropecuarias/safras/safra-de-graos/boletim-da-safra-de-graos/5o-levantamento-safra-2025-26/site_previsao_de_safra-por-produto-fev-2026.xlsx,,,,,0.0,0.0,0.0,estabilidade aproximada,254.0
uf,MAMONA,BA,2024/25,2025/26,69.5,76.0,9.4,1439.0,1938.0,34.7,100.0,147.3,47.3,Conab,Estimativa em fevereiro/2026,https://www.gov.br/conab/pt-br/atuacao/informacoes-agropecuarias/safras/safra-de-graos/boletim-da-safra-de-graos/5o-levantamento-safra-2025-26/site_previsao_de_safra-por-produto-fev-2026.xlsx,9.352517985611511,34.67685892981237,47.30000000000001,,47.30000000000001,6.5,499.0,expansao combinada,136.0
regiao,MAMONA,CENTRO-OESTE,2024/25,2025/26,0.0,0.0,0.0,0.0,0.0,0.0,0.0,0.0,0.0,Conab,Estimativa em fevereiro/2026,https://www.gov.br/conab/pt-br/atuacao/informacoes-agropecuarias/safras/safra-de-graos/boletim-da-safra-de-graos/5o-levantamento-safra-2025-26/site_previsao_de_safra-por-produto-fev-2026.xlsx,,,,,0.0,0.0,0.0,estabilidade aproximada,254.0
uf,MAMONA,MT,2024/25,2025/26,0.0,0.0,0.0,0.0,0.0,0.0,0.0,0.0,0.0,Conab,Estimativa em fevereiro/2026,https://www.gov.br/conab/pt-br/atuacao/informacoes-agropecuarias/safras/safra-de-graos/boletim-da-safra-de-graos/5o-levantamento-safra-2025-26/site_previsao_de_safra-por-produto-fev-2026.xlsx,,,,,0.0,0.0,0.0,estabilidade aproximada,254.0
uf,MAMONA,MS,2024/25,2025/26,0.0,0.0,0.0,0.0,0.0,0.0,0.0,0.0,0.0,Conab,Estimativa em fevereiro/2026,https://www.gov.br/conab/pt-br/atuacao/informacoes-agropecuarias/safras/safra-de-graos/boletim-da-safra-de-graos/5o-levantamento-safra-2025-26/site_previsao_de_safra-por-produto-fev-2026.xlsx,,,,,0.0,0.0,0.0,estabilidade aproximada,254.0
uf,MAMONA,GO,2024/25,2025/26,0.0,0.0,0.0,0.0,0.0,0.0,0.0,0.0,0.0,Conab,Estimativa em fevereiro/2026,https://www.gov.br/conab/pt-br/atuacao/informacoes-agropecuarias/safras/safra-de-graos/boletim-da-safra-de-graos/5o-levantamento-safra-2025-26/site_previsao_de_safra-por-produto-fev-2026.xlsx,,,,,0.0,0.0,0.0,estabilidade aproximada,254.0
uf,MAMONA,DF,2024/25,2025/26,0.0,0.0,0.0,0.0,0.0,0.0,0.0,0.0,0.0,Conab,Estimativa em fevereiro/2026,https://www.gov.br/conab/pt-br/atuacao/informacoes-agropecuarias/safras/safra-de-graos/boletim-da-safra-de-graos/5o-levantamento-safra-2025-26/site_previsao_de_safra-por-produto-fev-2026.xlsx,,,,,0.0,0.0,0.0,estabilidade aproximada,254.0
regiao,MAMONA,SUDESTE,2024/25,2025/26,0.0,0.0,0.0,0.0,0.0,0.0,0.0,0.0,0.0,Conab,Estimativa em fevereiro/2026,https://www.gov.br/conab/pt-br/atuacao/informacoes-agropecuarias/safras/safra-de-graos/boletim-da-safra-de-graos/5o-levantamento-safra-2025-26/site_previsao_de_safra-por-produto-fev-2026.xlsx,,,,,0.0,0.0,0.0,estabilidade aproximada,254.0
uf,MAMONA,MG,2024/25,2025/26,0.0,0.0,0.0,0.0,0.0,0.0,0.0,0.0,0.0,Conab,Estimativa em fevereiro/2026,https://www.gov.br/conab/pt-br/atuacao/informacoes-agropecuarias/safras/safra-de-graos/boletim-da-safra-de-graos/5o-levantamento-safra-2025-26/site_previsao_de_safra-por-produto-fev-2026.xlsx,,,,,0.0,0.0,0.0,estabilidade aproximada,254.0
uf,MAMONA,ES,2024/25,2025/26,0.0,0.0,0.0,0.0,0.0,0.0,0.0,0.0,0.0,Conab,Estimativa em fevereiro/2026,https://www.gov.br/conab/pt-br/atuacao/informacoes-agropecuarias/safras/safra-de-graos/boletim-da-safra-de-graos/5o-levantamento-safra-2025-26/site_previsao_de_safra-por-produto-fev-2026.xlsx,,,,,0.0,0.0,0.0,estabilidade aproximada,254.0
uf,MAMONA,RJ,2024/25,2025/26,0.0,0.0,0.0,0.0,0.0,0.0,0.0,0.0,0.0,Conab,Estimativa em fevereiro/2026,https://www.gov.br/conab/pt-br/atuacao/informacoes-agropecuarias/safras/safra-de-graos/boletim-da-safra-de-graos/5o-levantamento-safra-2025-26/site_previsao_de_safra-por-produto-fev-2026.xlsx,,,,,0.0,0.0,0.0,estabilidade aproximada,254.0
uf,MAMONA,SP,2024/25,2025/26,0.0,0.0,0.0,0.0,0.0,0.0,0.0,0.0,0.0,Conab,Estimativa em fevereiro/2026,https://www.gov.br/conab/pt-br/atuacao/informacoes-agropecuarias/safras/safra-de-graos/boletim-da-safra-de-graos/5o-levantamento-safra-2025-26/site_previsao_de_safra-por-produto-fev-2026.xlsx,,,,,0.0,0.0,0.0,estabilidade aproximada,254.0
regiao,MAMONA,SUL,2024/25,2025/26,0.0,0.0,0.0,0.0,0.0,0.0,0.0,0.0,0.0,Conab,Estimativa em fevereiro/2026,https://www.gov.br/conab/pt-br/atuacao/informacoes-agropecuarias/safras/safra-de-graos/boletim-da-safra-de-graos/5o-levantamento-safra-2025-26/site_previsao_de_safra-por-produto-fev-2026.xlsx,,,,,0.0,0.0,0.0,estabilidade aproximada,254.0
uf,MAMONA,PR,2024/25,2025/26,0.0,0.0,0.0,0.0,0.0,0.0,0.0,0.0,0.0,Conab,Estimativa em fevereiro/2026,https://www.gov.br/conab/pt-br/atuacao/informacoes-agropecuarias/safras/safra-de-graos/boletim-da-safra-de-graos/5o-levantamento-safra-2025-26/site_previsao_de_safra-por-produto-fev-2026.xlsx,,,,,0.0,0.0,0.0,estabilidade aproximada,254.0
uf,MAMONA,SC,2024/25,2025/26,0.0,0.0,0.0,,,0.0,0.0,0.0,0.0,Conab,Estimativa em fevereiro/2026,https://www.gov.br/conab/pt-br/atuacao/informacoes-agropecuarias/safras/safra-de-graos/boletim-da-safra-de-graos/5o-levantamento-safra-2025-26/site_previsao_de_safra-por-produto-fev-2026.xlsx,,,,,0.0,0.0,,estabilidade aproximada,254.0
uf,MAMONA,RS,2024/25,2025/26,0.0,0.0,0.0,,,0.0,0.0,0.0,0.0,Conab,Estimativa em fevereiro/2026,https://www.gov.br/conab/pt-br/atuacao/informacoes-agropecuarias/safras/safra-de-graos/boletim-da-safra-de-graos/5o-levantamento-safra-2025-26/site_previsao_de_safra-por-produto-fev-2026.xlsx,,,,,0.0,0.0,,estabilidade aproximada,254.0
agregado_regional,MAMONA,NORTE/NORDESTE,2024/25,2025/26,69.6,76.1,9.3,1437.1724137931035,1935.672798948752,34.7,100.02,147.32000000000002,47.3,Conab,Estimativa em fevereiro/2026,https://www.gov.br/conab/pt-br/atuacao/informacoes-agropecuarias/safras/safra-de-graos/boletim-da-safra-de-graos/5o-levantamento-safra-2025-26/site_previsao_de_safra-por-produto-fev-2026.xlsx,9.339080459770116,34.686192162564915,47.2905418916217,,47.300000000000026,6.5,498.5003851556485,expansao combinada,135.0
agregado_regional,MAMONA,CENTRO-SUL,2024/25,2025/26,0.0,0.0,0.0,0.0,0.0,0.0,0.0,0.0,0.0,Conab,Estimativa em fevereiro/2026,https://www.gov.br/conab/pt-br/atuacao/informacoes-agropecuarias/safras/safra-de-graos/boletim-da-safra-de-graos/5o-levantamento-safra-2025-26/site_previsao_de_safra-por-produto-fev-2026.xlsx,,,,,0.0,0.0,0.0,estabilidade aproximada,254.0
total_brasil,MAMONA,BRASIL,2024/25,2025/26,69.6,76.1,9.3,1437.1724137931035,1935.672798948752,34.7,100.02,147.32000000000002,47.3,Conab,Estimativa em fevereiro/2026,https://www.gov.br/conab/pt-br/atuacao/informacoes-agropecuarias/safras/safra-de-graos/boletim-da-safra-de-graos/5o-levantamento-safra-2025-26/site_previsao_de_safra-por-produto-fev-2026.xlsx,9.339080459770116,34.686192162564915,47.2905418916217,,47.300000000000026,6.5,498.5003851556485,expansao combinada,135.0
regiao,MILHO TOTAL,NORTE,2024/25,2025/26,1549.8,1682.0,8.5,4971.8918570138085,4680.142033293698,-5.9,7705.4,7872.0,2.2,Conab,Estimativa em fevereiro/2026,https://www.gov.br/conab/pt-br/atuacao/informacoes-agropecuarias/safras/safra-de-graos/boletim-da-safra-de-graos/5o-levantamento-safra-2025-26/site_previsao_de_safra-por-produto-fev-2026.xlsx,8.530132920376825,-5.867984101636112,2.1621200716380766,,166.60000000000036,132.20000000000005,-291.7498237201107,expansao por area,30.0
uf,MILHO TOTAL,RR,2024/25,2025/26,20.0,20.0,0.0,6000.0,6000.0,0.0,120.0,120.0,0.0,Conab,Estimativa em fevereiro/2026,https://www.gov.br/conab/pt-br/atuacao/informacoes-agropecuarias/safras/safra-de-graos/boletim-da-safra-de-graos/5o-levantamento-safra-2025-26/site_previsao_de_safra-por-produto-fev-2026.xlsx,0.0,0.0,0.0,,0.0,0.0,0.0,estabilidade aproximada,142.0
uf,MILHO TOTAL,RO,2024/25,2025/26,493.3,523.6,6.1,5273.448611392661,5270.311688311687,-0.1,2601.4,2759.5,6.1,Conab,Estimativa em fevereiro/2026,https://www.gov.br/conab/pt-br/atuacao/informacoes-agropecuarias/safras/safra-de-graos/boletim-da-safra-de-graos/5o-levantamento-safra-2025-26/site_previsao_de_safra-por-produto-fev-2026.xlsx,6.142306912629234,-0.059485230863864036,6.077496732528634,,158.0999999999999,30.30000000000001,-3.1369230809741566,expansao por area,58.0
uf,MILHO TOTAL,AC,2024/25,2025/26,41.0,42.400000000000006,3.4,3406.636585365854,3468.6084905660373,1.8,139.7,147.1,5.3,Conab,Estimativa em fevereiro/2026,https://www.gov.br/conab/pt-br/atuacao/informacoes-agropecuarias/safras/safra-de-graos/boletim-da-safra-de-graos/5o-levantamento-safra-2025-26/site_previsao_de_safra-por-produto-fev-2026.xlsx,3.4146341463414775,1.8191522238210172,5.297065139584829,,7.400000000000006,1.4000000000000057,61.9719052001833,expansao combinada,137.0
uf,MILHO TOTAL,AM,2024/25,2025/26,8.3,8.3,0.0,3005.0,3041.0,1.2,24.9,25.2,1.2,Conab,Estimativa em fevereiro/2026,https://www.gov.br/conab/pt-br/atuacao/informacoes-agropecuarias/safras/safra-de-graos/boletim-da-safra-de-graos/5o-levantamento-safra-2025-26/site_previsao_de_safra-por-produto-fev-2026.xlsx,0.0,1.1980033277870217,1.2048192771084365,,0.3000000000000007,0.0,36.0,expansao por produtividade,198.0
uf,MILHO TOTAL,AP,2024/25,2025/26,2.0,2.0,0.0,969.0,977.0,0.8,1.9,2.0,5.3,Conab,Estimativa em fevereiro/2026,https://www.gov.br/conab/pt-br/atuacao/informacoes-agropecuarias/safras/safra-de-graos/boletim-da-safra-de-graos/5o-levantamento-safra-2025-26/site_previsao_de_safra-por-produto-fev-2026.xlsx,0.0,0.8255933952528379,5.263157894736848,,0.10000000000000009,0.0,8.0,expansao por produtividade,237.0
uf,MILHO TOTAL,PA,2024/25,2025/26,512.2,571.4000000000001,11.6,4206.4482623975,3588.333566678333,-14.7,2154.5,2050.4,-4.8,Conab,Estimativa em fevereiro/2026,https://www.gov.br/conab/pt-br/atuacao/informacoes-agropecuarias/safras/safra-de-graos/boletim-da-safra-de-graos/5o-levantamento-safra-2025-26/site_previsao_de_safra-por-produto-fev-2026.xlsx,11.557985162046084,-14.694456157814887,-4.831747505221625,,-104.09999999999991,59.200000000000045,-618.1146957191668,queda por produtividade,66.0
uf,MILHO TOTAL,TO,2024/25,2025/26,473.0,514.3,8.7,5629.918393234673,5381.735562901031,-4.4,2663.0,2767.8,3.9,Conab,Estimativa em fevereiro/2026,https://www.gov.br/conab/pt-br/atuacao/informacoes-agropecuarias/safras/safra-de-graos/boletim-da-safra-de-graos/5o-levantamento-safra-2025-26/site_previsao_de_safra-por-produto-fev-2026.xlsx,8.731501057082443,-4.408284685473901,3.9354111903867888,,104.80000000000018,41.299999999999955,-248.1828303336424,expansao por area,57.0
regiao,MILHO TOTAL,NORDESTE,2024/25,2025/26,2984.0,2891.1000000000004,-3.1,3395.8073391420917,3311.220815606516,-2.5,10133.1,9573.1,-5.5,Conab,Estimativa em fevereiro/2026,https://www.gov.br/conab/pt-br/atuacao/informacoes-agropecuarias/safras/safra-de-graos/boletim-da-safra-de-graos/5o-levantamento-safra-2025-26/site_previsao_de_safra-por-produto-fev-2026.xlsx,-3.1132707774798805,-2.490910557868845,-5.526443043096387,,-560.0,-92.89999999999964,-84.58652353557545,queda combinada,25.0
uf,MILHO TOTAL,MA,2024/25,2025/26,597.1,599.7,0.4,5714.883269134148,5088.745706186427,-11.0,3412.4,3051.7,-10.6,Conab,Estimativa em fevereiro/2026,https://www.gov.br/conab/pt-br/atuacao/informacoes-agropecuarias/safras/safra-de-graos/boletim-da-safra-de-graos/5o-levantamento-safra-2025-26/site_previsao_de_safra-por-produto-fev-2026.xlsx,0.4354379500921156,-10.95626163231477,-10.570273121556683,,-360.7000000000003,2.6000000000000227,-626.1375629477207,queda por produtividade,52.0
uf,MILHO TOTAL,PI,2024/25,2025/26,468.90000000000003,418.3,-10.8,4095.9443378119004,4210.498924217069,2.8,1920.6,1761.3,-8.3,Conab,Estimativa em fevereiro/2026,https://www.gov.br/conab/pt-br/atuacao/informacoes-agropecuarias/safras/safra-de-graos/boletim-da-safra-de-graos/5o-levantamento-safra-2025-26/site_previsao_de_safra-por-produto-fev-2026.xlsx,-10.791213478353598,2.79678083873485,-8.294283036551075,,-159.29999999999995,-50.60000000000002,114.55458640516827,queda por area,67.0
uf,MILHO TOTAL,CE,2024/25,2025/26,591.0,592.8,0.3,466.0,842.0,80.7,275.4,499.1,81.2,Conab,Estimativa em fevereiro/2026,https://www.gov.br/conab/pt-br/atuacao/informacoes-agropecuarias/safras/safra-de-graos/boletim-da-safra-de-graos/5o-levantamento-safra-2025-26/site_previsao_de_safra-por-produto-fev-2026.xlsx,0.30456852791877403,80.68669527896995,81.22730573710967,,223.70000000000005,1.7999999999999545,376.0,expansao combinada,104.0
uf,MILHO TOTAL,RN,2024/25,2025/26,64.2,61.0,-5.0,321.0,523.0,62.9,20.6,31.9,54.9,Conab,Estimativa em fevereiro/2026,https://www.gov.br/conab/pt-br/atuacao/informacoes-agropecuarias/safras/safra-de-graos/boletim-da-safra-de-graos/5o-levantamento-safra-2025-26/site_previsao_de_safra-por-produto-fev-2026.xlsx,-4.984423676012465,62.928348909657316,54.854368932038824,,11.299999999999997,-3.200000000000003,202.0,expansao por produtividade,190.0
uf,MILHO TOTAL,PB,2024/25,2025/26,117.2,117.2,0.0,449.0,645.0,43.7,52.6,75.6,43.7,Conab,Estimativa em fevereiro/2026,https://www.gov.br/conab/pt-br/atuacao/informacoes-agropecuarias/safras/safra-de-graos/boletim-da-safra-de-graos/5o-levantamento-safra-2025-26/site_previsao_de_safra-por-produto-fev-2026.xlsx,0.0,43.652561247216035,43.72623574144485,,22.999999999999993,0.0,196.0,expansao por produtividade,165.0
uf,MILHO TOTAL,PE,2024/25,2025/26,196.2,194.39999999999998,-0.9,1150.5005096839961,1153.8014403292182,0.3,225.7,224.3,-0.6,Conab,Estimativa em fevereiro/2026,https://www.gov.br/conab/pt-br/atuacao/informacoes-agropecuarias/safras/safra-de-graos/boletim-da-safra-de-graos/5o-levantamento-safra-2025-26/site_previsao_de_safra-por-produto-fev-2026.xlsx,-0.9174311926605563,0.2869125756518508,-0.620292423571102,,-1.3999999999999773,-1.8000000000000114,3.3009306452220244,queda por area,127.0
uf,MILHO TOTAL,AL,2024/25,2025/26,31.2,32.7,4.8,5230.0,3120.0,-40.3,163.2,102.0,-37.5,Conab,Estimativa em fevereiro/2026,https://www.gov.br/conab/pt-br/atuacao/informacoes-agropecuarias/safras/safra-de-graos/boletim-da-safra-de-graos/5o-levantamento-safra-2025-26/site_previsao_de_safra-por-produto-fev-2026.xlsx,4.807692307692319,-40.344168260038245,-37.49999999999999,,-61.19999999999999,1.5000000000000036,-2110.0,queda por produtividade,149.0
uf,MILHO TOTAL,SE,2024/25,2025/26,186.1,186.1,0.0,6769.0,5958.0,-12.0,1259.7,1108.8,-12.0,Conab,Estimativa em fevereiro/2026,https://www.gov.br/conab/pt-br/atuacao/informacoes-agropecuarias/safras/safra-de-graos/boletim-da-safra-de-graos/5o-levantamento-safra-2025-26/site_previsao_de_safra-por-produto-fev-2026.xlsx,0.0,-11.981090264440834,-11.979042629197435,,-150.9000000000001,0.0,-811.0,queda por produtividade,80.0
uf,MILHO TOTAL,BA,2024/25,2025/26,732.1,688.9,-5.9,3828.5642671766154,3945.937871969807,3.1,2802.9,2718.4,-3.0,Conab,Estimativa em fevereiro/2026,https://www.gov.br/conab/pt-br/atuacao/informacoes-agropecuarias/safras/safra-de-graos/boletim-da-safra-de-graos/5o-levantamento-safra-2025-26/site_previsao_de_safra-por-produto-fev-2026.xlsx,-5.900833219505538,3.065734217901716,-3.0147347390203003,,-84.5,-43.200000000000045,117.37360479319159,queda por area,60.0
regiao,MILHO TOTAL,CENTRO-OESTE,2024/25,2025/26,11394.300000000001,11712.9,2.8,7329.969642716095,6869.889293001733,-6.3,83519.9,80466.3,-3.7,Conab,Estimativa em fevereiro/2026,https://www.gov.br/conab/pt-br/atuacao/informacoes-agropecuarias/safras/safra-de-graos/boletim-da-safra-de-graos/5o-levantamento-safra-2025-26/site_previsao_de_safra-por-produto-fev-2026.xlsx,2.7961349095600303,-6.2767019802265,-3.6561346457550736,,-3053.5999999999913,318.59999999999854,-460.08034971436246,queda por produtividade,6.0
uf,MILHO TOTAL,MT,2024/25,2025/26,7287.4,7561.599999999999,3.8,7620.851208935972,7165.989116060093,-6.0,55536.2,54186.3,-2.4,Conab,Estimativa em fevereiro/2026,https://www.gov.br/conab/pt-br/atuacao/informacoes-agropecuarias/safras/safra-de-graos/boletim-da-safra-de-graos/5o-levantamento-safra-2025-26/site_previsao_de_safra-por-produto-fev-2026.xlsx,3.762658835798774,-5.968652062679325,-2.4306668443285537,,-1349.8999999999942,274.1999999999998,-454.86209287587917,queda por produtividade,7.0
uf,MILHO TOTAL,MS,2024/25,2025/26,2081.6,2147.0,3.1,6390.235780169101,5746.566371681416,-10.1,13301.9,12337.9,-7.2,Conab,Estimativa em fevereiro/2026,https://www.gov.br/conab/pt-br/atuacao/informacoes-agropecuarias/safras/safra-de-graos/boletim-da-safra-de-graos/5o-levantamento-safra-2025-26/site_previsao_de_safra-por-produto-fev-2026.xlsx,3.1418139892390515,-10.07270201962176,-7.247085002894324,,-964.0,65.40000000000009,-643.6694084876854,queda por produtividade,22.0
uf,MILHO TOTAL,GO,2024/25,2025/26,1969.1,1949.1,-1.0,7245.031588035143,6949.627315171105,-4.1,14266.2,13545.5,-5.1,Conab,Estimativa em fevereiro/2026,https://www.gov.br/conab/pt-br/atuacao/informacoes-agropecuarias/safras/safra-de-graos/boletim-da-safra-de-graos/5o-levantamento-safra-2025-26/site_previsao_de_safra-por-produto-fev-2026.xlsx,-1.0156924483266467,-4.077335885627957,-5.051800759837944,,-720.7000000000007,-20.0,-295.4042728640379,queda combinada,21.0
uf,MILHO TOTAL,DF,2024/25,2025/26,56.2,55.2,-1.8,7394.5818505338075,7184.536231884058,-2.8,415.6,396.6,-4.6,Conab,Estimativa em fevereiro/2026,https://www.gov.br/conab/pt-br/atuacao/informacoes-agropecuarias/safras/safra-de-graos/boletim-da-safra-de-graos/5o-levantamento-safra-2025-26/site_previsao_de_safra-por-produto-fev-2026.xlsx,-1.779359430604982,-2.8405340950359013,-4.571703561116458,,-19.0,-1.0,-210.04561864974949,queda combinada,112.0
regiao,MILHO TOTAL,SUDESTE,2024/25,2025/26,1846.6,1931.9,4.6,5989.276237409293,6016.680832341218,0.5,11059.8,11623.6,5.1,Conab,Estimativa em fevereiro/2026,https://www.gov.br/conab/pt-br/atuacao/informacoes-agropecuarias/safras/safra-de-graos/boletim-da-safra-de-graos/5o-levantamento-safra-2025-26/site_previsao_de_safra-por-produto-fev-2026.xlsx,4.619300335752204,0.4575610448680736,5.09774136964503,,563.8000000000011,85.30000000000018,27.404594931925203,expansao combinada,23.0
uf,MILHO TOTAL,MG,2024/25,2025/26,1083.7,1141.3,5.3,6082.211682199871,6258.752913344432,2.9,6591.3,7143.1,8.4,Conab,Estimativa em fevereiro/2026,https://www.gov.br/conab/pt-br/atuacao/informacoes-agropecuarias/safras/safra-de-graos/boletim-da-safra-de-graos/5o-levantamento-safra-2025-26/site_previsao_de_safra-por-produto-fev-2026.xlsx,5.3151241118390615,2.9025828163992564,8.371641406095916,,551.8000000000002,57.59999999999991,176.5412311445616,expansao combinada,32.0
uf,MILHO TOTAL,ES,2024/25,2025/26,16.6,16.5,-0.6,3730.7349397590356,3512.5454545454545,-5.8,61.9,58.0,-6.3,Conab,Estimativa em fevereiro/2026,https://www.gov.br/conab/pt-br/atuacao/informacoes-agropecuarias/safras/safra-de-graos/boletim-da-safra-de-graos/5o-levantamento-safra-2025-26/site_previsao_de_safra-por-produto-fev-2026.xlsx,-0.6024096385542254,-5.848431709481717,-6.300484652665587,,-3.8999999999999986,-0.10000000000000142,-218.18948521358107,queda combinada,174.0
uf,MILHO TOTAL,RJ,2024/25,2025/26,1.5,1.4,-6.7,4655.0,4740.0,1.8,7.0,6.6,-5.7,Conab,Estimativa em fevereiro/2026,https://www.gov.br/conab/pt-br/atuacao/informacoes-agropecuarias/safras/safra-de-graos/boletim-da-safra-de-graos/5o-levantamento-safra-2025-26/site_previsao_de_safra-por-produto-fev-2026.xlsx,-6.666666666666672,1.8259935553168638,-5.71428571428572,,-0.40000000000000036,-0.10000000000000009,85.0,queda por area,220.0
uf,MILHO TOTAL,SP,2024/25,2025/26,744.8,772.7,3.7,5907.078410311494,5714.919114792287,-3.3,4399.6,4415.9,0.4,Conab,Estimativa em fevereiro/2026,https://www.gov.br/conab/pt-br/atuacao/informacoes-agropecuarias/safras/safra-de-graos/boletim-da-safra-de-graos/5o-levantamento-safra-2025-26/site_previsao_de_safra-por-produto-fev-2026.xlsx,3.7459720730397548,-3.2530344473466073,0.37048822620236543,,16.299999999999272,27.90000000000009,-192.15929551920726,expansao por area,44.0
regiao,MILHO TOTAL,SUL,2024/25,2025/26,4063.3,4307.700000000001,6.0,7072.921098614426,6711.961951853657,-5.1,28739.4,28913.199999999997,0.6,Conab,Estimativa em fevereiro/2026,https://www.gov.br/conab/pt-br/atuacao/informacoes-agropecuarias/safras/safra-de-graos/boletim-da-safra-de-graos/5o-levantamento-safra-2025-26/site_previsao_de_safra-por-produto-fev-2026.xlsx,6.014815544015961,-5.103395637079567,0.6047447058741505,,173.79999999999563,244.40000000000055,-360.9591467607688,expansao por area,11.0
uf,MILHO TOTAL,PR,2024/25,2025/26,3059.7000000000003,3181.2000000000003,4.0,6601.063927836062,6404.5622406639,-3.0,20197.3,20374.2,0.9,Conab,Estimativa em fevereiro/2026,https://www.gov.br/conab/pt-br/atuacao/informacoes-agropecuarias/safras/safra-de-graos/boletim-da-safra-de-graos/5o-levantamento-safra-2025-26/site_previsao_de_safra-por-produto-fev-2026.xlsx,3.9709775468183155,-2.976818423823057,0.8758596446059694,,176.90000000000146,121.5,-196.50168717216184,expansao por area,14.0
uf,MILHO TOTAL,SC,2024/25,2025/26,288.1,309.4,7.4,10800.0,10060.0,-6.9,3111.5,3112.6,0.0,Conab,Estimativa em fevereiro/2026,https://www.gov.br/conab/pt-br/atuacao/informacoes-agropecuarias/safras/safra-de-graos/boletim-da-safra-de-graos/5o-levantamento-safra-2025-26/site_previsao_de_safra-por-produto-fev-2026.xlsx,7.393266227004496,-6.851851851851852,0.0353527237666691,,1.099999999999909,21.299999999999955,-740.0,expansao por area,51.0
uf,MILHO TOTAL,RS,2024/25,2025/26,715.5,817.1,14.2,7590.0,6641.000000000001,-12.5,5430.6,5426.4,-0.1,Conab,Estimativa em fevereiro/2026,https://www.gov.br/conab/pt-br/atuacao/informacoes-agropecuarias/safras/safra-de-graos/boletim-da-safra-de-graos/5o-levantamento-safra-2025-26/site_previsao_de_safra-por-produto-fev-2026.xlsx,14.19986023759609,-12.503293807641622,-0.07733952049498632,,-4.200000000000728,101.60000000000002,-948.9999999999991,queda por produtividade,38.0
agregado_regional,MILHO TOTAL,NORTE/NORDESTE,2024/25,2025/26,4533.8,4573.1,0.9,3934.5641845692357,3814.7141763792606,-3.0,17838.5,17445.1,-2.2,Conab,Estimativa em fevereiro/2026,https://www.gov.br/conab/pt-br/atuacao/informacoes-agropecuarias/safras/safra-de-graos/boletim-da-safra-de-graos/5o-levantamento-safra-2025-26/site_previsao_de_safra-por-produto-fev-2026.xlsx,0.8668225329745507,-3.0460809016665356,-2.2053423774420575,,-393.40000000000146,39.30000000000018,-119.85000818997514,queda por produtividade,17.0
agregado_regional,MILHO TOTAL,CENTRO-SUL,2024/25,2025/26,17304.2,17952.5,3.7,7126.539851596723,6740.179390057095,-5.4,123319.1,121003.1,-1.9,Conab,Estimativa em fevereiro/2026,https://www.gov.br/conab/pt-br/atuacao/informacoes-agropecuarias/safras/safra-de-graos/boletim-da-safra-de-graos/5o-levantamento-safra-2025-26/site_previsao_de_safra-por-produto-fev-2026.xlsx,3.74648929161706,-5.421431291836005,-1.8780545754874953,,-2316.0,648.2999999999993,-386.360461539628,queda por produtividade,4.0
total_brasil,MILHO TOTAL,BRASIL,2024/25,2025/26,21838.0,22525.6,3.1,6463.851909515524,6146.257586923323,-4.9,141157.6,138448.2,-1.9,Conab,Estimativa em fevereiro/2026,https://www.gov.br/conab/pt-br/atuacao/informacoes-agropecuarias/safras/safra-de-graos/boletim-da-safra-de-graos/5o-levantamento-safra-2025-26/site_previsao_de_safra-por-produto-fev-2026.xlsx,3.1486399853466365,-4.913391071423931,-1.9194148951243106,,-2709.399999999994,687.5999999999985,-317.594322592201,queda por produtividade,3.0
regiao,SOJA,NORTE,2024/25,2025/26,3697.5,3994.6000000000004,8.0,3541.301446923597,3592.618509988484,1.4,13094.099999999999,14351.1,9.6,Conab,Estimativa em fevereiro/2026,https://www.gov.br/conab/pt-br/atuacao/informacoes-agropecuarias/safras/safra-de-graos/boletim-da-safra-de-graos/5o-levantamento-safra-2025-26/site_previsao_de_safra-por-produto-fev-2026.xlsx,8.035158891142673,1.4491018015274475,9.599743395880603,,1257.0000000000018,297.10000000000036,51.31706306488741,expansao combinada,19.0
uf,SOJA,RR,2024/25,2025/26,135.9,145.5,7.1,3450.0,3295.0,-4.5,468.9,479.4,2.2,Conab,Estimativa em fevereiro/2026,https://www.gov.br/conab/pt-br/atuacao/informacoes-agropecuarias/safras/safra-de-graos/boletim-da-safra-de-graos/5o-levantamento-safra-2025-26/site_previsao_de_safra-por-produto-fev-2026.xlsx,7.064017660044146,-4.492753623188406,2.239283429302623,,10.5,9.599999999999994,-155.0,expansao por area,105.0
uf,SOJA,RO,2024/25,2025/26,694.7,716.9,3.2,3799.0,3748.0,-1.3,2639.2,2686.9,1.8,Conab,Estimativa em fevereiro/2026,https://www.gov.br/conab/pt-br/atuacao/informacoes-agropecuarias/safras/safra-de-graos/boletim-da-safra-de-graos/5o-levantamento-safra-2025-26/site_previsao_de_safra-por-produto-fev-2026.xlsx,3.1956240103641758,-1.3424585417215056,1.8073658684449938,,47.70000000000027,22.199999999999932,-51.0,expansao por area,61.0
uf,SOJA,AC,2024/25,2025/26,18.6,22.0,18.3,3459.0,3780.0,9.3,64.3,83.2,29.4,Conab,Estimativa em fevereiro/2026,https://www.gov.br/conab/pt-br/atuacao/informacoes-agropecuarias/safras/safra-de-graos/boletim-da-safra-de-graos/5o-levantamento-safra-2025-26/site_previsao_de_safra-por-produto-fev-2026.xlsx,18.27956989247311,9.280138768430183,29.393468118195965,,18.900000000000006,3.3999999999999986,321.0,expansao combinada,159.0
uf,SOJA,AM,2024/25,2025/26,13.5,17.7,31.1,3330.0,3060.0,-8.1,45.0,54.2,20.4,Conab,Estimativa em fevereiro/2026,https://www.gov.br/conab/pt-br/atuacao/informacoes-agropecuarias/safras/safra-de-graos/boletim-da-safra-de-graos/5o-levantamento-safra-2025-26/site_previsao_de_safra-por-produto-fev-2026.xlsx,31.111111111111107,-8.108108108108109,20.44444444444445,,9.200000000000003,4.199999999999999,-270.0,expansao por area,180.0
uf,SOJA,AP,2024/25,2025/26,10.0,12.0,20.0,2618.0,2650.0,1.2,26.2,31.8,21.4,Conab,Estimativa em fevereiro/2026,https://www.gov.br/conab/pt-br/atuacao/informacoes-agropecuarias/safras/safra-de-graos/boletim-da-safra-de-graos/5o-levantamento-safra-2025-26/site_previsao_de_safra-por-produto-fev-2026.xlsx,20.0,1.2223071046600458,21.374045801526723,,5.600000000000001,2.0,32.0,expansao combinada,191.0
uf,SOJA,PA,2024/25,2025/26,1260.3,1400.2,11.1,3568.0,3571.0,0.1,4496.8,5000.1,11.2,Conab,Estimativa em fevereiro/2026,https://www.gov.br/conab/pt-br/atuacao/informacoes-agropecuarias/safras/safra-de-graos/boletim-da-safra-de-graos/5o-levantamento-safra-2025-26/site_previsao_de_safra-por-produto-fev-2026.xlsx,11.100531619455694,0.08408071748878924,11.192403486924038,,503.3000000000002,139.9000000000001,3.0,expansao combinada,42.0
uf,SOJA,TO,2024/25,2025/26,1564.5,1680.3,7.4,3422.0,3580.0,4.6,5353.7,6015.5,12.4,Conab,Estimativa em fevereiro/2026,https://www.gov.br/conab/pt-br/atuacao/informacoes-agropecuarias/safras/safra-de-graos/boletim-da-safra-de-graos/5o-levantamento-safra-2025-26/site_previsao_de_safra-por-produto-fev-2026.xlsx,7.401725790987533,4.617182933956751,12.361544352503879,,661.8000000000002,115.79999999999995,158.0,expansao combinada,36.0
regiao,SOJA,NORDESTE,2024/25,2025/26,4679.1,5018.9,7.3,3743.4852001453264,3704.423658570603,-1.0,17516.100000000002,18592.1,6.1,Conab,Estimativa em fevereiro/2026,https://www.gov.br/conab/pt-br/atuacao/informacoes-agropecuarias/safras/safra-de-graos/boletim-da-safra-de-graos/5o-levantamento-safra-2025-26/site_previsao_de_safra-por-produto-fev-2026.xlsx,7.2620803145903965,-1.0434538801758042,6.142919942224561,,1075.9999999999964,339.7999999999993,-39.06154157472338,expansao por area,16.0
uf,SOJA,MA,2024/25,2025/26,1436.1,1522.3,6.0,3383.0,3432.0,1.4,4858.3,5224.5,7.5,Conab,Estimativa em fevereiro/2026,https://www.gov.br/conab/pt-br/atuacao/informacoes-agropecuarias/safras/safra-de-graos/boletim-da-safra-de-graos/5o-levantamento-safra-2025-26/site_previsao_de_safra-por-produto-fev-2026.xlsx,6.002367523152987,1.4484185634052615,7.537616038531993,,366.1999999999998,86.20000000000005,49.0,expansao combinada,41.0
uf,SOJA,PI,2024/25,2025/26,1097.9,1148.4,4.6,3441.0,3554.0,3.3,3777.9,4081.4,8.0,Conab,Estimativa em fevereiro/2026,https://www.gov.br/conab/pt-br/atuacao/informacoes-agropecuarias/safras/safra-de-graos/boletim-da-safra-de-graos/5o-levantamento-safra-2025-26/site_previsao_de_safra-por-produto-fev-2026.xlsx,4.599690317879588,3.2839290903807035,8.03356362000053,,303.5,50.5,113.0,expansao combinada,45.0
uf,SOJA,CE,2024/25,2025/26,3.8,3.6,-4.8,3749.0,3721.0,-0.7,14.2,13.4,-5.6,Conab,Estimativa em fevereiro/2026,https://www.gov.br/conab/pt-br/atuacao/informacoes-agropecuarias/safras/safra-de-graos/boletim-da-safra-de-graos/5o-levantamento-safra-2025-26/site_previsao_de_safra-por-produto-fev-2026.xlsx,-5.263157894736835,-0.7468658308882369,-5.633802816901401,,-0.7999999999999989,-0.19999999999999973,-28.0,queda combinada,208.0
uf,SOJA,RN,2024/25,2025/26,0.0,0.0,0.0,0.0,,0.0,0.0,0.0,0.0,Conab,Estimativa em fevereiro/2026,https://www.gov.br/conab/pt-br/atuacao/informacoes-agropecuarias/safras/safra-de-graos/boletim-da-safra-de-graos/5o-levantamento-safra-2025-26/site_previsao_de_safra-por-produto-fev-2026.xlsx,,,,,0.0,0.0,,estabilidade aproximada,254.0
uf,SOJA,PB,2024/25,2025/26,0.0,0.0,0.0,0.0,,0.0,0.0,0.0,0.0,Conab,Estimativa em fevereiro/2026,https://www.gov.br/conab/pt-br/atuacao/informacoes-agropecuarias/safras/safra-de-graos/boletim-da-safra-de-graos/5o-levantamento-safra-2025-26/site_previsao_de_safra-por-produto-fev-2026.xlsx,,,,,0.0,0.0,,estabilidade aproximada,254.0
uf,SOJA,PE,2024/25,2025/26,0.8,0.8,0.0,3000.0,3000.0,0.0,2.4,2.4,0.0,Conab,Estimativa em fevereiro/2026,https://www.gov.br/conab/pt-br/atuacao/informacoes-agropecuarias/safras/safra-de-graos/boletim-da-safra-de-graos/5o-levantamento-safra-2025-26/site_previsao_de_safra-por-produto-fev-2026.xlsx,0.0,0.0,0.0,,0.0,0.0,0.0,estabilidade aproximada,235.0
uf,SOJA,AL,2024/25,2025/26,4.9,7.5,53.1,3600.0,3420.0,-5.0,17.6,25.7,46.0,Conab,Estimativa em fevereiro/2026,https://www.gov.br/conab/pt-br/atuacao/informacoes-agropecuarias/safras/safra-de-graos/boletim-da-safra-de-graos/5o-levantamento-safra-2025-26/site_previsao_de_safra-por-produto-fev-2026.xlsx,53.06122448979591,-5.0,46.02272727272726,,8.099999999999998,2.5999999999999996,-180.0,expansao por area,197.0
uf,SOJA,SE,2024/25,2025/26,0.0,0.0,0.0,0.0,,0.0,0.0,0.0,0.0,Conab,Estimativa em fevereiro/2026,https://www.gov.br/conab/pt-br/atuacao/informacoes-agropecuarias/safras/safra-de-graos/boletim-da-safra-de-graos/5o-levantamento-safra-2025-26/site_previsao_de_safra-por-produto-fev-2026.xlsx,,,,,0.0,0.0,,estabilidade aproximada,254.0
uf,SOJA,BA,2024/25,2025/26,2135.6,2336.3,9.4,4142.0,3957.0,-4.5,8845.7,9244.7,4.5,Conab,Estimativa em fevereiro/2026,https://www.gov.br/conab/pt-br/atuacao/informacoes-agropecuarias/safras/safra-de-graos/boletim-da-safra-de-graos/5o-levantamento-safra-2025-26/site_previsao_de_safra-por-produto-fev-2026.xlsx,9.397827308484748,-4.466441332689522,4.510666199396317,,399.0,200.70000000000027,-185.0,expansao por area,27.0
regiao,SOJA,CENTRO-OESTE,2024/25,2025/26,22035.2,22612.8,2.6,3929.090142136218,3794.2344512842283,-3.4,86578.3,85798.3,-0.9,Conab,Estimativa em fevereiro/2026,https://www.gov.br/conab/pt-br/atuacao/informacoes-agropecuarias/safras/safra-de-graos/boletim-da-safra-de-graos/5o-levantamento-safra-2025-26/site_previsao_de_safra-por-produto-fev-2026.xlsx,2.6212605286087647,-3.4322371331157564,-0.900918590455114,,-780.0,577.5999999999985,-134.85569085198995,queda por produtividade,5.0
uf,SOJA,MT,2024/25,2025/26,12738.7,13006.2,2.1,4028.0,3833.0,-4.8,51311.5,49852.8,-2.8,Conab,Estimativa em fevereiro/2026,https://www.gov.br/conab/pt-br/atuacao/informacoes-agropecuarias/safras/safra-de-graos/boletim-da-safra-de-graos/5o-levantamento-safra-2025-26/site_previsao_de_safra-por-produto-fev-2026.xlsx,2.0999003037986608,-4.84111221449851,-2.842832503434897,,-1458.699999999997,267.5,-195.0,queda por produtividade,8.0
uf,SOJA,MS,2024/25,2025/26,4253.4,4364.0,2.6,3339.0,3600.0,7.8,14202.1,15710.4,10.6,Conab,Estimativa em fevereiro/2026,https://www.gov.br/conab/pt-br/atuacao/informacoes-agropecuarias/safras/safra-de-graos/boletim-da-safra-de-graos/5o-levantamento-safra-2025-26/site_previsao_de_safra-por-produto-fev-2026.xlsx,2.600272722998081,7.816711590296496,10.62026038402771,,1508.2999999999993,110.60000000000036,261.0,expansao combinada,18.0
uf,SOJA,GO,2024/25,2025/26,4954.7,5152.9,4.0,4183.0,3858.0,-7.8,20725.5,19879.9,-4.1,Conab,Estimativa em fevereiro/2026,https://www.gov.br/conab/pt-br/atuacao/informacoes-agropecuarias/safras/safra-de-graos/boletim-da-safra-de-graos/5o-levantamento-safra-2025-26/site_previsao_de_safra-por-produto-fev-2026.xlsx,4.000242194280175,-7.769543389911547,-4.079998070010367,,-845.5999999999985,198.19999999999982,-325.0,queda por produtividade,15.0
uf,SOJA,DF,2024/25,2025/26,88.4,89.7,1.5,3837.0,3960.0,3.2,339.2,355.2,4.7,Conab,Estimativa em fevereiro/2026,https://www.gov.br/conab/pt-br/atuacao/informacoes-agropecuarias/safras/safra-de-graos/boletim-da-safra-de-graos/5o-levantamento-safra-2025-26/site_previsao_de_safra-por-produto-fev-2026.xlsx,1.4705882352941144,3.205629397967162,4.716981132075472,,16.0,1.2999999999999972,123.0,expansao combinada,117.0
regiao,SOJA,SUDESTE,2024/25,2025/26,3672.5,3738.7,1.8,3938.42322668482,3813.832508625993,-3.2,14463.9,14258.8,-1.4,Conab,Estimativa em fevereiro/2026,https://www.gov.br/conab/pt-br/atuacao/informacoes-agropecuarias/safras/safra-de-graos/boletim-da-safra-de-graos/5o-levantamento-safra-2025-26/site_previsao_de_safra-por-produto-fev-2026.xlsx,1.8025867937372313,-3.163466973652336,-1.4180131223252397,,-205.10000000000036,66.19999999999982,-124.59071805882695,queda por produtividade,20.0
uf,SOJA,MG,2024/25,2025/26,2316.9,2342.4,1.1,3965.0,3834.0,-3.3,9186.5,8980.8,-2.2,Conab,Estimativa em fevereiro/2026,https://www.gov.br/conab/pt-br/atuacao/informacoes-agropecuarias/safras/safra-de-graos/boletim-da-safra-de-graos/5o-levantamento-safra-2025-26/site_previsao_de_safra-por-produto-fev-2026.xlsx,1.1006085717985237,-3.3039092055485497,-2.2391552822075953,,-205.70000000000073,25.5,-131.0,queda por produtividade,28.0
uf,SOJA,ES,2024/25,2025/26,0.0,0.0,0.0,0.0,,0.0,0.0,0.0,0.0,Conab,Estimativa em fevereiro/2026,https://www.gov.br/conab/pt-br/atuacao/informacoes-agropecuarias/safras/safra-de-graos/boletim-da-safra-de-graos/5o-levantamento-safra-2025-26/site_previsao_de_safra-por-produto-fev-2026.xlsx,,,,,0.0,0.0,,estabilidade aproximada,254.0
uf,SOJA,RJ,2024/25,2025/26,0.0,0.0,0.0,0.0,,0.0,0.0,0.0,0.0,Conab,Estimativa em fevereiro/2026,https://www.gov.br/conab/pt-br/atuacao/informacoes-agropecuarias/safras/safra-de-graos/boletim-da-safra-de-graos/5o-levantamento-safra-2025-26/site_previsao_de_safra-por-produto-fev-2026.xlsx,,,,,0.0,0.0,,estabilidade aproximada,254.0
uf,SOJA,SP,2024/25,2025/26,1355.6,1396.3,3.0,3893.0,3780.0,-2.9,5277.4,5278.0,0.0,Conab,Estimativa em fevereiro/2026,https://www.gov.br/conab/pt-br/atuacao/informacoes-agropecuarias/safras/safra-de-graos/boletim-da-safra-de-graos/5o-levantamento-safra-2025-26/site_previsao_de_safra-por-produto-fev-2026.xlsx,3.002360578341697,-2.902645774466992,0.011369234850501456,,0.6000000000003638,40.700000000000045,-113.0,expansao por area,40.0
regiao,SOJA,SUL,2024/25,2025/26,13261.8,13069.400000000001,-1.5,3003.2143072584417,3441.990175524508,14.6,39828.1,44984.7,12.9,Conab,Estimativa em fevereiro/2026,https://www.gov.br/conab/pt-br/atuacao/informacoes-agropecuarias/safras/safra-de-graos/boletim-da-safra-de-graos/5o-levantamento-safra-2025-26/site_previsao_de_safra-por-produto-fev-2026.xlsx,-1.450783453226544,14.610208375925508,12.947140335592206,,5156.5999999999985,-192.39999999999782,438.775868266066,expansao por produtividade,9.0
uf,SOJA,PR,2024/25,2025/26,5343.3,5412.8,1.3,3739.0,3783.0,1.2,19978.6,20476.6,2.5,Conab,Estimativa em fevereiro/2026,https://www.gov.br/conab/pt-br/atuacao/informacoes-agropecuarias/safras/safra-de-graos/boletim-da-safra-de-graos/5o-levantamento-safra-2025-26/site_previsao_de_safra-por-produto-fev-2026.xlsx,1.30069432747553,1.1767852366943032,2.4926671538546246,,498.0,69.5,44.0,expansao combinada,13.0
uf,SOJA,SC,2024/25,2025/26,819.8,820.6,0.1,3933.0,3800.0,-3.4,3224.3,3118.3,-3.3,Conab,Estimativa em fevereiro/2026,https://www.gov.br/conab/pt-br/atuacao/informacoes-agropecuarias/safras/safra-de-graos/boletim-da-safra-de-graos/5o-levantamento-safra-2025-26/site_previsao_de_safra-por-produto-fev-2026.xlsx,0.09758477677483145,-3.3816425120772946,-3.2875352789752816,,-106.0,0.8000000000000682,-133.0,queda por produtividade,50.0
uf,SOJA,RS,2024/25,2025/26,7098.7,6836.0,-3.7,2342.0,3129.0,33.6,16625.2,21389.8,28.7,Conab,Estimativa em fevereiro/2026,https://www.gov.br/conab/pt-br/atuacao/informacoes-agropecuarias/safras/safra-de-graos/boletim-da-safra-de-graos/5o-levantamento-safra-2025-26/site_previsao_de_safra-por-produto-fev-2026.xlsx,-3.7006775888542944,33.603757472245945,28.658903351538616,,4764.5999999999985,-262.6999999999998,787.0,expansao por produtividade,12.0
agregado_regional,SOJA,NORTE/NORDESTE,2024/25,2025/26,8376.6,9013.5,7.6,3654.23963183153,3654.87388916625,0.0,30610.2,32943.2,7.6,Conab,Estimativa em fevereiro/2026,https://www.gov.br/conab/pt-br/atuacao/informacoes-agropecuarias/safras/safra-de-graos/boletim-da-safra-de-graos/5o-levantamento-safra-2025-26/site_previsao_de_safra-por-produto-fev-2026.xlsx,7.603323544158723,0.017356752666005053,7.6216424590495855,,2332.9999999999964,636.8999999999996,0.6342573347201323,expansao combinada,10.0
agregado_regional,SOJA,CENTRO-SUL,2024/25,2025/26,38969.5,39420.9,1.2,3614.8827647262597,3679.3119081502455,1.8,140870.3,145041.8,3.0,Conab,Estimativa em fevereiro/2026,https://www.gov.br/conab/pt-br/atuacao/informacoes-agropecuarias/safras/safra-de-graos/boletim-da-safra-de-graos/5o-levantamento-safra-2025-26/site_previsao_de_safra-por-produto-fev-2026.xlsx,1.1583417801100897,1.782330095257315,2.9612345540543323,,4171.5,451.40000000000146,64.4291434239858,expansao combinada,2.0
total_brasil,SOJA,BRASIL,2024/25,2025/26,47346.1,48434.4,2.3,3621.8458880456883,3674.764064383992,1.5,171480.5,177985.0,3.8,Conab,Estimativa em fevereiro/2026,https://www.gov.br/conab/pt-br/atuacao/informacoes-agropecuarias/safras/safra-de-graos/boletim-da-safra-de-graos/5o-levantamento-safra-2025-26/site_previsao_de_safra-por-produto-fev-2026.xlsx,2.2986053761555927,1.4610830491978117,3.793142660535746,,6504.5,1088.300000000003,52.91817633830351,expansao combinada,1.0
regiao,SORGO,NORTE,2024/25,2025/26,136.8,154.5,12.9,2602.482456140351,2610.984466019417,0.3,356.0,403.4,13.3,Conab,Estimativa em fevereiro/2026,https://www.gov.br/conab/pt-br/atuacao/informacoes-agropecuarias/safras/safra-de-graos/boletim-da-safra-de-graos/5o-levantamento-safra-2025-26/site_previsao_de_safra-por-produto-fev-2026.xlsx,12.938596491228061,0.3266884608196374,13.314606741573026,,47.39999999999998,17.69999999999999,8.502009879066009,expansao combinada,109.0
uf,SORGO,RR,2024/25,2025/26,0.0,0.0,0.0,,,0.0,0.0,0.0,0.0,Conab,Estimativa em fevereiro/2026,https://www.gov.br/conab/pt-br/atuacao/informacoes-agropecuarias/safras/safra-de-graos/boletim-da-safra-de-graos/5o-levantamento-safra-2025-26/site_previsao_de_safra-por-produto-fev-2026.xlsx,,,,,0.0,0.0,,estabilidade aproximada,254.0
uf,SORGO,RO,2024/25,2025/26,0.0,0.0,0.0,,,0.0,0.0,0.0,0.0,Conab,Estimativa em fevereiro/2026,https://www.gov.br/conab/pt-br/atuacao/informacoes-agropecuarias/safras/safra-de-graos/boletim-da-safra-de-graos/5o-levantamento-safra-2025-26/site_previsao_de_safra-por-produto-fev-2026.xlsx,,,,,0.0,0.0,,estabilidade aproximada,254.0
uf,SORGO,AC,2024/25,2025/26,0.0,0.0,0.0,,,0.0,0.0,0.0,0.0,Conab,Estimativa em fevereiro/2026,https://www.gov.br/conab/pt-br/atuacao/informacoes-agropecuarias/safras/safra-de-graos/boletim-da-safra-de-graos/5o-levantamento-safra-2025-26/site_previsao_de_safra-por-produto-fev-2026.xlsx,,,,,0.0,0.0,,estabilidade aproximada,254.0
uf,SORGO,AM,2024/25,2025/26,0.0,0.0,0.0,,,0.0,0.0,0.0,0.0,Conab,Estimativa em fevereiro/2026,https://www.gov.br/conab/pt-br/atuacao/informacoes-agropecuarias/safras/safra-de-graos/boletim-da-safra-de-graos/5o-levantamento-safra-2025-26/site_previsao_de_safra-por-produto-fev-2026.xlsx,,,,,0.0,0.0,,estabilidade aproximada,254.0
uf,SORGO,AP,2024/25,2025/26,0.0,0.0,0.0,,,0.0,0.0,0.0,0.0,Conab,Estimativa em fevereiro/2026,https://www.gov.br/conab/pt-br/atuacao/informacoes-agropecuarias/safras/safra-de-graos/boletim-da-safra-de-graos/5o-levantamento-safra-2025-26/site_previsao_de_safra-por-produto-fev-2026.xlsx,,,,,0.0,0.0,,estabilidade aproximada,254.0
uf,SORGO,PA,2024/25,2025/26,82.2,91.2,11.0,2549.0,2561.0,0.5,209.5,233.6,11.5,Conab,Estimativa em fevereiro/2026,https://www.gov.br/conab/pt-br/atuacao/informacoes-agropecuarias/safras/safra-de-graos/boletim-da-safra-de-graos/5o-levantamento-safra-2025-26/site_previsao_de_safra-por-produto-fev-2026.xlsx,10.94890510948905,0.4707728520988623,11.503579952267302,,24.099999999999994,9.0,12.0,expansao combinada,126.0
uf,SORGO,TO,2024/25,2025/26,54.6,63.3,16.0,2683.0,2683.0,0.0,146.5,169.8,15.9,Conab,Estimativa em fevereiro/2026,https://www.gov.br/conab/pt-br/atuacao/informacoes-agropecuarias/safras/safra-de-graos/boletim-da-safra-de-graos/5o-levantamento-safra-2025-26/site_previsao_de_safra-por-produto-fev-2026.xlsx,15.934065934065925,0.0,15.904436860068266,,23.30000000000001,8.699999999999996,0.0,expansao por area,134.0
regiao,SORGO,NORDESTE,2024/25,2025/26,337.5,377.3,11.8,3621.3777777777777,3537.7651736019084,-2.3,1222.2,1334.8,9.2,Conab,Estimativa em fevereiro/2026,https://www.gov.br/conab/pt-br/atuacao/informacoes-agropecuarias/safras/safra-de-graos/boletim-da-safra-de-graos/5o-levantamento-safra-2025-26/site_previsao_de_safra-por-produto-fev-2026.xlsx,11.792592592592596,-2.308861690402745,9.212894779905081,,112.59999999999991,39.80000000000001,-83.61260417586936,expansao por area,73.0
uf,SORGO,MA,2024/25,2025/26,50.6,80.0,58.1,2465.0,2465.0,0.0,124.7,197.2,58.1,Conab,Estimativa em fevereiro/2026,https://www.gov.br/conab/pt-br/atuacao/informacoes-agropecuarias/safras/safra-de-graos/boletim-da-safra-de-graos/5o-levantamento-safra-2025-26/site_previsao_de_safra-por-produto-fev-2026.xlsx,58.10276679841897,0.0,58.13953488372092,,72.49999999999999,29.4,0.0,expansao por area,130.0
uf,SORGO,PI,2024/25,2025/26,80.9,87.0,7.5,3900.0,3900.0,0.0,315.5,339.3,7.5,Conab,Estimativa em fevereiro/2026,https://www.gov.br/conab/pt-br/atuacao/informacoes-agropecuarias/safras/safra-de-graos/boletim-da-safra-de-graos/5o-levantamento-safra-2025-26/site_previsao_de_safra-por-produto-fev-2026.xlsx,7.5401730531520315,0.0,7.543581616481779,,23.80000000000001,6.099999999999994,0.0,expansao por area,119.0
uf,SORGO,CE,2024/25,2025/26,0.0,0.0,,,,0.0,0.0,0.0,0.0,Conab,Estimativa em fevereiro/2026,https://www.gov.br/conab/pt-br/atuacao/informacoes-agropecuarias/safras/safra-de-graos/boletim-da-safra-de-graos/5o-levantamento-safra-2025-26/site_previsao_de_safra-por-produto-fev-2026.xlsx,,,,,0.0,0.0,,estabilidade aproximada,254.0
uf,SORGO,RN,2024/25,2025/26,0.0,0.0,0.0,0.0,0.0,0.0,0.0,0.0,0.0,Conab,Estimativa em fevereiro/2026,https://www.gov.br/conab/pt-br/atuacao/informacoes-agropecuarias/safras/safra-de-graos/boletim-da-safra-de-graos/5o-levantamento-safra-2025-26/site_previsao_de_safra-por-produto-fev-2026.xlsx,,,,,0.0,0.0,0.0,estabilidade aproximada,254.0
uf,SORGO,PB,2024/25,2025/26,0.0,0.0,,0.0,0.0,0.0,0.0,0.0,0.0,Conab,Estimativa em fevereiro/2026,https://www.gov.br/conab/pt-br/atuacao/informacoes-agropecuarias/safras/safra-de-graos/boletim-da-safra-de-graos/5o-levantamento-safra-2025-26/site_previsao_de_safra-por-produto-fev-2026.xlsx,,,,,0.0,0.0,0.0,estabilidade aproximada,254.0
uf,SORGO,PE,2024/25,2025/26,0.0,0.0,,0.0,0.0,0.0,0.0,0.0,0.0,Conab,Estimativa em fevereiro/2026,https://www.gov.br/conab/pt-br/atuacao/informacoes-agropecuarias/safras/safra-de-graos/boletim-da-safra-de-graos/5o-levantamento-safra-2025-26/site_previsao_de_safra-por-produto-fev-2026.xlsx,,,,,0.0,0.0,0.0,estabilidade aproximada,254.0
uf,SORGO,AL,2024/25,2025/26,0.0,0.0,,0.0,0.0,0.0,0.0,0.0,0.0,Conab,Estimativa em fevereiro/2026,https://www.gov.br/conab/pt-br/atuacao/informacoes-agropecuarias/safras/safra-de-graos/boletim-da-safra-de-graos/5o-levantamento-safra-2025-26/site_previsao_de_safra-por-produto-fev-2026.xlsx,,,,,0.0,0.0,0.0,estabilidade aproximada,254.0
uf,SORGO,SE,2024/25,2025/26,0.0,0.0,,0.0,0.0,0.0,0.0,0.0,0.0,Conab,Estimativa em fevereiro/2026,https://www.gov.br/conab/pt-br/atuacao/informacoes-agropecuarias/safras/safra-de-graos/boletim-da-safra-de-graos/5o-levantamento-safra-2025-26/site_previsao_de_safra-por-produto-fev-2026.xlsx,,,,,0.0,0.0,0.0,estabilidade aproximada,254.0
uf,SORGO,BA,2024/25,2025/26,206.0,210.3,2.1,3796.0,3796.0,0.0,782.0,798.3,2.1,Conab,Estimativa em fevereiro/2026,https://www.gov.br/conab/pt-br/atuacao/informacoes-agropecuarias/safras/safra-de-graos/boletim-da-safra-de-graos/5o-levantamento-safra-2025-26/site_previsao_de_safra-por-produto-fev-2026.xlsx,2.0873786407767043,0.0,2.0843989769820914,,16.299999999999955,4.300000000000011,0.0,expansao por area,91.0
regiao,SORGO,CENTRO-OESTE,2024/25,2025/26,647.0,733.3000000000001,13.3,4007.2624420401853,3853.7674894313377,-3.8,2592.7000000000003,2826.0,9.0,Conab,Estimativa em fevereiro/2026,https://www.gov.br/conab/pt-br/atuacao/informacoes-agropecuarias/safras/safra-de-graos/boletim-da-safra-de-graos/5o-levantamento-safra-2025-26/site_previsao_de_safra-por-produto-fev-2026.xlsx,13.338485316846995,-3.8304192657444203,8.998341497280816,,233.29999999999973,86.30000000000007,-153.4949526088476,expansao por area,56.0
uf,SORGO,MT,2024/25,2025/26,96.0,108.9,13.4,3569.0,3569.0,0.0,342.6,388.7,13.5,Conab,Estimativa em fevereiro/2026,https://www.gov.br/conab/pt-br/atuacao/informacoes-agropecuarias/safras/safra-de-graos/boletim-da-safra-de-graos/5o-levantamento-safra-2025-26/site_previsao_de_safra-por-produto-fev-2026.xlsx,13.437500000000005,0.0,13.455925277291293,,46.099999999999966,12.900000000000006,0.0,expansao por area,113.0
uf,SORGO,MS,2024/25,2025/26,137.8,167.8,21.8,4097.0,3894.0,-5.0,564.6,653.4,15.7,Conab,Estimativa em fevereiro/2026,https://www.gov.br/conab/pt-br/atuacao/informacoes-agropecuarias/safras/safra-de-graos/boletim-da-safra-de-graos/5o-levantamento-safra-2025-26/site_previsao_de_safra-por-produto-fev-2026.xlsx,21.77068214804064,-4.954845008542836,15.727948990435697,,88.79999999999995,30.0,-203.0,expansao por area,96.0
uf,SORGO,GO,2024/25,2025/26,394.7,438.1,11.0,4006.0,3874.0,-3.3,1581.2,1697.2,7.3,Conab,Estimativa em fevereiro/2026,https://www.gov.br/conab/pt-br/atuacao/informacoes-agropecuarias/safras/safra-de-graos/boletim-da-safra-de-graos/5o-levantamento-safra-2025-26/site_previsao_de_safra-por-produto-fev-2026.xlsx,10.995692931340267,-3.2950574138791815,7.336200354161396,,116.0,43.400000000000034,-132.0,expansao por area,69.0
uf,SORGO,DF,2024/25,2025/26,18.5,18.5,0.0,5640.0,4686.0,-16.9,104.3,86.7,-16.9,Conab,Estimativa em fevereiro/2026,https://www.gov.br/conab/pt-br/atuacao/informacoes-agropecuarias/safras/safra-de-graos/boletim-da-safra-de-graos/5o-levantamento-safra-2025-26/site_previsao_de_safra-por-produto-fev-2026.xlsx,0.0,-16.914893617021278,-16.874400767018212,,-17.599999999999994,0.0,-954.0,queda por produtividade,158.0
regiao,SORGO,SUDESTE,2024/25,2025/26,510.3,552.0,8.2,3782.4738389182835,3829.0695652173913,1.2,1930.2,2113.7,9.5,Conab,Estimativa em fevereiro/2026,https://www.gov.br/conab/pt-br/atuacao/informacoes-agropecuarias/safras/safra-de-graos/boletim-da-safra-de-graos/5o-levantamento-safra-2025-26/site_previsao_de_safra-por-produto-fev-2026.xlsx,8.171663727219281,1.2318849589831748,9.50678686146512,,183.49999999999977,41.69999999999999,46.59572629910781,expansao combinada,65.0
uf,SORGO,MG,2024/25,2025/26,372.3,403.2,8.3,3988.0,3897.0,-2.3,1484.7,1571.3,5.8,Conab,Estimativa em fevereiro/2026,https://www.gov.br/conab/pt-br/atuacao/informacoes-agropecuarias/safras/safra-de-graos/boletim-da-safra-de-graos/5o-levantamento-safra-2025-26/site_previsao_de_safra-por-produto-fev-2026.xlsx,8.299758259468165,-2.2818455366098296,5.8328281807772555,,86.59999999999991,30.899999999999977,-91.0,expansao por area,70.0
uf,SORGO,ES,2024/25,2025/26,0.0,0.0,0.0,0.0,0.0,0.0,0.0,0.0,0.0,Conab,Estimativa em fevereiro/2026,https://www.gov.br/conab/pt-br/atuacao/informacoes-agropecuarias/safras/safra-de-graos/boletim-da-safra-de-graos/5o-levantamento-safra-2025-26/site_previsao_de_safra-por-produto-fev-2026.xlsx,,,,,0.0,0.0,0.0,estabilidade aproximada,254.0
uf,SORGO,RJ,2024/25,2025/26,0.0,0.0,0.0,0.0,0.0,0.0,0.0,0.0,0.0,Conab,Estimativa em fevereiro/2026,https://www.gov.br/conab/pt-br/atuacao/informacoes-agropecuarias/safras/safra-de-graos/boletim-da-safra-de-graos/5o-levantamento-safra-2025-26/site_previsao_de_safra-por-produto-fev-2026.xlsx,,,,,0.0,0.0,0.0,estabilidade aproximada,254.0
uf,SORGO,SP,2024/25,2025/26,138.0,148.8,7.8,3228.0,3645.0,12.9,445.5,542.4,21.8,Conab,Estimativa em fevereiro/2026,https://www.gov.br/conab/pt-br/atuacao/informacoes-agropecuarias/safras/safra-de-graos/boletim-da-safra-de-graos/5o-levantamento-safra-2025-26/site_previsao_de_safra-por-produto-fev-2026.xlsx,7.826086956521746,12.9182156133829,21.750841750841747,,96.89999999999998,10.800000000000011,417.0,expansao combinada,101.0
regiao,SORGO,SUL,2024/25,2025/26,0.4,6.6000000000000005,1550.0,2850.0,2528.7272727272725,-11.3,1.1,16.6,1409.1,Conab,Estimativa em fevereiro/2026,https://www.gov.br/conab/pt-br/atuacao/informacoes-agropecuarias/safras/safra-de-graos/boletim-da-safra-de-graos/5o-levantamento-safra-2025-26/site_previsao_de_safra-por-produto-fev-2026.xlsx,1550.0,-11.27272727272728,1409.0909090909092,,15.500000000000002,6.2,-321.2727272727275,expansao por area,203.0
uf,SORGO,PR,2024/25,2025/26,0.4,0.4,0.0,2850.0,2850.0,0.0,1.1,1.1,0.0,Conab,Estimativa em fevereiro/2026,https://www.gov.br/conab/pt-br/atuacao/informacoes-agropecuarias/safras/safra-de-graos/boletim-da-safra-de-graos/5o-levantamento-safra-2025-26/site_previsao_de_safra-por-produto-fev-2026.xlsx,0.0,0.0,0.0,,0.0,0.0,0.0,estabilidade aproximada,244.0
uf,SORGO,SC,2024/25,2025/26,0.0,0.0,0.0,0.0,0.0,0.0,0.0,0.0,0.0,Conab,Estimativa em fevereiro/2026,https://www.gov.br/conab/pt-br/atuacao/informacoes-agropecuarias/safras/safra-de-graos/boletim-da-safra-de-graos/5o-levantamento-safra-2025-26/site_previsao_de_safra-por-produto-fev-2026.xlsx,,,,,0.0,0.0,0.0,estabilidade aproximada,254.0
uf,SORGO,RS,2024/25,2025/26,0.0,6.2,0.0,0.0,2508.0,0.0,0.0,15.5,0.0,Conab,Estimativa em fevereiro/2026,https://www.gov.br/conab/pt-br/atuacao/informacoes-agropecuarias/safras/safra-de-graos/boletim-da-safra-de-graos/5o-levantamento-safra-2025-26/site_previsao_de_safra-por-produto-fev-2026.xlsx,,,,,15.5,6.2,2508.0,expansao combinada,206.0
agregado_regional,SORGO,NORTE/NORDESTE,2024/25,2025/26,474.3,531.8,12.1,3327.5028462998102,3268.514291086875,-1.8,1578.2,1738.1999999999998,10.1,Conab,Estimativa em fevereiro/2026,https://www.gov.br/conab/pt-br/atuacao/informacoes-agropecuarias/safras/safra-de-graos/boletim-da-safra-de-graos/5o-levantamento-safra-2025-26/site_previsao_de_safra-por-produto-fev-2026.xlsx,12.12312882142103,-1.7727574682176679,10.138132049169926,,159.99999999999977,57.49999999999994,-58.98855521293535,expansao por area,68.0
agregado_regional,SORGO,CENTRO-SUL,2024/25,2025/26,1157.7,1291.9,11.6,3907.778526388529,3836.4453131047285,-1.8,4524.000000000001,4956.3,9.6,Conab,Estimativa em fevereiro/2026,https://www.gov.br/conab/pt-br/atuacao/informacoes-agropecuarias/safras/safra-de-graos/boletim-da-safra-de-graos/5o-levantamento-safra-2025-26/site_previsao_de_safra-por-produto-fev-2026.xlsx,11.591949555152462,-1.8254159697664547,9.555702917771864,,432.2999999999993,134.20000000000005,-71.33321328380043,expansao por area,43.0
total_brasil,SORGO,BRASIL,2024/25,2025/26,1632.0,1823.7,11.7,3739.1359068627457,3670.8337994187636,-1.8,6102.200000000001,6694.5,9.7,Conab,Estimativa em fevereiro/2026,https://www.gov.br/conab/pt-br/atuacao/informacoes-agropecuarias/safras/safra-de-graos/boletim-da-safra-de-graos/5o-levantamento-safra-2025-26/site_previsao_de_safra-por-produto-fev-2026.xlsx,11.746323529411768,-1.826681595569222,9.70633542001244,,592.2999999999993,191.70000000000005,-68.3021074439821,expansao por area,35.0
regiao,AVEIA,NORTE,2024/25,2025/26,0.0,0.0,0.0,0.0,0.0,0.0,0.0,0.0,0.0,Conab,Estimativa em fevereiro/2026,https://www.gov.br/conab/pt-br/atuacao/informacoes-agropecuarias/safras/safra-de-graos/boletim-da-safra-de-graos/5o-levantamento-safra-2025-26/site_previsao_de_safra-por-produto-fev-2026.xlsx,,,,,0.0,0.0,0.0,estabilidade aproximada,254.0
uf,AVEIA,RR,2024/25,2025/26,0.0,0.0,0.0,0.0,0.0,0.0,0.0,0.0,0.0,Conab,Estimativa em fevereiro/2026,https://www.gov.br/conab/pt-br/atuacao/informacoes-agropecuarias/safras/safra-de-graos/boletim-da-safra-de-graos/5o-levantamento-safra-2025-26/site_previsao_de_safra-por-produto-fev-2026.xlsx,,,,,0.0,0.0,0.0,estabilidade aproximada,254.0
uf,AVEIA,RO,2024/25,2025/26,0.0,0.0,0.0,0.0,0.0,0.0,0.0,0.0,0.0,Conab,Estimativa em fevereiro/2026,https://www.gov.br/conab/pt-br/atuacao/informacoes-agropecuarias/safras/safra-de-graos/boletim-da-safra-de-graos/5o-levantamento-safra-2025-26/site_previsao_de_safra-por-produto-fev-2026.xlsx,,,,,0.0,0.0,0.0,estabilidade aproximada,254.0
uf,AVEIA,AC,2024/25,2025/26,0.0,0.0,0.0,0.0,0.0,0.0,0.0,0.0,0.0,Conab,Estimativa em fevereiro/2026,https://www.gov.br/conab/pt-br/atuacao/informacoes-agropecuarias/safras/safra-de-graos/boletim-da-safra-de-graos/5o-levantamento-safra-2025-26/site_previsao_de_safra-por-produto-fev-2026.xlsx,,,,,0.0,0.0,0.0,estabilidade aproximada,254.0
uf,AVEIA,AM,2024/25,2025/26,0.0,0.0,0.0,0.0,0.0,0.0,0.0,0.0,0.0,Conab,Estimativa em fevereiro/2026,https://www.gov.br/conab/pt-br/atuacao/informacoes-agropecuarias/safras/safra-de-graos/boletim-da-safra-de-graos/5o-levantamento-safra-2025-26/site_previsao_de_safra-por-produto-fev-2026.xlsx,,,,,0.0,0.0,0.0,estabilidade aproximada,254.0
uf,AVEIA,AP,2024/25,2025/26,0.0,0.0,0.0,0.0,0.0,0.0,0.0,0.0,0.0,Conab,Estimativa em fevereiro/2026,https://www.gov.br/conab/pt-br/atuacao/informacoes-agropecuarias/safras/safra-de-graos/boletim-da-safra-de-graos/5o-levantamento-safra-2025-26/site_previsao_de_safra-por-produto-fev-2026.xlsx,,,,,0.0,0.0,0.0,estabilidade aproximada,254.0
uf,AVEIA,PA,2024/25,2025/26,0.0,0.0,0.0,0.0,0.0,0.0,0.0,0.0,0.0,Conab,Estimativa em fevereiro/2026,https://www.gov.br/conab/pt-br/atuacao/informacoes-agropecuarias/safras/safra-de-graos/boletim-da-safra-de-graos/5o-levantamento-safra-2025-26/site_previsao_de_safra-por-produto-fev-2026.xlsx,,,,,0.0,0.0,0.0,estabilidade aproximada,254.0
uf,AVEIA,TO,2024/25,2025/26,0.0,0.0,0.0,0.0,0.0,0.0,0.0,0.0,0.0,Conab,Estimativa em fevereiro/2026,https://www.gov.br/conab/pt-br/atuacao/informacoes-agropecuarias/safras/safra-de-graos/boletim-da-safra-de-graos/5o-levantamento-safra-2025-26/site_previsao_de_safra-por-produto-fev-2026.xlsx,,,,,0.0,0.0,0.0,estabilidade aproximada,254.0
regiao,AVEIA,NORDESTE,2024/25,2025/26,0.0,0.0,0.0,0.0,0.0,0.0,0.0,0.0,0.0,Conab,Estimativa em fevereiro/2026,https://www.gov.br/conab/pt-br/atuacao/informacoes-agropecuarias/safras/safra-de-graos/boletim-da-safra-de-graos/5o-levantamento-safra-2025-26/site_previsao_de_safra-por-produto-fev-2026.xlsx,,,,,0.0,0.0,0.0,estabilidade aproximada,254.0
uf,AVEIA,MA,2024/25,2025/26,0.0,0.0,0.0,0.0,0.0,0.0,0.0,0.0,0.0,Conab,Estimativa em fevereiro/2026,https://www.gov.br/conab/pt-br/atuacao/informacoes-agropecuarias/safras/safra-de-graos/boletim-da-safra-de-graos/5o-levantamento-safra-2025-26/site_previsao_de_safra-por-produto-fev-2026.xlsx,,,,,0.0,0.0,0.0,estabilidade aproximada,254.0
uf,AVEIA,PI,2024/25,2025/26,0.0,0.0,0.0,0.0,0.0,0.0,0.0,0.0,0.0,Conab,Estimativa em fevereiro/2026,https://www.gov.br/conab/pt-br/atuacao/informacoes-agropecuarias/safras/safra-de-graos/boletim-da-safra-de-graos/5o-levantamento-safra-2025-26/site_previsao_de_safra-por-produto-fev-2026.xlsx,,,,,0.0,0.0,0.0,estabilidade aproximada,254.0
uf,AVEIA,CE,2024/25,2025/26,0.0,0.0,0.0,0.0,0.0,0.0,0.0,0.0,0.0,Conab,Estimativa em fevereiro/2026,https://www.gov.br/conab/pt-br/atuacao/informacoes-agropecuarias/safras/safra-de-graos/boletim-da-safra-de-graos/5o-levantamento-safra-2025-26/site_previsao_de_safra-por-produto-fev-2026.xlsx,,,,,0.0,0.0,0.0,estabilidade aproximada,254.0
uf,AVEIA,RN,2024/25,2025/26,0.0,0.0,0.0,0.0,0.0,0.0,0.0,0.0,0.0,Conab,Estimativa em fevereiro/2026,https://www.gov.br/conab/pt-br/atuacao/informacoes-agropecuarias/safras/safra-de-graos/boletim-da-safra-de-graos/5o-levantamento-safra-2025-26/site_previsao_de_safra-por-produto-fev-2026.xlsx,,,,,0.0,0.0,0.0,estabilidade aproximada,254.0
uf,AVEIA,PB,2024/25,2025/26,0.0,0.0,0.0,0.0,0.0,0.0,0.0,0.0,0.0,Conab,Estimativa em fevereiro/2026,https://www.gov.br/conab/pt-br/atuacao/informacoes-agropecuarias/safras/safra-de-graos/boletim-da-safra-de-graos/5o-levantamento-safra-2025-26/site_previsao_de_safra-por-produto-fev-2026.xlsx,,,,,0.0,0.0,0.0,estabilidade aproximada,254.0
uf,AVEIA,PE,2024/25,2025/26,0.0,0.0,0.0,0.0,0.0,0.0,0.0,0.0,0.0,Conab,Estimativa em fevereiro/2026,https://www.gov.br/conab/pt-br/atuacao/informacoes-agropecuarias/safras/safra-de-graos/boletim-da-safra-de-graos/5o-levantamento-safra-2025-26/site_previsao_de_safra-por-produto-fev-2026.xlsx,,,,,0.0,0.0,0.0,estabilidade aproximada,254.0
uf,AVEIA,AL,2024/25,2025/26,0.0,0.0,0.0,0.0,0.0,0.0,0.0,0.0,0.0,Conab,Estimativa em fevereiro/2026,https://www.gov.br/conab/pt-br/atuacao/informacoes-agropecuarias/safras/safra-de-graos/boletim-da-safra-de-graos/5o-levantamento-safra-2025-26/site_previsao_de_safra-por-produto-fev-2026.xlsx,,,,,0.0,0.0,0.0,estabilidade aproximada,254.0
uf,AVEIA,SE,2024/25,2025/26,0.0,0.0,0.0,0.0,0.0,0.0,0.0,0.0,0.0,Conab,Estimativa em fevereiro/2026,https://www.gov.br/conab/pt-br/atuacao/informacoes-agropecuarias/safras/safra-de-graos/boletim-da-safra-de-graos/5o-levantamento-safra-2025-26/site_previsao_de_safra-por-produto-fev-2026.xlsx,,,,,0.0,0.0,0.0,estabilidade aproximada,254.0
uf,AVEIA,BA,2024/25,2025/26,0.0,0.0,0.0,0.0,0.0,0.0,0.0,0.0,0.0,Conab,Estimativa em fevereiro/2026,https://www.gov.br/conab/pt-br/atuacao/informacoes-agropecuarias/safras/safra-de-graos/boletim-da-safra-de-graos/5o-levantamento-safra-2025-26/site_previsao_de_safra-por-produto-fev-2026.xlsx,,,,,0.0,0.0,0.0,estabilidade aproximada,254.0
regiao,AVEIA,CENTRO-OESTE,2024/25,2025/26,40.4,38.2,-5.4,1589.0,1427.0,-10.2,64.2,54.5,-15.1,Conab,Estimativa em fevereiro/2026,https://www.gov.br/conab/pt-br/atuacao/informacoes-agropecuarias/safras/safra-de-graos/boletim-da-safra-de-graos/5o-levantamento-safra-2025-26/site_previsao_de_safra-por-produto-fev-2026.xlsx,-5.445544554455435,-10.195091252359974,-15.109034267912778,,-9.700000000000003,-2.1999999999999957,-162.0,queda combinada,178.0
uf,AVEIA,MT,2024/25,2025/26,0.0,0.0,,0.0,0.0,0.0,0.0,0.0,0.0,Conab,Estimativa em fevereiro/2026,https://www.gov.br/conab/pt-br/atuacao/informacoes-agropecuarias/safras/safra-de-graos/boletim-da-safra-de-graos/5o-levantamento-safra-2025-26/site_previsao_de_safra-por-produto-fev-2026.xlsx,,,,,0.0,0.0,0.0,estabilidade aproximada,254.0
uf,AVEIA,MS,2024/25,2025/26,40.4,38.2,-5.4,1589.0,1427.0,-10.2,64.2,54.5,-15.1,Conab,Estimativa em fevereiro/2026,https://www.gov.br/conab/pt-br/atuacao/informacoes-agropecuarias/safras/safra-de-graos/boletim-da-safra-de-graos/5o-levantamento-safra-2025-26/site_previsao_de_safra-por-produto-fev-2026.xlsx,-5.445544554455435,-10.195091252359974,-15.109034267912778,,-9.700000000000003,-2.1999999999999957,-162.0,queda combinada,178.0
uf,AVEIA,GO,2024/25,2025/26,0.0,0.0,0.0,0.0,0.0,0.0,0.0,0.0,0.0,Conab,Estimativa em fevereiro/2026,https://www.gov.br/conab/pt-br/atuacao/informacoes-agropecuarias/safras/safra-de-graos/boletim-da-safra-de-graos/5o-levantamento-safra-2025-26/site_previsao_de_safra-por-produto-fev-2026.xlsx,,,,,0.0,0.0,0.0,estabilidade aproximada,254.0
uf,AVEIA,DF,2024/25,2025/26,0.0,0.0,0.0,0.0,0.0,0.0,0.0,0.0,0.0,Conab,Estimativa em fevereiro/2026,https://www.gov.br/conab/pt-br/atuacao/informacoes-agropecuarias/safras/safra-de-graos/boletim-da-safra-de-graos/5o-levantamento-safra-2025-26/site_previsao_de_safra-por-produto-fev-2026.xlsx,,,,,0.0,0.0,0.0,estabilidade aproximada,254.0
regiao,AVEIA,SUDESTE,2024/25,2025/26,0.0,0.0,,0.0,0.0,0.0,0.0,0.0,0.0,Conab,Estimativa em fevereiro/2026,https://www.gov.br/conab/pt-br/atuacao/informacoes-agropecuarias/safras/safra-de-graos/boletim-da-safra-de-graos/5o-levantamento-safra-2025-26/site_previsao_de_safra-por-produto-fev-2026.xlsx,,,,,0.0,0.0,0.0,estabilidade aproximada,254.0
uf,AVEIA,MG,2024/25,2025/26,0.0,0.0,0.0,0.0,0.0,0.0,0.0,0.0,0.0,Conab,Estimativa em fevereiro/2026,https://www.gov.br/conab/pt-br/atuacao/informacoes-agropecuarias/safras/safra-de-graos/boletim-da-safra-de-graos/5o-levantamento-safra-2025-26/site_previsao_de_safra-por-produto-fev-2026.xlsx,,,,,0.0,0.0,0.0,estabilidade aproximada,254.0
uf,AVEIA,ES,2024/25,2025/26,0.0,0.0,,0.0,0.0,0.0,0.0,0.0,0.0,Conab,Estimativa em fevereiro/2026,https://www.gov.br/conab/pt-br/atuacao/informacoes-agropecuarias/safras/safra-de-graos/boletim-da-safra-de-graos/5o-levantamento-safra-2025-26/site_previsao_de_safra-por-produto-fev-2026.xlsx,,,,,0.0,0.0,0.0,estabilidade aproximada,254.0
uf,AVEIA,RJ,2024/25,2025/26,0.0,0.0,,0.0,0.0,0.0,0.0,0.0,0.0,Conab,Estimativa em fevereiro/2026,https://www.gov.br/conab/pt-br/atuacao/informacoes-agropecuarias/safras/safra-de-graos/boletim-da-safra-de-graos/5o-levantamento-safra-2025-26/site_previsao_de_safra-por-produto-fev-2026.xlsx,,,,,0.0,0.0,0.0,estabilidade aproximada,254.0
uf,AVEIA,SP,2024/25,2025/26,0.0,0.0,0.0,0.0,0.0,0.0,0.0,0.0,0.0,Conab,Estimativa em fevereiro/2026,https://www.gov.br/conab/pt-br/atuacao/informacoes-agropecuarias/safras/safra-de-graos/boletim-da-safra-de-graos/5o-levantamento-safra-2025-26/site_previsao_de_safra-por-produto-fev-2026.xlsx,,,,,0.0,0.0,0.0,estabilidade aproximada,254.0
regiao,AVEIA,SUL,2024/25,2025/26,505.4,470.8,-6.8,2430.0,2320.0,-4.5,1228.1000000000001,1092.2,-11.1,Conab,Estimativa em fevereiro/2026,https://www.gov.br/conab/pt-br/atuacao/informacoes-agropecuarias/safras/safra-de-graos/boletim-da-safra-de-graos/5o-levantamento-safra-2025-26/site_previsao_de_safra-por-produto-fev-2026.xlsx,-6.846062524732878,-4.526748971193416,-11.065874114485798,,-135.9000000000001,-34.599999999999966,-110.0,queda combinada,81.0
uf,AVEIA,PR,2024/25,2025/26,103.6,98.7,-4.7,2345.0,2259.0,-3.7,242.9,223.0,-8.2,Conab,Estimativa em fevereiro/2026,https://www.gov.br/conab/pt-br/atuacao/informacoes-agropecuarias/safras/safra-de-graos/boletim-da-safra-de-graos/5o-levantamento-safra-2025-26/site_previsao_de_safra-por-produto-fev-2026.xlsx,-4.729729729729722,-3.6673773987206824,-8.192671881432691,,-19.900000000000006,-4.8999999999999915,-86.0,queda combinada,128.0
uf,AVEIA,SC,2024/25,2025/26,0.0,0.0,0.0,0.0,0.0,0.0,0.0,0.0,0.0,Conab,Estimativa em fevereiro/2026,https://www.gov.br/conab/pt-br/atuacao/informacoes-agropecuarias/safras/safra-de-graos/boletim-da-safra-de-graos/5o-levantamento-safra-2025-26/site_previsao_de_safra-por-produto-fev-2026.xlsx,,,,,0.0,0.0,0.0,estabilidade aproximada,254.0
uf,AVEIA,RS,2024/25,2025/26,401.8,372.1,-7.4,2452.0,2336.0,-4.7,985.2,869.2,-11.8,Conab,Estimativa em fevereiro/2026,https://www.gov.br/conab/pt-br/atuacao/informacoes-agropecuarias/safras/safra-de-graos/boletim-da-safra-de-graos/5o-levantamento-safra-2025-26/site_previsao_de_safra-por-produto-fev-2026.xlsx,-7.391737182677946,-4.730831973898858,-11.77425903369874,,-116.0,-29.69999999999999,-116.0,queda combinada,87.0
agregado_regional,AVEIA,NORTE/NORDESTE,2024/25,2025/26,0.0,0.0,0.0,,0.0,,0.0,0.0,0.0,Conab,Estimativa em fevereiro/2026,https://www.gov.br/conab/pt-br/atuacao/informacoes-agropecuarias/safras/safra-de-graos/boletim-da-safra-de-graos/5o-levantamento-safra-2025-26/site_previsao_de_safra-por-produto-fev-2026.xlsx,,,,,0.0,0.0,,estabilidade aproximada,254.0
agregado_regional,AVEIA,CENTRO-SUL,2024/25,2025/26,545.8,509.0,-6.7,2368.0,2253.0,-4.9,1292.3000000000002,1146.7,-11.3,Conab,Estimativa em fevereiro/2026,https://www.gov.br/conab/pt-br/atuacao/informacoes-agropecuarias/safras/safra-de-graos/boletim-da-safra-de-graos/5o-levantamento-safra-2025-26/site_previsao_de_safra-por-produto-fev-2026.xlsx,-6.742396482227915,-4.856418918918918,-11.26673373055793,,-145.60000000000014,-36.799999999999955,-115.0,queda combinada,78.0
total_brasil,AVEIA,BRASIL,2024/25,2025/26,545.8,509.0,-6.7,2368.0,2253.0,-4.9,1292.3000000000002,1146.7,-11.3,Conab,Estimativa em fevereiro/2026,https://www.gov.br/conab/pt-br/atuacao/informacoes-agropecuarias/safras/safra-de-graos/boletim-da-safra-de-graos/5o-levantamento-safra-2025-26/site_previsao_de_safra-por-produto-fev-2026.xlsx,-6.742396482227915,-4.856418918918918,-11.26673373055793,,-145.60000000000014,-36.799999999999955,-115.0,queda combinada,78.0
regiao,CANOLA,NORTE,2024/25,2025/26,0.0,0.0,0.0,0.0,0.0,0.0,0.0,0.0,0.0,Conab,Estimativa em fevereiro/2026,https://www.gov.br/conab/pt-br/atuacao/informacoes-agropecuarias/safras/safra-de-graos/boletim-da-safra-de-graos/5o-levantamento-safra-2025-26/site_previsao_de_safra-por-produto-fev-2026.xlsx,,,,,0.0,0.0,0.0,estabilidade aproximada,254.0
uf,CANOLA,RR,2024/25,2025/26,0.0,0.0,0.0,0.0,0.0,0.0,0.0,0.0,0.0,Conab,Estimativa em fevereiro/2026,https://www.gov.br/conab/pt-br/atuacao/informacoes-agropecuarias/safras/safra-de-graos/boletim-da-safra-de-graos/5o-levantamento-safra-2025-26/site_previsao_de_safra-por-produto-fev-2026.xlsx,,,,,0.0,0.0,0.0,estabilidade aproximada,254.0
uf,CANOLA,RO,2024/25,2025/26,0.0,0.0,0.0,0.0,0.0,0.0,0.0,0.0,0.0,Conab,Estimativa em fevereiro/2026,https://www.gov.br/conab/pt-br/atuacao/informacoes-agropecuarias/safras/safra-de-graos/boletim-da-safra-de-graos/5o-levantamento-safra-2025-26/site_previsao_de_safra-por-produto-fev-2026.xlsx,,,,,0.0,0.0,0.0,estabilidade aproximada,254.0
uf,CANOLA,AC,2024/25,2025/26,0.0,0.0,0.0,0.0,0.0,0.0,0.0,0.0,0.0,Conab,Estimativa em fevereiro/2026,https://www.gov.br/conab/pt-br/atuacao/informacoes-agropecuarias/safras/safra-de-graos/boletim-da-safra-de-graos/5o-levantamento-safra-2025-26/site_previsao_de_safra-por-produto-fev-2026.xlsx,,,,,0.0,0.0,0.0,estabilidade aproximada,254.0
uf,CANOLA,AM,2024/25,2025/26,0.0,0.0,0.0,0.0,0.0,0.0,0.0,0.0,0.0,Conab,Estimativa em fevereiro/2026,https://www.gov.br/conab/pt-br/atuacao/informacoes-agropecuarias/safras/safra-de-graos/boletim-da-safra-de-graos/5o-levantamento-safra-2025-26/site_previsao_de_safra-por-produto-fev-2026.xlsx,,,,,0.0,0.0,0.0,estabilidade aproximada,254.0
uf,CANOLA,AP,2024/25,2025/26,0.0,0.0,0.0,0.0,0.0,0.0,0.0,0.0,0.0,Conab,Estimativa em fevereiro/2026,https://www.gov.br/conab/pt-br/atuacao/informacoes-agropecuarias/safras/safra-de-graos/boletim-da-safra-de-graos/5o-levantamento-safra-2025-26/site_previsao_de_safra-por-produto-fev-2026.xlsx,,,,,0.0,0.0,0.0,estabilidade aproximada,254.0
uf,CANOLA,PA,2024/25,2025/26,0.0,0.0,0.0,0.0,0.0,0.0,0.0,0.0,0.0,Conab,Estimativa em fevereiro/2026,https://www.gov.br/conab/pt-br/atuacao/informacoes-agropecuarias/safras/safra-de-graos/boletim-da-safra-de-graos/5o-levantamento-safra-2025-26/site_previsao_de_safra-por-produto-fev-2026.xlsx,,,,,0.0,0.0,0.0,estabilidade aproximada,254.0
uf,CANOLA,TO,2024/25,2025/26,0.0,0.0,0.0,0.0,0.0,0.0,0.0,0.0,0.0,Conab,Estimativa em fevereiro/2026,https://www.gov.br/conab/pt-br/atuacao/informacoes-agropecuarias/safras/safra-de-graos/boletim-da-safra-de-graos/5o-levantamento-safra-2025-26/site_previsao_de_safra-por-produto-fev-2026.xlsx,,,,,0.0,0.0,0.0,estabilidade aproximada,254.0
regiao,CANOLA,NORDESTE,2024/25,2025/26,0.0,0.0,0.0,0.0,0.0,0.0,0.0,0.0,0.0,Conab,Estimativa em fevereiro/2026,https://www.gov.br/conab/pt-br/atuacao/informacoes-agropecuarias/safras/safra-de-graos/boletim-da-safra-de-graos/5o-levantamento-safra-2025-26/site_previsao_de_safra-por-produto-fev-2026.xlsx,,,,,0.0,0.0,0.0,estabilidade aproximada,254.0
uf,CANOLA,MA,2024/25,2025/26,0.0,0.0,0.0,0.0,0.0,0.0,0.0,0.0,0.0,Conab,Estimativa em fevereiro/2026,https://www.gov.br/conab/pt-br/atuacao/informacoes-agropecuarias/safras/safra-de-graos/boletim-da-safra-de-graos/5o-levantamento-safra-2025-26/site_previsao_de_safra-por-produto-fev-2026.xlsx,,,,,0.0,0.0,0.0,estabilidade aproximada,254.0
uf,CANOLA,PI,2024/25,2025/26,0.0,0.0,0.0,0.0,0.0,0.0,0.0,0.0,0.0,Conab,Estimativa em fevereiro/2026,https://www.gov.br/conab/pt-br/atuacao/informacoes-agropecuarias/safras/safra-de-graos/boletim-da-safra-de-graos/5o-levantamento-safra-2025-26/site_previsao_de_safra-por-produto-fev-2026.xlsx,,,,,0.0,0.0,0.0,estabilidade aproximada,254.0
uf,CANOLA,CE,2024/25,2025/26,0.0,0.0,0.0,0.0,0.0,0.0,0.0,0.0,0.0,Conab,Estimativa em fevereiro/2026,https://www.gov.br/conab/pt-br/atuacao/informacoes-agropecuarias/safras/safra-de-graos/boletim-da-safra-de-graos/5o-levantamento-safra-2025-26/site_previsao_de_safra-por-produto-fev-2026.xlsx,,,,,0.0,0.0,0.0,estabilidade aproximada,254.0
uf,CANOLA,RN,2024/25,2025/26,0.0,0.0,0.0,0.0,0.0,0.0,0.0,0.0,0.0,Conab,Estimativa em fevereiro/2026,https://www.gov.br/conab/pt-br/atuacao/informacoes-agropecuarias/safras/safra-de-graos/boletim-da-safra-de-graos/5o-levantamento-safra-2025-26/site_previsao_de_safra-por-produto-fev-2026.xlsx,,,,,0.0,0.0,0.0,estabilidade aproximada,254.0
uf,CANOLA,PB,2024/25,2025/26,0.0,0.0,0.0,0.0,0.0,0.0,0.0,0.0,0.0,Conab,Estimativa em fevereiro/2026,https://www.gov.br/conab/pt-br/atuacao/informacoes-agropecuarias/safras/safra-de-graos/boletim-da-safra-de-graos/5o-levantamento-safra-2025-26/site_previsao_de_safra-por-produto-fev-2026.xlsx,,,,,0.0,0.0,0.0,estabilidade aproximada,254.0
uf,CANOLA,PE,2024/25,2025/26,0.0,0.0,0.0,0.0,0.0,0.0,0.0,0.0,0.0,Conab,Estimativa em fevereiro/2026,https://www.gov.br/conab/pt-br/atuacao/informacoes-agropecuarias/safras/safra-de-graos/boletim-da-safra-de-graos/5o-levantamento-safra-2025-26/site_previsao_de_safra-por-produto-fev-2026.xlsx,,,,,0.0,0.0,0.0,estabilidade aproximada,254.0
uf,CANOLA,AL,2024/25,2025/26,0.0,0.0,0.0,0.0,0.0,0.0,0.0,0.0,0.0,Conab,Estimativa em fevereiro/2026,https://www.gov.br/conab/pt-br/atuacao/informacoes-agropecuarias/safras/safra-de-graos/boletim-da-safra-de-graos/5o-levantamento-safra-2025-26/site_previsao_de_safra-por-produto-fev-2026.xlsx,,,,,0.0,0.0,0.0,estabilidade aproximada,254.0
uf,CANOLA,SE,2024/25,2025/26,0.0,0.0,0.0,0.0,0.0,0.0,0.0,0.0,0.0,Conab,Estimativa em fevereiro/2026,https://www.gov.br/conab/pt-br/atuacao/informacoes-agropecuarias/safras/safra-de-graos/boletim-da-safra-de-graos/5o-levantamento-safra-2025-26/site_previsao_de_safra-por-produto-fev-2026.xlsx,,,,,0.0,0.0,0.0,estabilidade aproximada,254.0
uf,CANOLA,BA,2024/25,2025/26,0.0,0.0,0.0,0.0,0.0,0.0,0.0,0.0,0.0,Conab,Estimativa em fevereiro/2026,https://www.gov.br/conab/pt-br/atuacao/informacoes-agropecuarias/safras/safra-de-graos/boletim-da-safra-de-graos/5o-levantamento-safra-2025-26/site_previsao_de_safra-por-produto-fev-2026.xlsx,,,,,0.0,0.0,0.0,estabilidade aproximada,254.0
regiao,CANOLA,CENTRO-OESTE,2024/25,2025/26,0.0,0.0,0.0,0.0,0.0,0.0,0.0,0.0,0.0,Conab,Estimativa em fevereiro/2026,https://www.gov.br/conab/pt-br/atuacao/informacoes-agropecuarias/safras/safra-de-graos/boletim-da-safra-de-graos/5o-levantamento-safra-2025-26/site_previsao_de_safra-por-produto-fev-2026.xlsx,,,,,0.0,0.0,0.0,estabilidade aproximada,254.0
uf,CANOLA,MT,2024/25,2025/26,0.0,0.0,0.0,0.0,0.0,0.0,0.0,0.0,0.0,Conab,Estimativa em fevereiro/2026,https://www.gov.br/conab/pt-br/atuacao/informacoes-agropecuarias/safras/safra-de-graos/boletim-da-safra-de-graos/5o-levantamento-safra-2025-26/site_previsao_de_safra-por-produto-fev-2026.xlsx,,,,,0.0,0.0,0.0,estabilidade aproximada,254.0
uf,CANOLA,MS,2024/25,2025/26,0.0,0.0,0.0,0.0,0.0,0.0,0.0,0.0,0.0,Conab,Estimativa em fevereiro/2026,https://www.gov.br/conab/pt-br/atuacao/informacoes-agropecuarias/safras/safra-de-graos/boletim-da-safra-de-graos/5o-levantamento-safra-2025-26/site_previsao_de_safra-por-produto-fev-2026.xlsx,,,,,0.0,0.0,0.0,estabilidade aproximada,254.0
uf,CANOLA,GO,2024/25,2025/26,0.0,0.0,0.0,0.0,0.0,0.0,0.0,0.0,0.0,Conab,Estimativa em fevereiro/2026,https://www.gov.br/conab/pt-br/atuacao/informacoes-agropecuarias/safras/safra-de-graos/boletim-da-safra-de-graos/5o-levantamento-safra-2025-26/site_previsao_de_safra-por-produto-fev-2026.xlsx,,,,,0.0,0.0,0.0,estabilidade aproximada,254.0
uf,CANOLA,DF,2024/25,2025/26,0.0,0.0,0.0,0.0,0.0,0.0,0.0,0.0,0.0,Conab,Estimativa em fevereiro/2026,https://www.gov.br/conab/pt-br/atuacao/informacoes-agropecuarias/safras/safra-de-graos/boletim-da-safra-de-graos/5o-levantamento-safra-2025-26/site_previsao_de_safra-por-produto-fev-2026.xlsx,,,,,0.0,0.0,0.0,estabilidade aproximada,254.0
regiao,CANOLA,SUDESTE,2024/25,2025/26,0.0,0.0,0.0,0.0,0.0,0.0,0.0,0.0,0.0,Conab,Estimativa em fevereiro/2026,https://www.gov.br/conab/pt-br/atuacao/informacoes-agropecuarias/safras/safra-de-graos/boletim-da-safra-de-graos/5o-levantamento-safra-2025-26/site_previsao_de_safra-por-produto-fev-2026.xlsx,,,,,0.0,0.0,0.0,estabilidade aproximada,254.0
uf,CANOLA,MG,2024/25,2025/26,0.0,0.0,0.0,0.0,0.0,0.0,0.0,0.0,0.0,Conab,Estimativa em fevereiro/2026,https://www.gov.br/conab/pt-br/atuacao/informacoes-agropecuarias/safras/safra-de-graos/boletim-da-safra-de-graos/5o-levantamento-safra-2025-26/site_previsao_de_safra-por-produto-fev-2026.xlsx,,,,,0.0,0.0,0.0,estabilidade aproximada,254.0
uf,CANOLA,ES,2024/25,2025/26,0.0,0.0,0.0,0.0,0.0,0.0,0.0,0.0,0.0,Conab,Estimativa em fevereiro/2026,https://www.gov.br/conab/pt-br/atuacao/informacoes-agropecuarias/safras/safra-de-graos/boletim-da-safra-de-graos/5o-levantamento-safra-2025-26/site_previsao_de_safra-por-produto-fev-2026.xlsx,,,,,0.0,0.0,0.0,estabilidade aproximada,254.0
uf,CANOLA,RJ,2024/25,2025/26,0.0,0.0,0.0,0.0,0.0,0.0,0.0,0.0,0.0,Conab,Estimativa em fevereiro/2026,https://www.gov.br/conab/pt-br/atuacao/informacoes-agropecuarias/safras/safra-de-graos/boletim-da-safra-de-graos/5o-levantamento-safra-2025-26/site_previsao_de_safra-por-produto-fev-2026.xlsx,,,,,0.0,0.0,0.0,estabilidade aproximada,254.0
uf,CANOLA,SP,2024/25,2025/26,0.0,0.0,0.0,0.0,0.0,0.0,0.0,0.0,0.0,Conab,Estimativa em fevereiro/2026,https://www.gov.br/conab/pt-br/atuacao/informacoes-agropecuarias/safras/safra-de-graos/boletim-da-safra-de-graos/5o-levantamento-safra-2025-26/site_previsao_de_safra-por-produto-fev-2026.xlsx,,,,,0.0,0.0,0.0,estabilidade aproximada,254.0
regiao,CANOLA,SUL,2024/25,2025/26,211.9,275.7,30.1,1627.0,1620.0,-0.4,344.8,446.5,29.5,Conab,Estimativa em fevereiro/2026,https://www.gov.br/conab/pt-br/atuacao/informacoes-agropecuarias/safras/safra-de-graos/boletim-da-safra-de-graos/5o-levantamento-safra-2025-26/site_previsao_de_safra-por-produto-fev-2026.xlsx,30.108541764983478,-0.43023970497848807,29.495359628770295,,101.69999999999999,63.79999999999998,-7.0,expansao por area,107.0
uf,CANOLA,PR,2024/25,2025/26,2.0,2.0,0.0,2291.0,1724.41,-24.7,4.6,3.4,-26.1,Conab,Estimativa em fevereiro/2026,https://www.gov.br/conab/pt-br/atuacao/informacoes-agropecuarias/safras/safra-de-graos/boletim-da-safra-de-graos/5o-levantamento-safra-2025-26/site_previsao_de_safra-por-produto-fev-2026.xlsx,0.0,-24.731121780881708,-26.086956521739125,,-1.1999999999999997,0.0,-566.5899999999999,queda por produtividade,228.0
uf,CANOLA,SC,2024/25,2025/26,0.0,0.0,0.0,0.0,0.0,0.0,0.0,0.0,0.0,Conab,Estimativa em fevereiro/2026,https://www.gov.br/conab/pt-br/atuacao/informacoes-agropecuarias/safras/safra-de-graos/boletim-da-safra-de-graos/5o-levantamento-safra-2025-26/site_previsao_de_safra-por-produto-fev-2026.xlsx,,,,,0.0,0.0,0.0,estabilidade aproximada,254.0
uf,CANOLA,RS,2024/25,2025/26,209.9,273.7,30.4,1621.0,1619.0,-0.1,340.2,443.1,30.2,Conab,Estimativa em fevereiro/2026,https://www.gov.br/conab/pt-br/atuacao/informacoes-agropecuarias/safras/safra-de-graos/boletim-da-safra-de-graos/5o-levantamento-safra-2025-26/site_previsao_de_safra-por-produto-fev-2026.xlsx,30.395426393520715,-0.12338062924120913,30.246913580246925,,102.90000000000003,63.79999999999998,-2.0,expansao por area,108.0
agregado_regional,CANOLA,NORTE/NORDESTE,2024/25,2025/26,0.0,0.0,0.0,,0.0,,0.0,0.0,0.0,Conab,Estimativa em fevereiro/2026,https://www.gov.br/conab/pt-br/atuacao/informacoes-agropecuarias/safras/safra-de-graos/boletim-da-safra-de-graos/5o-levantamento-safra-2025-26/site_previsao_de_safra-por-produto-fev-2026.xlsx,,,,,0.0,0.0,,estabilidade aproximada,254.0
agregado_regional,CANOLA,CENTRO-SUL,2024/25,2025/26,211.9,275.7,30.1,1627.0,1620.0,-0.4,344.8,446.5,29.5,Conab,Estimativa em fevereiro/2026,https://www.gov.br/conab/pt-br/atuacao/informacoes-agropecuarias/safras/safra-de-graos/boletim-da-safra-de-graos/5o-levantamento-safra-2025-26/site_previsao_de_safra-por-produto-fev-2026.xlsx,30.108541764983478,-0.43023970497848807,29.495359628770295,,101.69999999999999,63.79999999999998,-7.0,expansao por area,107.0
total_brasil,CANOLA,BRASIL,2024/25,2025/26,211.9,275.7,30.1,1627.0,1620.0,-0.4,344.8,446.5,29.5,Conab,Estimativa em fevereiro/2026,https://www.gov.br/conab/pt-br/atuacao/informacoes-agropecuarias/safras/safra-de-graos/boletim-da-safra-de-graos/5o-levantamento-safra-2025-26/site_previsao_de_safra-por-produto-fev-2026.xlsx,30.108541764983478,-0.43023970497848807,29.495359628770295,,101.69999999999999,63.79999999999998,-7.0,expansao por area,107.0
regiao,CENTEIO,NORTE,2024/25,2025/26,0.0,0.0,0.0,0.0,0.0,0.0,0.0,0.0,0.0,Conab,Estimativa em fevereiro/2026,https://www.gov.br/conab/pt-br/atuacao/informacoes-agropecuarias/safras/safra-de-graos/boletim-da-safra-de-graos/5o-levantamento-safra-2025-26/site_previsao_de_safra-por-produto-fev-2026.xlsx,,,,,0.0,0.0,0.0,estabilidade aproximada,254.0
uf,CENTEIO,RR,2024/25,2025/26,0.0,0.0,0.0,0.0,0.0,0.0,0.0,0.0,0.0,Conab,Estimativa em fevereiro/2026,https://www.gov.br/conab/pt-br/atuacao/informacoes-agropecuarias/safras/safra-de-graos/boletim-da-safra-de-graos/5o-levantamento-safra-2025-26/site_previsao_de_safra-por-produto-fev-2026.xlsx,,,,,0.0,0.0,0.0,estabilidade aproximada,254.0
uf,CENTEIO,RO,2024/25,2025/26,0.0,0.0,0.0,0.0,0.0,0.0,0.0,0.0,0.0,Conab,Estimativa em fevereiro/2026,https://www.gov.br/conab/pt-br/atuacao/informacoes-agropecuarias/safras/safra-de-graos/boletim-da-safra-de-graos/5o-levantamento-safra-2025-26/site_previsao_de_safra-por-produto-fev-2026.xlsx,,,,,0.0,0.0,0.0,estabilidade aproximada,254.0
uf,CENTEIO,AC,2024/25,2025/26,0.0,0.0,0.0,0.0,0.0,0.0,0.0,0.0,0.0,Conab,Estimativa em fevereiro/2026,https://www.gov.br/conab/pt-br/atuacao/informacoes-agropecuarias/safras/safra-de-graos/boletim-da-safra-de-graos/5o-levantamento-safra-2025-26/site_previsao_de_safra-por-produto-fev-2026.xlsx,,,,,0.0,0.0,0.0,estabilidade aproximada,254.0
uf,CENTEIO,AM,2024/25,2025/26,0.0,0.0,0.0,0.0,0.0,0.0,0.0,0.0,0.0,Conab,Estimativa em fevereiro/2026,https://www.gov.br/conab/pt-br/atuacao/informacoes-agropecuarias/safras/safra-de-graos/boletim-da-safra-de-graos/5o-levantamento-safra-2025-26/site_previsao_de_safra-por-produto-fev-2026.xlsx,,,,,0.0,0.0,0.0,estabilidade aproximada,254.0
uf,CENTEIO,AP,2024/25,2025/26,0.0,0.0,0.0,0.0,0.0,0.0,0.0,0.0,0.0,Conab,Estimativa em fevereiro/2026,https://www.gov.br/conab/pt-br/atuacao/informacoes-agropecuarias/safras/safra-de-graos/boletim-da-safra-de-graos/5o-levantamento-safra-2025-26/site_previsao_de_safra-por-produto-fev-2026.xlsx,,,,,0.0,0.0,0.0,estabilidade aproximada,254.0
uf,CENTEIO,PA,2024/25,2025/26,0.0,0.0,0.0,0.0,0.0,0.0,0.0,0.0,0.0,Conab,Estimativa em fevereiro/2026,https://www.gov.br/conab/pt-br/atuacao/informacoes-agropecuarias/safras/safra-de-graos/boletim-da-safra-de-graos/5o-levantamento-safra-2025-26/site_previsao_de_safra-por-produto-fev-2026.xlsx,,,,,0.0,0.0,0.0,estabilidade aproximada,254.0
uf,CENTEIO,TO,2024/25,2025/26,0.0,0.0,0.0,0.0,0.0,0.0,0.0,0.0,0.0,Conab,Estimativa em fevereiro/2026,https://www.gov.br/conab/pt-br/atuacao/informacoes-agropecuarias/safras/safra-de-graos/boletim-da-safra-de-graos/5o-levantamento-safra-2025-26/site_previsao_de_safra-por-produto-fev-2026.xlsx,,,,,0.0,0.0,0.0,estabilidade aproximada,254.0
regiao,CENTEIO,NORDESTE,2024/25,2025/26,0.0,0.0,0.0,0.0,0.0,0.0,0.0,0.0,0.0,Conab,Estimativa em fevereiro/2026,https://www.gov.br/conab/pt-br/atuacao/informacoes-agropecuarias/safras/safra-de-graos/boletim-da-safra-de-graos/5o-levantamento-safra-2025-26/site_previsao_de_safra-por-produto-fev-2026.xlsx,,,,,0.0,0.0,0.0,estabilidade aproximada,254.0
uf,CENTEIO,MA,2024/25,2025/26,0.0,0.0,0.0,0.0,0.0,0.0,0.0,0.0,0.0,Conab,Estimativa em fevereiro/2026,https://www.gov.br/conab/pt-br/atuacao/informacoes-agropecuarias/safras/safra-de-graos/boletim-da-safra-de-graos/5o-levantamento-safra-2025-26/site_previsao_de_safra-por-produto-fev-2026.xlsx,,,,,0.0,0.0,0.0,estabilidade aproximada,254.0
uf,CENTEIO,PI,2024/25,2025/26,0.0,0.0,0.0,0.0,0.0,0.0,0.0,0.0,0.0,Conab,Estimativa em fevereiro/2026,https://www.gov.br/conab/pt-br/atuacao/informacoes-agropecuarias/safras/safra-de-graos/boletim-da-safra-de-graos/5o-levantamento-safra-2025-26/site_previsao_de_safra-por-produto-fev-2026.xlsx,,,,,0.0,0.0,0.0,estabilidade aproximada,254.0
uf,CENTEIO,CE,2024/25,2025/26,0.0,0.0,0.0,0.0,0.0,0.0,0.0,0.0,0.0,Conab,Estimativa em fevereiro/2026,https://www.gov.br/conab/pt-br/atuacao/informacoes-agropecuarias/safras/safra-de-graos/boletim-da-safra-de-graos/5o-levantamento-safra-2025-26/site_previsao_de_safra-por-produto-fev-2026.xlsx,,,,,0.0,0.0,0.0,estabilidade aproximada,254.0
uf,CENTEIO,RN,2024/25,2025/26,0.0,0.0,0.0,0.0,0.0,0.0,0.0,0.0,0.0,Conab,Estimativa em fevereiro/2026,https://www.gov.br/conab/pt-br/atuacao/informacoes-agropecuarias/safras/safra-de-graos/boletim-da-safra-de-graos/5o-levantamento-safra-2025-26/site_previsao_de_safra-por-produto-fev-2026.xlsx,,,,,0.0,0.0,0.0,estabilidade aproximada,254.0
uf,CENTEIO,PB,2024/25,2025/26,0.0,0.0,0.0,0.0,0.0,0.0,0.0,0.0,0.0,Conab,Estimativa em fevereiro/2026,https://www.gov.br/conab/pt-br/atuacao/informacoes-agropecuarias/safras/safra-de-graos/boletim-da-safra-de-graos/5o-levantamento-safra-2025-26/site_previsao_de_safra-por-produto-fev-2026.xlsx,,,,,0.0,0.0,0.0,estabilidade aproximada,254.0
uf,CENTEIO,PE,2024/25,2025/26,0.0,0.0,0.0,0.0,0.0,0.0,0.0,0.0,0.0,Conab,Estimativa em fevereiro/2026,https://www.gov.br/conab/pt-br/atuacao/informacoes-agropecuarias/safras/safra-de-graos/boletim-da-safra-de-graos/5o-levantamento-safra-2025-26/site_previsao_de_safra-por-produto-fev-2026.xlsx,,,,,0.0,0.0,0.0,estabilidade aproximada,254.0
uf,CENTEIO,AL,2024/25,2025/26,0.0,0.0,0.0,0.0,0.0,0.0,0.0,0.0,0.0,Conab,Estimativa em fevereiro/2026,https://www.gov.br/conab/pt-br/atuacao/informacoes-agropecuarias/safras/safra-de-graos/boletim-da-safra-de-graos/5o-levantamento-safra-2025-26/site_previsao_de_safra-por-produto-fev-2026.xlsx,,,,,0.0,0.0,0.0,estabilidade aproximada,254.0
uf,CENTEIO,SE,2024/25,2025/26,0.0,0.0,0.0,0.0,0.0,0.0,0.0,0.0,0.0,Conab,Estimativa em fevereiro/2026,https://www.gov.br/conab/pt-br/atuacao/informacoes-agropecuarias/safras/safra-de-graos/boletim-da-safra-de-graos/5o-levantamento-safra-2025-26/site_previsao_de_safra-por-produto-fev-2026.xlsx,,,,,0.0,0.0,0.0,estabilidade aproximada,254.0
uf,CENTEIO,BA,2024/25,2025/26,0.0,0.0,0.0,0.0,0.0,0.0,0.0,0.0,0.0,Conab,Estimativa em fevereiro/2026,https://www.gov.br/conab/pt-br/atuacao/informacoes-agropecuarias/safras/safra-de-graos/boletim-da-safra-de-graos/5o-levantamento-safra-2025-26/site_previsao_de_safra-por-produto-fev-2026.xlsx,,,,,0.0,0.0,0.0,estabilidade aproximada,254.0
regiao,CENTEIO,CENTRO-OESTE,2024/25,2025/26,0.0,0.0,0.0,0.0,0.0,0.0,0.0,0.0,0.0,Conab,Estimativa em fevereiro/2026,https://www.gov.br/conab/pt-br/atuacao/informacoes-agropecuarias/safras/safra-de-graos/boletim-da-safra-de-graos/5o-levantamento-safra-2025-26/site_previsao_de_safra-por-produto-fev-2026.xlsx,,,,,0.0,0.0,0.0,estabilidade aproximada,254.0
uf,CENTEIO,MT,2024/25,2025/26,0.0,0.0,0.0,0.0,0.0,0.0,0.0,0.0,0.0,Conab,Estimativa em fevereiro/2026,https://www.gov.br/conab/pt-br/atuacao/informacoes-agropecuarias/safras/safra-de-graos/boletim-da-safra-de-graos/5o-levantamento-safra-2025-26/site_previsao_de_safra-por-produto-fev-2026.xlsx,,,,,0.0,0.0,0.0,estabilidade aproximada,254.0
uf,CENTEIO,MS,2024/25,2025/26,0.0,0.0,0.0,0.0,0.0,0.0,0.0,0.0,0.0,Conab,Estimativa em fevereiro/2026,https://www.gov.br/conab/pt-br/atuacao/informacoes-agropecuarias/safras/safra-de-graos/boletim-da-safra-de-graos/5o-levantamento-safra-2025-26/site_previsao_de_safra-por-produto-fev-2026.xlsx,,,,,0.0,0.0,0.0,estabilidade aproximada,254.0
uf,CENTEIO,GO,2024/25,2025/26,0.0,0.0,0.0,0.0,0.0,0.0,0.0,0.0,0.0,Conab,Estimativa em fevereiro/2026,https://www.gov.br/conab/pt-br/atuacao/informacoes-agropecuarias/safras/safra-de-graos/boletim-da-safra-de-graos/5o-levantamento-safra-2025-26/site_previsao_de_safra-por-produto-fev-2026.xlsx,,,,,0.0,0.0,0.0,estabilidade aproximada,254.0
uf,CENTEIO,DF,2024/25,2025/26,0.0,0.0,0.0,0.0,0.0,0.0,0.0,0.0,0.0,Conab,Estimativa em fevereiro/2026,https://www.gov.br/conab/pt-br/atuacao/informacoes-agropecuarias/safras/safra-de-graos/boletim-da-safra-de-graos/5o-levantamento-safra-2025-26/site_previsao_de_safra-por-produto-fev-2026.xlsx,,,,,0.0,0.0,0.0,estabilidade aproximada,254.0
regiao,CENTEIO,SUDESTE,2024/25,2025/26,0.0,0.0,0.0,0.0,0.0,0.0,0.0,0.0,0.0,Conab,Estimativa em fevereiro/2026,https://www.gov.br/conab/pt-br/atuacao/informacoes-agropecuarias/safras/safra-de-graos/boletim-da-safra-de-graos/5o-levantamento-safra-2025-26/site_previsao_de_safra-por-produto-fev-2026.xlsx,,,,,0.0,0.0,0.0,estabilidade aproximada,254.0
uf,CENTEIO,MG,2024/25,2025/26,0.0,0.0,0.0,0.0,0.0,0.0,0.0,0.0,0.0,Conab,Estimativa em fevereiro/2026,https://www.gov.br/conab/pt-br/atuacao/informacoes-agropecuarias/safras/safra-de-graos/boletim-da-safra-de-graos/5o-levantamento-safra-2025-26/site_previsao_de_safra-por-produto-fev-2026.xlsx,,,,,0.0,0.0,0.0,estabilidade aproximada,254.0
uf,CENTEIO,ES,2024/25,2025/26,0.0,0.0,0.0,0.0,0.0,0.0,0.0,0.0,0.0,Conab,Estimativa em fevereiro/2026,https://www.gov.br/conab/pt-br/atuacao/informacoes-agropecuarias/safras/safra-de-graos/boletim-da-safra-de-graos/5o-levantamento-safra-2025-26/site_previsao_de_safra-por-produto-fev-2026.xlsx,,,,,0.0,0.0,0.0,estabilidade aproximada,254.0
uf,CENTEIO,RJ,2024/25,2025/26,0.0,0.0,0.0,0.0,0.0,0.0,0.0,0.0,0.0,Conab,Estimativa em fevereiro/2026,https://www.gov.br/conab/pt-br/atuacao/informacoes-agropecuarias/safras/safra-de-graos/boletim-da-safra-de-graos/5o-levantamento-safra-2025-26/site_previsao_de_safra-por-produto-fev-2026.xlsx,,,,,0.0,0.0,0.0,estabilidade aproximada,254.0
uf,CENTEIO,SP,2024/25,2025/26,0.0,0.0,0.0,0.0,0.0,0.0,0.0,0.0,0.0,Conab,Estimativa em fevereiro/2026,https://www.gov.br/conab/pt-br/atuacao/informacoes-agropecuarias/safras/safra-de-graos/boletim-da-safra-de-graos/5o-levantamento-safra-2025-26/site_previsao_de_safra-por-produto-fev-2026.xlsx,,,,,0.0,0.0,0.0,estabilidade aproximada,254.0
regiao,CENTEIO,SUL,2024/25,2025/26,2.1,2.1,0.0,2381.0,2238.0,-6.0,5.0,4.7,-6.0,Conab,Estimativa em fevereiro/2026,https://www.gov.br/conab/pt-br/atuacao/informacoes-agropecuarias/safras/safra-de-graos/boletim-da-safra-de-graos/5o-levantamento-safra-2025-26/site_previsao_de_safra-por-produto-fev-2026.xlsx,0.0,-6.005879882402352,-5.9999999999999964,,-0.2999999999999998,0.0,-143.0,queda por produtividade,223.0
uf,CENTEIO,PR,2024/25,2025/26,2.1,2.1,0.0,2401.0,2251.0,-6.2,5.0,4.7,-6.0,Conab,Estimativa em fevereiro/2026,https://www.gov.br/conab/pt-br/atuacao/informacoes-agropecuarias/safras/safra-de-graos/boletim-da-safra-de-graos/5o-levantamento-safra-2025-26/site_previsao_de_safra-por-produto-fev-2026.xlsx,0.0,-6.247396917950853,-5.9999999999999964,,-0.2999999999999998,0.0,-150.0,queda por produtividade,223.0
uf,CENTEIO,SC,2024/25,2025/26,0.0,0.0,0.0,0.0,0.0,0.0,0.0,0.0,0.0,Conab,Estimativa em fevereiro/2026,https://www.gov.br/conab/pt-br/atuacao/informacoes-agropecuarias/safras/safra-de-graos/boletim-da-safra-de-graos/5o-levantamento-safra-2025-26/site_previsao_de_safra-por-produto-fev-2026.xlsx,,,,,0.0,0.0,0.0,estabilidade aproximada,254.0
uf,CENTEIO,RS,2024/25,2025/26,0.0,0.0,0.0,0.0,0.0,0.0,0.0,0.0,0.0,Conab,Estimativa em fevereiro/2026,https://www.gov.br/conab/pt-br/atuacao/informacoes-agropecuarias/safras/safra-de-graos/boletim-da-safra-de-graos/5o-levantamento-safra-2025-26/site_previsao_de_safra-por-produto-fev-2026.xlsx,,,,,0.0,0.0,0.0,estabilidade aproximada,254.0
agregado_regional,CENTEIO,NORTE/NORDESTE,2024/25,2025/26,0.0,0.0,0.0,,0.0,,0.0,0.0,0.0,Conab,Estimativa em fevereiro/2026,https://www.gov.br/conab/pt-br/atuacao/informacoes-agropecuarias/safras/safra-de-graos/boletim-da-safra-de-graos/5o-levantamento-safra-2025-26/site_previsao_de_safra-por-produto-fev-2026.xlsx,,,,,0.0,0.0,,estabilidade aproximada,254.0
agregado_regional,CENTEIO,CENTRO-SUL,2024/25,2025/26,2.1,2.1,0.0,2381.0,2238.0,-6.0,5.0,4.7,-6.0,Conab,Estimativa em fevereiro/2026,https://www.gov.br/conab/pt-br/atuacao/informacoes-agropecuarias/safras/safra-de-graos/boletim-da-safra-de-graos/5o-levantamento-safra-2025-26/site_previsao_de_safra-por-produto-fev-2026.xlsx,0.0,-6.005879882402352,-5.9999999999999964,,-0.2999999999999998,0.0,-143.0,queda por produtividade,223.0
total_brasil,CENTEIO,BRASIL,2024/25,2025/26,2.1,2.1,0.0,2381.0,2238.0,-6.0,5.0,4.7,-6.0,Conab,Estimativa em fevereiro/2026,https://www.gov.br/conab/pt-br/atuacao/informacoes-agropecuarias/safras/safra-de-graos/boletim-da-safra-de-graos/5o-levantamento-safra-2025-26/site_previsao_de_safra-por-produto-fev-2026.xlsx,0.0,-6.005879882402352,-5.9999999999999964,,-0.2999999999999998,0.0,-143.0,queda por produtividade,223.0
regiao,CEVADA,NORTE,2024/25,2025/26,0.0,0.0,0.0,0.0,0.0,0.0,0.0,0.0,0.0,Conab,Estimativa em fevereiro/2026,https://www.gov.br/conab/pt-br/atuacao/informacoes-agropecuarias/safras/safra-de-graos/boletim-da-safra-de-graos/5o-levantamento-safra-2025-26/site_previsao_de_safra-por-produto-fev-2026.xlsx,,,,,0.0,0.0,0.0,estabilidade aproximada,254.0
uf,CEVADA,RR,2024/25,2025/26,0.0,0.0,0.0,0.0,0.0,0.0,0.0,0.0,0.0,Conab,Estimativa em fevereiro/2026,https://www.gov.br/conab/pt-br/atuacao/informacoes-agropecuarias/safras/safra-de-graos/boletim-da-safra-de-graos/5o-levantamento-safra-2025-26/site_previsao_de_safra-por-produto-fev-2026.xlsx,,,,,0.0,0.0,0.0,estabilidade aproximada,254.0
uf,CEVADA,RO,2024/25,2025/26,0.0,0.0,0.0,0.0,0.0,0.0,0.0,0.0,0.0,Conab,Estimativa em fevereiro/2026,https://www.gov.br/conab/pt-br/atuacao/informacoes-agropecuarias/safras/safra-de-graos/boletim-da-safra-de-graos/5o-levantamento-safra-2025-26/site_previsao_de_safra-por-produto-fev-2026.xlsx,,,,,0.0,0.0,0.0,estabilidade aproximada,254.0
uf,CEVADA,AC,2024/25,2025/26,0.0,0.0,0.0,0.0,0.0,0.0,0.0,0.0,0.0,Conab,Estimativa em fevereiro/2026,https://www.gov.br/conab/pt-br/atuacao/informacoes-agropecuarias/safras/safra-de-graos/boletim-da-safra-de-graos/5o-levantamento-safra-2025-26/site_previsao_de_safra-por-produto-fev-2026.xlsx,,,,,0.0,0.0,0.0,estabilidade aproximada,254.0
uf,CEVADA,AM,2024/25,2025/26,0.0,0.0,0.0,0.0,0.0,0.0,0.0,0.0,0.0,Conab,Estimativa em fevereiro/2026,https://www.gov.br/conab/pt-br/atuacao/informacoes-agropecuarias/safras/safra-de-graos/boletim-da-safra-de-graos/5o-levantamento-safra-2025-26/site_previsao_de_safra-por-produto-fev-2026.xlsx,,,,,0.0,0.0,0.0,estabilidade aproximada,254.0
uf,CEVADA,AP,2024/25,2025/26,0.0,0.0,0.0,0.0,0.0,0.0,0.0,0.0,0.0,Conab,Estimativa em fevereiro/2026,https://www.gov.br/conab/pt-br/atuacao/informacoes-agropecuarias/safras/safra-de-graos/boletim-da-safra-de-graos/5o-levantamento-safra-2025-26/site_previsao_de_safra-por-produto-fev-2026.xlsx,,,,,0.0,0.0,0.0,estabilidade aproximada,254.0
uf,CEVADA,PA,2024/25,2025/26,0.0,0.0,0.0,0.0,0.0,0.0,0.0,0.0,0.0,Conab,Estimativa em fevereiro/2026,https://www.gov.br/conab/pt-br/atuacao/informacoes-agropecuarias/safras/safra-de-graos/boletim-da-safra-de-graos/5o-levantamento-safra-2025-26/site_previsao_de_safra-por-produto-fev-2026.xlsx,,,,,0.0,0.0,0.0,estabilidade aproximada,254.0
uf,CEVADA,TO,2024/25,2025/26,0.0,0.0,0.0,0.0,0.0,0.0,0.0,0.0,0.0,Conab,Estimativa em fevereiro/2026,https://www.gov.br/conab/pt-br/atuacao/informacoes-agropecuarias/safras/safra-de-graos/boletim-da-safra-de-graos/5o-levantamento-safra-2025-26/site_previsao_de_safra-por-produto-fev-2026.xlsx,,,,,0.0,0.0,0.0,estabilidade aproximada,254.0
regiao,CEVADA,NORDESTE,2024/25,2025/26,0.0,0.0,0.0,0.0,0.0,0.0,0.0,0.0,0.0,Conab,Estimativa em fevereiro/2026,https://www.gov.br/conab/pt-br/atuacao/informacoes-agropecuarias/safras/safra-de-graos/boletim-da-safra-de-graos/5o-levantamento-safra-2025-26/site_previsao_de_safra-por-produto-fev-2026.xlsx,,,,,0.0,0.0,0.0,estabilidade aproximada,254.0
uf,CEVADA,MA,2024/25,2025/26,0.0,0.0,0.0,0.0,0.0,0.0,0.0,0.0,0.0,Conab,Estimativa em fevereiro/2026,https://www.gov.br/conab/pt-br/atuacao/informacoes-agropecuarias/safras/safra-de-graos/boletim-da-safra-de-graos/5o-levantamento-safra-2025-26/site_previsao_de_safra-por-produto-fev-2026.xlsx,,,,,0.0,0.0,0.0,estabilidade aproximada,254.0
uf,CEVADA,PI,2024/25,2025/26,0.0,0.0,0.0,0.0,0.0,0.0,0.0,0.0,0.0,Conab,Estimativa em fevereiro/2026,https://www.gov.br/conab/pt-br/atuacao/informacoes-agropecuarias/safras/safra-de-graos/boletim-da-safra-de-graos/5o-levantamento-safra-2025-26/site_previsao_de_safra-por-produto-fev-2026.xlsx,,,,,0.0,0.0,0.0,estabilidade aproximada,254.0
uf,CEVADA,CE,2024/25,2025/26,0.0,0.0,0.0,0.0,0.0,0.0,0.0,0.0,0.0,Conab,Estimativa em fevereiro/2026,https://www.gov.br/conab/pt-br/atuacao/informacoes-agropecuarias/safras/safra-de-graos/boletim-da-safra-de-graos/5o-levantamento-safra-2025-26/site_previsao_de_safra-por-produto-fev-2026.xlsx,,,,,0.0,0.0,0.0,estabilidade aproximada,254.0
uf,CEVADA,RN,2024/25,2025/26,0.0,0.0,0.0,0.0,0.0,0.0,0.0,0.0,0.0,Conab,Estimativa em fevereiro/2026,https://www.gov.br/conab/pt-br/atuacao/informacoes-agropecuarias/safras/safra-de-graos/boletim-da-safra-de-graos/5o-levantamento-safra-2025-26/site_previsao_de_safra-por-produto-fev-2026.xlsx,,,,,0.0,0.0,0.0,estabilidade aproximada,254.0
uf,CEVADA,PB,2024/25,2025/26,0.0,0.0,0.0,0.0,0.0,0.0,0.0,0.0,0.0,Conab,Estimativa em fevereiro/2026,https://www.gov.br/conab/pt-br/atuacao/informacoes-agropecuarias/safras/safra-de-graos/boletim-da-safra-de-graos/5o-levantamento-safra-2025-26/site_previsao_de_safra-por-produto-fev-2026.xlsx,,,,,0.0,0.0,0.0,estabilidade aproximada,254.0
uf,CEVADA,PE,2024/25,2025/26,0.0,0.0,0.0,0.0,0.0,0.0,0.0,0.0,0.0,Conab,Estimativa em fevereiro/2026,https://www.gov.br/conab/pt-br/atuacao/informacoes-agropecuarias/safras/safra-de-graos/boletim-da-safra-de-graos/5o-levantamento-safra-2025-26/site_previsao_de_safra-por-produto-fev-2026.xlsx,,,,,0.0,0.0,0.0,estabilidade aproximada,254.0
uf,CEVADA,AL,2024/25,2025/26,0.0,0.0,0.0,0.0,0.0,0.0,0.0,0.0,0.0,Conab,Estimativa em fevereiro/2026,https://www.gov.br/conab/pt-br/atuacao/informacoes-agropecuarias/safras/safra-de-graos/boletim-da-safra-de-graos/5o-levantamento-safra-2025-26/site_previsao_de_safra-por-produto-fev-2026.xlsx,,,,,0.0,0.0,0.0,estabilidade aproximada,254.0
uf,CEVADA,SE,2024/25,2025/26,0.0,0.0,0.0,0.0,0.0,0.0,0.0,0.0,0.0,Conab,Estimativa em fevereiro/2026,https://www.gov.br/conab/pt-br/atuacao/informacoes-agropecuarias/safras/safra-de-graos/boletim-da-safra-de-graos/5o-levantamento-safra-2025-26/site_previsao_de_safra-por-produto-fev-2026.xlsx,,,,,0.0,0.0,0.0,estabilidade aproximada,254.0
uf,CEVADA,BA,2024/25,2025/26,0.0,0.0,0.0,0.0,0.0,0.0,0.0,0.0,0.0,Conab,Estimativa em fevereiro/2026,https://www.gov.br/conab/pt-br/atuacao/informacoes-agropecuarias/safras/safra-de-graos/boletim-da-safra-de-graos/5o-levantamento-safra-2025-26/site_previsao_de_safra-por-produto-fev-2026.xlsx,,,,,0.0,0.0,0.0,estabilidade aproximada,254.0
regiao,CEVADA,CENTRO-OESTE,2024/25,2025/26,0.0,0.0,0.0,0.0,0.0,0.0,0.0,0.0,0.0,Conab,Estimativa em fevereiro/2026,https://www.gov.br/conab/pt-br/atuacao/informacoes-agropecuarias/safras/safra-de-graos/boletim-da-safra-de-graos/5o-levantamento-safra-2025-26/site_previsao_de_safra-por-produto-fev-2026.xlsx,,,,,0.0,0.0,0.0,estabilidade aproximada,254.0
uf,CEVADA,MT,2024/25,2025/26,0.0,0.0,0.0,0.0,0.0,0.0,0.0,0.0,0.0,Conab,Estimativa em fevereiro/2026,https://www.gov.br/conab/pt-br/atuacao/informacoes-agropecuarias/safras/safra-de-graos/boletim-da-safra-de-graos/5o-levantamento-safra-2025-26/site_previsao_de_safra-por-produto-fev-2026.xlsx,,,,,0.0,0.0,0.0,estabilidade aproximada,254.0
uf,CEVADA,MS,2024/25,2025/26,0.0,0.0,0.0,0.0,0.0,0.0,0.0,0.0,0.0,Conab,Estimativa em fevereiro/2026,https://www.gov.br/conab/pt-br/atuacao/informacoes-agropecuarias/safras/safra-de-graos/boletim-da-safra-de-graos/5o-levantamento-safra-2025-26/site_previsao_de_safra-por-produto-fev-2026.xlsx,,,,,0.0,0.0,0.0,estabilidade aproximada,254.0
uf,CEVADA,GO,2024/25,2025/26,0.0,0.0,0.0,0.0,0.0,0.0,0.0,0.0,0.0,Conab,Estimativa em fevereiro/2026,https://www.gov.br/conab/pt-br/atuacao/informacoes-agropecuarias/safras/safra-de-graos/boletim-da-safra-de-graos/5o-levantamento-safra-2025-26/site_previsao_de_safra-por-produto-fev-2026.xlsx,,,,,0.0,0.0,0.0,estabilidade aproximada,254.0
uf,CEVADA,DF,2024/25,2025/26,0.0,0.0,0.0,0.0,0.0,0.0,0.0,0.0,0.0,Conab,Estimativa em fevereiro/2026,https://www.gov.br/conab/pt-br/atuacao/informacoes-agropecuarias/safras/safra-de-graos/boletim-da-safra-de-graos/5o-levantamento-safra-2025-26/site_previsao_de_safra-por-produto-fev-2026.xlsx,,,,,0.0,0.0,0.0,estabilidade aproximada,254.0
regiao,CEVADA,SUDESTE,2024/25,2025/26,4.1,4.1,0.0,3195.0,3195.0,0.0,13.1,13.1,0.0,Conab,Estimativa em fevereiro/2026,https://www.gov.br/conab/pt-br/atuacao/informacoes-agropecuarias/safras/safra-de-graos/boletim-da-safra-de-graos/5o-levantamento-safra-2025-26/site_previsao_de_safra-por-produto-fev-2026.xlsx,0.0,0.0,0.0,,0.0,0.0,0.0,estabilidade aproximada,209.0
uf,CEVADA,MG,2024/25,2025/26,0.0,0.0,0.0,0.0,0.0,0.0,0.0,0.0,0.0,Conab,Estimativa em fevereiro/2026,https://www.gov.br/conab/pt-br/atuacao/informacoes-agropecuarias/safras/safra-de-graos/boletim-da-safra-de-graos/5o-levantamento-safra-2025-26/site_previsao_de_safra-por-produto-fev-2026.xlsx,,,,,0.0,0.0,0.0,estabilidade aproximada,254.0
uf,CEVADA,ES,2024/25,2025/26,0.0,0.0,0.0,0.0,0.0,0.0,0.0,0.0,0.0,Conab,Estimativa em fevereiro/2026,https://www.gov.br/conab/pt-br/atuacao/informacoes-agropecuarias/safras/safra-de-graos/boletim-da-safra-de-graos/5o-levantamento-safra-2025-26/site_previsao_de_safra-por-produto-fev-2026.xlsx,,,,,0.0,0.0,0.0,estabilidade aproximada,254.0
uf,CEVADA,RJ,2024/25,2025/26,0.0,0.0,0.0,0.0,0.0,0.0,0.0,0.0,0.0,Conab,Estimativa em fevereiro/2026,https://www.gov.br/conab/pt-br/atuacao/informacoes-agropecuarias/safras/safra-de-graos/boletim-da-safra-de-graos/5o-levantamento-safra-2025-26/site_previsao_de_safra-por-produto-fev-2026.xlsx,,,,,0.0,0.0,0.0,estabilidade aproximada,254.0
uf,CEVADA,SP,2024/25,2025/26,4.1,4.1,0.0,3200.0,3200.0,0.0,13.1,13.1,0.0,Conab,Estimativa em fevereiro/2026,https://www.gov.br/conab/pt-br/atuacao/informacoes-agropecuarias/safras/safra-de-graos/boletim-da-safra-de-graos/5o-levantamento-safra-2025-26/site_previsao_de_safra-por-produto-fev-2026.xlsx,0.0,0.0,0.0,,0.0,0.0,0.0,estabilidade aproximada,209.0
regiao,CEVADA,SUL,2024/25,2025/26,135.1,145.8,7.9,4393.0,3918.0,-10.8,593.5,571.2,-3.8,Conab,Estimativa em fevereiro/2026,https://www.gov.br/conab/pt-br/atuacao/informacoes-agropecuarias/safras/safra-de-graos/boletim-da-safra-de-graos/5o-levantamento-safra-2025-26/site_previsao_de_safra-por-produto-fev-2026.xlsx,7.920059215396017,-10.812656498975642,-3.757371524852562,,-22.299999999999955,10.700000000000017,-475.0,queda por produtividade,100.0
uf,CEVADA,PR,2024/25,2025/26,103.7,111.3,7.3,4661.0,4218.0,-9.5,483.3,469.5,-2.9,Conab,Estimativa em fevereiro/2026,https://www.gov.br/conab/pt-br/atuacao/informacoes-agropecuarias/safras/safra-de-graos/boletim-da-safra-de-graos/5o-levantamento-safra-2025-26/site_previsao_de_safra-por-produto-fev-2026.xlsx,7.328833172613301,-9.504398197811629,-2.8553693358162655,,-13.800000000000011,7.599999999999994,-443.0,queda por produtividade,106.0
uf,CEVADA,SC,2024/25,2025/26,0.0,0.0,0.0,0.0,0.0,,0.0,0.0,0.0,Conab,Estimativa em fevereiro/2026,https://www.gov.br/conab/pt-br/atuacao/informacoes-agropecuarias/safras/safra-de-graos/boletim-da-safra-de-graos/5o-levantamento-safra-2025-26/site_previsao_de_safra-por-produto-fev-2026.xlsx,,,,,0.0,0.0,0.0,estabilidade aproximada,254.0
uf,CEVADA,RS,2024/25,2025/26,31.4,34.5,9.9,3509.0,2947.0,-16.0,110.2,101.7,-7.7,Conab,Estimativa em fevereiro/2026,https://www.gov.br/conab/pt-br/atuacao/informacoes-agropecuarias/safras/safra-de-graos/boletim-da-safra-de-graos/5o-levantamento-safra-2025-26/site_previsao_de_safra-por-produto-fev-2026.xlsx,9.872611464968157,-16.015958962667426,-7.713248638838476,,-8.5,3.1000000000000014,-562.0,queda por produtividade,150.0
agregado_regional,CEVADA,NORTE/NORDESTE,2024/25,2025/26,0.0,0.0,0.0,,0.0,,0.0,0.0,0.0,Conab,Estimativa em fevereiro/2026,https://www.gov.br/conab/pt-br/atuacao/informacoes-agropecuarias/safras/safra-de-graos/boletim-da-safra-de-graos/5o-levantamento-safra-2025-26/site_previsao_de_safra-por-produto-fev-2026.xlsx,,,,,0.0,0.0,,estabilidade aproximada,254.0
agregado_regional,CEVADA,CENTRO-SUL,2024/25,2025/26,139.2,149.9,7.7,4358.0,3898.0,-10.6,606.6,584.3000000000001,-3.7,Conab,Estimativa em fevereiro/2026,https://www.gov.br/conab/pt-br/atuacao/informacoes-agropecuarias/safras/safra-de-graos/boletim-da-safra-de-graos/5o-levantamento-safra-2025-26/site_previsao_de_safra-por-produto-fev-2026.xlsx,7.686781609195416,-10.555300596603946,-3.676228156940316,,-22.299999999999955,10.700000000000017,-460.0,queda por produtividade,99.0
total_brasil,CEVADA,BRASIL,2024/25,2025/26,139.2,149.9,7.7,4358.0,3898.0,-10.6,606.6,584.3000000000001,-3.7,Conab,Estimativa em fevereiro/2026,https://www.gov.br/conab/pt-br/atuacao/informacoes-agropecuarias/safras/safra-de-graos/boletim-da-safra-de-graos/5o-levantamento-safra-2025-26/site_previsao_de_safra-por-produto-fev-2026.xlsx,7.686781609195416,-10.555300596603946,-3.676228156940316,,-22.299999999999955,10.700000000000017,-460.0,queda por produtividade,99.0
regiao,TRIGO,NORTE,2024/25,2025/26,0.0,0.0,0.0,0.0,0.0,0.0,0.0,0.0,0.0,Conab,Estimativa em fevereiro/2026,https://www.gov.br/conab/pt-br/atuacao/informacoes-agropecuarias/safras/safra-de-graos/boletim-da-safra-de-graos/5o-levantamento-safra-2025-26/site_previsao_de_safra-por-produto-fev-2026.xlsx,,,,,0.0,0.0,0.0,estabilidade aproximada,254.0
uf,TRIGO,RR,2024/25,2025/26,0.0,0.0,0.0,0.0,0.0,0.0,0.0,0.0,0.0,Conab,Estimativa em fevereiro/2026,https://www.gov.br/conab/pt-br/atuacao/informacoes-agropecuarias/safras/safra-de-graos/boletim-da-safra-de-graos/5o-levantamento-safra-2025-26/site_previsao_de_safra-por-produto-fev-2026.xlsx,,,,,0.0,0.0,0.0,estabilidade aproximada,254.0
uf,TRIGO,RO,2024/25,2025/26,0.0,0.0,0.0,0.0,0.0,0.0,0.0,0.0,0.0,Conab,Estimativa em fevereiro/2026,https://www.gov.br/conab/pt-br/atuacao/informacoes-agropecuarias/safras/safra-de-graos/boletim-da-safra-de-graos/5o-levantamento-safra-2025-26/site_previsao_de_safra-por-produto-fev-2026.xlsx,,,,,0.0,0.0,0.0,estabilidade aproximada,254.0
uf,TRIGO,AC,2024/25,2025/26,0.0,0.0,0.0,0.0,0.0,0.0,0.0,0.0,0.0,Conab,Estimativa em fevereiro/2026,https://www.gov.br/conab/pt-br/atuacao/informacoes-agropecuarias/safras/safra-de-graos/boletim-da-safra-de-graos/5o-levantamento-safra-2025-26/site_previsao_de_safra-por-produto-fev-2026.xlsx,,,,,0.0,0.0,0.0,estabilidade aproximada,254.0
uf,TRIGO,AM,2024/25,2025/26,0.0,0.0,0.0,0.0,0.0,0.0,0.0,0.0,0.0,Conab,Estimativa em fevereiro/2026,https://www.gov.br/conab/pt-br/atuacao/informacoes-agropecuarias/safras/safra-de-graos/boletim-da-safra-de-graos/5o-levantamento-safra-2025-26/site_previsao_de_safra-por-produto-fev-2026.xlsx,,,,,0.0,0.0,0.0,estabilidade aproximada,254.0
uf,TRIGO,AP,2024/25,2025/26,0.0,0.0,0.0,0.0,0.0,0.0,0.0,0.0,0.0,Conab,Estimativa em fevereiro/2026,https://www.gov.br/conab/pt-br/atuacao/informacoes-agropecuarias/safras/safra-de-graos/boletim-da-safra-de-graos/5o-levantamento-safra-2025-26/site_previsao_de_safra-por-produto-fev-2026.xlsx,,,,,0.0,0.0,0.0,estabilidade aproximada,254.0
uf,TRIGO,PA,2024/25,2025/26,0.0,0.0,0.0,0.0,0.0,0.0,0.0,0.0,0.0,Conab,Estimativa em fevereiro/2026,https://www.gov.br/conab/pt-br/atuacao/informacoes-agropecuarias/safras/safra-de-graos/boletim-da-safra-de-graos/5o-levantamento-safra-2025-26/site_previsao_de_safra-por-produto-fev-2026.xlsx,,,,,0.0,0.0,0.0,estabilidade aproximada,254.0
uf,TRIGO,TO,2024/25,2025/26,0.0,0.0,0.0,0.0,0.0,0.0,0.0,0.0,0.0,Conab,Estimativa em fevereiro/2026,https://www.gov.br/conab/pt-br/atuacao/informacoes-agropecuarias/safras/safra-de-graos/boletim-da-safra-de-graos/5o-levantamento-safra-2025-26/site_previsao_de_safra-por-produto-fev-2026.xlsx,,,,,0.0,0.0,0.0,estabilidade aproximada,254.0
regiao,TRIGO,NORDESTE,2024/25,2025/26,5.0,5.0,0.0,6000.0,6000.0,0.0,30.0,30.0,0.0,Conab,Estimativa em fevereiro/2026,https://www.gov.br/conab/pt-br/atuacao/informacoes-agropecuarias/safras/safra-de-graos/boletim-da-safra-de-graos/5o-levantamento-safra-2025-26/site_previsao_de_safra-por-produto-fev-2026.xlsx,0.0,0.0,0.0,,0.0,0.0,0.0,estabilidade aproximada,194.0
uf,TRIGO,MA,2024/25,2025/26,0.0,0.0,,0.0,0.0,0.0,0.0,0.0,0.0,Conab,Estimativa em fevereiro/2026,https://www.gov.br/conab/pt-br/atuacao/informacoes-agropecuarias/safras/safra-de-graos/boletim-da-safra-de-graos/5o-levantamento-safra-2025-26/site_previsao_de_safra-por-produto-fev-2026.xlsx,,,,,0.0,0.0,0.0,estabilidade aproximada,254.0
uf,TRIGO,PI,2024/25,2025/26,0.0,0.0,,0.0,0.0,0.0,0.0,0.0,0.0,Conab,Estimativa em fevereiro/2026,https://www.gov.br/conab/pt-br/atuacao/informacoes-agropecuarias/safras/safra-de-graos/boletim-da-safra-de-graos/5o-levantamento-safra-2025-26/site_previsao_de_safra-por-produto-fev-2026.xlsx,,,,,0.0,0.0,0.0,estabilidade aproximada,254.0
uf,TRIGO,CE,2024/25,2025/26,0.0,0.0,,0.0,0.0,0.0,0.0,0.0,0.0,Conab,Estimativa em fevereiro/2026,https://www.gov.br/conab/pt-br/atuacao/informacoes-agropecuarias/safras/safra-de-graos/boletim-da-safra-de-graos/5o-levantamento-safra-2025-26/site_previsao_de_safra-por-produto-fev-2026.xlsx,,,,,0.0,0.0,0.0,estabilidade aproximada,254.0
uf,TRIGO,RN,2024/25,2025/26,0.0,0.0,,0.0,0.0,0.0,0.0,0.0,0.0,Conab,Estimativa em fevereiro/2026,https://www.gov.br/conab/pt-br/atuacao/informacoes-agropecuarias/safras/safra-de-graos/boletim-da-safra-de-graos/5o-levantamento-safra-2025-26/site_previsao_de_safra-por-produto-fev-2026.xlsx,,,,,0.0,0.0,0.0,estabilidade aproximada,254.0
uf,TRIGO,PB,2024/25,2025/26,0.0,0.0,,0.0,0.0,0.0,0.0,0.0,0.0,Conab,Estimativa em fevereiro/2026,https://www.gov.br/conab/pt-br/atuacao/informacoes-agropecuarias/safras/safra-de-graos/boletim-da-safra-de-graos/5o-levantamento-safra-2025-26/site_previsao_de_safra-por-produto-fev-2026.xlsx,,,,,0.0,0.0,0.0,estabilidade aproximada,254.0
uf,TRIGO,PE,2024/25,2025/26,0.0,0.0,,0.0,0.0,0.0,0.0,0.0,0.0,Conab,Estimativa em fevereiro/2026,https://www.gov.br/conab/pt-br/atuacao/informacoes-agropecuarias/safras/safra-de-graos/boletim-da-safra-de-graos/5o-levantamento-safra-2025-26/site_previsao_de_safra-por-produto-fev-2026.xlsx,,,,,0.0,0.0,0.0,estabilidade aproximada,254.0
uf,TRIGO,AL,2024/25,2025/26,0.0,0.0,,0.0,0.0,0.0,0.0,0.0,0.0,Conab,Estimativa em fevereiro/2026,https://www.gov.br/conab/pt-br/atuacao/informacoes-agropecuarias/safras/safra-de-graos/boletim-da-safra-de-graos/5o-levantamento-safra-2025-26/site_previsao_de_safra-por-produto-fev-2026.xlsx,,,,,0.0,0.0,0.0,estabilidade aproximada,254.0
uf,TRIGO,SE,2024/25,2025/26,0.0,0.0,,0.0,0.0,0.0,0.0,0.0,0.0,Conab,Estimativa em fevereiro/2026,https://www.gov.br/conab/pt-br/atuacao/informacoes-agropecuarias/safras/safra-de-graos/boletim-da-safra-de-graos/5o-levantamento-safra-2025-26/site_previsao_de_safra-por-produto-fev-2026.xlsx,,,,,0.0,0.0,0.0,estabilidade aproximada,254.0
uf,TRIGO,BA,2024/25,2025/26,5.0,5.0,0.0,6000.0,6000.0,0.0,30.0,30.0,0.0,Conab,Estimativa em fevereiro/2026,https://www.gov.br/conab/pt-br/atuacao/informacoes-agropecuarias/safras/safra-de-graos/boletim-da-safra-de-graos/5o-levantamento-safra-2025-26/site_previsao_de_safra-por-produto-fev-2026.xlsx,0.0,0.0,0.0,,0.0,0.0,0.0,estabilidade aproximada,194.0
regiao,TRIGO,CENTRO-OESTE,2024/25,2025/26,88.80000000000001,87.4,-1.6,3421.0,3416.0,-0.1,303.8,298.6,-1.7,Conab,Estimativa em fevereiro/2026,https://www.gov.br/conab/pt-br/atuacao/informacoes-agropecuarias/safras/safra-de-graos/boletim-da-safra-de-graos/5o-levantamento-safra-2025-26/site_previsao_de_safra-por-produto-fev-2026.xlsx,-1.5765765765765827,-0.14615609470914936,-1.7116524028966387,,-5.199999999999989,-1.4000000000000057,-5.0,queda combinada,121.0
uf,TRIGO,MT,2024/25,2025/26,0.0,0.0,,0.0,0.0,0.0,0.0,0.0,0.0,Conab,Estimativa em fevereiro/2026,https://www.gov.br/conab/pt-br/atuacao/informacoes-agropecuarias/safras/safra-de-graos/boletim-da-safra-de-graos/5o-levantamento-safra-2025-26/site_previsao_de_safra-por-produto-fev-2026.xlsx,,,,,0.0,0.0,0.0,estabilidade aproximada,254.0
uf,TRIGO,MS,2024/25,2025/26,36.4,34.5,-5.2,2367.0,2305.0,-2.6,86.2,79.5,-7.8,Conab,Estimativa em fevereiro/2026,https://www.gov.br/conab/pt-br/atuacao/informacoes-agropecuarias/safras/safra-de-graos/boletim-da-safra-de-graos/5o-levantamento-safra-2025-26/site_previsao_de_safra-por-produto-fev-2026.xlsx,-5.2197802197802154,-2.619349387410224,-7.772621809744782,,-6.700000000000003,-1.8999999999999986,-62.0,queda combinada,163.0
uf,TRIGO,GO,2024/25,2025/26,45.0,45.0,0.0,4178.0,4166.0,-0.3,188.0,187.5,-0.3,Conab,Estimativa em fevereiro/2026,https://www.gov.br/conab/pt-br/atuacao/informacoes-agropecuarias/safras/safra-de-graos/boletim-da-safra-de-graos/5o-levantamento-safra-2025-26/site_previsao_de_safra-por-produto-fev-2026.xlsx,0.0,-0.28721876495931065,-0.26595744680851063,,-0.5,0.0,-12.0,queda por produtividade,131.0
uf,TRIGO,DF,2024/25,2025/26,7.4,7.9,6.8,4001.0,4001.0,0.0,29.6,31.6,6.8,Conab,Estimativa em fevereiro/2026,https://www.gov.br/conab/pt-br/atuacao/informacoes-agropecuarias/safras/safra-de-graos/boletim-da-safra-de-graos/5o-levantamento-safra-2025-26/site_previsao_de_safra-por-produto-fev-2026.xlsx,6.756756756756756,0.0,6.756756756756756,,2.0,0.5,0.0,expansao por area,192.0
regiao,TRIGO,SUDESTE,2024/25,2025/26,266.1,259.1,-2.6,2926.0,2844.0,-2.8,778.5999999999999,737.0,-5.3,Conab,Estimativa em fevereiro/2026,https://www.gov.br/conab/pt-br/atuacao/informacoes-agropecuarias/safras/safra-de-graos/boletim-da-safra-de-graos/5o-levantamento-safra-2025-26/site_previsao_de_safra-por-produto-fev-2026.xlsx,-2.6305900037579857,-2.802460697197539,-5.342923195479054,,-41.59999999999991,-7.0,-82.0,queda combinada,92.0
uf,TRIGO,MG,2024/25,2025/26,151.1,144.1,-4.6,2804.0,2678.0,-4.5,423.7,385.9,-8.9,Conab,Estimativa em fevereiro/2026,https://www.gov.br/conab/pt-br/atuacao/informacoes-agropecuarias/safras/safra-de-graos/boletim-da-safra-de-graos/5o-levantamento-safra-2025-26/site_previsao_de_safra-por-produto-fev-2026.xlsx,-4.632693580410324,-4.49358059914408,-8.921406655652588,,-37.80000000000001,-7.0,-126.0,queda combinada,114.0
uf,TRIGO,ES,2024/25,2025/26,0.0,0.0,,0.0,0.0,0.0,0.0,0.0,0.0,Conab,Estimativa em fevereiro/2026,https://www.gov.br/conab/pt-br/atuacao/informacoes-agropecuarias/safras/safra-de-graos/boletim-da-safra-de-graos/5o-levantamento-safra-2025-26/site_previsao_de_safra-por-produto-fev-2026.xlsx,,,,,0.0,0.0,0.0,estabilidade aproximada,254.0
uf,TRIGO,RJ,2024/25,2025/26,0.0,0.0,,0.0,0.0,0.0,0.0,0.0,0.0,Conab,Estimativa em fevereiro/2026,https://www.gov.br/conab/pt-br/atuacao/informacoes-agropecuarias/safras/safra-de-graos/boletim-da-safra-de-graos/5o-levantamento-safra-2025-26/site_previsao_de_safra-por-produto-fev-2026.xlsx,,,,,0.0,0.0,0.0,estabilidade aproximada,254.0
uf,TRIGO,SP,2024/25,2025/26,115.0,115.0,0.0,3086.0,3053.0,-1.1,354.9,351.1,-1.1,Conab,Estimativa em fevereiro/2026,https://www.gov.br/conab/pt-br/atuacao/informacoes-agropecuarias/safras/safra-de-graos/boletim-da-safra-de-graos/5o-levantamento-safra-2025-26/site_previsao_de_safra-por-produto-fev-2026.xlsx,0.0,-1.069345430978613,-1.0707241476472118,,-3.7999999999999545,0.0,-33.0,queda por produtividade,118.0
regiao,TRIGO,SUL,2024/25,2025/26,2086.0,1966.8000000000002,-5.7,3241.0,2969.0,-8.4,6761.0,5839.2,-13.6,Conab,Estimativa em fevereiro/2026,https://www.gov.br/conab/pt-br/atuacao/informacoes-agropecuarias/safras/safra-de-graos/boletim-da-safra-de-graos/5o-levantamento-safra-2025-26/site_previsao_de_safra-por-produto-fev-2026.xlsx,-5.7142857142857055,-8.392471459426103,-13.63407779914214,,-921.8000000000002,-119.19999999999982,-272.0,queda combinada,37.0
uf,TRIGO,PR,2024/25,2025/26,819.0,819.0,0.0,3383.0,2967.0,-12.3,2770.7,2430.0,-12.3,Conab,Estimativa em fevereiro/2026,https://www.gov.br/conab/pt-br/atuacao/informacoes-agropecuarias/safras/safra-de-graos/boletim-da-safra-de-graos/5o-levantamento-safra-2025-26/site_previsao_de_safra-por-produto-fev-2026.xlsx,0.0,-12.296778007685488,-12.296531562421043,,-340.6999999999998,0.0,-416.0,queda por produtividade,63.0
uf,TRIGO,SC,2024/25,2025/26,110.1,110.1,0.0,3700.0,3406.0,-7.9,407.4,375.0,-8.0,Conab,Estimativa em fevereiro/2026,https://www.gov.br/conab/pt-br/atuacao/informacoes-agropecuarias/safras/safra-de-graos/boletim-da-safra-de-graos/5o-levantamento-safra-2025-26/site_previsao_de_safra-por-produto-fev-2026.xlsx,0.0,-7.945945945945946,-7.952871870397639,,-32.39999999999998,0.0,-294.0,queda por produtividade,115.0
uf,TRIGO,RS,2024/25,2025/26,1156.9,1037.7,-10.3,3097.0,2924.0,-5.6,3582.9,3034.2,-15.3,Conab,Estimativa em fevereiro/2026,https://www.gov.br/conab/pt-br/atuacao/informacoes-agropecuarias/safras/safra-de-graos/boletim-da-safra-de-graos/5o-levantamento-safra-2025-26/site_previsao_de_safra-por-produto-fev-2026.xlsx,-10.303397009248858,-5.586051017113335,-15.314410114711555,,-548.7000000000003,-119.20000000000005,-173.0,queda combinada,53.0
agregado_regional,TRIGO,NORTE/NORDESTE,2024/25,2025/26,5.0,5.0,0.0,6000.0,6000.0,0.0,30.0,30.0,0.0,Conab,Estimativa em fevereiro/2026,https://www.gov.br/conab/pt-br/atuacao/informacoes-agropecuarias/safras/safra-de-graos/boletim-da-safra-de-graos/5o-levantamento-safra-2025-26/site_previsao_de_safra-por-produto-fev-2026.xlsx,0.0,0.0,0.0,,0.0,0.0,0.0,estabilidade aproximada,194.0
agregado_regional,TRIGO,CENTRO-SUL,2024/25,2025/26,2440.9,2313.3,-5.2,3213.0,2972.0,-7.5,7843.4,6874.799999999999,-12.3,Conab,Estimativa em fevereiro/2026,https://www.gov.br/conab/pt-br/atuacao/informacoes-agropecuarias/safras/safra-de-graos/boletim-da-safra-de-graos/5o-levantamento-safra-2025-26/site_previsao_de_safra-por-produto-fev-2026.xlsx,-5.227579990986927,-7.500778089013384,-12.349236300583936,,-968.6000000000004,-127.59999999999991,-241.0,queda combinada,34.0
total_brasil,TRIGO,BRASIL,2024/25,2025/26,2445.9,2318.3,-5.2,3219.0,2978.0,-7.5,7873.4,6904.799999999999,-12.3,Conab,Estimativa em fevereiro/2026,https://www.gov.br/conab/pt-br/atuacao/informacoes-agropecuarias/safras/safra-de-graos/boletim-da-safra-de-graos/5o-levantamento-safra-2025-26/site_previsao_de_safra-por-produto-fev-2026.xlsx,-5.216893577006415,-7.486797141969556,-12.3021820306348,,-968.6000000000004,-127.59999999999991,-241.0,queda combinada,33.0
regiao,TRITICALE,NORTE,2024/25,2025/26,0.0,0.0,0.0,0.0,0.0,0.0,0.0,0.0,0.0,Conab,Estimativa em fevereiro/2026,https://www.gov.br/conab/pt-br/atuacao/informacoes-agropecuarias/safras/safra-de-graos/boletim-da-safra-de-graos/5o-levantamento-safra-2025-26/site_previsao_de_safra-por-produto-fev-2026.xlsx,,,,,0.0,0.0,0.0,estabilidade aproximada,254.0
uf,TRITICALE,RR,2024/25,2025/26,0.0,0.0,0.0,0.0,0.0,0.0,0.0,0.0,0.0,Conab,Estimativa em fevereiro/2026,https://www.gov.br/conab/pt-br/atuacao/informacoes-agropecuarias/safras/safra-de-graos/boletim-da-safra-de-graos/5o-levantamento-safra-2025-26/site_previsao_de_safra-por-produto-fev-2026.xlsx,,,,,0.0,0.0,0.0,estabilidade aproximada,254.0
uf,TRITICALE,RO,2024/25,2025/26,0.0,0.0,0.0,0.0,0.0,0.0,0.0,0.0,0.0,Conab,Estimativa em fevereiro/2026,https://www.gov.br/conab/pt-br/atuacao/informacoes-agropecuarias/safras/safra-de-graos/boletim-da-safra-de-graos/5o-levantamento-safra-2025-26/site_previsao_de_safra-por-produto-fev-2026.xlsx,,,,,0.0,0.0,0.0,estabilidade aproximada,254.0
uf,TRITICALE,AC,2024/25,2025/26,0.0,0.0,0.0,0.0,0.0,0.0,0.0,0.0,0.0,Conab,Estimativa em fevereiro/2026,https://www.gov.br/conab/pt-br/atuacao/informacoes-agropecuarias/safras/safra-de-graos/boletim-da-safra-de-graos/5o-levantamento-safra-2025-26/site_previsao_de_safra-por-produto-fev-2026.xlsx,,,,,0.0,0.0,0.0,estabilidade aproximada,254.0
uf,TRITICALE,AM,2024/25,2025/26,0.0,0.0,0.0,0.0,0.0,0.0,0.0,0.0,0.0,Conab,Estimativa em fevereiro/2026,https://www.gov.br/conab/pt-br/atuacao/informacoes-agropecuarias/safras/safra-de-graos/boletim-da-safra-de-graos/5o-levantamento-safra-2025-26/site_previsao_de_safra-por-produto-fev-2026.xlsx,,,,,0.0,0.0,0.0,estabilidade aproximada,254.0
uf,TRITICALE,AP,2024/25,2025/26,0.0,0.0,0.0,0.0,0.0,0.0,0.0,0.0,0.0,Conab,Estimativa em fevereiro/2026,https://www.gov.br/conab/pt-br/atuacao/informacoes-agropecuarias/safras/safra-de-graos/boletim-da-safra-de-graos/5o-levantamento-safra-2025-26/site_previsao_de_safra-por-produto-fev-2026.xlsx,,,,,0.0,0.0,0.0,estabilidade aproximada,254.0
uf,TRITICALE,PA,2024/25,2025/26,0.0,0.0,0.0,0.0,0.0,0.0,0.0,0.0,0.0,Conab,Estimativa em fevereiro/2026,https://www.gov.br/conab/pt-br/atuacao/informacoes-agropecuarias/safras/safra-de-graos/boletim-da-safra-de-graos/5o-levantamento-safra-2025-26/site_previsao_de_safra-por-produto-fev-2026.xlsx,,,,,0.0,0.0,0.0,estabilidade aproximada,254.0
uf,TRITICALE,TO,2024/25,2025/26,0.0,0.0,0.0,0.0,0.0,0.0,0.0,0.0,0.0,Conab,Estimativa em fevereiro/2026,https://www.gov.br/conab/pt-br/atuacao/informacoes-agropecuarias/safras/safra-de-graos/boletim-da-safra-de-graos/5o-levantamento-safra-2025-26/site_previsao_de_safra-por-produto-fev-2026.xlsx,,,,,0.0,0.0,0.0,estabilidade aproximada,254.0
regiao,TRITICALE,NORDESTE,2024/25,2025/26,0.0,0.0,0.0,0.0,0.0,0.0,0.0,0.0,0.0,Conab,Estimativa em fevereiro/2026,https://www.gov.br/conab/pt-br/atuacao/informacoes-agropecuarias/safras/safra-de-graos/boletim-da-safra-de-graos/5o-levantamento-safra-2025-26/site_previsao_de_safra-por-produto-fev-2026.xlsx,,,,,0.0,0.0,0.0,estabilidade aproximada,254.0
uf,TRITICALE,MA,2024/25,2025/26,0.0,0.0,0.0,0.0,0.0,0.0,0.0,0.0,0.0,Conab,Estimativa em fevereiro/2026,https://www.gov.br/conab/pt-br/atuacao/informacoes-agropecuarias/safras/safra-de-graos/boletim-da-safra-de-graos/5o-levantamento-safra-2025-26/site_previsao_de_safra-por-produto-fev-2026.xlsx,,,,,0.0,0.0,0.0,estabilidade aproximada,254.0
uf,TRITICALE,PI,2024/25,2025/26,0.0,0.0,0.0,0.0,0.0,0.0,0.0,0.0,0.0,Conab,Estimativa em fevereiro/2026,https://www.gov.br/conab/pt-br/atuacao/informacoes-agropecuarias/safras/safra-de-graos/boletim-da-safra-de-graos/5o-levantamento-safra-2025-26/site_previsao_de_safra-por-produto-fev-2026.xlsx,,,,,0.0,0.0,0.0,estabilidade aproximada,254.0
uf,TRITICALE,CE,2024/25,2025/26,0.0,0.0,0.0,0.0,0.0,0.0,0.0,0.0,0.0,Conab,Estimativa em fevereiro/2026,https://www.gov.br/conab/pt-br/atuacao/informacoes-agropecuarias/safras/safra-de-graos/boletim-da-safra-de-graos/5o-levantamento-safra-2025-26/site_previsao_de_safra-por-produto-fev-2026.xlsx,,,,,0.0,0.0,0.0,estabilidade aproximada,254.0
uf,TRITICALE,RN,2024/25,2025/26,0.0,0.0,0.0,0.0,0.0,0.0,0.0,0.0,0.0,Conab,Estimativa em fevereiro/2026,https://www.gov.br/conab/pt-br/atuacao/informacoes-agropecuarias/safras/safra-de-graos/boletim-da-safra-de-graos/5o-levantamento-safra-2025-26/site_previsao_de_safra-por-produto-fev-2026.xlsx,,,,,0.0,0.0,0.0,estabilidade aproximada,254.0
uf,TRITICALE,PB,2024/25,2025/26,0.0,0.0,0.0,0.0,0.0,0.0,0.0,0.0,0.0,Conab,Estimativa em fevereiro/2026,https://www.gov.br/conab/pt-br/atuacao/informacoes-agropecuarias/safras/safra-de-graos/boletim-da-safra-de-graos/5o-levantamento-safra-2025-26/site_previsao_de_safra-por-produto-fev-2026.xlsx,,,,,0.0,0.0,0.0,estabilidade aproximada,254.0
uf,TRITICALE,PE,2024/25,2025/26,0.0,0.0,0.0,0.0,0.0,0.0,0.0,0.0,0.0,Conab,Estimativa em fevereiro/2026,https://www.gov.br/conab/pt-br/atuacao/informacoes-agropecuarias/safras/safra-de-graos/boletim-da-safra-de-graos/5o-levantamento-safra-2025-26/site_previsao_de_safra-por-produto-fev-2026.xlsx,,,,,0.0,0.0,0.0,estabilidade aproximada,254.0
uf,TRITICALE,AL,2024/25,2025/26,0.0,0.0,0.0,0.0,0.0,0.0,0.0,0.0,0.0,Conab,Estimativa em fevereiro/2026,https://www.gov.br/conab/pt-br/atuacao/informacoes-agropecuarias/safras/safra-de-graos/boletim-da-safra-de-graos/5o-levantamento-safra-2025-26/site_previsao_de_safra-por-produto-fev-2026.xlsx,,,,,0.0,0.0,0.0,estabilidade aproximada,254.0
uf,TRITICALE,SE,2024/25,2025/26,0.0,0.0,0.0,0.0,0.0,0.0,0.0,0.0,0.0,Conab,Estimativa em fevereiro/2026,https://www.gov.br/conab/pt-br/atuacao/informacoes-agropecuarias/safras/safra-de-graos/boletim-da-safra-de-graos/5o-levantamento-safra-2025-26/site_previsao_de_safra-por-produto-fev-2026.xlsx,,,,,0.0,0.0,0.0,estabilidade aproximada,254.0
uf,TRITICALE,BA,2024/25,2025/26,0.0,0.0,0.0,0.0,0.0,0.0,0.0,0.0,0.0,Conab,Estimativa em fevereiro/2026,https://www.gov.br/conab/pt-br/atuacao/informacoes-agropecuarias/safras/safra-de-graos/boletim-da-safra-de-graos/5o-levantamento-safra-2025-26/site_previsao_de_safra-por-produto-fev-2026.xlsx,,,,,0.0,0.0,0.0,estabilidade aproximada,254.0
regiao,TRITICALE,CENTRO-OESTE,2024/25,2025/26,0.0,0.0,0.0,0.0,0.0,0.0,0.0,0.0,0.0,Conab,Estimativa em fevereiro/2026,https://www.gov.br/conab/pt-br/atuacao/informacoes-agropecuarias/safras/safra-de-graos/boletim-da-safra-de-graos/5o-levantamento-safra-2025-26/site_previsao_de_safra-por-produto-fev-2026.xlsx,,,,,0.0,0.0,0.0,estabilidade aproximada,254.0
uf,TRITICALE,MT,2024/25,2025/26,0.0,0.0,0.0,0.0,0.0,0.0,0.0,0.0,0.0,Conab,Estimativa em fevereiro/2026,https://www.gov.br/conab/pt-br/atuacao/informacoes-agropecuarias/safras/safra-de-graos/boletim-da-safra-de-graos/5o-levantamento-safra-2025-26/site_previsao_de_safra-por-produto-fev-2026.xlsx,,,,,0.0,0.0,0.0,estabilidade aproximada,254.0
uf,TRITICALE,MS,2024/25,2025/26,0.0,0.0,0.0,0.0,0.0,0.0,0.0,0.0,0.0,Conab,Estimativa em fevereiro/2026,https://www.gov.br/conab/pt-br/atuacao/informacoes-agropecuarias/safras/safra-de-graos/boletim-da-safra-de-graos/5o-levantamento-safra-2025-26/site_previsao_de_safra-por-produto-fev-2026.xlsx,,,,,0.0,0.0,0.0,estabilidade aproximada,254.0
uf,TRITICALE,GO,2024/25,2025/26,0.0,0.0,0.0,0.0,0.0,0.0,0.0,0.0,0.0,Conab,Estimativa em fevereiro/2026,https://www.gov.br/conab/pt-br/atuacao/informacoes-agropecuarias/safras/safra-de-graos/boletim-da-safra-de-graos/5o-levantamento-safra-2025-26/site_previsao_de_safra-por-produto-fev-2026.xlsx,,,,,0.0,0.0,0.0,estabilidade aproximada,254.0
uf,TRITICALE,DF,2024/25,2025/26,0.0,0.0,0.0,0.0,0.0,0.0,0.0,0.0,0.0,Conab,Estimativa em fevereiro/2026,https://www.gov.br/conab/pt-br/atuacao/informacoes-agropecuarias/safras/safra-de-graos/boletim-da-safra-de-graos/5o-levantamento-safra-2025-26/site_previsao_de_safra-por-produto-fev-2026.xlsx,,,,,0.0,0.0,0.0,estabilidade aproximada,254.0
regiao,TRITICALE,SUDESTE,2024/25,2025/26,1.8,1.8,0.0,2778.0,2722.0,-2.0,5.0,4.9,-2.0,Conab,Estimativa em fevereiro/2026,https://www.gov.br/conab/pt-br/atuacao/informacoes-agropecuarias/safras/safra-de-graos/boletim-da-safra-de-graos/5o-levantamento-safra-2025-26/site_previsao_de_safra-por-produto-fev-2026.xlsx,0.0,-2.0158387329013676,-1.9999999999999927,,-0.09999999999999964,0.0,-56.0,queda por produtividade,222.0
uf,TRITICALE,MG,2024/25,2025/26,0.0,0.0,0.0,0.0,0.0,0.0,0.0,0.0,0.0,Conab,Estimativa em fevereiro/2026,https://www.gov.br/conab/pt-br/atuacao/informacoes-agropecuarias/safras/safra-de-graos/boletim-da-safra-de-graos/5o-levantamento-safra-2025-26/site_previsao_de_safra-por-produto-fev-2026.xlsx,,,,,0.0,0.0,0.0,estabilidade aproximada,254.0
uf,TRITICALE,ES,2024/25,2025/26,0.0,0.0,,0.0,0.0,0.0,0.0,0.0,0.0,Conab,Estimativa em fevereiro/2026,https://www.gov.br/conab/pt-br/atuacao/informacoes-agropecuarias/safras/safra-de-graos/boletim-da-safra-de-graos/5o-levantamento-safra-2025-26/site_previsao_de_safra-por-produto-fev-2026.xlsx,,,,,0.0,0.0,0.0,estabilidade aproximada,254.0
uf,TRITICALE,RJ,2024/25,2025/26,0.0,0.0,,0.0,0.0,0.0,0.0,0.0,0.0,Conab,Estimativa em fevereiro/2026,https://www.gov.br/conab/pt-br/atuacao/informacoes-agropecuarias/safras/safra-de-graos/boletim-da-safra-de-graos/5o-levantamento-safra-2025-26/site_previsao_de_safra-por-produto-fev-2026.xlsx,,,,,0.0,0.0,0.0,estabilidade aproximada,254.0
uf,TRITICALE,SP,2024/25,2025/26,1.8,1.8,0.0,2789.0,2745.0,-1.6,5.0,4.9,-2.0,Conab,Estimativa em fevereiro/2026,https://www.gov.br/conab/pt-br/atuacao/informacoes-agropecuarias/safras/safra-de-graos/boletim-da-safra-de-graos/5o-levantamento-safra-2025-26/site_previsao_de_safra-por-produto-fev-2026.xlsx,0.0,-1.577626389386877,-1.9999999999999927,,-0.09999999999999964,0.0,-44.0,queda por produtividade,222.0
regiao,TRITICALE,SUL,2024/25,2025/26,9.6,9.6,0.0,3292.0,2990.0,-9.2,31.6,28.7,-9.2,Conab,Estimativa em fevereiro/2026,https://www.gov.br/conab/pt-br/atuacao/informacoes-agropecuarias/safras/safra-de-graos/boletim-da-safra-de-graos/5o-levantamento-safra-2025-26/site_previsao_de_safra-por-produto-fev-2026.xlsx,0.0,-9.173754556500608,-9.177215189873424,,-2.900000000000002,0.0,-302.0,queda por produtividade,195.0
uf,TRITICALE,PR,2024/25,2025/26,6.0,6.0,0.0,3415.0,3113.0,-8.8,20.5,18.7,-8.8,Conab,Estimativa em fevereiro/2026,https://www.gov.br/conab/pt-br/atuacao/informacoes-agropecuarias/safras/safra-de-graos/boletim-da-safra-de-graos/5o-levantamento-safra-2025-26/site_previsao_de_safra-por-produto-fev-2026.xlsx,0.0,-8.843338213762811,-8.780487804878053,,-1.8000000000000007,0.0,-302.0,queda por produtividade,202.0
uf,TRITICALE,SC,2024/25,2025/26,0.0,0.0,0.0,0.0,0.0,0.0,0.0,0.0,0.0,Conab,Estimativa em fevereiro/2026,https://www.gov.br/conab/pt-br/atuacao/informacoes-agropecuarias/safras/safra-de-graos/boletim-da-safra-de-graos/5o-levantamento-safra-2025-26/site_previsao_de_safra-por-produto-fev-2026.xlsx,,,,,0.0,0.0,0.0,estabilidade aproximada,254.0
uf,TRITICALE,RS,2024/25,2025/26,3.6,3.6,0.0,3076.0,2764.0,-10.1,11.1,10.0,-9.9,Conab,Estimativa em fevereiro/2026,https://www.gov.br/conab/pt-br/atuacao/informacoes-agropecuarias/safras/safra-de-graos/boletim-da-safra-de-graos/5o-levantamento-safra-2025-26/site_previsao_de_safra-por-produto-fev-2026.xlsx,0.0,-10.143042912873861,-9.909909909909906,,-1.0999999999999996,0.0,-312.0,queda por produtividade,215.0
agregado_regional,TRITICALE,NORTE/NORDESTE,2024/25,2025/26,0.0,0.0,0.0,,0.0,,0.0,0.0,0.0,Conab,Estimativa em fevereiro/2026,https://www.gov.br/conab/pt-br/atuacao/informacoes-agropecuarias/safras/safra-de-graos/boletim-da-safra-de-graos/5o-levantamento-safra-2025-26/site_previsao_de_safra-por-produto-fev-2026.xlsx,,,,,0.0,0.0,,estabilidade aproximada,254.0
agregado_regional,TRITICALE,CENTRO-SUL,2024/25,2025/26,11.4,11.4,0.0,3211.0,2947.0,-8.2,36.6,33.6,-8.2,Conab,Estimativa em fevereiro/2026,https://www.gov.br/conab/pt-br/atuacao/informacoes-agropecuarias/safras/safra-de-graos/boletim-da-safra-de-graos/5o-levantamento-safra-2025-26/site_previsao_de_safra-por-produto-fev-2026.xlsx,0.0,-8.221737776393647,-8.19672131147541,,-3.0,0.0,-264.0,queda por produtividade,189.0
total_brasil,TRITICALE,BRASIL,2024/25,2025/26,11.4,11.4,0.0,3211.0,2947.0,-8.2,36.6,33.6,-8.2,Conab,Estimativa em fevereiro/2026,https://www.gov.br/conab/pt-br/atuacao/informacoes-agropecuarias/safras/safra-de-graos/boletim-da-safra-de-graos/5o-levantamento-safra-2025-26/site_previsao_de_safra-por-produto-fev-2026.xlsx,0.0,-8.221737776393647,-8.19672131147541,,-3.0,0.0,-264.0,queda por produtividade,189.0
